accepted,anchor_angular_velocity,anchor_position,anchor_position_error,anchor_quaternion,anchor_step,anchor_time,anchor_velocity,clip_count,collision_count,episode_length,error,family,goal_reached,ground_contact_count,minimum_goal_distance,nonfinite_count,planner_error,planner_interface,planner_success,recovery_episode_id,recovery_steps,reference_completed,scene_id,source_split,student_outcome,switched_state_position_error,task_id
True,"[0.3255816698074341,0.5544824004173279,0.05364531651139259]","[1.486254096031189,-0.1993430256843567,1.017237663269043]",0.30550622859066534,"[0.023374507203698158,-0.003417538944631815,0.018466921523213387,0.9995503425598145]",38,0.8125,"[0.28182873129844666,-0.5888687968254089,0.35600006580352783]",0,0,510,,BLOCK,True,0,0.13538351156521533,0,,position_only_static_zero_derivatives,True,0,471,True,BLOCK_00,TRAIN,SUCCESS,2.7014639732570442e-08,BLOCK_00_TASK_002
True,"[-0.2451852262020111,-0.07341017574071884,0.08234808593988419]","[0.9738061428070068,0.059805016964673996,0.6249490976333618]",0.3094088880520691,"[-0.046106647700071335,0.002360343234613538,0.009441775269806385,0.9988890886306763]",58,1.2291666666666667,"[0.528709888458252,-0.18665853142738342,-0.5906544923782349]",0,0,551,,BLOCK,True,0,0.010867304330823805,0,,position_only_static_zero_derivatives,True,1,492,True,BLOCK_00,TRAIN,GROUND_CONTACT,2.3252212596339412e-08,BLOCK_00_TASK_004
True,"[-0.13264288008213043,0.44300541281700134,0.2822832763195038]","[1.3183897733688354,-0.1331697255373001,1.0658169984817505]",0.30589575325894,"[0.020599355921149254,0.019329501315951347,0.01841466687619686,0.999431312084198]",50,1.0625,"[0.5677749514579773,-0.480193167924881,-0.02129712887108326]",0,0,540,,BLOCK,True,0,0.14114046517540313,0,,position_only_static_zero_derivatives,True,2,489,True,BLOCK_00,TRAIN,GROUND_CONTACT,1.5286439825193612e-08,BLOCK_00_TASK_005
True,"[-0.8180387616157532,0.0007776512647978961,0.23052440583705902]","[1.5916918516159058,-0.12917084991931915,1.1684048175811768]",0.31154250890934965,"[0.004440327174961567,0.012277957983314991,0.0008758409530855715,0.9999144077301025]",37,0.7916666666666666,"[0.34711015224456787,0.034051913768053055,0.7124817371368408]",0,0,481,,BLOCK,True,0,0.06619609242581169,0,,position_only_static_zero_derivatives,True,3,443,True,BLOCK_00,TRAIN,COLLISION,5.83268948119649e-08,BLOCK_00_TASK_008
True,"[-0.5472657084465027,-0.8685896992683411,0.5442991256713867]","[1.0780820846557617,-0.2799730896949768,1.0585315227508545]",0.3098738761844682,"[0.0014651466626673937,0.012657849118113518,0.014769483357667923,0.999809741973877]",60,1.2708333333333333,"[0.7340110540390015,-0.37391963601112366,-0.005148296244442463]",0,0,533,,BLOCK,True,0,0.01916515508339413,0,,position_only_static_zero_derivatives,True,4,472,True,BLOCK_00,TRAIN,COLLISION,5.883726872251627e-08,BLOCK_00_TASK_009
True,"[-0.6149826049804688,-0.8375067710876465,0.07629656791687012]","[1.2432832717895508,-0.32150503993034363,1.0969371795654297]",0.3056499070790877,"[0.01519368588924408,0.013995856046676636,0.012020736001431942,0.9997143149375916]",47,1.0,"[0.5261276364326477,-0.5155279040336609,0.1459112912416458]",0,0,522,,BLOCK,True,0,0.12000197829387076,0,,position_only_static_zero_derivatives,True,5,474,True,BLOCK_00,TRAIN,COLLISION,2.9799957413328075e-08,BLOCK_00_TASK_010
True,"[-0.19558531045913696,-0.026944387704133987,0.14984451234340668]","[0.7737879753112793,-0.30446910858154297,0.7471468448638916]",0.3019718983167933,"[0.0046985256485641,0.016474789008498192,0.013955133035779,0.999755859375]",53,1.125,"[0.6239203214645386,-0.44264352321624756,-0.21716289222240448]",0,0,535,,BLOCK,True,0,0.038038275596699256,0,,position_only_static_zero_derivatives,True,6,481,True,BLOCK_00,TRAIN,GROUND_CONTACT,3.0257941907688186e-08,BLOCK_00_TASK_012
True,"[-0.024260643869638443,-0.6316289901733398,0.14631463587284088]","[1.0746350288391113,0.06608925014734268,0.6921274662017822]",0.3071041079880449,"[-0.034925542771816254,-0.007863398641347885,0.011058737523853779,0.9992977976799011]",60,1.2708333333333333,"[0.5707404613494873,-0.1418503224849701,-0.574008047580719]",0,0,549,,BLOCK,True,0,0.005108256899069776,0,,position_only_static_zero_derivatives,True,7,488,True,BLOCK_00,TRAIN,GROUND_CONTACT,7.754581688775068e-09,BLOCK_00_TASK_013
True,"[-0.2847406268119812,0.5309816598892212,-0.5013456344604492]","[1.6931447982788086,0.44025009870529175,0.6885083317756653]",0.3013421520464433,"[-0.003811728674918413,-0.012676126323640347,-0.019021904096007347,0.9997314214706421]",77,1.625,"[0.4126499891281128,0.6439236402511597,-0.08104817569255829]",0,0,523,,BLOCK,True,0,0.1123846692682936,0,,position_only_static_zero_derivatives,True,8,445,True,BLOCK_00,TRAIN,COLLISION,2.8605110478820703e-08,BLOCK_00_TASK_014
True,"[-0.9235690832138062,-0.09333563596010208,-0.7708468437194824]","[1.549828290939331,-0.014300379902124405,0.9023714065551758]",0.3179208037965407,"[0.021322226151823997,-0.003265507984906435,0.010329419746994972,0.9997139573097229]",36,0.7708333333333334,"[0.21226416528224945,-0.5855000615119934,0.4152360260486603]",0,0,512,,BLOCK,True,0,0.0809874156451717,0,,position_only_static_zero_derivatives,True,9,475,True,BLOCK_00,TRAIN,COLLISION,5.704839981440473e-08,BLOCK_00_TASK_015
True,"[-0.31774747371673584,-0.31215396523475647,-0.5183629393577576]","[0.7999343872070312,-0.27142971754074097,0.845151960849762]",0.3019773414031391,"[0.005085790064185858,0.022110167890787125,0.013382583856582642,0.9996530413627625]",54,1.1458333333333333,"[0.6393094062805176,-0.4452672004699707,-0.1866465061903]",0,0,578,,BLOCK,True,0,0.06238130962011396,0,,position_only_static_zero_derivatives,True,10,523,True,BLOCK_00,TRAIN,GROUND_CONTACT,2.966165736825319e-08,BLOCK_00_TASK_016
False,"[-0.9712007641792297,0.11524101346731186,-0.10781985521316528]","[2.3927576541900635,0.9926511645317078,0.9046401381492615]",0.3055093639648906,"[0.02622024528682232,-0.016399018466472626,-0.03254185616970062,0.9989917874336243]",137,2.875,"[0.2605382204055786,-0.35593199729919434,-0.1252923309803009]",,,,planner_reference_gate_failed,BLOCK,False,,,,planner_reference_gate_failed,position_only_static_zero_derivatives,False,,,False,BLOCK_00,TRAIN,COLLISION,,BLOCK_00_TASK_020
False,"[-0.0038300398737192154,-0.7727236747741699,-0.5018661022186279]","[1.5305089950561523,0.23389846086502075,1.485748291015625]",0.30035356695291476,"[0.0034877690486609936,-0.016942905262112617,-0.004869516007602215,0.9998385310173035]",76,1.6041666666666667,"[0.604040265083313,0.06498806178569794,0.5576754808425903]",,,,planner_reference_gate_failed,BLOCK,False,,,,planner_reference_gate_failed,position_only_static_zero_derivatives,False,,,False,BLOCK_00,TRAIN,SUCCESS,,BLOCK_00_TASK_022
False,"[0.5667969584465027,-0.9463897347450256,0.5147985219955444]","[1.1298925876617432,-0.326141357421875,1.4256951808929443]",0.30197411198567,"[-0.0027695230673998594,0.005344524048268795,0.00637781573459506,0.9999615550041199]",57,1.2083333333333333,"[0.6216478943824768,-0.1380489021539688,0.4680836498737335]",,,,planner_reference_gate_failed,BLOCK,False,,,,planner_reference_gate_failed,position_only_static_zero_derivatives,False,,,False,BLOCK_00,TRAIN,SUCCESS,,BLOCK_00_TASK_023
True,"[-0.10537947714328766,0.5042698383331299,-0.3548581004142761]","[1.0553103685379028,-0.37159210443496704,0.9331998229026794]",0.30331498283161684,"[0.010778925381600857,0.02347523346543312,0.01937931776046753,0.9994784593582153]",48,1.0208333333333333,"[0.5977950692176819,-0.5261858105659485,-0.006431424990296364]",0,0,517,,BLOCK,True,0,0.07242724641046928,0,,position_only_static_zero_derivatives,True,11,468,True,BLOCK_00,TRAIN,COLLISION,3.458550826104939e-08,BLOCK_00_TASK_024
True,"[0.6445637345314026,0.15449415147304535,-0.5017668604850769]","[0.9038131833076477,-0.24465839564800262,1.0551130771636963]",0.30495974734449505,"[0.017356278374791145,0.02487487532198429,0.011982633732259274,0.9994680881500244]",49,1.0416666666666667,"[0.48208385705947876,-0.5117551684379578,0.0157170332968235]",0,0,572,,BLOCK,True,0,0.09021963665789814,0,,position_only_static_zero_derivatives,True,12,522,True,BLOCK_00,TRAIN,COLLISION,3.779754513004442e-08,BLOCK_00_TASK_025
True,"[-0.9214012622833252,-0.34913170337677,-0.4911677837371826]","[1.338136076927185,-0.010708645917475224,1.0488240718841553]",0.30660080447312515,"[-0.013290989212691784,-0.007949837483465672,0.006944573950022459,0.9998559355735779]",43,0.9166666666666666,"[0.4363026022911072,-0.25905510783195496,0.6580216288566589]",0,0,469,,BLOCK,True,0,0.057843685978477714,0,,position_only_static_zero_derivatives,True,13,425,True,BLOCK_00,TRAIN,COLLISION,3.288490830908114e-08,BLOCK_00_TASK_027
True,"[-0.09248766303062439,-0.07766950875520706,-0.32442811131477356]","[0.994844377040863,-0.3160657286643982,1.0554016828536987]",0.30106250093246845,"[0.017482105642557144,0.02109437994658947,0.012357765808701515,0.9995482563972473]",58,1.2291666666666667,"[0.6304783225059509,-0.4657093286514282,-0.1168494001030922]",0,0,560,,BLOCK,True,0,0.07822123939802238,0,,position_only_static_zero_derivatives,True,14,501,True,BLOCK_00,TRAIN,GROUND_CONTACT,5.562223848390056e-08,BLOCK_00_TASK_029
True,"[0.15600131452083588,-0.7663565278053284,0.2035646140575409]","[0.7273887991905212,0.29754188656806946,0.7696176171302795]",0.3047558896398218,"[0.012386946938931942,-0.018586894497275352,-0.009260251186788082,0.9997076392173767]",66,1.3958333333333333,"[0.49346381425857544,0.11167678982019424,-0.6361464262008667]",0,0,577,,BLOCK,True,0,0.03144223665040233,0,,position_only_static_zero_derivatives,True,15,510,True,BLOCK_00,TRAIN,GROUND_CONTACT,2.4834191791070977e-08,BLOCK_00_TASK_030
True,"[0.7285735011100769,-0.5406134128570557,0.13662104308605194]","[1.3982131481170654,-0.23263296484947205,0.9090096950531006]",0.3015486326282925,"[0.02464207448065281,0.021109430119395256,0.01705772429704666,0.9993278980255127]",43,0.9166666666666666,"[0.37441667914390564,-0.4987921118736267,0.1651192158460617]",0,0,540,,BLOCK,True,0,0.11000206882076198,0,,position_only_static_zero_derivatives,True,16,496,True,BLOCK_00,TRAIN,SUCCESS,4.3344822188801286e-08,BLOCK_00_TASK_031
True,"[-0.7804123163223267,-0.7190272212028503,-0.1620769500732422]","[1.1602762937545776,-0.10071922093629837,1.0556704998016357]",0.3031028220686254,"[0.005561020225286484,0.023613959550857544,0.009789222851395607,0.9996577501296997]",53,1.125,"[0.533454954624176,-0.4212627410888672,0.32348382472991943]",0,0,492,,BLOCK,True,0,0.07442742554142136,0,,position_only_static_zero_derivatives,True,17,438,True,BLOCK_00,TRAIN,COLLISION,3.972998751648245e-08,BLOCK_00_TASK_034
False,"[0.14247998595237732,-0.25981664657592773,0.34439367055892944]","[1.2805191278457642,0.06808003038167953,1.425432562828064]",0.3065527765678933,"[-0.0017496520886197686,0.0020361747592687607,0.002772437408566475,0.9999925494194031]",62,1.3125,"[0.5928020477294922,-0.1059383675456047,0.5396148562431335]",,,,planner_reference_gate_failed,BLOCK,False,,,,planner_reference_gate_failed,position_only_static_zero_derivatives,False,,,False,BLOCK_00,TRAIN,SUCCESS,,BLOCK_00_TASK_037
True,"[0.0700450986623764,0.170961394906044,-0.22098875045776367]","[1.1712756156921387,-0.0633191466331482,0.9518386125564575]",0.30249366246060166,"[0.013356482610106468,0.01907629705965519,0.013823432847857475,0.999633252620697]",45,0.9583333333333334,"[0.37374192476272583,-0.5299221277236938,0.14731647074222565]",0,0,546,,BLOCK,True,0,0.0960168622085928,0,,position_only_static_zero_derivatives,True,18,500,True,BLOCK_00,TRAIN,SUCCESS,2.7695493087642905e-08,BLOCK_00_TASK_038
True,"[0.4692479074001312,0.5610136389732361,0.45021316409111023]","[0.8525120615959167,-0.23470258712768555,1.1527451276779175]",0.30804771919446816,"[0.009341282770037651,0.025806190446019173,0.012383553199470043,0.9995465874671936]",65,1.375,"[0.6029943227767944,-0.4490435719490051,-0.005124681629240513]",0,0,533,,BLOCK,True,0,0.0920842358692748,0,,position_only_static_zero_derivatives,True,19,467,True,BLOCK_00,TRAIN,COLLISION,3.092305606578576e-08,BLOCK_00_TASK_039
True,"[0.5909038782119751,-0.9074260592460632,0.5512174367904663]","[1.4992907047271729,0.29926252365112305,1.2964297533035278]",0.30621657170093275,"[-0.01679236814379692,0.007637724746018648,-0.012811955995857716,0.9997477531433105]",48,1.0208333333333333,"[0.5128254890441895,0.4212118089199066,0.38244202733039856]",0,0,479,,BLOCK,True,0,0.027514925963385374,0,,position_only_static_zero_derivatives,True,20,430,True,BLOCK_01,TRAIN,SUCCESS,6.703396010866266e-08,BLOCK_01_TASK_000
False,"[0.1997283697128296,0.11952553689479828,-0.27224090695381165]","[1.2124797105789185,-0.5151452422142029,1.0156089067459106]",0.3068568479054608,"[-0.0037696370854973793,-0.0052508763037621975,0.0215274840593338,0.9997473359107971]",62,1.3125,"[0.691757082939148,-0.4031658470630646,-0.18686851859092712]",,,,planner_reference_gate_failed,BLOCK,False,,,,planner_reference_gate_failed,position_only_static_zero_derivatives,False,,,False,BLOCK_01,TRAIN,GROUND_CONTACT,,BLOCK_01_TASK_001
False,"[-0.0008182440651580691,-0.6767942905426025,0.4462592303752899]","[1.4269779920578003,-0.506851077079773,1.176422357559204]",0.3033314841661681,"[0.0017388749402016401,-0.003367339028045535,0.017915738746523857,0.9998323321342468]",63,1.3333333333333333,"[0.6504281759262085,-0.4581334590911865,0.03231023997068405]",,,,planner_reference_gate_failed,BLOCK,False,,,,planner_reference_gate_failed,position_only_static_zero_derivatives,False,,,False,BLOCK_01,TRAIN,COLLISION,,BLOCK_01_TASK_003
False,"[-0.635712206363678,-0.48176297545433044,0.2656976580619812]","[1.113755702972412,-0.12161806225776672,1.458413004875183]",0.3040343459703709,"[-0.010722141712903976,-0.016902608796954155,-0.004952557384967804,0.9997873902320862]",87,1.8333333333333333,"[0.7109272480010986,-0.09230620414018631,0.3861085772514343]",,,,planner_reference_gate_failed,BLOCK,False,,,,planner_reference_gate_failed,position_only_static_zero_derivatives,False,,,False,BLOCK_01,TRAIN,SUCCESS,,BLOCK_01_TASK_004
False,"[-0.6198624968528748,0.006375597789883614,0.13055136799812317]","[1.592349648475647,-0.6112868189811707,0.7875315546989441]",0.30201726462002,"[0.013117258436977863,-0.011431494727730751,0.018038993701338768,0.9996858835220337]",80,1.6875,"[0.607349693775177,-0.46810784935951233,-0.08831249922513962]",,,,planner_reference_gate_failed,BLOCK,False,,,,planner_reference_gate_failed,position_only_static_zero_derivatives,False,,,False,BLOCK_01,TRAIN,GROUND_CONTACT,,BLOCK_01_TASK_005
True,"[-0.26508060097694397,-0.003161235246807337,0.4784674644470215]","[1.2792723178863525,-0.30000483989715576,1.3631346225738525]",0.30039936302461273,"[-0.00796480942517519,0.0022457903251051903,0.011759982444345951,0.9998965859413147]",57,1.2083333333333333,"[0.6269363760948181,-0.2890586256980896,0.3988315165042877]",0,0,466,,BLOCK,True,0,0.08519413000231328,0,,position_only_static_zero_derivatives,True,21,408,True,BLOCK_01,TRAIN,SUCCESS,6.489945359931536e-08,BLOCK_01_TASK_006
True,"[-0.17886221408843994,-0.6800968050956726,0.42626723647117615]","[1.6149922609329224,-0.43493422865867615,0.9515969157218933]",0.3058571014667797,"[-0.003535839496180415,-0.010010267607867718,0.023850327357649803,0.9996591806411743]",75,1.5833333333333333,"[0.6330796480178833,-0.41995033621788025,-0.34767821431159973]",0,0,532,,BLOCK,True,0,0.05289078181272919,0,,position_only_static_zero_derivatives,True,22,456,True,BLOCK_01,TRAIN,GROUND_CONTACT,4.745498221212978e-08,BLOCK_01_TASK_007
True,"[-0.23263846337795258,0.5253102779388428,0.020377133041620255]","[1.33988356590271,-0.3654553294181824,0.9068002700805664]",0.30383768303692793,"[-0.00297917821444571,0.01599624939262867,0.029091715812683105,0.999444305896759]",54,1.1458333333333333,"[0.5910569429397583,-0.5839579701423645,0.06277544796466827]",0,0,492,,BLOCK,True,0,0.0764988863008518,0,,position_only_static_zero_derivatives,True,23,437,True,BLOCK_01,TRAIN,COLLISION,2.530304251538222e-08,BLOCK_01_TASK_008
True,"[-0.46547046303749084,0.5205976963043213,-0.2132727950811386]","[1.1694774627685547,-0.32957723736763,0.9873899221420288]",0.3064322489248059,"[0.0004349653609097004,0.014818069525063038,0.020536979660391808,0.9996792078018188]",58,1.2291666666666667,"[0.6255437135696411,-0.49461400508880615,-0.00903756357729435]",0,0,464,,BLOCK,True,0,0.07570143393501841,0,,position_only_static_zero_derivatives,True,24,405,True,BLOCK_01,TRAIN,COLLISION,4.61404053913513e-08,BLOCK_01_TASK_012
True,"[-0.5530163049697876,-0.015637092292308807,0.6999304890632629]","[1.2667428255081177,0.3059283494949341,1.093366026878357]",0.3037809136259379,"[-0.025789741426706314,0.0075208880007267,-0.01767653040587902,0.9994828104972839]",57,1.2083333333333333,"[0.6397062540054321,0.47540152072906494,-0.06259811669588089]",0,0,477,,BLOCK,True,0,0.12717344665651595,0,,position_only_static_zero_derivatives,True,25,419,True,BLOCK_01,TRAIN,SUCCESS,5.376373864504698e-08,BLOCK_01_TASK_013
False,"[-0.44398441910743713,-0.835886538028717,-0.546099066734314]","[1.46380615234375,-0.13170568645000458,1.4534274339675903]",0.3050081478375343,"[-0.00946018099784851,-0.018703149631619453,-0.0028469988610595465,0.9997762441635132]",72,1.5208333333333333,"[0.6232889294624329,-0.020834725350141525,0.5502178072929382]",,,,planner_reference_gate_failed,BLOCK,False,,,,planner_reference_gate_failed,position_only_static_zero_derivatives,False,,,False,BLOCK_01,TRAIN,SUCCESS,,BLOCK_01_TASK_014
False,"[-0.025835268199443817,-0.07398609817028046,0.3460424840450287]","[1.2872765064239502,-0.1326434165239334,1.4809623956680298]",0.30218839119655094,"[-0.007995834574103355,-0.008921227417886257,0.00010912747529800981,0.9999282360076904]",57,1.2083333333333333,"[0.5563093423843384,0.05706513300538063,0.5874049067497253]",,,,planner_reference_gate_failed,BLOCK,False,,,,planner_reference_gate_failed,position_only_static_zero_derivatives,False,,,False,BLOCK_01,TRAIN,COLLISION,,BLOCK_01_TASK_015
False,"[-0.033468298614025116,-0.07639125734567642,-0.11901552230119705]","[1.5056287050247192,0.04605290666222572,1.041085124015808]",0.3157154570719093,"[-0.028777534142136574,0.016773372888565063,-0.02071605622768402,0.9992303848266602]",44,0.9375,"[0.5282743573188782,0.49771469831466675,-0.09416280686855316]",0,1,152,,BLOCK,False,0,2.428014780285652,0,,position_only_static_zero_derivatives,True,,107,False,BLOCK_01,TRAIN,SUCCESS,7.119895448489733e-08,BLOCK_01_TASK_016
True,"[0.5438910722732544,-0.3745937645435333,-0.5147556066513062]","[0.8222485184669495,-0.28593167662620544,0.7682906985282898]",0.3099871538530167,"[0.0034283192362636328,0.027550188824534416,0.014288871549069881,0.9995124340057373]",49,1.0416666666666667,"[0.5681816935539246,-0.5092512369155884,-0.10254573076963425]",0,0,542,,BLOCK,True,0,0.10684689350514781,0,,position_only_static_zero_derivatives,True,26,492,True,BLOCK_01,TRAIN,GROUND_CONTACT,1.3028508814483118e-08,BLOCK_01_TASK_017
False,"[-0.711856484413147,0.0841975137591362,-0.4315923750400543]","[1.6461130380630493,-0.03890937566757202,1.5073621273040771]",0.30613358068595187,"[0.0002745425153989345,-0.027000723406672478,0.002819259185343981,0.999631404876709]",77,1.625,"[0.6051400303840637,-0.057332854717969894,0.5544252991676331]",,,,planner_reference_gate_failed,BLOCK,False,,,,planner_reference_gate_failed,position_only_static_zero_derivatives,False,,,False,BLOCK_01,TRAIN,SUCCESS,,BLOCK_01_TASK_019
False,"[-0.007593108341097832,-0.09315185993909836,0.8256690502166748]","[1.8390291929244995,-0.3795889914035797,1.4323595762252808]",0.30302711052213843,"[-0.01313212513923645,-0.007195293437689543,0.014133903197944164,0.9997879862785339]",79,1.6666666666666667,"[0.5350223779678345,-0.3416917324066162,0.4965802729129791]",,,,planner_reference_gate_failed,BLOCK,False,,,,planner_reference_gate_failed,position_only_static_zero_derivatives,False,,,False,BLOCK_01,TRAIN,SUCCESS,,BLOCK_01_TASK_020
False,"[0.18966266512870789,0.34237349033355713,0.36594781279563904]","[1.2586783170700073,0.13931569457054138,1.3762985467910767]",0.3056410589329453,"[0.017535720020532608,0.00413305452093482,-0.007144809700548649,0.9998121857643127]",54,1.1458333333333333,"[0.5633949041366577,0.2134961038827896,0.5605828166007996]",,,,planner_reference_gate_failed,BLOCK,False,,,,planner_reference_gate_failed,position_only_static_zero_derivatives,False,,,False,BLOCK_01,TRAIN,COLLISION,,BLOCK_01_TASK_023
True,"[0.5127160549163818,0.030779387801885605,0.22111336886882782]","[1.1897103786468506,-0.39544355869293213,1.0485109090805054]",0.302236076652294,"[0.014842935837805271,0.011409110389649868,0.014974134042859077,0.9997125864028931]",56,1.1875,"[0.6076822280883789,-0.49435776472091675,0.07176173478364944]",0,0,466,,BLOCK,True,0,0.07857800231870825,0,,position_only_static_zero_derivatives,True,27,409,True,BLOCK_01,TRAIN,COLLISION,7.234502072068868e-08,BLOCK_01_TASK_024
True,"[-0.9830065965652466,-0.5691455602645874,0.06888751685619354]","[1.5004265308380127,-0.35794007778167725,1.1605224609375]",0.30420050822240696,"[-0.021213993430137634,0.001999693224206567,0.011495713144540787,0.9997068643569946]",55,1.1666666666666667,"[0.5171198844909668,-0.4397813677787781,0.47933995723724365]",0,0,457,,BLOCK,True,0,0.08508561138401004,0,,position_only_static_zero_derivatives,True,28,401,True,BLOCK_01,TRAIN,SUCCESS,7.343700203562428e-08,BLOCK_01_TASK_025
True,"[-0.17735765874385834,-0.5138205885887146,0.03549778833985329]","[0.8417593836784363,-0.16879652440547943,0.8510907292366028]",0.3090025681439631,"[-0.0004036380269099027,0.020031709223985672,0.014426170848309994,0.9996951818466187]",57,1.2083333333333333,"[0.670063853263855,-0.40656015276908875,-0.21358783543109894]",0,0,543,,BLOCK,True,0,0.02882562743323806,0,,position_only_static_zero_derivatives,True,29,485,True,BLOCK_01,TRAIN,GROUND_CONTACT,3.3204423826336084e-08,BLOCK_01_TASK_026
True,"[-0.41428253054618835,-0.14059896767139435,-0.19079074263572693]","[1.0789108276367188,0.4120277464389801,1.0343682765960693]",0.3030732309170234,"[-0.019887538626790047,0.005063502583652735,-0.016332106664776802,0.9996560215950012]",62,1.3125,"[0.605854868888855,0.4713289439678192,-0.10346297919750214]",0,0,506,,BLOCK,True,0,0.11110828206616132,0,,position_only_static_zero_derivatives,True,30,443,True,BLOCK_01,TRAIN,TIMEOUT,4.146164088109753e-08,BLOCK_01_TASK_027
True,"[-0.33846378326416016,0.3679388761520386,0.31716734170913696]","[1.017790675163269,-0.25162389874458313,1.007131576538086]",0.30253395751255385,"[-0.0012803791323676705,0.0181559007614851,0.014400504529476166,0.99973064661026]",53,1.125,"[0.6088176965713501,-0.49906763434410095,0.03860566020011902]",0,0,509,,BLOCK,True,0,0.10566047199074333,0,,position_only_static_zero_derivatives,True,31,455,True,BLOCK_01,TRAIN,COLLISION,4.6803456153176656e-08,BLOCK_01_TASK_028
False,"[-0.6874241828918457,0.1993715465068817,0.12099054455757141]","[1.3569259643554688,0.11778568476438522,1.0861340761184692]",0.314885478096664,"[-0.028206096962094307,0.017476024106144905,-0.017582589760422707,0.9992946982383728]",46,0.9791666666666666,"[0.5776227712631226,0.46981656551361084,-0.13129447400569916]",0,1,167,,BLOCK,False,0,2.2210798183268365,0,,position_only_static_zero_derivatives,True,,120,False,BLOCK_01,TRAIN,SUCCESS,4.0764163600562105e-08,BLOCK_01_TASK_029
True,"[-0.872829258441925,-0.040030110627412796,0.5521773099899292]","[1.213794469833374,-0.33670908212661743,0.8284743428230286]",0.30296004437112267,"[-0.00430758111178875,0.0039566317573189735,0.01919385977089405,0.9997986555099487]",57,1.2083333333333333,"[0.6416282057762146,-0.4563555419445038,-0.18945080041885376]",0,0,502,,BLOCK,True,0,0.012017595073345265,0,,position_only_static_zero_derivatives,True,32,444,True,BLOCK_01,TRAIN,GROUND_CONTACT,5.744688455906938e-08,BLOCK_01_TASK_031
True,"[0.4661045968532562,-0.04122605547308922,-0.30779948830604553]","[1.0036407709121704,-0.4092772901058197,1.2332074642181396]",0.3062100862372815,"[0.013255948200821877,0.008664802648127079,0.014344152994453907,0.9997717142105103]",53,1.125,"[0.6182866096496582,-0.44097617268562317,0.09843073040246964]",0,0,498,,BLOCK,True,0,0.10617674407304413,0,,position_only_static_zero_derivatives,True,33,444,True,BLOCK_01,TRAIN,SUCCESS,3.887530774630359e-08,BLOCK_01_TASK_032
True,"[-0.937192976474762,0.3382571339607239,-0.49817219376564026]","[1.5023638010025024,-0.2521900534629822,1.1259169578552246]",0.30802548336881624,"[-0.05891046300530434,0.007774025667458773,0.006026081740856171,0.9982147812843323]",49,1.0416666666666667,"[0.21737726032733917,-0.5226796865463257,0.6650052666664124]",0,0,479,,BLOCK,True,0,0.09412393292262891,0,,position_only_static_zero_derivatives,True,34,429,True,BLOCK_01,TRAIN,SUCCESS,3.511736766102372e-08,BLOCK_01_TASK_033
True,"[-0.11527498811483383,0.5501362681388855,-0.3853030502796173]","[0.9587481617927551,-0.4326048195362091,0.8155022859573364]",0.3077008546429581,"[0.007714825216680765,0.025334002450108528,0.017521066591143608,0.9994956851005554]",49,1.0416666666666667,"[0.6012093424797058,-0.5022596716880798,-0.05586659163236618]",0,0,478,,BLOCK,True,0,0.12371900735502427,0,,position_only_static_zero_derivatives,True,35,428,True,BLOCK_01,TRAIN,GROUND_CONTACT,2.9206672404476764e-08,BLOCK_01_TASK_034
True,"[-0.7406102418899536,-0.14596760272979736,0.101648710668087]","[1.2007553577423096,-0.21393226087093353,0.6602396368980408]",0.3064073520720581,"[0.00178057502489537,0.008715445175766945,0.013615688309073448,0.9998677372932434]",53,1.125,"[0.6425925493240356,-0.4429195821285248,-0.01682964712381363]",0,0,553,,BLOCK,True,0,0.08744368958532633,0,,position_only_static_zero_derivatives,True,36,499,True,BLOCK_02,TRAIN,TIMEOUT,3.917956117307263e-08,BLOCK_02_TASK_000
True,"[0.3709511160850525,0.260782390832901,0.484550803899765]","[1.0474050045013428,-0.05305583029985428,0.8331138491630554]",0.3026799005932308,"[-0.010889105498790741,0.011573144234716892,0.00936985295265913,0.9998298287391663]",58,1.2291666666666667,"[0.6555542945861816,-0.4507671892642975,0.139532670378685]",0,0,557,,BLOCK,True,0,0.0875307871603631,0,,position_only_static_zero_derivatives,True,37,498,True,BLOCK_02,TRAIN,SUCCESS,1.9242413611147338e-08,BLOCK_02_TASK_001
True,"[-0.8440433740615845,-0.12663106620311737,-0.0678824633359909]","[1.3990294933319092,-0.3304745554924011,1.0045899152755737]",0.30089651486223096,"[0.0069625540636479855,-0.009668324142694473,0.01766441948711872,0.9997729659080505]",63,1.3333333333333333,"[0.6711320281028748,-0.4537682831287384,-0.01937347650527954]",0,0,515,,BLOCK,True,0,0.10654136640436285,0,,position_only_static_zero_derivatives,True,38,451,True,BLOCK_02,TRAIN,GROUND_CONTACT,3.846385685522386e-08,BLOCK_02_TASK_002
False,"[-0.7637705206871033,0.23405495285987854,0.04037432000041008]","[0.9873153567314148,-0.5129154324531555,0.8310388922691345]",0.30530187194767244,"[0.009944806806743145,0.031132569536566734,0.021582674235105515,0.9992327094078064]",52,1.1041666666666667,"[0.5581083297729492,-0.5262935161590576,0.16592371463775635]",,,,planner_reference_gate_failed,BLOCK,False,,,,planner_reference_gate_failed,position_only_static_zero_derivatives,False,,,False,BLOCK_02,TRAIN,SUCCESS,,BLOCK_02_TASK_003
False,"[-0.9461897015571594,0.5908690690994263,0.35630083084106445]","[1.6041843891143799,-0.023104293271899223,1.346601128578186]",0.3010162071936597,"[0.013627343811094761,0.0030360484961420298,-0.0017706286162137985,0.9999009370803833]",48,1.0208333333333333,"[0.32079052925109863,-0.039480987936258316,0.7172890305519104]",,,,planner_reference_gate_failed,BLOCK,False,,,,planner_reference_gate_failed,position_only_static_zero_derivatives,False,,,False,BLOCK_02,TRAIN,SUCCESS,,BLOCK_02_TASK_004
True,"[-0.5912736654281616,-0.5413662195205688,-0.41284629702568054]","[0.8901456594467163,-0.23400627076625824,0.8016197681427002]",0.3040106427387225,"[-0.011646703816950321,0.0046857441775500774,0.010502710938453674,0.9998660087585449]",58,1.2291666666666667,"[0.6600234508514404,-0.41282930970191956,-0.19009871780872345]",0,0,552,,BLOCK,True,0,0.027878815040705787,0,,position_only_static_zero_derivatives,True,39,493,True,BLOCK_02,TRAIN,GROUND_CONTACT,1.9598078094319994e-08,BLOCK_02_TASK_006
True,"[0.6883074641227722,-0.0694151222705841,0.4075898826122284]","[0.7848947644233704,-0.48492392897605896,1.0324617624282837]",0.3014799030247705,"[0.0028509232215583324,0.027074666693806648,0.012619931250810623,0.9995496869087219]",53,1.125,"[0.5437189340591431,-0.4814051687717438,0.062096528708934784]",0,0,547,,BLOCK,True,0,0.09575137426387154,0,,position_only_static_zero_derivatives,True,40,493,True,BLOCK_02,TRAIN,SUCCESS,6.341458086994085e-08,BLOCK_02_TASK_007
True,"[-0.36303284764289856,-0.3246239125728607,-0.22960683703422546]","[1.223379135131836,-0.3227062225341797,0.8610847592353821]",0.30592708569949256,"[-0.0004331863601692021,0.01694202795624733,0.015698079019784927,0.9997331500053406]",54,1.1458333333333333,"[0.62908536195755,-0.46671342849731445,0.22853697836399078]",0,0,501,,BLOCK,True,0,0.0327981037804279,0,,position_only_static_zero_derivatives,True,41,446,True,BLOCK_02,TRAIN,SUCCESS,5.8497099943850354e-08,BLOCK_02_TASK_008
True,"[-0.1458376795053482,-0.029624683782458305,0.4626271426677704]","[0.789501965045929,-0.3936181366443634,0.8288864493370056]",0.3002720676540578,"[-0.0012720158556476235,0.022212188690900803,0.012849511578679085,0.9996699094772339]",53,1.125,"[0.5570871829986572,-0.5052111148834229,0.05499930679798126]",0,0,557,,BLOCK,True,0,0.08842461120647062,0,,position_only_static_zero_derivatives,True,42,503,True,BLOCK_02,TRAIN,COLLISION,3.1080482027627885e-08,BLOCK_02_TASK_010
True,"[-0.7978408336639404,0.5378552079200745,0.44841352105140686]","[1.340348482131958,-0.1967763602733612,1.1896497011184692]",0.3018420180845922,"[-0.01819722354412079,-0.015581064857542515,0.008460276760160923,0.9996771812438965]",57,1.2083333333333333,"[0.527189314365387,-0.14270901679992676,0.6022332310676575]",0,0,487,,BLOCK,True,0,0.06299821438879057,0,,position_only_static_zero_derivatives,True,43,429,True,BLOCK_02,TRAIN,SUCCESS,5.845278844105718e-08,BLOCK_02_TASK_011
True,"[0.49778610467910767,0.10292128473520279,0.20602528750896454]","[0.9044424891471863,-0.3059363067150116,0.7406246662139893]",0.3049649938885849,"[-0.0024634297005832195,0.025745702907443047,0.008244434371590614,0.9996314644813538]",59,1.25,"[0.7049866318702698,-0.41548773646354675,0.047889743000268936]",0,0,532,,BLOCK,True,0,0.05376847142092044,0,,position_only_static_zero_derivatives,True,44,472,True,BLOCK_02,TRAIN,COLLISION,4.0215765200158037e-08,BLOCK_02_TASK_012
True,"[-0.5558688640594482,-0.17912469804286957,-0.5094012022018433]","[1.3407025337219238,-0.2860531806945801,1.108128547668457]",0.3003990672126588,"[-0.028608880937099457,-0.011999561451375484,0.009685543365776539,0.9994717240333557]",56,1.1875,"[0.5148577690124512,-0.2796687185764313,0.5767998695373535]",0,0,485,,BLOCK,True,0,0.061582449877347914,0,,position_only_static_zero_derivatives,True,45,428,True,BLOCK_02,TRAIN,SUCCESS,6.179706269021564e-08,BLOCK_02_TASK_014
True,"[0.2112499177455902,-0.03657245263457298,-0.3235644996166229]","[0.9824684262275696,-0.21619544923305511,0.8843900561332703]",0.3026719471226393,"[-0.002221795730292797,0.03766743466258049,0.013215097598731518,0.9992004632949829]",54,1.1458333333333333,"[0.582857608795166,-0.5019204616546631,0.1699967384338379]",0,0,548,,BLOCK,True,0,0.08573268990005356,0,,position_only_static_zero_derivatives,True,46,493,True,BLOCK_02,TRAIN,SUCCESS,3.212124040384796e-08,BLOCK_02_TASK_016
True,"[-0.8735557794570923,-0.6453116536140442,-0.4541820287704468]","[1.0402286052703857,-0.2988957166671753,0.9901487231254578]",0.3045862844304774,"[0.00036392826586961746,0.02580021135509014,0.014360904693603516,0.9995638728141785]",52,1.1041666666666667,"[0.5514029860496521,-0.5450783371925354,0.01804427243769169]",0,0,556,,BLOCK,True,0,0.11299322963992076,0,,position_only_static_zero_derivatives,True,47,503,True,BLOCK_02,TRAIN,TIMEOUT,2.9459693625686514e-08,BLOCK_02_TASK_018
True,"[0.4970060884952545,0.7222925424575806,0.28179609775543213]","[1.3899236917495728,0.1297846883535385,1.0497300624847412]",0.30811153041442063,"[-0.008454847149550915,-0.0016835067654028535,0.004582707304507494,0.9999523162841797]",41,0.875,"[0.28977325558662415,-0.14492879807949066,0.7277174592018127]",0,0,457,,BLOCK,True,0,0.09774023738336539,0,,position_only_static_zero_derivatives,True,48,415,True,BLOCK_02,TRAIN,COLLISION,5.452578309228296e-08,BLOCK_02_TASK_019
True,"[0.1612357646226883,0.001515282317996025,-0.3087591528892517]","[1.1714564561843872,-0.15666097402572632,0.8823139667510986]",0.3011314063912598,"[-0.0007334026740863919,-0.004923913162201643,0.007988580502569675,0.9999557137489319]",68,1.4375,"[0.69084233045578,-0.2687092423439026,0.2880379259586334]",0,0,549,,BLOCK,True,0,0.05973662324860407,0,,position_only_static_zero_derivatives,True,49,480,True,BLOCK_02,TRAIN,SUCCESS,2.0104189925908298e-08,BLOCK_02_TASK_022
True,"[-0.8323494791984558,-0.3328309655189514,0.23176993429660797]","[0.8489753603935242,-0.43278586864471436,0.7510733008384705]",0.30510343654778976,"[0.0025690412148833275,0.0017060382524505258,0.009490447118878365,0.9999502301216125]",59,1.25,"[0.6977061033248901,-0.41889601945877075,0.06757432222366333]",0,0,562,,BLOCK,True,0,0.043209176155290796,0,,position_only_static_zero_derivatives,True,50,502,True,BLOCK_02,TRAIN,COLLISION,3.018228728712749e-08,BLOCK_02_TASK_023
True,"[-0.17643506824970245,-0.25784698128700256,0.43177297711372375]","[1.1625243425369263,-0.22281424701213837,1.0455840826034546]",0.3053484171223426,"[-0.025281330570578575,-0.0072595407254993916,0.009728160686790943,0.9996066689491272]",47,1.0,"[0.4427109658718109,-0.24909499287605286,0.6504600644111633]",0,0,475,,BLOCK,True,0,0.06917183658612641,0,,position_only_static_zero_derivatives,True,51,427,True,BLOCK_02,TRAIN,COLLISION,3.8293632331573006e-08,BLOCK_02_TASK_025
True,"[-0.10716871172189713,-0.7677261829376221,0.2895263433456421]","[1.3283268213272095,-0.23999778926372528,1.0628844499588013]",0.30394760623688394,"[-0.01506564486771822,-0.016072316095232964,0.004601938184350729,0.9997467398643494]",55,1.1666666666666667,"[0.4787675142288208,-0.15920794010162354,0.6429771780967712]",0,0,548,,BLOCK,True,0,0.06980081437720165,0,,position_only_static_zero_derivatives,True,52,492,True,BLOCK_02,TRAIN,SUCCESS,5.394727161716295e-08,BLOCK_02_TASK_026
True,"[0.5241700410842896,-0.09865329414606094,-0.03025910258293152]","[0.7109453678131104,-0.23851053416728973,0.7490874528884888]",0.3067980388943913,"[0.004598949104547501,0.02939872071146965,0.005870566703379154,0.9995399713516235]",62,1.3125,"[0.6346117854118347,-0.4194280207157135,-0.11934994161128998]",0,0,564,,BLOCK,True,0,0.08979037266325429,0,,position_only_static_zero_derivatives,True,53,501,True,BLOCK_02,TRAIN,SUCCESS,2.0657610884934916e-08,BLOCK_02_TASK_028
False,"[0.0516759529709816,-0.47676053643226624,-0.01654122956097126]","[1.6932545900344849,-0.2769712805747986,1.4316868782043457]",0.3008150232912642,"[-0.019580664113163948,-0.0027923285961151123,0.009735135361552238,0.9997569918632507]",59,1.25,"[0.2894603908061981,-0.05653337389230728,0.7330633401870728]",,,,planner_reference_gate_failed,BLOCK,False,,,,planner_reference_gate_failed,position_only_static_zero_derivatives,False,,,False,BLOCK_02,TRAIN,SUCCESS,,BLOCK_02_TASK_029
True,"[-0.18408261239528656,0.7710254788398743,-0.008053065277636051]","[1.3212932348251343,-0.4293903410434723,0.958037257194519]",0.3046824416721602,"[-0.007013526279479265,0.012736194767057896,0.020171137526631355,0.99969083070755]",55,1.1666666666666667,"[0.5192319750785828,-0.494634747505188,0.3899362087249756]",0,0,493,,BLOCK,True,0,0.08551094093054121,0,,position_only_static_zero_derivatives,True,54,437,True,BLOCK_02,TRAIN,SUCCESS,5.690145313075614e-08,BLOCK_02_TASK_030
True,"[0.11756734549999237,0.19974112510681152,-0.5530911684036255]","[1.2607502937316895,-0.12396425753831863,0.9931706190109253]",0.30416710331418373,"[-0.024436647072434425,0.015607326291501522,0.009101230651140213,0.9995381236076355]",49,1.0416666666666667,"[0.32026025652885437,-0.4945295751094818,0.6229656338691711]",0,0,505,,BLOCK,True,0,0.09598432251190919,0,,position_only_static_zero_derivatives,True,55,455,True,BLOCK_02,TRAIN,SUCCESS,2.753188101917752e-08,BLOCK_02_TASK_031
True,"[-0.07554838061332703,-0.6648911833763123,0.19735249876976013]","[1.59805166721344,-0.17359977960586548,1.1568611860275269]",0.3019280029792858,"[0.01004201639443636,-0.005692769307643175,0.006802171003073454,0.9999102354049683]",90,1.8958333333333333,"[0.6808261871337891,-0.3355490565299988,0.19905182719230652]",0,0,515,,BLOCK,True,0,0.08422861218855032,0,,position_only_static_zero_derivatives,True,56,424,True,BLOCK_02,TRAIN,SUCCESS,4.38361887735721e-08,BLOCK_02_TASK_034
True,"[0.24072255194187164,-0.3306259512901306,-0.11970653384923935]","[1.0309712886810303,-0.11256536841392517,0.7812476754188538]",0.3036565438259596,"[-0.00684152077883482,0.02097967639565468,0.014293987303972244,0.9996542930603027]",57,1.2083333333333333,"[0.675349771976471,-0.46859878301620483,0.044343069195747375]",0,0,541,,BLOCK,True,0,0.14887680297818914,0,,position_only_static_zero_derivatives,True,57,483,True,BLOCK_02,TRAIN,SUCCESS,3.2307223719804265e-08,BLOCK_02_TASK_035
True,"[0.5330049991607666,0.4753371477127075,0.3330438733100891]","[1.1076850891113281,-0.20267829298973083,0.7396583557128906]",0.3022680038967929,"[0.00898403488099575,0.026982281357049942,0.012129167094826698,0.9995219707489014]",50,1.0625,"[0.6030518412590027,-0.5036517381668091,0.017923595383763313]",0,0,572,,BLOCK,True,0,0.10222336363290523,0,,position_only_static_zero_derivatives,True,58,521,True,BLOCK_02,TRAIN,SUCCESS,1.8752537276003135e-08,BLOCK_02_TASK_036
True,"[-0.6951215267181396,-0.29495343565940857,-0.5376940965652466]","[0.9376651048660278,-0.1565123349428177,0.9220549464225769]",0.3008448128232957,"[-0.0067404042929410934,-0.006696912460029125,0.005464468151330948,0.9999399185180664]",48,1.0208333333333333,"[0.4499712586402893,-0.24920715391635895,0.642856240272522]",0,0,552,,BLOCK,True,0,0.059042816531512075,0,,position_only_static_zero_derivatives,True,59,503,True,BLOCK_02,TRAIN,SUCCESS,2.908595923768203e-08,BLOCK_02_TASK_037
True,"[-0.6376953125,-0.13376915454864502,-0.21500784158706665]","[1.0728280544281006,-0.006764816585928202,0.9764180183410645]",0.30701302144073334,"[-0.011671257205307484,-0.011051582172513008,0.009410508908331394,0.9998265504837036]",48,1.0208333333333333,"[0.42046648263931274,-0.22500905394554138,0.6690557599067688]",0,0,492,,BLOCK,True,0,0.07599514782242826,0,,position_only_static_zero_derivatives,True,60,443,True,BLOCK_02,TRAIN,COLLISION,2.0446623238149004e-08,BLOCK_02_TASK_038
True,"[-0.7102953791618347,-0.22347213327884674,-0.0015277047641575336]","[0.7813454270362854,0.26968592405319214,0.7574185132980347]",0.30756668305938845,"[0.014733889140188694,-0.0042458465322852135,-0.0023902826942503452,0.9998795986175537]",71,1.5,"[0.5312060117721558,0.007857760414481163,-0.5746250748634338]",0,0,486,,OPEN,True,0,0.015124571033370901,0,,position_only_static_zero_derivatives,True,61,414,True,OPEN_00,TRAIN,GROUND_CONTACT,2.8508468830584666e-08,OPEN_00_TASK_000
True,"[0.677025318145752,-0.046586308628320694,0.14304016530513763]","[0.9110816717147827,0.2103429138660431,0.7706769108772278]",0.30313158113132976,"[0.0035241330042481422,-0.008725709281861782,6.659729842795059e-05,0.9999557137489319]",70,1.4791666666666667,"[0.5356833338737488,0.01533062756061554,-0.5697622895240784]",0,0,491,,OPEN,True,0,0.017461460155499403,0,,position_only_static_zero_derivatives,True,62,420,True,OPEN_00,TRAIN,GROUND_CONTACT,3.413180348666937e-08,OPEN_00_TASK_002
True,"[-0.17821544408798218,0.06009026989340782,-0.21229256689548492]","[1.1050848960876465,-0.40409255027770996,1.4408479928970337]",0.300561447886676,"[-0.02121245488524437,0.009519321843981743,0.00020849573775194585,0.9997296333312988]",78,1.6458333333333333,"[0.7651428580284119,-0.06145789474248886,0.15752416849136353]",0,0,428,,OPEN,True,0,0.011774786476184445,0,,position_only_static_zero_derivatives,True,63,349,True,OPEN_00,TRAIN,SUCCESS,2.9327100255717788e-08,OPEN_00_TASK_003
False,"[0.16397345066070557,-0.781121015548706,0.12356114387512207]","[0.4877014756202698,0.49433454871177673,0.542265772819519]",0.3094012624199782,"[0.02256251871585846,-0.004382169805467129,-0.0043624648824334145,0.9997262954711914]",54,1.1458333333333333,"[0.47219523787498474,0.07112069427967072,-0.6192219853401184]",,,,planner_reference_gate_failed,OPEN,False,,,,planner_reference_gate_failed,position_only_static_zero_derivatives,False,,,False,OPEN_00,TRAIN,GROUND_CONTACT,,OPEN_00_TASK_004
True,"[0.5708292722702026,-0.265653520822525,0.3806632459163666]","[1.5102282762527466,-0.182380810379982,0.5641158819198608]",0.3031018535016888,"[-0.015016505494713783,-0.012052529491484165,0.0008714624564163387,0.9998142123222351]",46,0.9791666666666666,"[0.542984664440155,-0.014574364759027958,-0.5881548523902893]",0,0,406,,OPEN,True,0,0.020096462018786752,0,,position_only_static_zero_derivatives,True,64,359,True,OPEN_00,TRAIN,GROUND_CONTACT,4.32745717367472e-08,OPEN_00_TASK_005
False,"[-0.44301217794418335,0.4564725458621979,-0.18260504305362701]","[1.1620844602584839,-0.3497198224067688,1.5473226308822632]",0.3000137453472714,"[-0.025152167305350304,0.006607449147850275,-0.002174839610233903,0.9996594190597534]",40,0.8541666666666666,"[0.34715643525123596,0.12657466530799866,0.7069381475448608]",,,,planner_reference_gate_failed,OPEN,False,,,,planner_reference_gate_failed,position_only_static_zero_derivatives,False,,,False,OPEN_00,TRAIN,SUCCESS,,OPEN_00_TASK_006
True,"[0.17200954258441925,-0.45123347640037537,0.13855458796024323]","[1.1484016180038452,0.14648479223251343,0.6224402785301208]",0.3052244246760778,"[-0.00876291561871767,-0.009774669073522091,-0.002932596253231168,0.999909520149231]",59,1.25,"[0.5502591729164124,0.03846941888332367,-0.5270738005638123]",0,0,447,,OPEN,True,0,0.024832676733019816,0,,position_only_static_zero_derivatives,True,65,387,True,OPEN_00,TRAIN,GROUND_CONTACT,5.1408746201717024e-08,OPEN_00_TASK_007
True,"[-0.559197187423706,0.4826142489910126,-0.0978551134467125]","[0.9639672636985779,-0.15545359253883362,0.684184193611145]",0.3006960243923383,"[-0.019347108900547028,-0.0039021247066557407,0.0034518083557486534,0.9997992515563965]",61,1.2916666666666667,"[0.5914895534515381,-0.1209779605269432,-0.5424652695655823]",0,0,426,,OPEN,True,0,0.014672287256199708,0,,position_only_static_zero_derivatives,True,66,364,True,OPEN_00,TRAIN,GROUND_CONTACT,2.5948789236229408e-08,OPEN_00_TASK_010
True,"[0.12977184355258942,0.09258377552032471,0.006208832375705242]","[0.46476009488105774,0.25834396481513977,0.8049477934837341]",0.30863851902415995,"[-0.008331243880093098,0.021518804132938385,-0.0038667002227157354,0.9997262358665466]",66,1.3958333333333333,"[0.4387977719306946,-0.007069812621921301,-0.6340953707695007]",0,0,466,,OPEN,True,0,0.01207111020517101,0,,position_only_static_zero_derivatives,True,67,399,True,OPEN_00,TRAIN,GROUND_CONTACT,2.4128597881831563e-08,OPEN_00_TASK_013
True,"[-0.15596343576908112,-0.29305464029312134,0.5833730101585388]","[0.6618699431419373,-0.6064320802688599,0.6647714972496033]",0.3009813549078339,"[-0.023515725508332253,0.0035039924550801516,0.001690867356956005,0.9997159242630005]",71,1.5,"[0.6285877823829651,-0.17085449397563934,-0.4758232533931732]",0,0,480,,OPEN,True,0,0.030413029099864486,0,,position_only_static_zero_derivatives,True,68,408,True,OPEN_00,TRAIN,GROUND_CONTACT,2.8027528403202413e-08,OPEN_00_TASK_015
False,"[0.06272246688604355,-0.11266791820526123,-0.16540509462356567]","[3.2539751529693604,-0.47400233149528503,0.44504600763320923]",0.30682875592492626,"[-0.008405918255448341,0.01565665379166603,0.006939477752894163,0.9998180270195007]",169,3.5416666666666665,"[0.6408030986785889,0.03730173781514168,-0.36504995822906494]",,,,planner_reference_gate_failed,OPEN,False,,,,planner_reference_gate_failed,position_only_static_zero_derivatives,False,,,False,OPEN_00,TRAIN,SUCCESS,,OPEN_00_TASK_016
False,"[0.048753611743450165,0.5554060339927673,0.02541152946650982]","[3.318171977996826,-0.41486960649490356,0.5125221610069275]",0.3030561898492475,"[-0.018598735332489014,0.010933462530374527,0.0007133516483008862,0.999767005443573]",180,3.7708333333333335,"[0.6883885264396667,0.0044741262681782246,-0.2649485766887665]",,,,planner_reference_gate_failed,OPEN,False,,,,planner_reference_gate_failed,position_only_static_zero_derivatives,False,,,False,OPEN_00,TRAIN,SUCCESS,,OPEN_00_TASK_017
True,"[0.6266455054283142,-0.11743548512458801,-0.45478177070617676]","[1.067669153213501,-0.032212093472480774,0.7329441905021667]",0.3078612040701379,"[-0.01944202370941639,-0.008835774846374989,-0.0010968331480398774,0.9997713565826416]",76,1.6041666666666667,"[0.6112682819366455,-0.0750245675444603,-0.5208404660224915]",0,0,456,,OPEN,True,0,0.013805744916374048,0,,position_only_static_zero_derivatives,True,69,379,True,OPEN_00,TRAIN,GROUND_CONTACT,5.128564847230181e-08,OPEN_00_TASK_019
True,"[-0.03353139013051987,-0.061280831694602966,-0.2760954201221466]","[1.6546730995178223,-0.1987275779247284,0.7060149908065796]",0.3008286953479576,"[-0.008980588056147099,-0.018991604447364807,0.0034268004819750786,0.9997734427452087]",80,1.6875,"[0.6441394686698914,-0.03294888883829117,-0.4340624213218689]",0,0,437,,OPEN,True,0,0.007804756069088319,0,,position_only_static_zero_derivatives,True,70,356,True,OPEN_00,TRAIN,GROUND_CONTACT,5.217333002248994e-08,OPEN_00_TASK_021
True,"[-0.30142325162887573,-0.8870401382446289,-0.13131894171237946]","[0.6127204298973083,-0.1154462918639183,0.6569146513938904]",0.3051736231575944,"[-0.0200997032225132,0.0035150779876857996,-0.005391223356127739,0.9997772574424744]",59,1.25,"[0.507077693939209,-0.059198662638664246,-0.6140885353088379]",0,0,489,,OPEN,True,0,0.008485800651060442,0,,position_only_static_zero_derivatives,True,71,429,True,OPEN_00,TRAIN,GROUND_CONTACT,2.0982189003768026e-08,OPEN_00_TASK_022
True,"[-0.07413920760154724,-0.5640572309494019,-0.2524386942386627]","[1.1539064645767212,0.026186874136328697,1.4383405447006226]",0.302207966792408,"[-0.012690288946032524,-0.000416366703575477,-0.0019029407994821668,0.9999175667762756]",97,2.0416666666666665,"[0.7504963874816895,0.019236542284488678,0.13283999264240265]",0,0,484,,OPEN,True,0,0.008611841346277216,0,,position_only_static_zero_derivatives,True,72,386,True,OPEN_00,TRAIN,SUCCESS,5.534360200930747e-08,OPEN_00_TASK_023
False,"[-0.36335113644599915,-0.4705991744995117,0.2907260060310364]","[1.1144083738327026,-0.0777021050453186,0.5525751709938049]",0.30827386205361,"[-0.022205298766493797,-0.005087622907012701,-0.001668619574047625,0.9997391104698181]",62,1.3125,"[0.5548031330108643,-0.04130426421761513,-0.5533602237701416]",,,,planner_reference_gate_failed,OPEN,False,,,,planner_reference_gate_failed,position_only_static_zero_derivatives,False,,,False,OPEN_00,TRAIN,GROUND_CONTACT,,OPEN_00_TASK_024
False,"[-0.5331048369407654,0.02701292186975479,-0.45098409056663513]","[2.8286244869232178,-0.22724980115890503,0.5708706974983215]",0.3006976201969773,"[0.0014785380335524678,0.002466245787218213,0.002969149500131607,0.9999914765357971]",167,3.5,"[0.4849736988544464,-0.028888816013932228,-0.6006180644035339]",,,,planner_reference_gate_failed,OPEN,False,,,,planner_reference_gate_failed,position_only_static_zero_derivatives,False,,,False,OPEN_00,TRAIN,GROUND_CONTACT,,OPEN_00_TASK_027
False,"[-0.1915988028049469,-0.47417137026786804,-0.24056555330753326]","[1.5519863367080688,0.3536284863948822,0.4602595567703247]",0.30280630604804615,"[-0.0008969820337370038,0.005021944642066956,1.347773235238492e-07,0.999987006187439]",52,1.1041666666666667,"[0.5217726230621338,0.012949380092322826,-0.5493069291114807]",,,,planner_reference_gate_failed,OPEN,False,,,,planner_reference_gate_failed,position_only_static_zero_derivatives,False,,,False,OPEN_00,TRAIN,GROUND_CONTACT,,OPEN_00_TASK_028
True,"[0.7196510434150696,-0.021517585963010788,-0.03727216273546219]","[1.6344741582870483,0.051957663148641586,0.5912352800369263]",0.30557788818646214,"[-0.010546651668846607,-0.004281219560652971,0.00013610764290206134,0.9999352097511292]",53,1.125,"[0.5425732731819153,0.003935296554118395,-0.5520749092102051]",0,0,426,,OPEN,True,0,0.016923918289381584,0,,position_only_static_zero_derivatives,True,73,372,True,OPEN_00,TRAIN,GROUND_CONTACT,5.756905044057849e-08,OPEN_00_TASK_029
True,"[0.7928991913795471,0.48824208974838257,0.007473382167518139]","[0.955595850944519,0.059543803334236145,0.555644690990448]",0.30686282220585204,"[-0.014288714155554771,0.0006219270871952176,-0.0030680678319185972,0.9998930096626282]",57,1.2083333333333333,"[0.5065398216247559,-0.05300992354750633,-0.6000847220420837]",0,0,467,,OPEN,True,0,0.02736449194079711,0,,position_only_static_zero_derivatives,True,74,409,True,OPEN_00,TRAIN,GROUND_CONTACT,2.737793774271822e-08,OPEN_00_TASK_030
False,"[0.11442841589450836,-0.5027010440826416,0.43376049399375916]","[1.8440169095993042,-0.16373613476753235,1.240896224975586]",0.30026688296760196,"[0.01598632149398327,0.008821476250886917,0.0018997469451278448,0.99983149766922]",91,1.9166666666666667,"[0.765606164932251,-0.20173536241054535,-0.034762971103191376]",,,,planner_reference_gate_failed,OPEN,False,,,,planner_reference_gate_failed,position_only_static_zero_derivatives,False,,,False,OPEN_00,TRAIN,SUCCESS,,OPEN_00_TASK_035
True,"[-0.084263376891613,0.06404579430818558,-0.10743927210569382]","[0.6943140029907227,0.6271408796310425,1.018285870552063]",0.30127704474997835,"[0.0040944842621684074,0.025572191923856735,-0.004252393264323473,0.999655544757843]",75,1.5833333333333333,"[0.5669838190078735,0.3007164001464844,-0.16537854075431824]",0,0,497,,OPEN,True,0,0.04222362483037262,0,,position_only_static_zero_derivatives,True,75,421,True,OPEN_00,TRAIN,GROUND_CONTACT,4.2139904832001284e-08,OPEN_00_TASK_037
False,"[-0.05715472623705864,0.17512983083724976,0.1952303946018219]","[3.066923141479492,-0.2723260819911957,0.7459844350814819]",0.30350618711914873,"[-0.011838862672448158,0.013445700518786907,0.0024645423982292414,0.9998365044593811]",172,3.6041666666666665,"[0.6226224899291992,-0.13550719618797302,-0.39709585905075073]",,,,planner_reference_gate_failed,OPEN,False,,,,planner_reference_gate_failed,position_only_static_zero_derivatives,False,,,False,OPEN_00,TRAIN,SUCCESS,,OPEN_00_TASK_038
True,"[0.6050582528114319,-0.6814460158348083,-0.2962034046649933]","[0.6520808339118958,0.486284077167511,0.7285763025283813]",0.305964538045473,"[0.02102913334965706,-0.00207736948505044,-0.0015223518712446094,0.9997755289077759]",86,1.8125,"[0.5894390940666199,0.18440309166908264,-0.4594855010509491]",0,0,532,,OPEN,True,0,0.07119501564057894,0,,position_only_static_zero_derivatives,True,76,445,True,OPEN_00,TRAIN,GROUND_CONTACT,1.7432349974338617e-08,OPEN_00_TASK_039
False,"[0.2009981870651245,-0.7334140539169312,0.25143304467201233]","[0.8168855905532837,-0.6239529252052307,1.251922845840454]",0.31703490714492666,"[-0.024445554241538048,0.0073702046647667885,-0.006979834754019976,0.9996496438980103]",42,0.8958333333333334,"[0.17153453826904297,0.3544207513332367,0.6886343955993652]",,,,planner_reference_gate_failed,OPEN,False,,,,planner_reference_gate_failed,position_only_static_zero_derivatives,False,,,False,OPEN_01,TRAIN,SUCCESS,,OPEN_01_TASK_000
True,"[-0.2305993288755417,0.4137846827507019,-0.10315200686454773]","[0.895408034324646,-0.7336705327033997,1.0409045219421387]",0.31370276213748893,"[-0.041909392923116684,0.015125049278140068,-0.005535112228244543,0.9989916086196899]",44,0.9375,"[0.4232786297798157,-0.035614658147096634,0.6562632322311401]",0,0,452,,OPEN,True,0,0.07835769101168963,0,,position_only_static_zero_derivatives,True,77,407,True,OPEN_01,TRAIN,SUCCESS,5.7926608061514504e-08,OPEN_01_TASK_001
True,"[-0.8140586614608765,-0.8356242179870605,-0.3917473554611206]","[0.7681657671928406,-0.9493217468261719,1.014135479927063]",0.3020619741227973,"[-0.00878691766411066,0.01995786838233471,0.0018259051721543074,0.9997605681419373]",75,1.5833333333333333,"[0.7675783038139343,-0.1821516901254654,-0.014674129895865917]",0,0,514,,OPEN,True,0,0.09296660450870069,0,,position_only_static_zero_derivatives,True,78,438,True,OPEN_01,TRAIN,SUCCESS,3.56310504025608e-08,OPEN_01_TASK_002
True,"[0.1321612298488617,-0.1948344111442566,0.4147464334964752]","[0.9662008285522461,-1.0588890314102173,0.6000645756721497]",0.30149233584353374,"[-0.003722576890140772,0.00992793869227171,-0.009146669879555702,0.9999019503593445]",75,1.5833333333333333,"[0.6784973740577698,0.07180503755807877,-0.3738349378108978]",0,0,521,,OPEN,True,0,0.044323987455517466,0,,position_only_static_zero_derivatives,True,79,445,True,OPEN_01,TRAIN,SUCCESS,3.268035974409171e-08,OPEN_01_TASK_004
True,"[0.5531567931175232,0.38201791048049927,0.3825353980064392]","[0.6028181910514832,-0.7787562608718872,0.8462274074554443]",0.3022840246694966,"[0.00022550324501935393,0.009997570887207985,-0.0020629754289984703,0.9999478459358215]",49,1.0416666666666667,"[0.12556058168411255,0.5723972320556641,0.591798722743988]",0,0,459,,OPEN,True,0,0.09958981821051105,0,,position_only_static_zero_derivatives,True,80,409,True,OPEN_01,TRAIN,SUCCESS,1.6332671596275033e-08,OPEN_01_TASK_005
True,"[0.20502029359340668,-0.3650319576263428,0.02933509089052677]","[1.0028115510940552,-0.8827243447303772,1.1494712829589844]",0.3113625168564943,"[-0.03407454863190651,-0.00786992534995079,-0.008950904943048954,0.9993482232093811]",45,0.9583333333333334,"[0.3614538013935089,0.2422337830066681,0.6594706177711487]",0,0,477,,OPEN,True,0,0.08764104806252838,0,,position_only_static_zero_derivatives,True,81,431,True,OPEN_01,TRAIN,SUCCESS,7.317888074522394e-08,OPEN_01_TASK_006
False,"[-0.12437384575605392,0.23910659551620483,0.24361418187618256]","[0.8538334369659424,-0.6600639820098877,0.3823651671409607]",0.302006803601517,"[-0.00029813003493472934,0.009837817400693893,-0.008897863328456879,0.9999119639396667]",84,1.7708333333333333,"[0.4153805375099182,0.46131616830825806,-0.2807507812976837]",,,,planner_reference_gate_failed,OPEN,False,,,,planner_reference_gate_failed,position_only_static_zero_derivatives,False,,,False,OPEN_01,TRAIN,SUCCESS,,OPEN_01_TASK_008
True,"[0.0250847265124321,-0.9277797341346741,-0.1684945523738861]","[1.2492640018463135,-0.7175721526145935,1.133266568183899]",0.30475862438540713,"[-0.019687727093696594,-0.0017202722374349833,-0.00856325775384903,0.9997680187225342]",35,0.75,"[0.2680930197238922,0.33948925137519836,0.6744938492774963]",0,0,433,,OPEN,True,0,0.08128276145077262,0,,position_only_static_zero_derivatives,True,82,397,True,OPEN_01,TRAIN,SUCCESS,2.0693157807376637e-08,OPEN_01_TASK_009
True,"[0.7072578072547913,-0.1012679785490036,0.5152460336685181]","[1.1283385753631592,-0.6785256862640381,1.0184106826782227]",0.3092306261094592,"[-0.024128234013915062,-0.001611399231478572,-0.00640896474942565,0.9996870160102844]",41,0.875,"[0.2558814585208893,0.32031917572021484,0.6853772401809692]",0,0,446,,OPEN,True,0,0.0997582047254162,0,,position_only_static_zero_derivatives,True,83,404,True,OPEN_01,TRAIN,SUCCESS,4.768093254441283e-08,OPEN_01_TASK_010
True,"[-0.03533858805894852,0.3019488751888275,-0.1696031242609024]","[0.6452915072441101,-0.8136990070343018,1.167271375656128]",0.30042693511774843,"[-0.0479414276778698,0.010770282708108425,-0.005630379542708397,0.9987761974334717]",47,1.0,"[0.29465943574905396,0.08693468570709229,0.708445131778717]",0,0,451,,OPEN,True,0,0.06935671132456939,0,,position_only_static_zero_derivatives,True,84,403,True,OPEN_01,TRAIN,SUCCESS,5.716377884705064e-08,OPEN_01_TASK_011
True,"[0.4522768259048462,0.6142659783363342,-0.3183101713657379]","[1.361317753791809,-0.5048639178276062,1.1766661405563354]",0.3020178488915238,"[0.0051372903399169445,-0.0026730115059763193,-0.014442882500588894,0.9998789429664612]",39,0.8333333333333334,"[0.21579602360725403,0.5218571424484253,0.6038978099822998]",0,0,372,,OPEN,True,0,0.07298770954813505,0,,position_only_static_zero_derivatives,True,85,332,True,OPEN_01,TRAIN,SUCCESS,4.4899848689273315e-08,OPEN_01_TASK_012
True,"[0.5580483675003052,0.0439605750143528,-0.42565011978149414]","[1.0391169786453247,-0.3353269100189209,0.9193176031112671]",0.3112277929698789,"[0.008474971167743206,-0.0014072512276470661,-0.010794454254209995,0.9999048113822937]",39,0.8333333333333334,"[0.1752433329820633,0.59010249376297,0.5820496678352356]",0,0,398,,OPEN,True,0,0.08026937605306107,0,,position_only_static_zero_derivatives,True,86,358,True,OPEN_01,TRAIN,SUCCESS,9.818320033982022e-09,OPEN_01_TASK_013
True,"[-0.23437337577342987,0.5853247046470642,0.011598367244005203]","[0.9576136469841003,-0.978506863117218,1.1198698282241821]",0.3005073364201257,"[-0.03358890861272812,0.0016379635781049728,-0.005682453513145447,0.9994182586669922]",37,0.7916666666666666,"[0.22815082967281342,0.28855907917022705,0.6926407217979431]",0,0,471,,OPEN,True,0,0.109671109245918,0,,position_only_static_zero_derivatives,True,87,433,True,OPEN_01,TRAIN,SUCCESS,3.483520586849055e-08,OPEN_01_TASK_015
True,"[0.41716769337654114,0.36910802125930786,0.2581169307231903]","[0.6858358979225159,-1.061752200126648,0.9351850152015686]",0.3061607296416505,"[-0.0032869919668883085,0.02081908844411373,0.0006372308707796037,0.9997776746749878]",66,1.3958333333333333,"[0.7332900762557983,-0.23274043202400208,-0.024528516456484795]",0,0,556,,OPEN,True,0,0.0685778967674858,0,,position_only_static_zero_derivatives,True,88,489,True,OPEN_01,TRAIN,SUCCESS,1.4275918773670592e-08,OPEN_01_TASK_016
True,"[0.0425901859998703,-0.10407666862010956,0.27184489369392395]","[0.7355757355690002,-0.5964977741241455,1.0063741207122803]",0.30887963322307654,"[-0.05533076822757721,0.00946900062263012,-0.0033398971427232027,0.9984176158905029]",44,0.9375,"[0.35167253017425537,-0.018449243158102036,0.6976004838943481]",0,0,465,,OPEN,True,0,0.04686014415557467,0,,position_only_static_zero_derivatives,True,89,420,True,OPEN_01,TRAIN,TIMEOUT,1.1711003531958488e-08,OPEN_01_TASK_018
True,"[-0.19162851572036743,-0.14772816002368927,-0.5761736631393433]","[1.0591691732406616,-0.6366461515426636,1.1677849292755127]",0.30244882709310644,"[-0.024318760260939598,0.024347582831978798,-0.0027378681115806103,0.9994039535522461]",56,1.1875,"[0.6009293794631958,-0.20443612337112427,0.32229873538017273]",0,0,457,,OPEN,True,0,0.05629747738053242,0,,position_only_static_zero_derivatives,True,90,400,True,OPEN_01,TRAIN,SUCCESS,5.360975564393935e-08,OPEN_01_TASK_019
True,"[0.5950380563735962,-0.7432464361190796,-0.132930725812912]","[1.0773450136184692,-0.4656059443950653,0.47843512892723083]",0.3000882418943,"[0.011343618854880333,0.01007536705583334,-0.001149009563960135,0.9998842477798462]",100,2.1041666666666665,"[0.4582919478416443,0.4437117874622345,-0.3284931182861328]",0,0,503,,OPEN,True,0,0.0196220332972998,0,,position_only_static_zero_derivatives,True,91,402,True,OPEN_01,TRAIN,SUCCESS,4.981286251696167e-08,OPEN_01_TASK_020
True,"[-0.2791054844856262,-0.15856057405471802,-0.4528132975101471]","[0.987654983997345,-0.7361475229263306,0.899936854839325]",0.30395618498698995,"[-0.022313350811600685,0.020608721300959587,-0.005270970053970814,0.999524712562561]",56,1.1875,"[0.703700840473175,-0.14842484891414642,0.2815435230731964]",0,0,472,,OPEN,True,0,0.08366641985792027,0,,position_only_static_zero_derivatives,True,92,415,True,OPEN_01,TRAIN,SUCCESS,1.4201532031541381e-08,OPEN_01_TASK_021
True,"[-0.48115503787994385,0.030092330649495125,-0.1377974897623062]","[1.2267506122589111,-0.7590036392211914,0.9330888986587524]",0.30764220093181033,"[-0.02884993702173233,0.002490488812327385,-0.007734478451311588,0.9995507001876831]",33,0.7083333333333334,"[0.2498728334903717,0.2533913254737854,0.7056306004524231]",0,0,447,,OPEN,True,0,0.1328110133151468,0,,position_only_static_zero_derivatives,True,93,413,True,OPEN_01,TRAIN,SUCCESS,2.7753675212762163e-08,OPEN_01_TASK_022
True,"[-0.7426924109458923,0.019786426797509193,0.5447812080383301]","[0.8965178728103638,-0.870124876499176,1.1119672060012817]",0.30326486117693896,"[-0.02307269535958767,0.012297953478991985,-0.0018282209057360888,0.9996564984321594]",78,1.6458333333333333,"[0.7953304648399353,-0.07242348045110703,0.0905163586139679]",0,0,478,,OPEN,True,0,0.06720148448076589,0,,position_only_static_zero_derivatives,True,94,399,True,OPEN_01,TRAIN,SUCCESS,3.5675992300225996e-08,OPEN_01_TASK_023
False,"[0.003685925854369998,-0.6113621592521667,0.07752056419849396]","[0.9980562329292297,-0.7981228232383728,1.23244309425354]",0.3106806861537119,"[-0.024661127477884293,-0.008692911826074123,-0.00875111110508442,0.9996197819709778]",39,0.8333333333333334,"[0.31031525135040283,0.26715680956840515,0.676776111125946]",,,,planner_reference_gate_failed,OPEN,False,,,,planner_reference_gate_failed,position_only_static_zero_derivatives,False,,,False,OPEN_01,TRAIN,SUCCESS,,OPEN_01_TASK_024
True,"[-0.3701830804347992,0.46320393681526184,0.12452775985002518]","[1.27083158493042,-0.5255460739135742,0.9864882826805115]",0.3032945384178352,"[-0.006875654216855764,0.00013264038716442883,-0.008747830986976624,0.9999380707740784]",33,0.7083333333333334,"[0.23311766982078552,0.36042293906211853,0.677154004573822]",0,0,358,,OPEN,True,0,0.11260793795842557,0,,position_only_static_zero_derivatives,True,95,324,True,OPEN_01,TRAIN,SUCCESS,2.6572206903791018e-08,OPEN_01_TASK_025
True,"[0.3576079308986664,-0.12030287832021713,0.4991278648376465]","[1.0069239139556885,-0.339177668094635,0.4746018648147583]",0.30073691006562486,"[0.01115969568490982,0.0038256419356912374,-0.005913837347179651,0.9999129176139832]",88,1.8541666666666667,"[0.5433363914489746,0.25006917119026184,-0.3814292550086975]",0,0,455,,OPEN,True,0,0.04466285994034877,0,,position_only_static_zero_derivatives,True,96,366,True,OPEN_01,TRAIN,SUCCESS,5.203889275970594e-08,OPEN_01_TASK_026
True,"[-0.1360226571559906,0.6162299513816833,-0.12469552457332611]","[1.2594919204711914,-0.7533117532730103,0.47535058856010437]",0.3055462301950307,"[-0.0033119197469204664,0.004110760986804962,-0.0031869779340922832,0.9999809861183167]",101,2.125,"[0.6222038865089417,0.14783942699432373,-0.3939809203147888]",0,0,480,,OPEN,True,0,0.055062680237098066,0,,position_only_static_zero_derivatives,True,97,378,True,OPEN_01,TRAIN,SUCCESS,2.6944465912419648e-08,OPEN_01_TASK_027
True,"[-0.8606404662132263,-0.11542896926403046,-0.7886828780174255]","[0.9935046434402466,-0.7344667911529541,1.1416164636611938]",0.3034023214594494,"[-0.03236620873212814,0.02315014787018299,-0.004977909382432699,0.9991955161094666]",52,1.1041666666666667,"[0.5520203113555908,-0.016372187063097954,0.46283674240112305]",0,0,455,,OPEN,True,0,0.053319690491582,0,,position_only_static_zero_derivatives,True,98,402,True,OPEN_01,TRAIN,SUCCESS,5.499908506672008e-08,OPEN_01_TASK_032
True,"[-0.5162620544433594,0.7534232139587402,0.23272737860679626]","[1.3435699939727783,-0.5236846208572388,0.963492214679718]",0.3058849688431294,"[0.00045108937774784863,0.0026251147501170635,-0.01095857098698616,0.9999364018440247]",33,0.7083333333333334,"[0.21086569130420685,0.49036118388175964,0.62708979845047]",0,0,358,,OPEN,True,0,0.13108871703153022,0,,position_only_static_zero_derivatives,True,99,324,True,OPEN_01,TRAIN,SUCCESS,6.339472207978234e-08,OPEN_01_TASK_035
True,"[0.3263619840145111,0.5963049530982971,0.08401978760957718]","[0.5172245502471924,-0.7192214131355286,0.9159857630729675]",0.30435215603668675,"[-0.04565684497356415,0.02601103112101555,-0.005793944001197815,0.9986016750335693]",49,1.0416666666666667,"[0.4357467293739319,-0.09631027281284332,0.6340246796607971]",0,0,475,,OPEN,True,0,0.06698015811711447,0,,position_only_static_zero_derivatives,True,100,425,True,OPEN_01,TRAIN,TIMEOUT,2.8278334335133913e-08,OPEN_01_TASK_038
True,"[0.014760364778339863,-0.9032285213470459,-0.26156124472618103]","[0.9593919515609741,-0.7919996976852417,1.0851541757583618]",0.3155895192910488,"[-0.023861391469836235,-0.003493707161396742,-0.010557116009294987,0.9996533989906311]",44,0.9375,"[0.3629035949707031,0.31851381063461304,0.6469288468360901]",0,0,466,,OPEN,True,0,0.0877443079025346,0,,position_only_static_zero_derivatives,True,101,421,True,OPEN_01,TRAIN,SUCCESS,5.0973215956415766e-08,OPEN_01_TASK_039
True,"[-1.3309698104858398,-0.4366159737110138,0.16905160248279572]","[0.48654165863990784,-0.34132853150367737,0.9651840925216675]",0.313779379307518,"[-0.038017068058252335,0.006428857333958149,0.0032259314320981503,0.9992511868476868]",46,0.9791666666666666,"[0.24456968903541565,-0.3431342840194702,0.7121841311454773]",0,0,400,,OPEN,True,0,0.09283819108934,0,,position_only_static_zero_derivatives,True,102,353,True,OPEN_02,TRAIN,TIMEOUT,2.308512226825816e-08,OPEN_02_TASK_000
False,"[-0.4454488456249237,-0.007368437945842743,0.2214195281267166]","[0.8732889890670776,-0.19493235647678375,1.0082125663757324]",0.30089201455171954,"[0.003892990993335843,0.015020007267594337,0.0033389676827937365,0.9998740553855896]",46,0.9791666666666666,"[0.3923771381378174,-0.3612842857837677,0.5288428664207458]",,,,planner_reference_gate_failed,OPEN,False,,,,planner_reference_gate_failed,position_only_static_zero_derivatives,False,,,False,OPEN_02,TRAIN,SUCCESS,,OPEN_02_TASK_001
False,"[0.3548414707183838,0.16335007548332214,0.005288462154567242]","[0.5746311545372009,-0.35661566257476807,1.0619938373565674]",0.3043990577900768,"[-0.011255488730967045,0.029693307355046272,0.00591233791783452,0.9994782209396362]",68,1.4375,"[0.6243691444396973,-0.3465598225593567,0.2102918028831482]",,,,planner_reference_gate_failed,OPEN,False,,,,planner_reference_gate_failed,position_only_static_zero_derivatives,False,,,False,OPEN_02,TRAIN,SUCCESS,,OPEN_02_TASK_002
False,"[0.6399715542793274,0.09606625139713287,-0.04752166569232941]","[0.8503643274307251,0.15012216567993164,1.0747184753417969]",0.3088631114710867,"[-0.0017083929851651192,0.023309003561735153,0.005176668521016836,0.9997134208679199]",58,1.2291666666666667,"[0.491144061088562,-0.33855846524238586,0.3753187954425812]",,,,planner_reference_gate_failed,OPEN,False,,,,planner_reference_gate_failed,position_only_static_zero_derivatives,False,,,False,OPEN_02,TRAIN,SUCCESS,,OPEN_02_TASK_003
True,"[-0.024216102436184883,0.1255471408367157,-0.5655178427696228]","[0.3583778440952301,-0.6506380438804626,0.8404901027679443]",0.3097196455335779,"[-0.00953167024999857,0.025757068768143654,0.005455861799418926,0.9996079206466675]",52,1.1041666666666667,"[0.3978087306022644,-0.43327829241752625,0.3702545762062073]",0,0,433,,OPEN,True,0,0.09988152547037168,0,,position_only_static_zero_derivatives,True,103,380,True,OPEN_02,TRAIN,SUCCESS,1.3465704314273648e-08,OPEN_02_TASK_005
False,"[0.4644559621810913,0.6731350421905518,-0.47361260652542114]","[0.8050228953361511,-0.4047398269176483,1.0095243453979492]",0.3069702630223108,"[-0.02238217182457447,-0.006789728067815304,0.003596354741603136,0.9997199773788452]",42,0.8958333333333334,"[0.29060548543930054,-0.2207551747560501,0.7242564558982849]",,,,planner_reference_gate_failed,OPEN,False,,,,planner_reference_gate_failed,position_only_static_zero_derivatives,False,,,False,OPEN_02,TRAIN,TIMEOUT,,OPEN_02_TASK_007
True,"[0.3699909746646881,-0.04488827660679817,-0.631138265132904]","[0.41091012954711914,-0.09163103997707367,0.8921425938606262]",0.30858298573944204,"[-0.006814304273575544,-0.0005737381288781762,0.004442103672772646,0.9999667406082153]",54,1.1458333333333333,"[0.3263418972492218,-0.29637008905410767,0.6286001205444336]",0,0,414,,OPEN,True,0,0.09073139620192106,0,,position_only_static_zero_derivatives,True,104,359,True,OPEN_02,TRAIN,SUCCESS,2.9169819600136e-08,OPEN_02_TASK_009
True,"[-0.6813271045684814,-0.6804946660995483,0.2853643000125885]","[0.6569573879241943,0.2216823697090149,0.8913779854774475]",0.30597955419037204,"[-0.011658474802970886,0.013564657419919968,-0.0025959196500480175,0.9998366832733154]",64,1.3541666666666667,"[0.6788737177848816,-0.14605127274990082,0.34344419836997986]",0,0,373,,OPEN,True,0,0.0325836002105372,0,,position_only_static_zero_derivatives,True,105,308,True,OPEN_02,TRAIN,SUCCESS,2.2265764052965645e-08,OPEN_02_TASK_010
False,"[0.18824025988578796,-0.2755308151245117,-0.28510990738868713]","[0.8328211307525635,-0.44101086258888245,1.236236333847046]",0.3073568927069479,"[-0.023498592898249626,-0.00016787575441412628,-0.004840636160224676,0.9997121095657349]",42,0.8958333333333334,"[0.3209185004234314,0.23120009899139404,0.6883320212364197]",,,,planner_reference_gate_failed,OPEN,False,,,,planner_reference_gate_failed,position_only_static_zero_derivatives,False,,,False,OPEN_02,TRAIN,TIMEOUT,,OPEN_02_TASK_011
True,"[-0.26133760809898376,0.15069571137428284,0.22925443947315216]","[0.8565265536308289,0.1728353053331375,0.9993312954902649]",0.3081630750394085,"[-0.013243184424936771,0.014338985085487366,0.005510288756340742,0.9997943043708801]",46,0.9791666666666666,"[0.3352604806423187,-0.3536306321620941,0.6616690754890442]",0,0,361,,OPEN,True,0,0.06163172582541816,0,,position_only_static_zero_derivatives,True,106,314,True,OPEN_02,TRAIN,SUCCESS,2.0976437627464358e-08,OPEN_02_TASK_012
True,"[0.5018564462661743,0.6023440957069397,0.4575961232185364]","[0.3511594533920288,-0.3053325414657593,0.9115964770317078]",0.3084067929057067,"[0.002165513578802347,0.0427829772233963,0.004033088684082031,0.9990739226341248]",57,1.2083333333333333,"[0.5611152052879333,-0.38661473989486694,0.1245303526520729]",0,0,429,,OPEN,True,0,0.0799480586140862,0,,position_only_static_zero_derivatives,True,107,371,True,OPEN_02,TRAIN,SUCCESS,2.4213560411525934e-08,OPEN_02_TASK_013
True,"[-0.8660178184509277,-0.11685726046562195,-0.2916126549243927]","[0.7481410503387451,0.02774960920214653,0.9295889139175415]",0.3081580865668146,"[-0.03166802227497101,0.0026003948878496885,0.0054237754084169865,0.9994803667068481]",41,0.875,"[0.33474990725517273,-0.15307651460170746,0.7139469385147095]",0,0,404,,OPEN,True,0,0.04721122417679595,0,,position_only_static_zero_derivatives,True,108,362,True,OPEN_02,TRAIN,SUCCESS,2.13886379398659e-08,OPEN_02_TASK_014
False,"[-0.25831058621406555,0.4886071979999542,0.5023185610771179]","[0.7964265942573547,-0.04949788376688957,1.043951392173767]",0.3081275198686061,"[-0.011868126690387726,0.0056856595911085606,0.007068080827593803,0.9998884201049805]",51,1.0833333333333333,"[0.5060462951660156,-0.23232893645763397,0.5645421147346497]",,,,planner_reference_gate_failed,OPEN,False,,,,planner_reference_gate_failed,position_only_static_zero_derivatives,False,,,False,OPEN_02,TRAIN,SUCCESS,,OPEN_02_TASK_016
True,"[-0.08484186977148056,-0.16258251667022705,-0.2607232630252838]","[0.7261323928833008,-0.0866745114326477,0.953462541103363]",0.30071009802508536,"[-0.029280375689268112,0.017787212505936623,0.0032940052915364504,0.9994075298309326]",46,0.9791666666666666,"[0.4233204424381256,-0.19732296466827393,0.6488105654716492]",0,0,395,,OPEN,True,0,0.05256490926353064,0,,position_only_static_zero_derivatives,True,109,348,True,OPEN_02,TRAIN,TIMEOUT,2.8704588883239327e-08,OPEN_02_TASK_020
True,"[0.32014545798301697,-0.13953222334384918,-0.34394243359565735]","[0.33418259024620056,-0.21648608148097992,0.9107213020324707]",0.30387514783079206,"[-0.008471532724797726,-0.0009950505336746573,0.00890763383358717,0.9999239444732666]",51,1.0833333333333333,"[0.3365841805934906,-0.34384870529174805,0.6578914523124695]",0,0,384,,OPEN,True,0,0.0915836788300864,0,,position_only_static_zero_derivatives,True,110,332,True,OPEN_02,TRAIN,SUCCESS,2.3738209789526333e-08,OPEN_02_TASK_021
True,"[-0.4165405035018921,0.4866880178451538,-0.17879034578800201]","[0.6244710087776184,-0.08460371941328049,0.8524408340454102]",0.30056818646291106,"[-0.01498236320912838,0.0017057978548109531,0.006027494557201862,0.9998681545257568]",41,0.875,"[0.32577356696128845,-0.2774747610092163,0.6931613087654114]",0,0,388,,OPEN,True,0,0.06565741989775449,0,,position_only_static_zero_derivatives,True,111,346,True,OPEN_02,TRAIN,SUCCESS,2.515371388526291e-08,OPEN_02_TASK_022
True,"[0.1134066954255104,0.06933135539293289,0.17757396399974823]","[0.7211207747459412,-0.4716265797615051,0.9939965009689331]",0.3025408724216589,"[0.0077356030233204365,0.03243545442819595,0.005929496604949236,0.9994263052940369]",50,1.0625,"[0.5186967253684998,-0.3316466212272644,0.3171245753765106]",0,0,357,,OPEN,True,0,0.08740600296115605,0,,position_only_static_zero_derivatives,True,112,306,True,OPEN_02,TRAIN,SUCCESS,2.7566412182881665e-08,OPEN_02_TASK_023
False,"[-0.6821375489234924,-0.6290748119354248,-0.14609740674495697]","[1.191582202911377,-0.27422937750816345,1.3878109455108643]",0.3053553600127187,"[-0.01861862652003765,0.004786419216543436,0.0011674254201352596,0.999814510345459]",55,1.1666666666666667,"[0.33162739872932434,0.16821178793907166,0.6913922429084778]",,,,planner_reference_gate_failed,OPEN,False,,,,planner_reference_gate_failed,position_only_static_zero_derivatives,False,,,False,OPEN_02,TRAIN,TIMEOUT,,OPEN_02_TASK_024
True,"[-0.6856013536453247,-0.3831913471221924,-0.3951401710510254]","[0.27287375926971436,-0.5948737263679504,0.9986959099769592]",0.3130716589133163,"[-0.04830862954258919,0.010052580386400223,0.0028068695683032274,0.9987779259681702]",46,0.9791666666666666,"[0.2770630419254303,-0.20244371891021729,0.725104808807373]",0,0,455,,OPEN,True,0,0.05263586246819564,0,,position_only_static_zero_derivatives,True,113,408,True,OPEN_02,TRAIN,TIMEOUT,2.848845389935497e-08,OPEN_02_TASK_025
True,"[-0.18030180037021637,-0.15577952563762665,0.3519451916217804]","[0.6722220778465271,-0.3535987436771393,0.9286831617355347]",0.3051738417225741,"[-0.016947532072663307,0.014464030042290688,0.005448692943900824,0.9997369050979614]",39,0.8333333333333334,"[0.33948734402656555,-0.2210898995399475,0.7023645639419556]",0,0,408,,OPEN,True,0,0.06720215150011885,0,,position_only_static_zero_derivatives,True,114,368,True,OPEN_02,TRAIN,SUCCESS,2.3796320584485258e-08,OPEN_02_TASK_027
True,"[-0.09008647501468658,-0.08000034838914871,0.15378929674625397]","[0.9296295046806335,-0.7141810655593872,0.9366920590400696]",0.30131961416072517,"[-0.006584079936146736,0.025485889986157417,0.006919944658875465,0.999629557132721]",52,1.1041666666666667,"[0.6376729011535645,-0.3485602140426636,0.1917847990989685]",0,0,380,,OPEN,True,0,0.029858008921059713,0,,position_only_static_zero_derivatives,True,115,327,True,OPEN_02,TRAIN,SUCCESS,2.4039677367098513e-08,OPEN_02_TASK_029
False,"[-0.8753834366798401,-0.5391127467155457,0.4738500416278839]","[1.0038232803344727,-0.27127906680107117,1.1401828527450562]",0.3032087594027447,"[-0.03699417784810066,0.007093328051269054,0.006765017751604319,0.9992673993110657]",48,1.0208333333333333,"[0.41158807277679443,-0.23679739236831665,0.6546382904052734]",,,,planner_reference_gate_failed,OPEN,False,,,,planner_reference_gate_failed,position_only_static_zero_derivatives,False,,,False,OPEN_02,TRAIN,SUCCESS,,OPEN_02_TASK_030
True,"[-0.4997035264968872,-0.04668208211660385,0.012728407979011536]","[0.492964506149292,-0.2269107550382614,0.8472053408622742]",0.3039178961808301,"[0.010510983876883984,0.0015253443270921707,0.007809705100953579,0.9999130964279175]",51,1.0833333333333333,"[0.370242178440094,-0.4195021986961365,0.5242965817451477]",0,0,437,,OPEN,True,0,0.08975527751300166,0,,position_only_static_zero_derivatives,True,116,385,True,OPEN_02,TRAIN,SUCCESS,2.5766022516577566e-08,OPEN_02_TASK_031
True,"[-0.5784849524497986,-0.7558932900428772,0.45547249913215637]","[0.3381381034851074,-0.0529056154191494,0.8802470564842224]",0.3008749641703283,"[-0.007684432435780764,0.02443784661591053,0.004099304787814617,0.9996634125709534]",52,1.1041666666666667,"[0.4366212487220764,-0.3043975532054901,0.4569331407546997]",0,0,395,,OPEN,True,0,0.06785443480644612,0,,position_only_static_zero_derivatives,True,117,342,True,OPEN_02,TRAIN,SUCCESS,4.8077523029593325e-09,OPEN_02_TASK_033
False,"[-0.6051599979400635,0.6962018609046936,-0.14304067194461823]","[0.38924169540405273,-0.46273988485336304,1.0450831651687622]",0.3078955750420323,"[-0.05315173417329788,0.012469562701880932,0.0024497825652360916,0.9985055923461914]",48,1.0208333333333333,"[0.3073415160179138,-0.25515085458755493,0.7043271660804749]",,,,planner_reference_gate_failed,OPEN,False,,,,planner_reference_gate_failed,position_only_static_zero_derivatives,False,,,False,OPEN_02,TRAIN,SUCCESS,,OPEN_02_TASK_035
False,"[0.49071335792541504,0.6329789161682129,-0.3117070496082306]","[0.9876859188079834,-0.5235133171081543,1.130845546722412]",0.30761488622424604,"[-0.001217996934428811,0.026427708566188812,0.006217531859874725,0.9996306300163269]",53,1.125,"[0.5639110207557678,-0.3484139144420624,0.40826675295829773]",,,,planner_reference_gate_failed,OPEN,False,,,,planner_reference_gate_failed,position_only_static_zero_derivatives,False,,,False,OPEN_02,TRAIN,SUCCESS,,OPEN_02_TASK_036
False,"[0.562027633190155,-0.2568508982658386,0.05400412902235985]","[0.483696311712265,-0.4898577630519867,1.027821660041809]",0.3024358006903532,"[-0.04410703480243683,0.004003147128969431,-0.0014550976920872927,0.9990177154541016]",38,0.8125,"[0.30475595593452454,0.050374794751405716,0.7210248112678528]",,,,planner_reference_gate_failed,OPEN,False,,,,planner_reference_gate_failed,position_only_static_zero_derivatives,False,,,False,OPEN_02,TRAIN,SUCCESS,,OPEN_02_TASK_037
False,"[-0.3400328755378723,0.7153380513191223,0.5081709623336792]","[1.0235075950622559,-0.4264887869358063,1.149735689163208]",0.30626666203321834,"[-0.02829129248857498,-0.0008388256537728012,0.01058252900838852,0.9995433688163757]",48,1.0208333333333333,"[0.395973801612854,-0.27178987860679626,0.6561525464057922]",,,,planner_reference_gate_failed,OPEN,False,,,,planner_reference_gate_failed,position_only_static_zero_derivatives,False,,,False,OPEN_02,TRAIN,SUCCESS,,OPEN_02_TASK_038
False,"[-0.1002088263630867,-0.19424869120121002,0.025912614539265633]","[2.3640668392181396,-0.5301887392997742,1.324284315109253]",0.30114568855897406,"[0.025174692273139954,0.005187975242733955,0.03386298567056656,0.9990959167480469]",162,3.3958333333333335,"[0.7137917876243591,0.04920591413974762,0.2930219769477844]",,,,planner_reference_gate_failed,SBEND,False,,,,planner_reference_gate_failed,position_only_static_zero_derivatives,False,,,False,SBEND_00,TRAIN,TIMEOUT,,SBEND_00_TASK_000
False,"[0.3817630410194397,-0.8302850723266602,-0.4461919665336609]","[1.477263331413269,-0.6934372186660767,1.313888669013977]",0.30122449348182595,"[-0.027732618153095245,0.017846284434199333,0.007460823282599449,0.9994282126426697]",91,1.9166666666666667,"[0.6710112690925598,-0.4437384605407715,0.022307824343442917]",,,,planner_reference_gate_failed,SBEND,False,,,,planner_reference_gate_failed,position_only_static_zero_derivatives,False,,,False,SBEND_00,TRAIN,SUCCESS,,SBEND_00_TASK_001
False,"[0.13446460664272308,0.5588459372520447,-0.30398938059806824]","[2.925724983215332,-0.5971859693527222,1.1382702589035034]",0.3011726218003534,"[-0.007833600975573063,-0.002395142335444689,0.006793132517486811,0.9999433755874634]",227,4.75,"[0.6954286098480225,-0.013347996398806572,0.23634397983551025]",,,,planner_reference_gate_failed,SBEND,False,,,,planner_reference_gate_failed,position_only_static_zero_derivatives,False,,,False,SBEND_00,TRAIN,TIMEOUT,,SBEND_00_TASK_002
False,"[0.5770843029022217,0.6461904048919678,-0.3059883713722229]","[1.4248441457748413,-0.7318360209465027,1.2843515872955322]",0.30031008310297724,"[-0.013236555270850658,0.010902008973062038,-0.00617184117436409,0.999833881855011]",113,2.375,"[0.7765220403671265,-0.14886334538459778,0.00551230926066637]",,,,planner_reference_gate_failed,SBEND,False,,,,planner_reference_gate_failed,position_only_static_zero_derivatives,False,,,False,SBEND_00,TRAIN,SUCCESS,,SBEND_00_TASK_003
False,"[-0.5378961563110352,0.6528149843215942,-0.6893357634544373]","[2.21738600730896,-0.4902513027191162,0.5802702307701111]",0.302336639590615,"[0.015858113765716553,0.018031857907772064,0.0002124587190337479,0.9997116327285767]",132,2.7708333333333335,"[0.632158637046814,0.10663145780563354,-0.34723761677742004]",,,,planner_reference_gate_failed,SBEND,False,,,,planner_reference_gate_failed,position_only_static_zero_derivatives,False,,,False,SBEND_00,TRAIN,SUCCESS,,SBEND_00_TASK_004
False,"[-0.39535582065582275,0.04101188853383064,-0.7011688947677612]","[1.7858400344848633,-0.49663299322128296,0.7717764377593994]",0.3038561423752947,"[-0.016721518710255623,-0.012147892266511917,0.010201250202953815,0.9997343420982361]",109,2.2916666666666665,"[0.68980473279953,0.153328537940979,-0.2858607769012451]",,,,planner_reference_gate_failed,SBEND,False,,,,planner_reference_gate_failed,position_only_static_zero_derivatives,False,,,False,SBEND_00,TRAIN,TIMEOUT,,SBEND_00_TASK_005
False,"[-0.8860811591148376,-0.710506796836853,-0.01004104409366846]","[2.659686803817749,-0.4082869589328766,0.5968245267868042]",0.3009108891443471,"[-0.0015561723848804832,0.0008081461419351399,-0.03215126693248749,0.9994814991950989]",163,3.4166666666666665,"[0.8194466233253479,-0.08861266076564789,0.06113887578248978]",,,,planner_reference_gate_failed,SBEND,False,,,,planner_reference_gate_failed,position_only_static_zero_derivatives,False,,,False,SBEND_00,TRAIN,SUCCESS,,SBEND_00_TASK_006
False,"[0.6937807202339172,-0.011568990536034107,0.2811470627784729]","[1.2921398878097534,-0.6138374209403992,1.294265866279602]",0.3005024868090745,"[-0.02173430286347866,-0.002271797973662615,0.011362088844180107,0.9996966123580933]",109,2.2916666666666665,"[0.7560184597969055,-0.0732949897646904,0.1698651909828186]",,,,planner_reference_gate_failed,SBEND,False,,,,planner_reference_gate_failed,position_only_static_zero_derivatives,False,,,False,SBEND_00,TRAIN,COLLISION,,SBEND_00_TASK_007
False,"[0.19402317702770233,0.15432775020599365,-0.673339307308197]","[1.7935454845428467,-0.47145894169807434,0.5028579831123352]",0.30017558919672704,"[-0.0029962339904159307,-0.020599249750375748,0.028837041929364204,0.999367356300354]",116,2.4375,"[0.6558330059051514,0.12333837151527405,-0.4216146171092987]",,,,planner_reference_gate_failed,SBEND,False,,,,planner_reference_gate_failed,position_only_static_zero_derivatives,False,,,False,SBEND_00,TRAIN,GROUND_CONTACT,,SBEND_00_TASK_009
True,"[-0.07068578898906708,-0.047912102192640305,0.32199200987815857]","[1.0452213287353516,-0.2621346414089203,0.7632361650466919]",0.3007688485215481,"[-0.03872188553214073,-0.01796797104179859,0.009798794984817505,0.999040424823761]",105,2.2083333333333335,"[0.6232976913452148,-0.08530594408512115,-0.4993009567260742]",0,0,640,,SBEND,True,0,0.015177455135730223,0,,position_only_static_zero_derivatives,True,118,534,True,SBEND_00,TRAIN,GROUND_CONTACT,5.950387259437483e-08,SBEND_00_TASK_010
False,"[-0.2222382128238678,-0.051509417593479156,-0.014528780244290829]","[3.6124589443206787,-0.5705471038818359,0.9244593381881714]",0.30122259728053224,"[-0.00742503022775054,-0.011313330382108688,-0.013727597892284393,0.9998142123222351]",241,5.041666666666667,"[0.5539680123329163,0.04345546290278435,0.3959205150604248]",,,,planner_reference_gate_failed,SBEND,False,,,,planner_reference_gate_failed,position_only_static_zero_derivatives,False,,,False,SBEND_00,TRAIN,COLLISION,,SBEND_00_TASK_012
False,"[-0.3411751389503479,-0.17265534400939941,-0.018722493201494217]","[6.5373711585998535,0.6439146399497986,1.2399433851242065]",0.3011964627532756,"[0.021928275004029274,-0.008885237388312817,0.01904573105275631,0.9995386004447937]",460,9.604166666666666,"[0.7712520956993103,-0.11553018540143967,0.15554195642471313]",,,,planner_reference_gate_failed,SBEND,False,,,,planner_reference_gate_failed,position_only_static_zero_derivatives,False,,,False,SBEND_00,TRAIN,SUCCESS,,SBEND_00_TASK_013
False,"[-0.1381133496761322,0.6237102746963501,-0.04217781499028206]","[5.034431457519531,0.5129817128181458,1.130069613456726]",0.300735344898303,"[-0.0029013273306190968,0.003836353775113821,-0.0018912495579570532,0.9999866485595703]",338,7.0625,"[0.6297253370285034,-0.09942688792943954,-0.40250200033187866]",,,,planner_reference_gate_failed,SBEND,False,,,,planner_reference_gate_failed,position_only_static_zero_derivatives,False,,,False,SBEND_00,TRAIN,SUCCESS,,SBEND_00_TASK_014
False,"[-0.2684466540813446,-0.17153002321720123,0.22105318307876587]","[6.255867958068848,0.7675706744194031,1.3402031660079956]",0.30056670869640445,"[0.016893446445465088,-0.006207673344761133,-0.08399861305952072,0.9963033199310303]",406,8.479166666666666,"[0.76870197057724,-0.2323436439037323,0.06413833051919937]",,,,planner_reference_gate_failed,SBEND,False,,,,planner_reference_gate_failed,position_only_static_zero_derivatives,False,,,False,SBEND_00,TRAIN,SUCCESS,,SBEND_00_TASK_015
False,"[0.39101797342300415,-0.010352673009037971,0.6913896799087524]","[1.7472375631332397,-0.32524171471595764,0.6055176258087158]",0.30054304331204273,"[0.00808748509734869,-0.007062709424644709,-0.00168920261785388,0.9999409317970276]",106,2.2291666666666665,"[0.6255143284797668,0.20020031929016113,-0.3908851444721222]",,,,planner_reference_gate_failed,SBEND,False,,,,planner_reference_gate_failed,position_only_static_zero_derivatives,False,,,False,SBEND_00,TRAIN,SUCCESS,,SBEND_00_TASK_017
False,"[0.800338089466095,0.6305200457572937,-0.06008094176650047]","[2.4522719383239746,-0.556453287601471,0.9370785355567932]",0.3002429483497928,"[-0.00079211505362764,0.004540370311588049,-0.01514958031475544,0.9998745918273926]",149,3.125,"[0.7235482931137085,0.2077849954366684,-0.17248207330703735]",,,,planner_reference_gate_failed,SBEND,False,,,,planner_reference_gate_failed,position_only_static_zero_derivatives,False,,,False,SBEND_00,TRAIN,SUCCESS,,SBEND_00_TASK_019
False,"[0.4422132670879364,-0.0645475909113884,0.7662565112113953]","[1.6024905443191528,-0.4559159576892853,0.5189900994300842]",0.3101786672012276,"[-0.011785958893597126,-0.034616708755493164,0.013280121609568596,0.999242901802063]",98,2.0625,"[0.5758970379829407,0.07559643685817719,-0.5837711095809937]",,,,planner_reference_gate_failed,SBEND,False,,,,planner_reference_gate_failed,position_only_static_zero_derivatives,False,,,False,SBEND_00,TRAIN,GROUND_CONTACT,,SBEND_00_TASK_022
False,"[0.25826069712638855,0.17232613265514374,0.002203514566645026]","[5.598055839538574,0.6151894330978394,1.1390795707702637]",0.30063018337842573,"[0.029320085421204567,0.01057632640004158,-0.02275347337126732,0.9992551207542419]",363,7.583333333333333,"[0.7416965365409851,-0.05662873014807701,-0.1191081553697586]",,,,planner_reference_gate_failed,SBEND,False,,,,planner_reference_gate_failed,position_only_static_zero_derivatives,False,,,False,SBEND_00,TRAIN,TIMEOUT,,SBEND_00_TASK_023
True,"[0.17436383664608002,0.1882314682006836,0.05161252245306969]","[1.252877116203308,-0.5783349275588989,1.3870794773101807]",0.30030738458393397,"[-0.022388217970728874,0.020438924431800842,0.008858229033648968,0.9995011687278748]",85,1.7916666666666667,"[0.59847491979599,-0.47613224387168884,0.08036232739686966]",0,0,717,,SBEND,True,0,0.03036998305994338,0,,position_only_static_zero_derivatives,True,119,631,True,SBEND_00,TRAIN,TIMEOUT,2.415857739581965e-08,SBEND_00_TASK_025
False,"[-0.5091404318809509,0.03775502368807793,-0.6897258162498474]","[1.5545982122421265,-0.7518751621246338,1.1449532508850098]",0.3000700177148714,"[-0.03201820328831673,0.007509751245379448,0.013974743895232677,0.9993613958358765]",92,1.9375,"[0.7315807342529297,-0.10943738371133804,0.04367457702755928]",,,,planner_reference_gate_failed,SBEND,False,,,,planner_reference_gate_failed,position_only_static_zero_derivatives,False,,,False,SBEND_00,TRAIN,COLLISION,,SBEND_00_TASK_026
False,"[-0.16720543801784515,0.605247437953949,-0.7399362325668335]","[2.7436540126800537,-0.5779656767845154,1.2569715976715088]",0.30141262747668585,"[-0.0076470342464745045,-0.0049700359813869,0.022130625322461128,0.9997134804725647]",187,3.9166666666666665,"[0.7619234323501587,-0.16717536747455597,0.04696882888674736]",,,,planner_reference_gate_failed,SBEND,False,,,,planner_reference_gate_failed,position_only_static_zero_derivatives,False,,,False,SBEND_00,TRAIN,SUCCESS,,SBEND_00_TASK_027
False,"[0.11973739415407181,-0.22227565944194794,-0.7417755722999573]","[1.9099109172821045,-0.6480680704116821,0.808167040348053]",0.30040499088010253,"[-0.009193581528961658,-0.00970879290252924,0.0072536347433924675,0.999884307384491]",133,2.7916666666666665,"[0.7878308296203613,0.12754732370376587,-0.0511532798409462]",,,,planner_reference_gate_failed,SBEND,False,,,,planner_reference_gate_failed,position_only_static_zero_derivatives,False,,,False,SBEND_00,TRAIN,TIMEOUT,,SBEND_00_TASK_028
False,"[0.32697051763534546,-0.45971107482910156,-0.7419666051864624]","[5.919960021972656,0.656780481338501,1.10067617893219]",0.3033381916198409,"[-0.0037155013997107744,0.014179534278810024,0.1088075339794159,0.9939547777175903]",402,8.395833333333334,"[0.684297502040863,0.37120547890663147,0.07948198169469833]",,,,planner_reference_gate_failed,SBEND,False,,,,planner_reference_gate_failed,position_only_static_zero_derivatives,False,,,False,SBEND_00,TRAIN,SUCCESS,,SBEND_00_TASK_031
False,"[-0.43476709723472595,-0.14077332615852356,-0.20024293661117554]","[6.115581035614014,0.7916097640991211,0.9349620342254639]",0.30205124750802564,"[0.015376383438706398,0.007356623187661171,0.12089644372463226,0.9925187826156616]",421,8.791666666666666,"[0.7303445339202881,0.37296587228775024,-0.007269267458468676]",,,,planner_reference_gate_failed,SBEND,False,,,,planner_reference_gate_failed,position_only_static_zero_derivatives,False,,,False,SBEND_00,TRAIN,TIMEOUT,,SBEND_00_TASK_032
False,"[-0.6380344033241272,0.7067932486534119,-0.7483311891555786]","[6.501034259796143,0.05088276043534279,1.2395563125610352]",0.30202971417025853,"[-0.010445144958794117,-0.01903725601732731,-0.021153785288333893,0.999540388584137]",445,9.291666666666666,"[0.38753342628479004,-0.5250307321548462,0.11669332534074783]",,,,planner_reference_gate_failed,SBEND,False,,,,planner_reference_gate_failed,position_only_static_zero_derivatives,False,,,False,SBEND_00,TRAIN,TIMEOUT,,SBEND_00_TASK_034
False,"[0.5749406814575195,-0.2757173180580139,0.005070493556559086]","[5.089658737182617,0.8183751702308655,1.2765610218048096]",0.3015140607891307,"[0.0061679440550506115,-0.0038496002089232206,-0.0596047043800354,0.9981955885887146]",357,7.458333333333333,"[0.7888213992118835,0.04125012084841728,0.24146714806556702]",,,,planner_reference_gate_failed,SBEND,False,,,,planner_reference_gate_failed,position_only_static_zero_derivatives,False,,,False,SBEND_00,TRAIN,SUCCESS,,SBEND_00_TASK_035
False,"[-0.12014418095350266,-0.11279378086328506,0.7678971886634827]","[2.403965473175049,-0.4677939713001251,0.6713773608207703]",0.30146141080838207,"[0.017239905893802643,0.020576035603880882,0.03109937533736229,0.9991557598114014]",146,3.0625,"[0.7741483449935913,0.07115288078784943,-0.12795522809028625]",,,,planner_reference_gate_failed,SBEND,False,,,,planner_reference_gate_failed,position_only_static_zero_derivatives,False,,,False,SBEND_00,TRAIN,TIMEOUT,,SBEND_00_TASK_036
True,"[-0.6042448878288269,0.4662395119667053,-0.3190319240093231]","[0.5534802079200745,-0.502367377281189,0.9445153474807739]",0.3118726577005381,"[0.019440947100520134,0.0357300229370594,0.014144341461360455,0.999072253704071]",48,1.0208333333333333,"[0.5411824584007263,-0.45795708894729614,0.04025135561823845]",0,0,760,,SBEND,True,0,0.08312339539824043,0,,position_only_static_zero_derivatives,True,120,711,True,SBEND_01,TRAIN,COLLISION,1.866877416102437e-08,SBEND_01_TASK_000
False,"[-0.4738905429840088,-0.10626158863306046,-0.4032658338546753]","[4.9071831703186035,-0.5083133578300476,1.7131638526916504]",0.3014088803651407,"[-0.0037261578254401684,0.006984173785895109,-0.005426387768238783,0.9999539256095886]",329,6.875,"[0.6683936715126038,-0.3345569372177124,0.2536779046058655]",,,,planner_reference_gate_failed,SBEND,False,,,,planner_reference_gate_failed,position_only_static_zero_derivatives,False,,,False,SBEND_01,TRAIN,SUCCESS,,SBEND_01_TASK_001
True,"[0.16331250965595245,0.7009491324424744,-0.23664873838424683]","[1.224447250366211,0.651724100112915,0.509392261505127]",0.3007032157741519,"[0.010397674515843391,0.01197848655283451,-0.007111979648470879,0.9998489022254944]",69,1.4583333333333333,"[0.6851060390472412,0.2890468239784241,-0.1268206536769867]",0,0,660,,SBEND,True,0,0.017620904969187234,0,,position_only_static_zero_derivatives,True,121,590,True,SBEND_01,TRAIN,GROUND_CONTACT,3.883137511603705e-08,SBEND_01_TASK_002
True,"[0.43123844265937805,0.4182772636413574,-0.47125038504600525]","[0.6903811693191528,-0.5130599737167358,0.663770854473114]",0.3102093395134076,"[0.018444688990712166,0.050231076776981354,0.010515677742660046,0.9985119104385376]",49,1.0416666666666667,"[0.548488974571228,-0.4592391848564148,-0.1068037822842598]",0,0,722,,SBEND,True,0,0.13946126770162534,0,,position_only_static_zero_derivatives,True,122,672,True,SBEND_01,TRAIN,COLLISION,2.4350547861236974e-08,SBEND_01_TASK_004
True,"[-0.7878595590591431,-0.7295867204666138,0.14247356355190277]","[0.9828574061393738,-0.3759785592556,0.8340547680854797]",0.31724520265708367,"[0.018758825957775116,0.021359674632549286,0.011536731384694576,0.9995293021202087]",48,1.0208333333333333,"[0.38422852754592896,-0.5167976021766663,0.21351532638072968]",0,0,745,,SBEND,True,0,0.10316936552271935,0,,position_only_static_zero_derivatives,True,123,696,True,SBEND_01,TRAIN,COLLISION,3.534793562294889e-08,SBEND_01_TASK_005
False,"[-0.11527599394321442,0.720550000667572,-0.2328471839427948]","[1.3099265098571777,0.5757371187210083,0.3981375992298126]",0.3005534718711436,"[0.005964872892946005,0.013523178175091743,-0.007696068380028009,0.9998611211776733]",102,2.1458333333333335,"[0.685950756072998,0.2772026062011719,-0.13026803731918335]",,,,planner_reference_gate_failed,SBEND,False,,,,planner_reference_gate_failed,position_only_static_zero_derivatives,False,,,False,SBEND_01,TRAIN,COLLISION,,SBEND_01_TASK_006
True,"[-0.446529746055603,-0.09471271187067032,0.022244445979595184]","[1.2514230012893677,0.03661724179983139,0.5267085433006287]",0.31297443647460715,"[0.003598893526941538,0.011411353945732117,0.0005871235625818372,0.9999282360076904]",48,1.0208333333333333,"[0.5067358613014221,-0.003909895662218332,-0.5994186997413635]",0,0,746,,SBEND,True,0,0.0233902776786019,0,,position_only_static_zero_derivatives,True,124,697,True,SBEND_01,TRAIN,GROUND_CONTACT,5.5675233829234514e-08,SBEND_01_TASK_008
False,"[-0.12210938334465027,-0.16755364835262299,-0.051171015948057175]","[0.4928617477416992,0.33801373839378357,0.38917601108551025]",0.31130082778065626,"[0.012334072962403297,0.014453893527388573,-0.0051595186814665794,0.9998061656951904]",55,1.1666666666666667,"[0.5010911226272583,0.08406294882297516,-0.5482027530670166]",,,,planner_reference_gate_failed,SBEND,False,,,,planner_reference_gate_failed,position_only_static_zero_derivatives,False,,,False,SBEND_01,TRAIN,GROUND_CONTACT,,SBEND_01_TASK_014
False,"[-0.0957532450556755,-0.036521583795547485,0.37688615918159485]","[1.2625634670257568,0.9836957454681396,0.9359913468360901]",0.3014888975143581,"[0.01573619246482849,0.0066232457756996155,-0.009550928138196468,0.9998086094856262]",99,2.0833333333333335,"[0.6502906680107117,0.4098905324935913,0.020250290632247925]",,,,planner_reference_gate_failed,SBEND,False,,,,planner_reference_gate_failed,position_only_static_zero_derivatives,False,,,False,SBEND_01,TRAIN,COLLISION,,SBEND_01_TASK_015
True,"[-0.7307597994804382,-0.14885322749614716,-0.08849873393774033]","[0.9572473168373108,-0.2999056279659271,0.9002115726470947]",0.30186554524569104,"[0.026149414479732513,0.03131883218884468,0.017391888424754143,0.9990159273147583]",41,0.875,"[0.4605034291744232,-0.5649353861808777,0.05806189775466919]",0,0,740,,SBEND,True,0,0.1078595238132308,0,,position_only_static_zero_derivatives,True,125,698,True,SBEND_01,TRAIN,SUCCESS,3.5932765373485436e-08,SBEND_01_TASK_017
True,"[-0.028384678065776825,0.02154216356575489,0.3035091161727905]","[0.8939598202705383,-0.34238293766975403,0.8477070331573486]",0.31125900965744707,"[0.027553338557481766,0.028681084513664246,0.011861939914524555,0.999138355255127]",53,1.125,"[0.46007755398750305,-0.40876123309135437,-0.041280701756477356]",0,0,796,,SBEND,True,0,0.11046330301107433,0,,position_only_static_zero_derivatives,True,126,742,True,SBEND_01,TRAIN,COLLISION,3.730482957272644e-08,SBEND_01_TASK_018
True,"[0.3472151458263397,-0.8785315155982971,0.5123198628425598]","[1.1421077251434326,-0.2978723645210266,0.7658783197402954]",0.3152090653752731,"[0.029983246698975563,0.020735494792461395,0.014387629926204681,0.9992316961288452]",46,0.9791666666666666,"[0.4093764126300812,-0.4823055565357208,0.2841540575027466]",0,0,728,,SBEND,True,0,0.1485883817324026,0,,position_only_static_zero_derivatives,True,127,681,True,SBEND_01,TRAIN,SUCCESS,2.9748888084525247e-08,SBEND_01_TASK_021
True,"[0.6971690654754639,0.04664022848010063,0.19114606082439423]","[1.1394895315170288,-0.029935766011476517,0.9697169661521912]",0.3096994913682689,"[0.03761463612318039,0.024139830842614174,0.0028799916617572308,0.9989965558052063]",51,1.0833333333333333,"[0.22091840207576752,0.34868621826171875,0.7001200914382935]",0,0,738,,SBEND,True,0,0.07995700123632335,0,,position_only_static_zero_derivatives,True,128,686,True,SBEND_01,TRAIN,SUCCESS,1.45217995888499e-08,SBEND_01_TASK_023
True,"[0.7354414463043213,-0.7270536422729492,0.18412815034389496]","[0.9534663558006287,0.15498964488506317,0.4759158790111542]",0.3081881693216528,"[-0.0016470958944410086,0.006904482375830412,-0.0025112798903137445,0.9999716281890869]",54,1.1458333333333333,"[0.4898573160171509,0.08359941095113754,-0.5779181122779846]",0,0,759,,SBEND,True,0,0.007808721486720719,0,,position_only_static_zero_derivatives,True,129,704,True,SBEND_01,TRAIN,GROUND_CONTACT,6.3169752879997145e-09,SBEND_01_TASK_026
True,"[-0.007343654055148363,-0.3213046193122864,-0.04880661889910698]","[0.9091833233833313,0.04944575950503349,0.5427377223968506]",0.30041009870285207,"[0.0012661791406571865,0.000477797060739249,-0.0025501777417957783,0.9999958276748657]",50,1.0625,"[0.4923064708709717,0.009878478944301605,-0.6098507642745972]",0,0,688,,SBEND,True,0,0.004489745284432162,0,,position_only_static_zero_derivatives,True,130,637,True,SBEND_01,TRAIN,GROUND_CONTACT,2.7911009250426294e-08,SBEND_01_TASK_027
True,"[0.05811956897377968,-0.18278086185455322,0.24135392904281616]","[0.605412483215332,0.11812318116426468,0.6065638065338135]",0.3111140441087133,"[-0.010736317373812199,0.019712304696440697,-0.0035196845419704914,0.9997418522834778]",51,1.0833333333333333,"[0.44547876715660095,-0.059603750705718994,-0.6152442097663879]",0,0,736,,SBEND,True,0,0.009421779767176732,0,,position_only_static_zero_derivatives,True,131,684,True,SBEND_01,TRAIN,GROUND_CONTACT,3.049015980770035e-08,SBEND_01_TASK_028
True,"[0.09458356350660324,-0.7372912168502808,0.21021828055381775]","[0.9816566109657288,0.21023282408714294,0.409180611371994]",0.3112426317015618,"[0.00431565148755908,0.005284320563077927,-0.0035557507071644068,0.9999703764915466]",58,1.2291666666666667,"[0.5010615587234497,0.16208189725875854,-0.49910926818847656]",0,0,715,,SBEND,True,0,0.043008630953618454,0,,position_only_static_zero_derivatives,True,132,656,True,SBEND_01,TRAIN,GROUND_CONTACT,2.6768719208366802e-08,SBEND_01_TASK_029
False,"[0.08390676230192184,-0.0013902459759265184,0.005434124264866114]","[3.499196767807007,0.6255335807800293,1.2314484119415283]",0.3044603784279127,"[-0.002364539774134755,-0.007168840151280165,-0.046718791127204895,0.9988795518875122]",239,5.0,"[0.5352973341941833,-0.2555273771286011,0.5616347193717957]",,,,planner_reference_gate_failed,SBEND,False,,,,planner_reference_gate_failed,position_only_static_zero_derivatives,False,,,False,SBEND_01,TRAIN,COLLISION,,SBEND_01_TASK_030
False,"[0.02839585207402706,-0.12083622813224792,0.2767607569694519]","[2.234708786010742,0.805564820766449,0.7426491379737854]",0.3014962010637889,"[0.022549718618392944,0.0034040252212435007,-0.0035446130204945803,0.9997336268424988]",133,2.7916666666666665,"[0.7560606002807617,0.03784618154168129,-0.10305701196193695]",,,,planner_reference_gate_failed,SBEND,False,,,,planner_reference_gate_failed,position_only_static_zero_derivatives,False,,,False,SBEND_01,TRAIN,SUCCESS,,SBEND_01_TASK_031
False,"[-0.0774296447634697,0.06625641137361526,-0.7804578542709351]","[2.331150531768799,1.011527180671692,0.7803466320037842]",0.3048452025896056,"[0.010535064153373241,0.0017309533432126045,-0.03510526567697525,0.9993265867233276]",188,3.9375,"[0.658266007900238,-0.16636762022972107,-0.26941654086112976]",,,,planner_reference_gate_failed,SBEND,False,,,,planner_reference_gate_failed,position_only_static_zero_derivatives,False,,,False,SBEND_01,TRAIN,TIMEOUT,,SBEND_01_TASK_033
True,"[0.540543794631958,0.3300243318080902,0.047733280807733536]","[0.7956141829490662,-0.5259467959403992,0.7370524406433105]",0.30998279114082095,"[0.025585956871509552,0.0382193922996521,0.010831417515873909,0.9988830089569092]",54,1.1458333333333333,"[0.5858234763145447,-0.3392937183380127,0.0735502615571022]",0,0,793,,SBEND,True,0,0.08727965307253263,0,,position_only_static_zero_derivatives,True,133,738,True,SBEND_01,TRAIN,COLLISION,2.692972888527002e-08,SBEND_01_TASK_035
True,"[-0.018658192828297615,0.06321827322244644,-0.07524160295724869]","[1.028548002243042,-0.3541317284107208,1.0148595571517944]",0.31152608320837233,"[0.015375879593193531,0.03551550954580307,0.013917422853410244,0.9991539120674133]",45,0.9583333333333334,"[0.4861055910587311,-0.4770972728729248,0.08307302743196487]",0,0,770,,SBEND,True,0,0.10883639025448456,0,,position_only_static_zero_derivatives,True,134,724,True,SBEND_01,TRAIN,COLLISION,2.216914187973086e-08,SBEND_01_TASK_036
False,"[0.7847058176994324,-0.6616315841674805,0.39191630482673645]","[0.8846936821937561,-0.27114760875701904,1.2905880212783813]",0.3112752644720098,"[0.022577088326215744,0.009080014191567898,0.00017008358554448932,0.9997038841247559]",65,1.375,"[0.24335627257823944,0.16673794388771057,0.7338525652885437]",,,,planner_reference_gate_failed,SBEND,False,,,,planner_reference_gate_failed,position_only_static_zero_derivatives,False,,,False,SBEND_01,TRAIN,SUCCESS,,SBEND_01_TASK_037
True,"[0.5021409392356873,0.6115918755531311,-0.2113012671470642]","[0.7525485754013062,-0.3185630440711975,0.8790011405944824]",0.31277317925753767,"[0.024240627884864807,0.029873473569750786,0.009309436194598675,0.9992163181304932]",49,1.0416666666666667,"[0.42998364567756653,-0.4995238184928894,0.012570925988256931]",0,0,720,,SBEND,True,0,0.09978804282840555,0,,position_only_static_zero_derivatives,True,135,670,True,SBEND_01,TRAIN,COLLISION,2.8893882409964746e-08,SBEND_01_TASK_039
True,"[-0.20203527808189392,0.12965057790279388,-0.10886070877313614]","[0.7798312902450562,-0.04437887668609619,1.0112236738204956]",0.3056454507230287,"[0.02689363807439804,0.018222542479634285,0.0025202773977071047,0.9994690418243408]",49,1.0416666666666667,"[0.19264523684978485,0.26162177324295044,0.7323613166809082]",0,0,712,,SBEND,True,0,0.06844181893553748,0,,position_only_static_zero_derivatives,True,136,662,True,SBEND_01,TRAIN,COLLISION,2.8809038250854616e-08,SBEND_01_TASK_040
True,"[-0.07040160149335861,0.019996773451566696,0.17711322009563446]","[1.2135236263275146,-0.32987675070762634,0.9140765070915222]",0.30669303998045006,"[0.026594556868076324,0.007298577576875687,0.013929152861237526,0.9995226263999939]",41,0.875,"[0.37006667256355286,-0.5205197334289551,0.2365885078907013]",0,0,734,,SBEND,True,0,0.13583867625265683,0,,position_only_static_zero_derivatives,True,137,692,True,SBEND_01,TRAIN,COLLISION,3.755664328708795e-08,SBEND_01_TASK_042
True,"[-0.21811023354530334,0.4334076941013336,-0.11832747608423233]","[1.1630390882492065,-0.42206498980522156,0.9761073589324951]",0.31278012714283965,"[0.013608467765152454,0.03272198513150215,0.015661712735891342,0.9992491006851196]",41,0.875,"[0.3466826379299164,-0.5587694644927979,0.14288640022277832]",0,0,745,,SBEND,True,0,0.10598054677212458,0,,position_only_static_zero_derivatives,True,138,703,True,SBEND_01,TRAIN,SUCCESS,2.7463680323482178e-08,SBEND_01_TASK_043
True,"[-0.006994518451392651,-0.6737054586410522,0.053868167102336884]","[0.9280384182929993,0.19128429889678955,0.6122180819511414]",0.30507043986243804,"[-0.009703117422759533,0.008912934921681881,-0.0023704087361693382,0.9999104142189026]",47,1.0,"[0.4422155022621155,-0.037827447056770325,-0.6291471719741821]",0,0,677,,SBEND,True,0,0.07292085933784624,0,,position_only_static_zero_derivatives,True,139,629,True,SBEND_01,TRAIN,GROUND_CONTACT,2.7818682533724447e-08,SBEND_01_TASK_045
False,"[-0.1337040364742279,-0.6411582231521606,-0.4769271910190582]","[2.713407039642334,-0.8095083236694336,1.4066731929779053]",0.30209560777986255,"[-0.0006143891368992627,-0.0025566660333424807,0.0008028417942114174,0.9999962449073792]",213,4.458333333333333,"[0.6598252654075623,0.149648979306221,0.36825114488601685]",,,,planner_reference_gate_failed,SBEND,False,,,,planner_reference_gate_failed,position_only_static_zero_derivatives,False,,,False,SBEND_02,TRAIN,TIMEOUT,,SBEND_02_TASK_000
False,"[-0.06111442670226097,0.5646443963050842,0.32723480463027954]","[2.049048900604248,-0.6739629507064819,1.1081476211547852]",0.30353802684503967,"[-0.03343823924660683,-0.0022522874642163515,-0.0012066842755302787,0.9994375109672546]",114,2.3958333333333335,"[0.7642406821250916,-0.14481283724308014,-0.14204692840576172]",,,,planner_reference_gate_failed,SBEND,False,,,,planner_reference_gate_failed,position_only_static_zero_derivatives,False,,,False,SBEND_02,TRAIN,SUCCESS,,SBEND_02_TASK_001
False,"[0.07462402433156967,0.266591340303421,0.5986413955688477]","[1.9414104223251343,-0.48410293459892273,1.0749543905258179]",0.30424273182241945,"[-0.02759964019060135,0.010328509844839573,0.013014157302677631,0.9994809627532959]",98,2.0625,"[0.7391618490219116,-0.11797367036342621,-0.13001517951488495]",,,,planner_reference_gate_failed,SBEND,False,,,,planner_reference_gate_failed,position_only_static_zero_derivatives,False,,,False,SBEND_02,TRAIN,SUCCESS,,SBEND_02_TASK_002
False,"[-0.568311870098114,0.665288507938385,0.0007042187498882413]","[2.791189670562744,-0.6097434759140015,1.209980845451355]",0.30128964712408207,"[-0.004391445778310299,0.005907545797526836,0.011786438524723053,0.9999034404754639]",173,3.625,"[0.6948890686035156,0.24133402109146118,-0.13195711374282837]",,,,planner_reference_gate_failed,SBEND,False,,,,planner_reference_gate_failed,position_only_static_zero_derivatives,False,,,False,SBEND_02,TRAIN,SUCCESS,,SBEND_02_TASK_003
False,"[0.5254145860671997,0.6261516213417053,-0.7137954235076904]","[5.539844989776611,0.6924737691879272,1.7678595781326294]",0.30102204053767817,"[0.012627335265278816,0.005513534415513277,-0.008750504814088345,0.999866783618927]",422,8.8125,"[0.775429904460907,0.18763937056064606,0.023947296664118767]",,,,planner_reference_gate_failed,SBEND,False,,,,planner_reference_gate_failed,position_only_static_zero_derivatives,False,,,False,SBEND_02,TRAIN,SUCCESS,,SBEND_02_TASK_004
False,"[0.8460094928741455,-0.5460177659988403,-0.026970025151968002]","[2.0163326263427734,-0.5584636926651001,0.986909806728363]",0.30500560966417256,"[-0.039857085794210434,-0.0058142091147601604,0.01627415046095848,0.9990559220314026]",91,1.9166666666666667,"[0.7199360728263855,0.08785403519868851,-0.2937784194946289]",,,,planner_reference_gate_failed,SBEND,False,,,,planner_reference_gate_failed,position_only_static_zero_derivatives,False,,,False,SBEND_02,TRAIN,SUCCESS,,SBEND_02_TASK_008
False,"[0.6406123638153076,0.5819926261901855,-0.01766928844153881]","[5.046310901641846,0.6179462671279907,2.0155534744262695]",0.3014605352330491,"[0.025396473705768585,-0.0077314856462180614,0.0004979769000783563,0.9996474385261536]",333,6.958333333333333,"[0.519317090511322,0.018209349364042282,0.5997554659843445]",,,,planner_reference_gate_failed,SBEND,False,,,,planner_reference_gate_failed,position_only_static_zero_derivatives,False,,,False,SBEND_02,TRAIN,TIMEOUT,,SBEND_02_TASK_009
True,"[-0.31884869933128357,0.4765578508377075,0.5291295051574707]","[0.8245662450790405,-0.5783595442771912,1.1106555461883545]",0.3019648280785938,"[-0.0028011873364448547,0.013512005098164082,0.01489763893187046,0.9997938275337219]",60,1.2708333333333333,"[0.5824892520904541,-0.47054654359817505,0.06594560295343399]",0,0,773,,SBEND,True,0,0.046270139377000426,0,,position_only_static_zero_derivatives,True,140,712,True,SBEND_02,TRAIN,COLLISION,3.097415233229188e-08,SBEND_02_TASK_010
False,"[0.882222592830658,-0.5533998012542725,0.5085982084274292]","[2.9202678203582764,-0.5869781970977783,1.2415488958358765]",0.30044699853229623,"[-0.014737813733518124,-0.0009577907621860504,0.007309764623641968,0.9998642206192017]",185,3.875,"[0.6814609169960022,0.3155542016029358,-0.10679866373538971]",,,,planner_reference_gate_failed,SBEND,False,,,,planner_reference_gate_failed,position_only_static_zero_derivatives,False,,,False,SBEND_02,TRAIN,SUCCESS,,SBEND_02_TASK_012
False,"[-0.19624215364456177,-0.8600485920906067,0.28457996249198914]","[1.7924153804779053,-0.536676287651062,1.2172374725341797]",0.30024583275345246,"[-0.007353993598371744,0.012890644371509552,0.008229197934269905,0.9998559951782227]",104,2.1875,"[0.6746323704719543,-0.40535610914230347,-0.038058917969465256]",,,,planner_reference_gate_failed,SBEND,False,,,,planner_reference_gate_failed,position_only_static_zero_derivatives,False,,,False,SBEND_02,TRAIN,TIMEOUT,,SBEND_02_TASK_013
False,"[-0.15236179530620575,0.033284805715084076,0.45481055974960327]","[4.366261959075928,-0.19814752042293549,1.8026741743087769]",0.3057573893141326,"[0.024455595761537552,0.004885532893240452,0.0031366206239908934,0.9996840357780457]",307,6.416666666666667,"[0.5861896872520447,0.276179701089859,0.5081672072410583]",,,,planner_reference_gate_failed,SBEND,False,,,,planner_reference_gate_failed,position_only_static_zero_derivatives,False,,,False,SBEND_02,TRAIN,TIMEOUT,,SBEND_02_TASK_014
True,"[-0.8114293813705444,0.1302722543478012,-0.2587190866470337]","[1.0638607740402222,-0.1238507553935051,1.3418097496032715]",0.3017419372931363,"[0.006073180120438337,0.015522236935794353,0.008950645104050636,0.9998210072517395]",65,1.375,"[0.4528703987598419,-0.5707882046699524,0.06597442924976349]",0,0,687,,SBEND,True,0,0.0890514101192911,0,,position_only_static_zero_derivatives,True,141,621,True,SBEND_02,TRAIN,TIMEOUT,5.574564124261882e-08,SBEND_02_TASK_015
False,"[0.13377675414085388,-0.7172112464904785,-0.41097646951675415]","[2.4711296558380127,-0.7013581991195679,1.212561845779419]",0.3003273457302509,"[-0.01904447376728058,0.0031199560035020113,0.002495251130312681,0.9998106360435486]",162,3.3958333333333335,"[0.7357722520828247,0.21510569751262665,-0.12536673247814178]",,,,planner_reference_gate_failed,SBEND,False,,,,planner_reference_gate_failed,position_only_static_zero_derivatives,False,,,False,SBEND_02,TRAIN,SUCCESS,,SBEND_02_TASK_016
False,"[0.5420702695846558,-0.25582653284072876,0.3729932904243469]","[1.0777945518493652,-0.7118450403213501,1.0154376029968262]",0.3008848218099106,"[-0.0012926203198730946,0.010202665813267231,0.012349341996014118,0.9998708367347717]",74,1.5625,"[0.6804731488227844,-0.45026639103889465,0.043735988438129425]",,,,planner_reference_gate_failed,SBEND,False,,,,planner_reference_gate_failed,position_only_static_zero_derivatives,False,,,False,SBEND_02,TRAIN,TIMEOUT,,SBEND_02_TASK_017
True,"[0.4605494737625122,0.15838731825351715,0.28760406374931335]","[1.459966778755188,-0.2684739828109741,1.4275208711624146]",0.30105742375773376,"[-0.020258981734514236,0.016643814742565155,0.011484269052743912,0.999590277671814]",75,1.5833333333333333,"[0.6148526072502136,-0.49496862292289734,0.04927033185958862]",0,0,707,,SBEND,True,0,0.02946531470942275,0,,position_only_static_zero_derivatives,True,142,631,True,SBEND_02,TRAIN,SUCCESS,5.661498025009865e-08,SBEND_02_TASK_018
False,"[0.7653341889381409,-0.626066267490387,0.31706491112709045]","[4.2939863204956055,0.03022853098809719,1.891203761100769]",0.3001558745959245,"[0.016765601933002472,0.0015454733511433005,0.0065210117027163506,0.9998369812965393]",333,6.958333333333333,"[0.5415299534797668,0.23820775747299194,0.5298504829406738]",,,,planner_reference_gate_failed,SBEND,False,,,,planner_reference_gate_failed,position_only_static_zero_derivatives,False,,,False,SBEND_02,TRAIN,TIMEOUT,,SBEND_02_TASK_019
True,"[-0.015366657637059689,0.6304466128349304,0.4025731086730957]","[0.61041659116745,-0.5786341428756714,1.4719241857528687]",0.30437899183544737,"[0.0034886286593973637,0.021720975637435913,0.010680261999368668,0.9997009634971619]",62,1.3125,"[0.4428480267524719,-0.43475615978240967,0.059214990586042404]",0,0,731,,SBEND,True,0,0.0903928681728796,0,,position_only_static_zero_derivatives,True,143,668,True,SBEND_02,TRAIN,SUCCESS,4.2001800042005334e-08,SBEND_02_TASK_021
False,"[0.0035913472529500723,-0.11022721230983734,0.4655357897281647]","[1.3466976881027222,-0.8753293752670288,1.3379483222961426]",0.3026938160515581,"[-0.01355143915861845,0.015208595432341099,0.013676252216100693,0.9996989369392395]",78,1.6458333333333333,"[0.5806137323379517,-0.5182205438613892,0.117706798017025]",,,,planner_reference_gate_failed,SBEND,False,,,,planner_reference_gate_failed,position_only_static_zero_derivatives,False,,,False,SBEND_02,TRAIN,SUCCESS,,SBEND_02_TASK_024
False,"[0.011326395906507969,0.5218164324760437,-0.3129342198371887]","[0.7938823699951172,-0.4958735406398773,0.5660334825515747]",0.306863785998165,"[-0.017432279884815216,-0.0008124926825985312,0.001572387758642435,0.9998464584350586]",82,1.7291666666666667,"[0.5046099424362183,-0.06838656216859818,-0.5672407150268555]",,,,planner_reference_gate_failed,SBEND,False,,,,planner_reference_gate_failed,position_only_static_zero_derivatives,False,,,False,SBEND_02,TRAIN,GROUND_CONTACT,,SBEND_02_TASK_028
True,"[0.180192232131958,-0.264870285987854,0.08239711821079254]","[1.160512089729309,-0.6255292892456055,1.105318307876587]",0.3023949489497897,"[-0.009101386182010174,0.00837603211402893,0.006565529387444258,0.9999019503593445]",104,2.1875,"[0.658977746963501,-0.45257094502449036,0.06990136206150055]",0,0,788,,SBEND,True,0,0.060617476606986236,0,,position_only_static_zero_derivatives,True,144,683,True,SBEND_02,TRAIN,SUCCESS,6.859643654475812e-08,SBEND_02_TASK_030
False,"[0.0575324110686779,-0.3991681635379791,-0.010614057071506977]","[7.883046627044678,0.059442825615406036,2.3415627479553223]",0.3003095707324108,"[-0.0018736942438408732,-0.002112609101459384,0.0967639684677124,0.9953033328056335]",734,15.3125,"[-0.002460343763232231,-0.03677522391080856,-0.0012784127611666918]",,,,planner_reference_gate_failed,SBEND,False,,,,planner_reference_gate_failed,position_only_static_zero_derivatives,False,,,False,SBEND_02,TRAIN,SUCCESS,,SBEND_02_TASK_032
False,"[-0.15861085057258606,0.7631446123123169,0.024136273190379143]","[5.505309104919434,0.9120658040046692,1.6999560594558716]",0.3018415044005677,"[0.007407274562865496,0.007090091239660978,0.04760001599788666,0.9988138675689697]",399,8.333333333333334,"[0.7212309241294861,0.21048398315906525,0.07252187281847]",,,,planner_reference_gate_failed,SBEND,False,,,,planner_reference_gate_failed,position_only_static_zero_derivatives,False,,,False,SBEND_02,TRAIN,SUCCESS,,SBEND_02_TASK_033
False,"[-0.096194326877594,0.18273475766181946,-0.5801712274551392]","[1.8280420303344727,-0.9378004670143127,1.2024059295654297]",0.30010898507317535,"[-0.012649831362068653,0.008522409945726395,0.012203413061797619,0.999809205532074]",100,2.1041666666666665,"[0.7293398380279541,-0.20983004570007324,0.07812739163637161]",,,,planner_reference_gate_failed,SBEND,False,,,,planner_reference_gate_failed,position_only_static_zero_derivatives,False,,,False,SBEND_02,TRAIN,TIMEOUT,,SBEND_02_TASK_034
False,"[-0.6092062592506409,-0.3109811842441559,0.5500608682632446]","[2.172557830810547,-0.692695677280426,1.1695843935012817]",0.30037292803945564,"[-0.02294936589896679,0.009109086357057095,0.0031597022898495197,0.9996901154518127]",171,3.5833333333333335,"[0.7916660308837891,-0.02314884401857853,-0.085695780813694]",,,,planner_reference_gate_failed,SBEND,False,,,,planner_reference_gate_failed,position_only_static_zero_derivatives,False,,,False,SBEND_02,TRAIN,SUCCESS,,SBEND_02_TASK_035
False,"[0.19006410241127014,0.0030911811627447605,-0.2056363970041275]","[4.812168121337891,0.37878817319869995,1.6396315097808838]",0.3004583741632115,"[0.0009197915787808597,0.008203276433050632,0.007779806852340698,0.9999356865882874]",355,7.416666666666667,"[0.6776714324951172,0.3722938299179077,0.13026359677314758]",,,,planner_reference_gate_failed,SBEND,False,,,,planner_reference_gate_failed,position_only_static_zero_derivatives,False,,,False,SBEND_02,TRAIN,SUCCESS,,SBEND_02_TASK_036
False,"[-0.1488821655511856,-0.5578615069389343,-0.20550110936164856]","[1.2270584106445312,-0.8576619625091553,1.1443959474563599]",0.3000991735355373,"[-0.01064313668757677,0.00804560724645853,0.00405602203682065,0.9999027848243713]",139,2.9166666666666665,"[0.6322030425071716,-0.4378843605518341,0.102167509496212]",,,,planner_reference_gate_failed,SBEND,False,,,,planner_reference_gate_failed,position_only_static_zero_derivatives,False,,,False,SBEND_02,TRAIN,TIMEOUT,,SBEND_02_TASK_037
True,"[0.6781149506568909,0.26029497385025024,-0.5519254803657532]","[0.7048202157020569,-0.49565088748931885,1.514735460281372]",0.30243790837922757,"[0.0007669033948332071,0.02684204652905464,0.008101108483970165,0.9996065497398376]",70,1.4791666666666667,"[0.40606021881103516,-0.4623444676399231,0.24377037584781647]",0,0,751,,SBEND,True,0,0.13206946628534008,0,,position_only_static_zero_derivatives,True,145,680,True,SBEND_02,TRAIN,COLLISION,5.9231632972678776e-08,SBEND_02_TASK_039
