update,train_loss,val_loss,gradient_norm
1,0.2106839120388031,0.20118473054767072,0.10955552756786346
2,0.19616997241973877,,0.10588707029819489
3,0.20294561982154846,,0.10773889720439911
4,0.18779045343399048,,0.10169932246208191
5,0.17899379134178162,,0.09860636293888092
6,0.17789983749389648,,0.09873110055923462
7,0.18515470623970032,,0.10200299322605133
8,0.18214261531829834,,0.10328704118728638
9,0.18371844291687012,,0.11059356480836868
10,0.17547838389873505,,0.11036033928394318
11,0.16751441359519958,,0.10996758937835693
12,0.15582029521465302,,0.1073966771364212
13,0.147962749004364,,0.11611998081207275
14,0.14273416996002197,,0.11874321103096008
15,0.13152581453323364,,0.124295674264431
16,0.12494099140167236,,0.13160106539726257
17,0.11044471710920334,,0.12582644820213318
18,0.10130977630615234,,0.11552567780017853
19,0.09285348653793335,,0.09847041964530945
20,0.09312623739242554,,0.09155979007482529
21,0.09326215833425522,,0.1139024868607521
22,0.09369787573814392,,0.13038913905620575
23,0.09132017195224762,,0.13769884407520294
24,0.09491851925849915,,0.14374315738677979
25,0.08780461549758911,,0.11655054241418839
26,0.08501893281936646,,0.09892705827951431
27,0.07963213324546814,,0.08380714058876038
28,0.08112411946058273,,0.06418279558420181
29,0.07611944526433945,,0.04617748782038689
30,0.08370950073003769,,0.052220288664102554
31,0.07412652671337128,,0.062268804758787155
32,0.08010166138410568,,0.07306486368179321
33,0.07856990396976471,,0.0905337780714035
34,0.07952934503555298,,0.08382432162761688
35,0.0799204632639885,,0.07940167933702469
36,0.07742100208997726,,0.0847613662481308
37,0.0667431429028511,,0.047902174293994904
38,0.06811656057834625,,0.037923455238342285
39,0.06536797434091568,,0.04716610535979271
40,0.06751444190740585,,0.041173145174980164
41,0.06215883418917656,,0.05328444391489029
42,0.0653877705335617,,0.06482122838497162
43,0.06165853887796402,,0.05928758904337883
44,0.06119520217180252,,0.06716322898864746
45,0.058228444308042526,,0.05470823869109154
46,0.06063459441065788,,0.05165204778313637
47,0.05596957355737686,,0.04562943056225777
48,0.05255848169326782,,0.04415598884224892
49,0.052543289959430695,,0.042288850992918015
50,0.05551048368215561,,0.04207134246826172
51,0.05279889702796936,,0.044340312480926514
52,0.04780306667089462,,0.040519580245018005
53,0.0485297255218029,,0.041682787239551544
54,0.043600957840681076,,0.0490836575627327
55,0.042989909648895264,,0.0459739975631237
56,0.04381372779607773,,0.04316133260726929
57,0.03743061050772667,,0.0436822883784771
58,0.04181931912899017,,0.047889869660139084
59,0.03548081964254379,,0.038197197020053864
60,0.032681964337825775,,0.03662845864892006
61,0.03833484649658203,,0.035646889358758926
62,0.0331190824508667,,0.03741003945469856
63,0.02903309278190136,,0.030883267521858215
64,0.03048277460038662,,0.04074256867170334
65,0.034066639840602875,,0.04392101988196373
66,0.030794184654951096,,0.045760683715343475
67,0.02702443301677704,,0.039816733449697495
68,0.028877269476652145,,0.03714442253112793
69,0.02886822074651718,,0.032424602657556534
70,0.027329763397574425,,0.031929388642311096
71,0.024217810481786728,,0.033003464341163635
72,0.025200001895427704,,0.046858400106430054
73,0.023919016122817993,,0.03950933367013931
74,0.024308567866683006,,0.035175878554582596
75,0.020947139710187912,,0.03195289522409439
76,0.022786034271121025,,0.031063122674822807
77,0.023602163419127464,,0.030609091743826866
78,0.0203106552362442,,0.03476295620203018
79,0.020621662959456444,,0.04234820604324341
80,0.02237958088517189,,0.041657209396362305
81,0.02188562974333763,,0.039933472871780396
82,0.019836165010929108,,0.03482526168227196
83,0.01644401252269745,,0.0290256068110466
84,0.018550729379057884,,0.023613836616277695
85,0.018383853137493134,,0.025939898565411568
86,0.017384065315127373,,0.042859964072704315
87,0.01696176826953888,,0.026726409792900085
88,0.01589208096265793,,0.02774219401180744
89,0.014360408298671246,,0.03482415899634361
90,0.014568528160452843,,0.025632932782173157
91,0.01565447822213173,,0.03274655342102051
92,0.015477406792342663,,0.025717798620462418
93,0.016457449644804,,0.039320167154073715
94,0.014235137030482292,,0.032813310623168945
95,0.013837995938956738,,0.0286770798265934
96,0.014013288542628288,,0.05034003406763077
97,0.014797082170844078,,0.02325768768787384
98,0.013295105658471584,,0.028453141450881958
99,0.01177473645657301,,0.026944205164909363
100,0.011227438226342201,,0.018705755472183228
101,0.013429678045213223,,0.02664843015372753
102,0.012262552976608276,,0.01792898401618004
103,0.010892016813158989,,0.01847776025533676
104,0.011914044618606567,,0.02083832211792469
105,0.011885183863341808,,0.017329489812254906
106,0.010996177792549133,,0.017661701887845993
107,0.010623440146446228,,0.023072149604558945
108,0.010420534759759903,,0.014039493165910244
109,0.010700452141463757,,0.01816910319030285
110,0.009801311418414116,,0.016941802576184273
111,0.01046123169362545,,0.018238073214888573
112,0.009974253363907337,,0.023273389786481857
113,0.009788217954337597,,0.020570512861013412
114,0.008744261227548122,,0.02368747815489769
115,0.009616709314286709,,0.024317562580108643
116,0.009129083715379238,,0.024984674528241158
117,0.009552055038511753,,0.01705397479236126
118,0.00914012175053358,,0.03241782262921333
119,0.01045322697609663,,0.022660313174128532
120,0.008795671164989471,,0.017773598432540894
121,0.007978115230798721,,0.022907329723238945
122,0.008016455918550491,,0.011478307656943798
123,0.008694609627127647,,0.011532488279044628
124,0.008224764838814735,,0.012059018015861511
125,0.008020511828362942,,0.01734829880297184
126,0.007047166582196951,,0.020099658519029617
127,0.007410911377519369,,0.010288855992257595
128,0.007346796803176403,,0.015164989978075027
129,0.007096073590219021,,0.01940247043967247
130,0.008654843084514141,,0.018201585859060287
131,0.00769451167434454,,0.01716662384569645
132,0.007490571588277817,,0.027620084583759308
133,0.008130107074975967,,0.020302658900618553
134,0.007737703621387482,,0.014874981716275215
135,0.006836216896772385,,0.010880223475396633
136,0.006501971744000912,,0.022042015567421913
137,0.006294155027717352,,0.015822291374206543
138,0.0070646982640028,,0.011120897717773914
139,0.007049061357975006,,0.019592635333538055
140,0.00673893466591835,,0.021080825477838516
141,0.006706292741000652,,0.012331237085163593
142,0.006122836377471685,,0.020324721932411194
143,0.006363952532410622,,0.019317565485835075
144,0.006042712368071079,,0.015486843883991241
145,0.006513670086860657,,0.013628299348056316
146,0.00629768893122673,,0.023076510056853294
147,0.006037447601556778,,0.01900560036301613
148,0.006630591582506895,,0.013732707127928734
149,0.006271048448979855,,0.01410638727247715
150,0.005454931408166885,,0.01580713503062725
151,0.006719646509736776,,0.009148112498223782
152,0.006776717491447926,,0.012971467338502407
153,0.005786322057247162,,0.01972687989473343
154,0.005282526835799217,,0.008428665809333324
155,0.0051668426021933556,,0.009935006499290466
156,0.005278739612549543,,0.01592399738729
157,0.0058774626813828945,,0.018377218395471573
158,0.00569535419344902,,0.02565462328493595
159,0.006140870973467827,,0.017219990491867065
160,0.0051544178277254105,,0.014906825497746468
161,0.0055692000314593315,,0.024273589253425598
162,0.005120923742651939,,0.018791906535625458
163,0.0057701244950294495,,0.01812264882028103
164,0.005528975278139114,,0.01949474774301052
165,0.005558836739510298,,0.02760683186352253
166,0.004724662285298109,,0.02059216983616352
167,0.0048253717832267284,,0.013556580990552902
168,0.004472052678465843,,0.028798088431358337
169,0.005889145191758871,,0.019585708156228065
170,0.0055243088863790035,,0.010729928500950336
171,0.004824792966246605,,0.024114122614264488
172,0.00443712854757905,,0.018310653045773506
173,0.00533642154186964,,0.013164367526769638
174,0.004939225502312183,,0.009890963323414326
175,0.0045582614839077,,0.015247467905282974
176,0.004144326318055391,,0.014800206758081913
177,0.004960708320140839,,0.011516108177602291
178,0.004770279861986637,,0.012658540159463882
179,0.0055857691913843155,,0.013189892284572124
180,0.005045638419687748,,0.013179096393287182
181,0.004799035377800465,,0.01058561448007822
182,0.005128955468535423,,0.012682754546403885
183,0.004000332672148943,,0.016773466020822525
184,0.004902029410004616,,0.009282098151743412
185,0.004348627291619778,,0.012342511676251888
186,0.004197281785309315,,0.012549299746751785
187,0.005149594508111477,,0.01102332305163145
188,0.004575140308588743,,0.009571123868227005
189,0.004124727100133896,,0.0153708066791296
190,0.004063081927597523,,0.01014551892876625
191,0.00432448647916317,,0.01752568408846855
192,0.0048765260726213455,,0.009426506236195564
193,0.004469491541385651,,0.010786096565425396
194,0.00396806001663208,,0.014402350410819054
195,0.004296991042792797,,0.019323935732245445
196,0.003839361947029829,,0.013206214644014835
197,0.004124512430280447,,0.013507588766515255
198,0.004071330651640892,,0.00937802717089653
199,0.00405274098739028,,0.012111365795135498
200,0.004114603623747826,,0.01412375271320343
201,0.0049643125385046005,,0.010136130265891552
202,0.003870979882776737,,0.011517803184688091
203,0.004219728987663984,,0.014435956254601479
204,0.004135611467063427,,0.011323845945298672
205,0.0038412127178162336,,0.009719609282910824
206,0.005355598405003548,,0.012668374925851822
207,0.004275744315236807,,0.00999501347541809
208,0.003869830397889018,,0.01303649041801691
209,0.0034285131841897964,,0.012210192158818245
210,0.0037936631124466658,,0.012266757898032665
211,0.004554995335638523,,0.010756472125649452
212,0.0036433800123631954,,0.008553706109523773
213,0.00404474139213562,,0.011538594029843807
214,0.003628368256613612,,0.011347985826432705
215,0.003821004182100296,,0.01158027071505785
216,0.003950547426939011,,0.012178771197795868
217,0.0034998643677681684,,0.013642116449773312
218,0.0034532579593360424,,0.015248947776854038
219,0.004729848355054855,,0.015880964696407318
220,0.004835216328501701,,0.009083895944058895
221,0.0034347574692219496,,0.016733011230826378
222,0.0035529721062630415,,0.013724220916628838
223,0.002900616731494665,,0.00901979859918356
224,0.0029980612453073263,,0.014212870970368385
225,0.004519227892160416,,0.014323757030069828
226,0.0035642804577946663,,0.010656232014298439
227,0.0037740347906947136,,0.011572165414690971
228,0.0035946115385740995,,0.011050187051296234
229,0.00474903266876936,,0.009533637203276157
230,0.0039381422102451324,,0.010110783390700817
231,0.003833630122244358,,0.010746190324425697
232,0.003642645664513111,,0.00803122017532587
233,0.003937914967536926,,0.011138702742755413
234,0.004487941972911358,,0.010589410550892353
235,0.003572473069652915,,0.0082459207624197
236,0.0035495690535753965,,0.010047448799014091
237,0.0030907317996025085,,0.008186726830899715
238,0.0037826288025826216,,0.009956356137990952
239,0.00474121980369091,,0.010881050489842892
240,0.003936713561415672,,0.007940809242427349
241,0.004088165704160929,,0.009228503331542015
242,0.0037120822817087173,,0.01270233653485775
243,0.0038165594451129436,,0.00892664585262537
244,0.003020119620487094,,0.011403555050492287
245,0.003356512635946274,,0.014537019655108452
246,0.004254363477230072,,0.009924396872520447
247,0.002935172524303198,,0.00781525019556284
248,0.0036602418404072523,,0.015172076411545277
249,0.0036695930175483227,,0.010425301268696785
250,0.004117272328585386,,0.00790114514529705
251,0.0034320829436182976,,0.018125882372260094
252,0.0032856049947440624,,0.012082034721970558
253,0.0036692111752927303,,0.010610866360366344
254,0.00346891931258142,,0.017974797636270523
255,0.0038611197378486395,,0.007204156368970871
256,0.003072215709835291,,0.006164941005408764
257,0.004806088749319315,,0.013281155377626419
258,0.0030757326167076826,,0.011094185523688793
259,0.0031566328834742308,,0.011501014232635498
260,0.0032048900611698627,,0.009978882037103176
261,0.0038073554169386625,,0.01022364106029272
262,0.003520773258060217,,0.009546098299324512
263,0.0033581971656531096,,0.007426448166370392
264,0.0029156520031392574,,0.011477082967758179
265,0.0031318708788603544,,0.011264024302363396
266,0.0038262195885181427,,0.008558177389204502
267,0.002869526855647564,,0.008167115971446037
268,0.002842443762347102,,0.018195556476712227
269,0.003560282988473773,,0.009075463749468327
270,0.004303506575524807,,0.014385752379894257
271,0.0031897935550659895,,0.014708565548062325
272,0.00312057021073997,,0.009043069556355476
273,0.003498649690300226,,0.010181348770856857
274,0.003320220857858658,,0.018316322937607765
275,0.003204384818673134,,0.017121484503149986
276,0.0029104514978826046,,0.013542926870286465
277,0.0026640004944056273,,0.011349267326295376
278,0.0035974159836769104,,0.013425339013338089
279,0.00332082761451602,,0.010835567489266396
280,0.004388513043522835,,0.012708806432783604
281,0.0027396436780691147,,0.01292578224092722
282,0.004533067345619202,,0.00935131311416626
283,0.002975301817059517,,0.017366038635373116
284,0.002900799736380577,,0.020152391865849495
285,0.0027319793589413166,,0.008244060911238194
286,0.0034247420262545347,,0.020650072023272514
287,0.0031267558224499226,,0.011483892798423767
288,0.003603847697377205,,0.009622187353670597
289,0.002598891267552972,,0.015162949450314045
290,0.0027179690077900887,,0.013236897997558117
291,0.0036745916586369276,,0.012212475761771202
292,0.004112106282263994,,0.018138231709599495
293,0.003416707506403327,,0.014630216173827648
294,0.002936862874776125,,0.01023674663156271
295,0.0031865015625953674,,0.014118604362010956
296,0.002915413584560156,,0.008073453791439533
297,0.003001127392053604,,0.010624732822179794
298,0.0031821350567042828,,0.007536421529948711
299,0.002724855672568083,,0.00547102140262723
300,0.0027861986309289932,,0.006800095085054636
301,0.004134157206863165,,0.010301198810338974
302,0.0030808723531663418,,0.013274992816150188
303,0.002909622620791197,,0.006402310449630022
304,0.0030784360133111477,,0.009636200964450836
305,0.003123754169791937,,0.00859131384640932
306,0.0026240190491080284,,0.006456335540860891
307,0.0027335709892213345,,0.008135256357491016
308,0.00299782189540565,,0.007906152866780758
309,0.0028431620448827744,,0.006633584853261709
310,0.004150676541030407,,0.00784755777567625
311,0.0031220708042383194,,0.00899490900337696
312,0.0030731093138456345,,0.009325336664915085
313,0.003903174540027976,,0.00786418467760086
314,0.0034633628092706203,,0.006920223589986563
315,0.0026337970048189163,,0.008718829602003098
316,0.0027480628341436386,,0.008093602024018764
317,0.0026980736292898655,,0.014504374004900455
318,0.002724970690906048,,0.008198452182114124
319,0.002756269183009863,,0.0085070189088583
320,0.00333177438005805,,0.012096596881747246
321,0.003118509193882346,,0.01071189995855093
322,0.0027843208517879248,,0.01305466704070568
323,0.0028487592935562134,,0.013166003860533237
324,0.003354506567120552,,0.007405010052025318
325,0.003497777972370386,,0.012453896924853325
326,0.0027974997647106647,,0.01187872514128685
327,0.002568727359175682,,0.011734336614608765
328,0.003126567928120494,,0.014266773127019405
329,0.003859804943203926,,0.01305678766220808
330,0.0032505036797374487,,0.0110655901953578
331,0.0032458151690661907,,0.011170225217938423
332,0.0025531912688165903,,0.010590850375592709
333,0.0028049182146787643,,0.010419837199151516
334,0.002850982826203108,,0.010998152196407318
335,0.0030292037408798933,,0.014247335493564606
336,0.0023466795682907104,,0.012334725819528103
337,0.0026982761919498444,,0.012025943957269192
338,0.0033983266912400723,,0.010732037015259266
339,0.0029224371537566185,,0.011907973326742649
340,0.00257806945592165,,0.00942523404955864
341,0.0029960796236991882,,0.016403215005993843
342,0.00253865122795105,,0.008764510042965412
343,0.0029147653840482235,,0.011787944473326206
344,0.002527068369090557,,0.010336142033338547
345,0.0023951863404363394,,0.008555185981094837
346,0.0025590742006897926,,0.007973994128406048
347,0.0026815354358404875,,0.011757975444197655
348,0.002538034226745367,,0.01076515857130289
349,0.0023080601822584867,,0.006966325454413891
350,0.0033567682839930058,,0.011586311273276806
351,0.00330933416262269,,0.00820883922278881
352,0.002921205712482333,,0.01627671718597412
353,0.003743613138794899,,0.008624843321740627
354,0.002867830451577902,,0.013832937926054
355,0.003411098150536418,,0.011311681009829044
356,0.0026974778156727552,,0.011808167211711407
357,0.0028514170553535223,,0.0106496661901474
358,0.0033004533033818007,,0.015040583908557892
359,0.002893600147217512,,0.013071912340819836
360,0.002490890910848975,,0.012691657058894634
361,0.0032838303595781326,,0.011364854872226715
362,0.003106127493083477,,0.00846143625676632
363,0.003006831742823124,,0.006839083507657051
364,0.0024853311479091644,,0.013406485319137573
365,0.002643783576786518,,0.009230395779013634
366,0.0026644966565072536,,0.00745480926707387
367,0.003013766836374998,,0.009615984745323658
368,0.002972810296341777,,0.010879330337047577
369,0.0036668190732598305,,0.007682785391807556
370,0.0028568326961249113,,0.011802303604781628
371,0.0026511680334806442,,0.010969266295433044
372,0.002521027345210314,,0.008572799153625965
373,0.0023852838203310966,,0.014682543464004993
374,0.002957922173663974,,0.008634968660771847
375,0.002595331519842148,,0.010737127624452114
376,0.0028334881644695997,,0.014007666148245335
377,0.002874976024031639,,0.007279326673597097
378,0.0028073335997760296,,0.009569767862558365
379,0.0040384987369179726,,0.009653432294726372
380,0.0043481867760419846,,0.009716030210256577
381,0.002501722890883684,,0.015717852860689163
382,0.003573076333850622,,0.008861853741109371
383,0.003170205280184746,,0.010451859794557095
384,0.002823196118697524,,0.00680443225428462
385,0.0030075563117861748,,0.009078379720449448
386,0.0025528031401336193,,0.013047746382653713
387,0.0037030153907835484,,0.012082338333129883
388,0.003342626616358757,,0.007348954677581787
389,0.003088276367634535,,0.012987632304430008
390,0.002397141419351101,,0.008042159490287304
391,0.002539461012929678,,0.006605732720345259
392,0.0031494656577706337,,0.011527720838785172
393,0.0024619721807539463,,0.007520365994423628
394,0.0036222643684595823,,0.008770168758928776
395,0.0030434855725616217,,0.009370648302137852
396,0.003951546736061573,,0.010202392004430294
397,0.0024872070644050837,,0.0085819186642766
398,0.002314426936209202,,0.005872884299606085
399,0.003148916643112898,,0.009032776579260826
400,0.003463564906269312,,0.008049334399402142
401,0.002560671418905258,,0.006549365818500519
402,0.002360743936151266,,0.005203483160585165
403,0.002415833994746208,,0.006455929018557072
404,0.0025425737258046865,,0.007660576608031988
405,0.0031874957494437695,,0.007308735977858305
406,0.0023405516985803843,,0.009007145650684834
407,0.0023615153040736914,,0.0075171287171542645
408,0.002609612187370658,,0.007725118193775415
409,0.0022664079442620277,,0.009005235508084297
410,0.0030904370360076427,,0.012944028712809086
411,0.0025891964323818684,,0.006573755759745836
412,0.002908166265115142,,0.01000188011676073
413,0.0024340208619832993,,0.008077879436314106
414,0.0028762964066118,,0.007228436879813671
415,0.0022069173865020275,,0.008619231171905994
416,0.0027893297374248505,,0.012504235841333866
417,0.002940910868346691,,0.007169309537857771
418,0.002871081233024597,,0.012273751199245453
419,0.00234597222879529,,0.009620157070457935
420,0.002609534654766321,,0.005795323755592108
421,0.0025765697937458754,,0.010818145237863064
422,0.0021495644468814135,,0.01086717564612627
423,0.002640860853716731,,0.005850232671946287
424,0.0023341570049524307,,0.014139456674456596
425,0.0030181368347257376,,0.010674962773919106
426,0.002463296987116337,,0.010268929414451122
427,0.0024699606001377106,,0.006619551684707403
428,0.002486168872565031,,0.009401042014360428
429,0.002470651874318719,,0.005505834706127644
430,0.002105608582496643,,0.009832925163209438
431,0.0023885739501565695,,0.010755207389593124
432,0.002311242278665304,,0.010614557191729546
433,0.0023692611139267683,,0.012391092255711555
434,0.002000202424824238,,0.005590382963418961
435,0.002439256990328431,,0.011856090277433395
436,0.0034766304306685925,,0.010615622624754906
437,0.0029001464135944843,,0.011670668609440327
438,0.0026472487952560186,,0.011454302817583084
439,0.0033800876699388027,,0.0055663748644292355
440,0.0033999732695519924,,0.012669910676777363
441,0.0029358535539358854,,0.0072210864163935184
442,0.002220611087977886,,0.007240178994834423
443,0.0027816612273454666,,0.01568792201578617
444,0.0023457014467567205,,0.011243712157011032
445,0.0037899694871157408,,0.017498871311545372
446,0.0024474256206303835,,0.011856183409690857
447,0.0023704986087977886,,0.007293128874152899
448,0.0027297884225845337,,0.017877357080578804
449,0.002418012358248234,,0.006044421810656786
450,0.0031984648667275906,,0.008780405856668949
451,0.0031509443651884794,,0.012060703709721565
452,0.00274841720238328,,0.013758642598986626
453,0.0022133542224764824,,0.011255163699388504
454,0.002680385485291481,,0.01023869588971138
455,0.001989155076444149,,0.008334755897521973
456,0.003380076726898551,,0.009491926990449429
457,0.0026893396861851215,,0.010913366451859474
458,0.003023105440661311,,0.009062152355909348
459,0.0026610034983605146,,0.009328870102763176
460,0.003310066182166338,,0.012767491862177849
461,0.0026130720507353544,,0.007473109755665064
462,0.0029332535341382027,,0.009619280695915222
463,0.0025806622579693794,,0.008048386313021183
464,0.0030562621541321278,,0.009285887703299522
465,0.003621117677539587,,0.008909707888960838
466,0.0026805847883224487,,0.01029275730252266
467,0.0024425967130810022,,0.009554569609463215
468,0.0018964571645483375,,0.008523759432137012
469,0.002198213478550315,,0.013161914423108101
470,0.002808369230479002,,0.00733327167108655
471,0.002218776848167181,,0.008510527200996876
472,0.002695257542654872,,0.014578140340745449
473,0.002297531347721815,,0.0071533555164933205
474,0.002079613506793976,,0.010367938317358494
475,0.002331305993720889,,0.007386829704046249
476,0.002242425223812461,,0.006993898656219244
477,0.0024209574330598116,,0.012206261977553368
478,0.003292179200798273,,0.006841311696916819
479,0.002532683778554201,,0.00703108636662364
480,0.0019771456718444824,,0.008606523275375366
481,0.0021971799433231354,,0.007128327619284391
482,0.002680458826944232,,0.011309209279716015
483,0.0030701723881065845,,0.012089584954082966
484,0.0022711623460054398,,0.008664336055517197
485,0.0023073176853358746,,0.011744874529540539
486,0.0025253035128116608,,0.005422217305749655
487,0.0026448192074894905,,0.008777189999818802
488,0.0019870311953127384,,0.007799801416695118
489,0.0025654209312051535,,0.007579846307635307
490,0.0028896876610815525,,0.007488694507628679
491,0.0034203208051621914,,0.006448735482990742
492,0.00357241602614522,,0.012290740385651588
493,0.0023552323691546917,,0.007028214633464813
494,0.002779016038402915,,0.011406385339796543
495,0.002346733585000038,,0.009840126149356365
496,0.0022617639042437077,,0.013603601604700089
497,0.0025888634845614433,,0.013525278307497501
498,0.002510729944333434,,0.007656708359718323
499,0.0022482918575406075,,0.01259313803166151
500,0.002134704729542136,0.001884783090444453,0.009620183147490025
501,0.002549154683947563,,0.008285583928227425
502,0.0025101364590227604,,0.014784382656216621
503,0.0021829158067703247,,0.006833587773144245
504,0.003409131895750761,,0.009171872399747372
505,0.0025854529812932014,,0.01300968136638403
506,0.002439072821289301,,0.009471087716519833
507,0.002182508585974574,,0.012814044952392578
508,0.002965357853099704,,0.007599318400025368
509,0.0030555175617337227,,0.011815146543085575
510,0.002630980685353279,,0.0148567333817482
511,0.00206558289937675,,0.00936826504766941
512,0.002413265872746706,,0.00909237377345562
513,0.002333287848159671,,0.01346749160438776
514,0.002269200049340725,,0.0061241574585437775
515,0.0030232425779104233,,0.01064777746796608
516,0.002611762611195445,,0.008654897101223469
517,0.0027310641016811132,,0.008188223466277122
518,0.002124665305018425,,0.01219057198613882
519,0.003028407460078597,,0.008732292801141739
520,0.002446845406666398,,0.007948230020701885
521,0.002599854487925768,,0.009549275040626526
522,0.0018833305221050978,,0.007078255992382765
523,0.0024040034040808678,,0.006531274411827326
524,0.0020715012215077877,,0.012074501253664494
525,0.0025167434941977262,,0.008848952129483223
526,0.0027885236777365208,,0.00840146467089653
527,0.0030691446736454964,,0.009550333023071289
528,0.002553241327404976,,0.01014695130288601
529,0.0030893422663211823,,0.009896587580442429
530,0.0023887273855507374,,0.006293113809078932
531,0.0023819420021027327,,0.006485920865088701
532,0.0026343222707509995,,0.007405873853713274
533,0.003189603565260768,,0.008087762631475925
534,0.002107616513967514,,0.005480512976646423
535,0.0022654118947684765,,0.005813727155327797
536,0.0031490828841924667,,0.010294130071997643
537,0.0019415421411395073,,0.007348867133259773
538,0.0023865108378231525,,0.008417755365371704
539,0.0024330327287316322,,0.007725735194981098
540,0.0018271948210895061,,0.00679831113666296
541,0.002402065321803093,,0.009201450273394585
542,0.0024817637167871,,0.008010108023881912
543,0.0027991184033453465,,0.006570525001734495
544,0.003000191878527403,,0.00972497183829546
545,0.001995587255805731,,0.0053212204948067665
546,0.0027266573160886765,,0.008441702462732792
547,0.0023709419183433056,,0.007556293159723282
548,0.003080493537709117,,0.00908410083502531
549,0.0029648146592080593,,0.0061130216345191
550,0.002004040405154228,,0.008044525980949402
551,0.0025368265341967344,,0.006832309532910585
552,0.0022577885538339615,,0.012382443994283676
553,0.002826519776135683,,0.0066991387866437435
554,0.0024784249253571033,,0.009664996527135372
555,0.002217981033027172,,0.00720985746011138
556,0.0032893666066229343,,0.01116284728050232
557,0.002831096528097987,,0.006899993866682053
558,0.0025320390705019236,,0.007517648860812187
559,0.0023182108998298645,,0.007725957781076431
560,0.002630900591611862,,0.009928629733622074
561,0.0019872705452144146,,0.006192945875227451
562,0.00196638866327703,,0.008051842451095581
563,0.0025085965171456337,,0.008211642503738403
564,0.003188639646396041,,0.010249506682157516
565,0.002737209899351001,,0.011390413157641888
566,0.0021635033190250397,,0.006888088304549456
567,0.0018932097591459751,,0.00785066094249487
568,0.0022748305927962065,,0.006579648237675428
569,0.0023972047492861748,,0.009480775333940983
570,0.0022330163046717644,,0.006653841584920883
571,0.0021055079996585846,,0.006421830039471388
572,0.002319290302693844,,0.007102383300662041
573,0.0020452297758311033,,0.006397740449756384
574,0.0023747398518025875,,0.010660412721335888
575,0.002056637080386281,,0.008735771290957928
576,0.0024847828317433596,,0.007684851065278053
577,0.0018986280774697661,,0.005563453305512667
578,0.0028667121659964323,,0.007646010722965002
579,0.0018621792551130056,,0.01308359857648611
580,0.0022570770233869553,,0.008475733920931816
581,0.0030622845515608788,,0.008897140622138977
582,0.001876670285128057,,0.008984677493572235
583,0.00223084120079875,,0.009466375224292278
584,0.0023481182288378477,,0.010397819802165031
585,0.0021814219653606415,,0.0059846630319952965
586,0.002103170845657587,,0.011484692804515362
587,0.002579794032499194,,0.011543823406100273
588,0.0019376706331968307,,0.00578294275328517
589,0.0021201015915721655,,0.01751728542149067
590,0.0020476458594202995,,0.010287989862263203
591,0.001998370047658682,,0.012176644057035446
592,0.0028231809847056866,,0.012656127102673054
593,0.002500075614079833,,0.007740223314613104
594,0.002712041838094592,,0.013322276063263416
595,0.0022325755562633276,,0.010327284224331379
596,0.0019441319163888693,,0.007622103672474623
597,0.0020199764985591173,,0.007099970709532499
598,0.0024622969795018435,,0.011783567257225513
599,0.0020125554874539375,,0.00846492312848568
600,0.0028078414034098387,,0.014178156852722168
601,0.0028082765638828278,,0.008310343138873577
602,0.001975240185856819,,0.007744402624666691
603,0.0021322048269212246,,0.012522341683506966
604,0.0020555341616272926,,0.010291067883372307
605,0.003127758391201496,,0.012196552939713001
606,0.002487997990101576,,0.006621521897614002
607,0.002124080201610923,,0.010223633609712124
608,0.00239457911811769,,0.01314531546086073
609,0.0029828189872205257,,0.008133145049214363
610,0.002045913366600871,,0.011983015574514866
611,0.0032398682087659836,,0.009953675791621208
612,0.0023047812283039093,,0.007864677347242832
613,0.002630742033943534,,0.014593887142837048
614,0.0024891060311347246,,0.0063875168561935425
615,0.002666724380105734,,0.011080946773290634
616,0.0023380734492093325,,0.01029603648930788
617,0.0031357179395854473,,0.010855264961719513
618,0.001949746161699295,,0.007936348207294941
619,0.0020849229767918587,,0.007376814726740122
620,0.002038205973803997,,0.006747903302311897
621,0.002872510813176632,,0.007835602387785912
622,0.0021656472235918045,,0.006305324379354715
623,0.0030810548923909664,,0.0069778840988874435
624,0.002013061661273241,,0.009174957871437073
625,0.001963051501661539,,0.006712525617331266
626,0.002357962541282177,,0.007239316124469042
627,0.002174589317291975,,0.007305762730538845
628,0.0017431214218959212,,0.009383253753185272
629,0.0019637129735201597,,0.009199880994856358
630,0.0017839965876191854,,0.00996717344969511
631,0.002372798742726445,,0.008301704190671444
632,0.0022370764054358006,,0.007862534373998642
633,0.002170389285311103,,0.007465352304279804
634,0.0026690117083489895,,0.008557485416531563
635,0.0023473291657865047,,0.0072250147350132465
636,0.0019749172497540712,,0.005519484169781208
637,0.002429200801998377,,0.006342463660985231
638,0.0024900175631046295,,0.007713026832789183
639,0.0017428372520953417,,0.007238734047859907
640,0.0022319972049444914,,0.011818463914096355
641,0.002356311772018671,,0.006737430579960346
642,0.002219341229647398,,0.014591002836823463
643,0.0027062813751399517,,0.01016436517238617
644,0.002628629095852375,,0.009567918255925179
645,0.00242531206458807,,0.012394330464303493
646,0.0023421768564730883,,0.008424208499491215
647,0.0026362945791333914,,0.010386540554463863
648,0.0024868345353752375,,0.010211247950792313
649,0.0018975253915414214,,0.00959100667387247
650,0.0026361062191426754,,0.010682024993002415
651,0.0020860121585428715,,0.010458697564899921
652,0.0019889557734131813,,0.008772235363721848
653,0.0032204724848270416,,0.006684697698801756
654,0.0020479466766119003,,0.009653402492403984
655,0.0024383319541811943,,0.008194997906684875
656,0.001812039758078754,,0.009067256934940815
657,0.0019902773201465607,,0.008224795572459698
658,0.0028807464987039566,,0.00800215732306242
659,0.002912590280175209,,0.009538942016661167
660,0.0017298556631430984,,0.011518066748976707
661,0.0022952358704060316,,0.008701267652213573
662,0.002312985947355628,,0.008895168080925941
663,0.0018102587200701237,,0.009404796175658703
664,0.002154951449483633,,0.006833624094724655
665,0.0022295282687991858,,0.011138626374304295
666,0.0023586866445839405,,0.007296451833099127
667,0.0022730936761945486,,0.006230408325791359
668,0.0018555247224867344,,0.009001865983009338
669,0.002440780634060502,,0.007039193529635668
670,0.002558001084253192,,0.00923021137714386
671,0.00216365116648376,,0.009365929290652275
672,0.0026928167790174484,,0.009319924749433994
673,0.0018306400161236525,,0.008230668492615223
674,0.002311687683686614,,0.0076284706592559814
675,0.002186753321439028,,0.00684277294203639
676,0.001940811751410365,,0.011515681631863117
677,0.0020139587577432394,,0.010552964173257351
678,0.0020510961767286062,,0.009653757326304913
679,0.003051816252991557,,0.013122121803462505
680,0.0017659531440585852,,0.006905482616275549
681,0.0018863290315493941,,0.008380654267966747
682,0.002040792955085635,,0.018934104591608047
683,0.0027897607069462538,,0.007718269247561693
684,0.003125235205516219,,0.020610343664884567
685,0.0026918535586446524,,0.01624908111989498
686,0.0025731895584613085,,0.015882084146142006
687,0.0026963993441313505,,0.020827962085604668
688,0.002009171759709716,,0.01134422142058611
689,0.0022217235527932644,,0.0198882557451725
690,0.0022506823297590017,,0.012887407094240189
691,0.0020050974562764168,,0.007376561406999826
692,0.0033976929262280464,,0.026041457429528236
693,0.0018922740127891302,,0.00792193878442049
694,0.0018708932911977172,,0.015784483402967453
695,0.0028580166399478912,,0.01403183676302433
696,0.001993136014789343,,0.005750360898673534
697,0.002487033139914274,,0.014393007382750511
698,0.0021783574484288692,,0.010161947458982468
699,0.0023011816665530205,,0.007051824126392603
700,0.0025125856045633554,,0.017814137041568756
701,0.0017751269042491913,,0.011139130219817162
702,0.0021559938322752714,,0.01025758869946003
703,0.002155916765332222,,0.016899803653359413
704,0.0024682783987373114,,0.008298465982079506
705,0.002162856748327613,,0.016046255826950073
706,0.0027304193936288357,,0.014630857855081558
707,0.002223919378593564,,0.007585291750729084
708,0.002501631621271372,,0.01478405762463808
709,0.002543369773775339,,0.007814825512468815
710,0.00246361899189651,,0.009604861959815025
711,0.002162292366847396,,0.012194388546049595
712,0.0027264810632914305,,0.0075528500601649284
713,0.002513527637347579,,0.006638543680310249
714,0.0019443293567746878,,0.009102445095777512
715,0.002811374142765999,,0.0075624240562319756
716,0.0020429545547813177,,0.005794670898467302
717,0.0020140171982347965,,0.006552703212946653
718,0.001661764457821846,,0.006619779393076897
719,0.0017449762672185898,,0.00692174443975091
720,0.0018577398732304573,,0.00853111781179905
721,0.0017250155797228217,,0.008538938127458096
722,0.002030647825449705,,0.006064960267394781
723,0.0025814943946897984,,0.013608593493700027
724,0.0018412761855870485,,0.007922765798866749
725,0.002797117456793785,,0.009812332689762115
726,0.002025982365012169,,0.010494906455278397
727,0.002205234719440341,,0.007393551990389824
728,0.0025751020293682814,,0.011605110950767994
729,0.002687164582312107,,0.00980317685753107
730,0.0029048684518784285,,0.012200193479657173
731,0.002067107707262039,,0.013397658243775368
732,0.0022547373082488775,,0.011720575392246246
733,0.0019355255644768476,,0.011151167564094067
734,0.002211533021181822,,0.008776268921792507
735,0.0028609863948076963,,0.007193177472800016
736,0.0026448387652635574,,0.008131144568324089
737,0.0015086879720911384,,0.0070999301970005035
738,0.001772427698597312,,0.0069905053824186325
739,0.0017421687953174114,,0.007562981452792883
740,0.0024676723405718803,,0.007932865060865879
741,0.0021480999421328306,,0.011227783747017384
742,0.001790105365216732,,0.005659039132297039
743,0.0015783514827489853,,0.010003572329878807
744,0.0018964115297421813,,0.007357801776379347
745,0.0024297027848660946,,0.005102877970784903
746,0.0015134401619434357,,0.012918435037136078
747,0.0017689794767647982,,0.008348681963980198
748,0.0028506764210760593,,0.012002362869679928
749,0.002445671707391739,,0.012204604223370552
750,0.0027558475267142057,,0.007050255313515663
751,0.001916700741276145,,0.012024087831377983
752,0.001970978919416666,,0.008291373960673809
753,0.0017833741148933768,,0.009488631039857864
754,0.0022395169362425804,,0.010295330546796322
755,0.002198494505137205,,0.0055804322473704815
756,0.0015749246813356876,,0.006413573864847422
757,0.0030565911438316107,,0.010983112268149853
758,0.00239281402900815,,0.007804873399436474
759,0.0018780648242682219,,0.007569775450974703
760,0.002215068321675062,,0.006882799789309502
761,0.0018640134949237108,,0.006998380180448294
762,0.001964162103831768,,0.00942075252532959
763,0.0018407771131023765,,0.008471130393445492
764,0.001994937192648649,,0.009324699640274048
765,0.0020898301154375076,,0.006629426497966051
766,0.0015856869285926223,,0.005822676699608564
767,0.0022671630140393972,,0.00883492548018694
768,0.0022575128823518753,,0.008033751510083675
769,0.002749334555119276,,0.007469481322914362
770,0.0026080384850502014,,0.006485106889158487
771,0.0020078562665730715,,0.013423152267932892
772,0.002099263947457075,,0.008096490055322647
773,0.0023925695568323135,,0.009654459543526173
774,0.0022742655128240585,,0.008897428400814533
775,0.002397482981905341,,0.007140538189560175
776,0.0018398843239992857,,0.006650072522461414
777,0.0020050392486155033,,0.013979963958263397
778,0.0016567212296649814,,0.008815160021185875
779,0.001676462939940393,,0.016574738547205925
780,0.0025250103790313005,,0.007311214692890644
781,0.0027956198900938034,,0.011131704784929752
782,0.0016570915468037128,,0.009430230595171452
783,0.0018316262867301702,,0.007791463285684586
784,0.002210359089076519,,0.01601739041507244
785,0.0018368767341598868,,0.00974220596253872
786,0.001624582102522254,,0.007873251102864742
787,0.002122738165780902,,0.011922694742679596
788,0.0020785867236554623,,0.007849052548408508
789,0.0017141257412731647,,0.012223873287439346
790,0.0016727186739444733,,0.008490207605063915
791,0.0019742269068956375,,0.008252361789345741
792,0.0017762507777661085,,0.013025414198637009
793,0.0019444378558546305,,0.0073256706818938255
794,0.0019947909750044346,,0.01042196899652481
795,0.0024837623350322247,,0.010901554487645626
796,0.00246436707675457,,0.009630659595131874
797,0.002185020362958312,,0.015728889033198357
798,0.0016976017504930496,,0.008797834627330303
799,0.0025242986157536507,,0.01569271646440029
800,0.002699299482628703,,0.007795678451657295
801,0.001939169829711318,,0.009860181249678135
802,0.002323553431779146,,0.010934572666883469
803,0.0019833166152238846,,0.013184995390474796
804,0.0015107502695173025,,0.009600318968296051
805,0.0015362880658358335,,0.00926025491207838
806,0.0015943240141496062,,0.008777158334851265
807,0.0017861988162621856,,0.00740580540150404
808,0.0019580393563956022,,0.007066943682730198
809,0.0019372462993487716,,0.00915515422821045
810,0.002294899895787239,,0.007607358042150736
811,0.00272103538736701,,0.014022452756762505
812,0.00269825616851449,,0.010473416186869144
813,0.001979409484192729,,0.009504093788564205
814,0.0018410192569717765,,0.012708156369626522
815,0.0017263619229197502,,0.007460309658199549
816,0.0019690399058163166,,0.011549673974514008
817,0.0025226171128451824,,0.01309653278440237
818,0.002055275719612837,,0.012226962484419346
819,0.0017537812236696482,,0.011612403206527233
820,0.0017219362780451775,,0.007375230547040701
821,0.001788545399904251,,0.00981091521680355
822,0.0018016246613115072,,0.014768614433705807
823,0.0019468746613711119,,0.007732620928436518
824,0.002008055802434683,,0.013937555253505707
825,0.0022449600510299206,,0.01062107179313898
826,0.00227228831499815,,0.0099453404545784
827,0.001751618692651391,,0.013364987447857857
828,0.002062097191810608,,0.009293694980442524
829,0.002416624454781413,,0.011911199428141117
830,0.0031229406595230103,,0.012668568640947342
831,0.002183102071285248,,0.005577571224421263
832,0.001992587698623538,,0.012431023642420769
833,0.002116857096552849,,0.01230128388851881
834,0.0022972370497882366,,0.006498617585748434
835,0.0022221398539841175,,0.012657998129725456
836,0.001781314960680902,,0.00834842398762703
837,0.0019987912382930517,,0.01123394351452589
838,0.0018532215617597103,,0.010775625705718994
839,0.0027942766901105642,,0.011476491577923298
840,0.0021758899092674255,,0.014105215668678284
841,0.0018760095117613673,,0.012934088706970215
842,0.0017493109917268157,,0.005861502606421709
843,0.0017796478932723403,,0.010408319532871246
844,0.0026398692280054092,,0.013411769643425941
845,0.001926818280480802,,0.008589212782680988
846,0.0017192739760503173,,0.010210993699729443
847,0.0018661547219380736,,0.011293657124042511
848,0.0021519684232771397,,0.009459082037210464
849,0.001882315962575376,,0.01114210020750761
850,0.0018595395376905799,,0.007861563004553318
851,0.0015500368317589164,,0.008374879136681557
852,0.0015964731574058533,,0.009685828350484371
853,0.0014956675004214048,,0.00624667527154088
854,0.001858431613072753,,0.010935259982943535
855,0.0019516272004693747,,0.011370609514415264
856,0.0017956903902813792,,0.010790569707751274
857,0.001529536210000515,,0.011233038268983364
858,0.0021280550863593817,,0.005773191340267658
859,0.001520422287285328,,0.01179425697773695
860,0.0026244190521538258,,0.012718956917524338
861,0.00232684682123363,,0.008139440789818764
862,0.0017132337670773268,,0.01716545782983303
863,0.0018471179064363241,,0.006643571890890598
864,0.0015185376396402717,,0.014168928377330303
865,0.002388917375355959,,0.011569165624678135
866,0.0014448341680690646,,0.009646140038967133
867,0.0021688516717404127,,0.011704782024025917
868,0.002150591928511858,,0.009317358024418354
869,0.0017053050687536597,,0.013531611301004887
870,0.0014397676568478346,,0.009731068275868893
871,0.002213636413216591,,0.012487952597439289
872,0.0016876764129847288,,0.009679466485977173
873,0.0015270619187504053,,0.01111243013292551
874,0.0016436094883829355,,0.007621246390044689
875,0.0018551067914813757,,0.01068689301609993
876,0.0014929318567737937,,0.010020933113992214
877,0.00174242933280766,,0.008433355018496513
878,0.0014843642711639404,,0.012754764407873154
879,0.002004459034651518,,0.01040563639253378
880,0.0013678427785634995,,0.007971885614097118
881,0.0018001776188611984,,0.014230211265385151
882,0.0021414568182080984,,0.008843461982905865
883,0.001456215512007475,,0.010784841142594814
884,0.002021125052124262,,0.008287821896374226
885,0.0024849199689924717,,0.008022105321288109
886,0.0017671117093414068,,0.009836766868829727
887,0.0013441963819786906,,0.00625945720821619
888,0.001890812418423593,,0.014114409685134888
889,0.0022757495753467083,,0.007225626148283482
890,0.0019370996160432696,,0.006518420297652483
891,0.0018463106825947762,,0.012551000341773033
892,0.0018067791825160384,,0.007432752288877964
893,0.0015787699958309531,,0.015384522266685963
894,0.0017491348553448915,,0.01037275418639183
895,0.0014339240733534098,,0.01229633204638958
896,0.001885638339444995,,0.015127340331673622
897,0.0017198011046275496,,0.01105653028935194
898,0.0014123348519206047,,0.01564355194568634
899,0.0014862044481560588,,0.0071813673712313175
900,0.001681371359154582,,0.015932708978652954
901,0.0017137739341706038,,0.010974152944982052
902,0.0016221371479332447,,0.014322958886623383
903,0.0016485853120684624,,0.014467431232333183
904,0.0015910634538158774,,0.012967047281563282
905,0.0012746620923280716,,0.008413922972977161
906,0.0022134650498628616,,0.012476615607738495
907,0.001771370298229158,,0.007917288690805435
908,0.0019285157322883606,,0.01028660498559475
909,0.0022774524986743927,,0.011704850010573864
910,0.001961060333997011,,0.00858933012932539
911,0.0021027212496846914,,0.015129713341593742
912,0.0016195457428693771,,0.005053999833762646
913,0.0021745795384049416,,0.011758646927773952
914,0.0016167694702744484,,0.009658543393015862
915,0.001510819187387824,,0.006605098955333233
916,0.0016200847458094358,,0.00912743154913187
917,0.001542053185403347,,0.009462789632380009
918,0.0019136675400659442,,0.00558224692940712
919,0.0019290260970592499,,0.013624078594148159
920,0.0013861246407032013,,0.0069704605266451836
921,0.0019788439385592937,,0.01244138553738594
922,0.001490411115810275,,0.009841746650636196
923,0.0018351597245782614,,0.006812504027038813
924,0.0016605842392891645,,0.011450332589447498
925,0.0021601817570626736,,0.007980406284332275
926,0.0015039503341540694,,0.008157516829669476
927,0.0014208685606718063,,0.011275121942162514
928,0.001732763135805726,,0.0058042434975504875
929,0.0014910090249031782,,0.0114927738904953
930,0.0018701598746702075,,0.00783222820609808
931,0.0014290979597717524,,0.008563223294913769
932,0.0014264904893934727,,0.005975140258669853
933,0.0017150811618193984,,0.008125992491841316
934,0.001503589330241084,,0.009612513706088066
935,0.0016205043066293001,,0.007321286480873823
936,0.0016483645886182785,,0.011498888023197651
937,0.001637801295146346,,0.00529505917802453
938,0.0014151334762573242,,0.01278618909418583
939,0.0021252939477562904,,0.008580743335187435
940,0.0016935918247327209,,0.010546018369495869
941,0.002029465977102518,,0.010867934674024582
942,0.0016765603795647621,,0.007470571435987949
943,0.0014196857810020447,,0.008741198107600212
944,0.0018855864182114601,,0.008766002021729946
945,0.001774210948497057,,0.008245650678873062
946,0.0013354402035474777,,0.007621379569172859
947,0.0015076275449246168,,0.006156242452561855
948,0.001559804193675518,,0.00760497385635972
949,0.0013681137934327126,,0.007078693248331547
950,0.001279094023630023,,0.006090807728469372
951,0.0017949704779312015,,0.004574979189783335
952,0.0017763336654752493,,0.00852123461663723
953,0.0015054899267852306,,0.005386644974350929
954,0.00251882616430521,,0.008112451992928982
955,0.0012506860075518489,,0.005284387152642012
956,0.0013627446023747325,,0.005793527700006962
957,0.0019721188582479954,,0.007730533368885517
958,0.0016170315211638808,,0.00857466459274292
959,0.0016198860248550773,,0.007983275689184666
960,0.0017228210344910622,,0.008191123604774475
961,0.0016950198914855719,,0.006925256922841072
962,0.0019828379154205322,,0.005997789092361927
963,0.002029063180088997,,0.007917564362287521
964,0.0016905625816434622,,0.007973327301442623
965,0.001569714630022645,,0.008639337494969368
966,0.0015333322808146477,,0.004741253796964884
967,0.0019265171140432358,,0.008648697286844254
968,0.0016034534201025963,,0.00791966449469328
969,0.001426931470632553,,0.0077560050413012505
970,0.0017343154177069664,,0.008625822141766548
971,0.0015288188587874174,,0.007167863193899393
972,0.0012845671735703945,,0.005884794518351555
973,0.002130822278559208,,0.008810741826891899
974,0.0017186723416671157,,0.006277834996581078
975,0.0018650497077032924,,0.006572553422302008
976,0.001378973014652729,,0.006916072219610214
977,0.0017343865474686027,,0.007297037169337273
978,0.0016122956294566393,,0.011789348907768726
979,0.0018136855214834213,,0.00793238915503025
980,0.0016691152704879642,,0.010854113847017288
981,0.0019038142636418343,,0.00739855645224452
982,0.0015360101824626327,,0.007937494665384293
983,0.0013747976627200842,,0.006595228333026171
984,0.002803004113957286,,0.006658023688942194
985,0.0017588110640645027,,0.007792969699949026
986,0.001556192059069872,,0.006059493403881788
987,0.0023004296235740185,,0.006532029248774052
988,0.0013370787492021918,,0.007288729771971703
989,0.0017791797872632742,,0.0072744074277579784
990,0.0013782259775325656,,0.005154324229806662
991,0.001906789606437087,,0.0071639507077634335
992,0.0014525544829666615,,0.007996772415935993
993,0.0018336488865315914,,0.009141768328845501
994,0.0012910536024719477,,0.004868631716817617
995,0.001240884535945952,,0.008776712231338024
996,0.0016450168332085013,,0.0057830228470265865
997,0.0014266216894611716,,0.007133734878152609
998,0.001736631616950035,,0.008842740207910538
999,0.0016629828605800867,,0.005594911985099316
1000,0.0022163260728120804,0.0012063815332394358,0.009687522426247597
1001,0.001756704761646688,,0.006762654986232519
1002,0.0016028175596147776,,0.0077092768624424934
1003,0.001439685933291912,,0.00918728206306696
1004,0.0014724540524184704,,0.007886071689426899
1005,0.0017801349749788642,,0.008218225091695786
1006,0.002082124352455139,,0.012365678325295448
1007,0.0017457877984270453,,0.006621537264436483
1008,0.001308887149207294,,0.007494560908526182
1009,0.0013505213428288698,,0.006878603715449572
1010,0.0014604737516492605,,0.007916892878711224
1011,0.0017615528777241707,,0.007751389406621456
1012,0.0014882286777719855,,0.008866301737725735
1013,0.0015054868999868631,,0.007266819477081299
1014,0.0018216257449239492,,0.010119890794157982
1015,0.0014414576580747962,,0.0061187404207885265
1016,0.0014173717936500907,,0.005276113748550415
1017,0.0015206686221063137,,0.008937980979681015
1018,0.0017141562420874834,,0.0053873732686042786
1019,0.001254840288311243,,0.006058193277567625
1020,0.001525702653452754,,0.007969018071889877
1021,0.002044099383056164,,0.006660974118858576
1022,0.0013622362166643143,,0.009612222202122211
1023,0.001697394298389554,,0.006100291386246681
1024,0.0015952256508171558,,0.0066208671778440475
1025,0.0015524601330980659,,0.007149529177695513
1026,0.0019178492948412895,,0.00611567497253418
1027,0.0014950962504372,,0.010305769741535187
1028,0.0013785080518573523,,0.010340310633182526
1029,0.001254320377483964,,0.009765321388840675
1030,0.0022750436328351498,,0.016266323626041412
1031,0.001286844490095973,,0.006563060916960239
1032,0.0017119096592068672,,0.01658427156507969
1033,0.0012822847347706556,,0.005749607924371958
1034,0.0021829495672136545,,0.011732258833944798
1035,0.002254853490740061,,0.010171296074986458
1036,0.00184474082197994,,0.012270493432879448
1037,0.0016510593704879284,,0.012187069281935692
1038,0.002629707334563136,,0.00810169242322445
1039,0.0015870167408138514,,0.012639901600778103
1040,0.00180773192550987,,0.005870393011718988
1041,0.0017057432560250163,,0.012311022728681564
1042,0.001635888940654695,,0.007618732284754515
1043,0.0017050508176907897,,0.009321917779743671
1044,0.0015224413946270943,,0.007425346877425909
1045,0.0011960528790950775,,0.0065257190726697445
1046,0.001636174856685102,,0.008661319501698017
1047,0.0018826707964763045,,0.008123164996504784
1048,0.0015230150893330574,,0.008695950731635094
1049,0.0017471127212047577,,0.00903282780200243
1050,0.0013297104742377996,,0.006905421148985624
1051,0.001325750956311822,,0.009657837450504303
1052,0.0016291055362671614,,0.0073264529928565025
1053,0.0016960019711405039,,0.006627520080655813
1054,0.0014099073596298695,,0.00957274716347456
1055,0.001294310437515378,,0.006223219446837902
1056,0.0015115258283913136,,0.007953177206218243
1057,0.001361702335998416,,0.007108612451702356
1058,0.001895489520393312,,0.005507094785571098
1059,0.0016796396812424064,,0.008466317318379879
1060,0.002081687329337001,,0.008552052080631256
1061,0.0014943256974220276,,0.005880220793187618
1062,0.001985391369089484,,0.005003515165299177
1063,0.0017896619392558932,,0.005062255542725325
1064,0.0018077930435538292,,0.007601078599691391
1065,0.001250367728061974,,0.006096816621720791
1066,0.0014263553312048316,,0.007729979697614908
1067,0.0015832171775400639,,0.006299569271504879
1068,0.0024610895197838545,,0.0067841955460608006
1069,0.0015788208693265915,,0.008831221610307693
1070,0.0012950043892487884,,0.005940914154052734
1071,0.0016852559056133032,,0.008479446172714233
1072,0.0024593183770775795,,0.00750760966911912
1073,0.001445472938939929,,0.008671793155372143
1074,0.0024862601421773434,,0.010079935193061829
1075,0.0014979690313339233,,0.006285905372351408
1076,0.001220066100358963,,0.010686296969652176
1077,0.001359133399091661,,0.008791265077888966
1078,0.001827809028327465,,0.009537948295474052
1079,0.0015150189865380526,,0.009604926221072674
1080,0.0019890095572918653,,0.011259729042649269
1081,0.0019311781506985426,,0.011402030475437641
1082,0.0012628178810700774,,0.006688376422971487
1083,0.0019384108018130064,,0.008196178823709488
1084,0.001797215430997312,,0.010974030010402203
1085,0.0012572647538036108,,0.007141642738133669
1086,0.0012833400396630168,,0.011975223198533058
1087,0.0015471475198864937,,0.00961335003376007
1088,0.0016440637409687042,,0.005615710746496916
1089,0.001955645624548197,,0.01011041272431612
1090,0.0014103648718446493,,0.008732917718589306
1091,0.001404568087309599,,0.007913296110928059
1092,0.0013996015768498182,,0.012140998616814613
1093,0.0012530331732705235,,0.007152112666517496
1094,0.0014880502130836248,,0.0134286442771554
1095,0.001954410457983613,,0.01058781985193491
1096,0.0015201009809970856,,0.01163067389279604
1097,0.0011158216511830688,,0.0100948391482234
1098,0.001949235564097762,,0.008737734518945217
1099,0.0013116224436089396,,0.011751429177820683
1100,0.0021613738499581814,,0.009215790778398514
1101,0.001791199087165296,,0.009818293154239655
1102,0.0013617835938930511,,0.008255541324615479
1103,0.0012973404955118895,,0.007461716886609793
1104,0.0013694432564079762,,0.011632206849753857
1105,0.0012616487219929695,,0.00682721845805645
1106,0.0012579961912706494,,0.00780841801315546
1107,0.0020617672707885504,,0.008178521879017353
1108,0.0014788515400141478,,0.008671996183693409
1109,0.0013050282141193748,,0.005900000222027302
1110,0.0014728232054039836,,0.005467061884701252
1111,0.0016220798715949059,,0.011356567032635212
1112,0.0016689954791218042,,0.006009967532008886
1113,0.0013054581359028816,,0.0066968598403036594
1114,0.0012192177819088101,,0.007235633209347725
1115,0.0013031933922320604,,0.008561166934669018
1116,0.0015085178893059492,,0.00853785965591669
1117,0.0019036380108445883,,0.009487081319093704
1118,0.0012532561086118221,,0.008938654325902462
1119,0.0012902278685942292,,0.005837691947817802
1120,0.001492607407271862,,0.0067424229346215725
1121,0.0018570201937109232,,0.008561362512409687
1122,0.002257490996271372,,0.00813682097941637
1123,0.0013951304135844111,,0.009149440564215183
1124,0.0014284261269494891,,0.009481733664870262
1125,0.0021831148769706488,,0.0077186948619782925
1126,0.0016470022965222597,,0.007727525662630796
1127,0.0013258615508675575,,0.005586675368249416
1128,0.0014492410700768232,,0.005961933173239231
1129,0.0016469836700707674,,0.00754618039354682
1130,0.0020356180611997843,,0.008116398006677628
1131,0.001625395379960537,,0.012461219914257526
1132,0.001627500168979168,,0.008246272802352905
1133,0.0012530996464192867,,0.0075233932584524155
1134,0.002252789679914713,,0.010707828216254711
1135,0.001640956848859787,,0.006965843494981527
1136,0.0013417340815067291,,0.00775911146774888
1137,0.001441538566723466,,0.006749758496880531
1138,0.001510870992206037,,0.0075901527889072895
1139,0.0012071965029463172,,0.0067266556434333324
1140,0.0014170946087688208,,0.007434014696627855
1141,0.0017970766639336944,,0.009444464929401875
1142,0.0021450358908623457,,0.006850047968327999
1143,0.0016503653023391962,,0.01084631122648716
1144,0.0011807209812104702,,0.00700352992862463
1145,0.0018589147366583347,,0.01067435648292303
1146,0.0016727939946576953,,0.008960321545600891
1147,0.0013765974435955286,,0.011569964699447155
1148,0.0015269769355654716,,0.00846213661134243
1149,0.0013859232421964407,,0.0071932850405573845
1150,0.0015982948243618011,,0.009374874643981457
1151,0.0013938236515969038,,0.00580882141366601
1152,0.0012607782846316695,,0.0054696970619261265
1153,0.0018701761728152633,,0.011067626997828484
1154,0.0019191931933164597,,0.007875809445977211
1155,0.0014368047704920173,,0.01074820663779974
1156,0.0012069946387782693,,0.005701394751667976
1157,0.002156477188691497,,0.00866909883916378
1158,0.0012841038405895233,,0.007468968629837036
1159,0.0012983272317796946,,0.006525776349008083
1160,0.0013966512633487582,,0.008170140907168388
1161,0.0015934522962197661,,0.006220963317900896
1162,0.0017437690403312445,,0.006558934226632118
1163,0.0014251552056521177,,0.008745990693569183
1164,0.001747281290590763,,0.005713128950446844
1165,0.0011559441918507218,,0.0060961744748055935
1166,0.001437029568478465,,0.009753439575433731
1167,0.0015884870663285255,,0.006999652832746506
1168,0.0012520577292889357,,0.013751696795225143
1169,0.0021212464198470116,,0.0089650833979249
1170,0.0012985910288989544,,0.00967955682426691
1171,0.0014031226746737957,,0.01379711739718914
1172,0.0016408938681706786,,0.010441089980304241
1173,0.0017754463478922844,,0.015588304959237576
1174,0.0014179248828440905,,0.009534205310046673
1175,0.0014811677392572165,,0.016549210995435715
1176,0.0012419840786606073,,0.008776388131082058
1177,0.0017329349648207426,,0.011281708255410194
1178,0.001653060084208846,,0.017276350408792496
1179,0.0019387392094358802,,0.006862663198262453
1180,0.0015815853839740157,,0.0162501223385334
1181,0.0012249276041984558,,0.007747266441583633
1182,0.0014602644369006157,,0.01332779973745346
1183,0.0013645223807543516,,0.010461417958140373
1184,0.0011433896142989397,,0.007751019671559334
1185,0.00211905175819993,,0.016756240278482437
1186,0.001382990158163011,,0.008575416170060635
1187,0.0021145290229469538,,0.014443602412939072
1188,0.0017548067262396216,,0.00903030764311552
1189,0.0015885753091424704,,0.009559044614434242
1190,0.0018503647297620773,,0.00967935286462307
1191,0.0017472932813689113,,0.012182323262095451
1192,0.0014299927279353142,,0.008791209198534489
1193,0.0013456715969368815,,0.007995366118848324
1194,0.0014919480308890343,,0.009178227744996548
1195,0.0014655509730800986,,0.008044332265853882
1196,0.0014021851820871234,,0.007161077577620745
1197,0.0010478957556188107,,0.009731866419315338
1198,0.0022763381712138653,,0.008780513890087605
1199,0.0018968747463077307,,0.008763402700424194
1200,0.0011971560306847095,,0.00997118093073368
1201,0.0012933904072269797,,0.00559006305411458
1202,0.0015072867972776294,,0.011514261364936829
1203,0.0012600268237292767,,0.007297308649867773
1204,0.0016796619165688753,,0.010950548574328423
1205,0.0017059011152014136,,0.008067416027188301
1206,0.0013429209357127547,,0.009335963986814022
1207,0.0012279392685741186,,0.008124706335365772
1208,0.0015594109427183867,,0.0076006073504686356
1209,0.001305940910242498,,0.01052885502576828
1210,0.0012998251477256417,,0.01150656957179308
1211,0.0015633365837857127,,0.01005631685256958
1212,0.002172608859837055,,0.013976245187222958
1213,0.0016688242321833968,,0.010339731350541115
1214,0.0014819400385022163,,0.012145229615271091
1215,0.0014128729235380888,,0.009688228368759155
1216,0.001528262160718441,,0.007821094244718552
1217,0.0013777446001768112,,0.011928091756999493
1218,0.002088709268718958,,0.007785049267113209
1219,0.0017328637186437845,,0.00872060377150774
1220,0.0011786760296672583,,0.014296290464699268
1221,0.0019926787354052067,,0.008057030849158764
1222,0.0020859804935753345,,0.01521972008049488
1223,0.001494412194006145,,0.007929104380309582
1224,0.001097426749765873,,0.009104256518185139
1225,0.001574646681547165,,0.018620962277054787
1226,0.0011881764512509108,,0.004787984304130077
1227,0.001317035173997283,,0.018709875643253326
1228,0.001275092945434153,,0.011375246569514275
1229,0.001817760057747364,,0.01403459720313549
1230,0.0017180813010782003,,0.016777748242020607
1231,0.0015176244778558612,,0.006891829892992973
1232,0.0017229076474905014,,0.015489498153328896
1233,0.001733530662022531,,0.009953764267265797
1234,0.0012739513767883182,,0.006475764326751232
1235,0.0015872068470343947,,0.017758987843990326
1236,0.002680158941075206,,0.011404844000935555
1237,0.00130347756203264,,0.011390543542802334
1238,0.0018429665360599756,,0.013010218739509583
1239,0.0014233128167688847,,0.008536294102668762
1240,0.0017155669629573822,,0.014564577490091324
1241,0.001154920319095254,,0.009844864718616009
1242,0.0021158638410270214,,0.008803100325167179
1243,0.001752394950017333,,0.010461718775331974
1244,0.0018239966593682766,,0.007554403506219387
1245,0.0012917143758386374,,0.010973779484629631
1246,0.0013581993989646435,,0.0077119143679738045
1247,0.0017299754545092583,,0.008467553183436394
1248,0.0017127915052697062,,0.009052659384906292
1249,0.002242055255919695,,0.01023833267390728
1250,0.0016840345924720168,,0.011084523051977158
1251,0.0013122416567057371,,0.011627858504652977
1252,0.00118995551019907,,0.00832261610776186
1253,0.0014245479833334684,,0.011179787106812
1254,0.0021333449985831976,,0.009921454824507236
1255,0.0015442873118445277,,0.006818177178502083
1256,0.0017073052003979683,,0.007168221287429333
1257,0.0012237371411174536,,0.009143475443124771
1258,0.0012388371396809816,,0.007262629922479391
1259,0.0013423338532447815,,0.010913257487118244
1260,0.001163810258731246,,0.0054860361851751804
1261,0.001630187500268221,,0.010407769121229649
1262,0.0016580534866079688,,0.005628614220768213
1263,0.0014236210845410824,,0.007204404566437006
1264,0.0012248302809894085,,0.007106263190507889
1265,0.0011297371238470078,,0.00605290150269866
1266,0.0012251019943505526,,0.0066989329643547535
1267,0.0011919469106942415,,0.007928081788122654
1268,0.0013015636941418052,,0.004728455096483231
1269,0.0013194407802075148,,0.005734345875680447
1270,0.001274476177059114,,0.005512216594070196
1271,0.0011004041880369186,,0.005689507350325584
1272,0.0014399559004232287,,0.005003452301025391
1273,0.0011529562762007117,,0.00791943073272705
1274,0.0016549419378861785,,0.006023461930453777
1275,0.0014457543147727847,,0.005754598416388035
1276,0.001165841007605195,,0.005140902940183878
1277,0.0010913931764662266,,0.0048242369666695595
1278,0.0014745821245014668,,0.008202600292861462
1279,0.0012024559546262026,,0.00542412418872118
1280,0.002417617477476597,,0.008678734302520752
1281,0.0015975342830643058,,0.006642994936555624
1282,0.0016848695231601596,,0.007687497418373823
1283,0.0015097446739673615,,0.0067161377519369125
1284,0.0013719128910452127,,0.007834227755665779
1285,0.0012594112195074558,,0.008288547396659851
1286,0.0011757730972021818,,0.009861672297120094
1287,0.001566795981489122,,0.006248170044273138
1288,0.0016945907846093178,,0.010003792122006416
1289,0.0013899658806622028,,0.01119611132889986
1290,0.0017370920395478606,,0.009343516081571579
1291,0.00208948808722198,,0.012033311650156975
1292,0.0014686926733702421,,0.011198899708688259
1293,0.0015465111937373877,,0.00907029677182436
1294,0.0011981712887063622,,0.014421763829886913
1295,0.0015271108131855726,,0.0073729101568460464
1296,0.001919249421916902,,0.01591094769537449
1297,0.0012453419622033834,,0.007495340891182423
1298,0.0012249239953234792,,0.010254415683448315
1299,0.0010985684348270297,,0.007508690468966961
1300,0.0014012007741257548,,0.008676172234117985
1301,0.0012803899589926004,,0.0075292023830115795
1302,0.0012907988857477903,,0.005816315300762653
1303,0.0013681198470294476,,0.010337884537875652
1304,0.0012637365143746138,,0.00736374082043767
1305,0.0013146733399480581,,0.01419100072234869
1306,0.002224578522145748,,0.006928850430995226
1307,0.001495503238402307,,0.009363736025989056
1308,0.00115894281771034,,0.009063979610800743
1309,0.0011606159387156367,,0.008356286212801933
1310,0.0011014698538929224,,0.009489490650594234
1311,0.0015712864696979523,,0.006663072854280472
1312,0.0023334198631346226,,0.012645927257835865
1313,0.0016838712617754936,,0.0060678464360535145
1314,0.0015204297378659248,,0.005794859956949949
1315,0.001299723400734365,,0.010414335876703262
1316,0.0014337290776893497,,0.007658323738723993
1317,0.001434101490303874,,0.009112905710935593
1318,0.0014106098096817732,,0.006001781206578016
1319,0.0011520249536260962,,0.006869595032185316
1320,0.001195866847410798,,0.008999329060316086
1321,0.0016373272519558668,,0.00617723073810339
1322,0.001208007917739451,,0.007460624445229769
1323,0.0013636555522680283,,0.01136690191924572
1324,0.00130334566347301,,0.005421553738415241
1325,0.0016592842293903232,,0.00748447235673666
1326,0.001355723012238741,,0.008797372691333294
1327,0.0013270614435896277,,0.007332006469368935
1328,0.0012138279853388667,,0.0074151367880403996
1329,0.0013322122395038605,,0.0081965746358037
1330,0.0011214008554816246,,0.006942280568182468
1331,0.0014565468300133944,,0.004649074748158455
1332,0.0012039445573464036,,0.009495684877038002
1333,0.001125723123550415,,0.007796772290021181
1334,0.0012718907091766596,,0.00928288884460926
1335,0.0011373719898983836,,0.008147474378347397
1336,0.0014943578280508518,,0.008791239000856876
1337,0.0019625499844551086,,0.011079272255301476
1338,0.0011263943742960691,,0.00627748342230916
1339,0.0014720817562192678,,0.010636474005877972
1340,0.0014799411874264479,,0.01074556726962328
1341,0.0017097567906603217,,0.008509291335940361
1342,0.0011752836871892214,,0.008708935230970383
1343,0.0014246463542804122,,0.006550812162458897
1344,0.0012764999410137534,,0.007550730835646391
1345,0.0015880472492426634,,0.006935466080904007
1346,0.0023461016826331615,,0.006939958315342665
1347,0.0015712138265371323,,0.005642367992550135
1348,0.0015079285949468613,,0.008163469843566418
1349,0.0012227131519466639,,0.0071482895873487
1350,0.0018650059355422854,,0.01006739679723978
1351,0.00167754665017128,,0.006335502956062555
1352,0.0013514183228835464,,0.006178290583193302
1353,0.0011358933988958597,,0.007367579732090235
1354,0.0011937111848965287,,0.007760250940918922
1355,0.001190009294077754,,0.0056223575957119465
1356,0.001191509305499494,,0.007128351368010044
1357,0.00199016067199409,,0.010022754780948162
1358,0.001691222656518221,,0.008390535600483418
1359,0.0010372167453169823,,0.00868203304708004
1360,0.001222467515617609,,0.008686488494277
1361,0.0014980118721723557,,0.006324956193566322
1362,0.0011068291496485472,,0.00592017313465476
1363,0.0013738281559199095,,0.006714714225381613
1364,0.0016041573835536838,,0.0071124727837741375
1365,0.0013846976216882467,,0.008077490143477917
1366,0.0012293191393837333,,0.005545927211642265
1367,0.0010823337361216545,,0.008851048536598682
1368,0.0010811601532623172,,0.00797591358423233
1369,0.0012632287107408047,,0.010003017261624336
1370,0.001518689445219934,,0.008277705870568752
1371,0.0013369781663641334,,0.005246842745691538
1372,0.0018046563491225243,,0.007097229827195406
1373,0.0010507166152819991,,0.008148055523633957
1374,0.0016873589484021068,,0.007391079794615507
1375,0.0011344972299411893,,0.0070001897402107716
1376,0.0014058731030672789,,0.007268301211297512
1377,0.001357254572212696,,0.008263816125690937
1378,0.0015671956352889538,,0.009645855985581875
1379,0.0011383907403796911,,0.006308545358479023
1380,0.0019803745672106743,,0.008670086041092873
1381,0.0012642218498513103,,0.006667648907750845
1382,0.0021126829087734222,,0.006139203440397978
1383,0.0011777947656810284,,0.006268118973821402
1384,0.0012393068755045533,,0.006349195260554552
1385,0.0016142807435244322,,0.007853816263377666
1386,0.0013768498320132494,,0.008107074536383152
1387,0.0013314246898517013,,0.006809110287576914
1388,0.0012320340611040592,,0.007281120400875807
1389,0.0010331152006983757,,0.007246834225952625
1390,0.0010852157138288021,,0.008080088533461094
1391,0.001276086550205946,,0.005364697892218828
1392,0.0014516146620735526,,0.007494897581636906
1393,0.0012067158240824938,,0.005793346092104912
1394,0.0017529043834656477,,0.007825282402336597
1395,0.0011115826200693846,,0.005585534032434225
1396,0.0012735906057059765,,0.005358031950891018
1397,0.0011687630321830511,,0.004857863765209913
1398,0.0013760642614215612,,0.0071384720504283905
1399,0.0012761650141328573,,0.007228131406009197
1400,0.0013496519532054663,,0.005637974478304386
1401,0.0010610048193484545,,0.0053384131751954556
1402,0.000988795654848218,,0.00510102603584528
1403,0.0014510679757222533,,0.006690931506454945
1404,0.0012282519601285458,,0.005368123762309551
1405,0.0012707782443612814,,0.005802336148917675
1406,0.001488265348598361,,0.006632568314671516
1407,0.001497023506090045,,0.008465932682156563
1408,0.0014695199206471443,,0.0075303371995687485
1409,0.0012258331989869475,,0.006749538704752922
1410,0.0015668794512748718,,0.011261627078056335
1411,0.0011295753065496683,,0.005804331973195076
1412,0.0013911244459450245,,0.008422713726758957
1413,0.0011132811196148396,,0.0068260859698057175
1414,0.0013852238189429045,,0.009274119511246681
1415,0.001630811719223857,,0.008564749732613564
1416,0.0015908321365714073,,0.005656827706843615
1417,0.0011594690149649978,,0.007802025880664587
1418,0.0013868588721379638,,0.007182587869465351
1419,0.0011864115949720144,,0.005651877261698246
1420,0.0011494706850498915,,0.005617188289761543
1421,0.0014123909641057253,,0.007981241680681705
1422,0.0012058207066729665,,0.005839575547724962
1423,0.0011193323880434036,,0.00558934360742569
1424,0.0010339377913624048,,0.005767084192484617
1425,0.0013769230572506785,,0.008052188903093338
1426,0.0012661432847380638,,0.007598079275339842
1427,0.001232771435752511,,0.007366087753325701
1428,0.001049316255375743,,0.00490041496232152
1429,0.0010743665043264627,,0.006622795481234789
1430,0.001764765358529985,,0.006919183302670717
1431,0.0012070515658706427,,0.006922957021743059
1432,0.0013202497502788901,,0.006962921004742384
1433,0.0011654465924948454,,0.007008040323853493
1434,0.0013007757952436805,,0.008990463800728321
1435,0.001151560340076685,,0.007288831286132336
1436,0.0017365871462970972,,0.00801035761833191
1437,0.0020474158227443695,,0.008017543703317642
1438,0.001193242147564888,,0.006523990072309971
1439,0.0014918369706720114,,0.00610407954081893
1440,0.001750804716721177,,0.00715109845623374
1441,0.0012988438829779625,,0.009653493762016296
1442,0.0015674354508519173,,0.0073769912123680115
1443,0.001504975720308721,,0.007165923248976469
1444,0.001182390027679503,,0.0056680054403841496
1445,0.0014409476425498724,,0.005950380116701126
1446,0.0017478668596595526,,0.009779968298971653
1447,0.001920386916026473,,0.00789084006100893
1448,0.0015947649953886867,,0.009834986180067062
1449,0.0010377648286521435,,0.004844958893954754
1450,0.0014535156078636646,,0.007512671407312155
1451,0.00143811060115695,,0.006907557602971792
1452,0.0012579553294926882,,0.005456122569739819
1453,0.0013128662249073386,,0.008879139088094234
1454,0.001107570482417941,,0.004872329067438841
1455,0.0013132201274856925,,0.006680356804281473
1456,0.0011012702016159892,,0.007842342369258404
1457,0.0015178774483501911,,0.006988458335399628
1458,0.0011066236766055226,,0.008529789745807648
1459,0.0017082648118957877,,0.007948152720928192
1460,0.0014236008282750845,,0.007239838130772114
1461,0.0017186810728162527,,0.007722220849245787
1462,0.001455250894650817,,0.00870076846331358
1463,0.0017496051732450724,,0.008163289166986942
1464,0.0011492514749988914,,0.008765151724219322
1465,0.0012622801586985588,,0.006587169598788023
1466,0.0018439816776663065,,0.008484670892357826
1467,0.0013795032864436507,,0.0057348040863871574
1468,0.001127753872424364,,0.010146343149244785
1469,0.0018788151210173965,,0.0069261277094483376
1470,0.0010928992414847016,,0.009026535786688328
1471,0.0013434462016448379,,0.010132534429430962
1472,0.0014321866910904646,,0.01158259715884924
1473,0.001679962850175798,,0.00746049964800477
1474,0.001263682497665286,,0.009989852085709572
1475,0.0012870499631389976,,0.009127876721322536
1476,0.0013807084178552032,,0.012106700800359249
1477,0.0015349633758887649,,0.008389447815716267
1478,0.001205163775011897,,0.00800930242985487
1479,0.0018017163965851068,,0.014611580409109592
1480,0.0012751906178891659,,0.006222935859113932
1481,0.0015283606480807066,,0.009390420280396938
1482,0.002000455278903246,,0.013508141972124577
1483,0.0014258221490308642,,0.006922885775566101
1484,0.0016615045024082065,,0.010141567327082157
1485,0.0012622050708159804,,0.008682243525981903
1486,0.0017039570957422256,,0.012306700460612774
1487,0.001145118847489357,,0.005859363358467817
1488,0.0014084381982684135,,0.010265488177537918
1489,0.0016144015826284885,,0.01117648370563984
1490,0.0012701195664703846,,0.008162113837897778
1491,0.0010005570948123932,,0.00810370221734047
1492,0.0019093730952590704,,0.008839849382638931
1493,0.0014897518558427691,,0.013058745302259922
1494,0.0019645809661597013,,0.0065746549516916275
1495,0.0013773369137197733,,0.011944279074668884
1496,0.0014301170594990253,,0.0093715013936162
1497,0.001943058567121625,,0.008374174125492573
1498,0.0016289184568449855,,0.006659626495093107
1499,0.0019512290600687265,,0.010969043709337711
1500,0.0011530037736520171,0.0010341018038397866,0.009076882153749466
1501,0.0015804404392838478,,0.008223205804824829
1502,0.0016207878943532705,,0.009618060663342476
1503,0.00132140819914639,,0.008723811246454716
1504,0.0012021524598821998,,0.007271579001098871
1505,0.0015841538552194834,,0.006588095333427191
1506,0.0013391189277172089,,0.00627653393894434
1507,0.0019393181428313255,,0.011346361599862576
1508,0.0015408140607178211,,0.007027171552181244
1509,0.0014027596917003393,,0.011201350018382072
1510,0.0012378259561955929,,0.007608691230416298
1511,0.001633514417335391,,0.010368815623223782
1512,0.001397149870172143,,0.008530129678547382
1513,0.0015327134169638157,,0.008827668614685535
1514,0.0012560661416500807,,0.007111236918717623
1515,0.0013947237748652697,,0.0072155483067035675
1516,0.0012855601962655783,,0.008348379284143448
1517,0.0014939382672309875,,0.009184184484183788
1518,0.0014594498788937926,,0.007947636768221855
1519,0.0010214250069111586,,0.007624717894941568
1520,0.0011544417357072234,,0.006109059788286686
1521,0.0012806137092411518,,0.005556538701057434
1522,0.0017047086730599403,,0.008190634660422802
1523,0.0011509561445564032,,0.007484998553991318
1524,0.0016728625632822514,,0.0068267094902694225
1525,0.0013060326455160975,,0.008564126677811146
1526,0.0011396815534681082,,0.00517623033374548
1527,0.0020979694090783596,,0.007343475241214037
1528,0.0011235466226935387,,0.006574189756065607
1529,0.0010757149429991841,,0.006846804171800613
1530,0.001343937823548913,,0.007223129738122225
1531,0.001333893625997007,,0.0074027227237820625
1532,0.0013085072860121727,,0.008319772779941559
1533,0.0011695590801537037,,0.006157367955893278
1534,0.0018317316425964236,,0.010216339491307735
1535,0.0018754710908979177,,0.007637581788003445
1536,0.0012612713035196066,,0.009857513941824436
1537,0.001995781436562538,,0.008299333043396473
1538,0.0017585984896868467,,0.009303043596446514
1539,0.0016266049351543188,,0.010110695846378803
1540,0.0013059170451015234,,0.005870486609637737
1541,0.0011018076911568642,,0.011906107887625694
1542,0.001053001033142209,,0.006491749081760645
1543,0.001228147535584867,,0.010259220376610756
1544,0.0013345706975087523,,0.007815118879079819
1545,0.001425864058546722,,0.008046938106417656
1546,0.0012552115367725492,,0.008386095054447651
1547,0.0016075106104835868,,0.006128866691142321
1548,0.0011069029569625854,,0.007351994514465332
1549,0.001582903671078384,,0.010158729739487171
1550,0.0011406339472159743,,0.009070595726370811
1551,0.0013027706881985068,,0.007010099943727255
1552,0.0009689739672467113,,0.006038840860128403
1553,0.0010402462212368846,,0.009425328113138676
1554,0.001377723179757595,,0.006647144909948111
1555,0.0011736375745385885,,0.008130660280585289
1556,0.0018733155447989702,,0.00917766336351633
1557,0.0014426682610064745,,0.008187353610992432
1558,0.0013574816985055804,,0.009014036506414413
1559,0.0012146779336035252,,0.008692074567079544
1560,0.0012597772292792797,,0.009279005229473114
1561,0.0010635778307914734,,0.00562124140560627
1562,0.0011554700322449207,,0.01036387961357832
1563,0.0013611306203529239,,0.00924331322312355
1564,0.0012640778440982103,,0.01298739667981863
1565,0.0012121289037168026,,0.010672906413674355
1566,0.0012433717492967844,,0.008297372609376907
1567,0.001291752909310162,,0.01299342978745699
1568,0.0013349282089620829,,0.006975970230996609
1569,0.001026091049425304,,0.009985336102545261
1570,0.001207408495247364,,0.009869152680039406
1571,0.0014921908732503653,,0.007905259728431702
1572,0.0015217855107039213,,0.010007773526012897
1573,0.0015416595852002501,,0.005802635103464127
1574,0.001096067950129509,,0.00826266873627901
1575,0.0011042217956855893,,0.007599264848977327
1576,0.0009743251139298081,,0.00772978225722909
1577,0.0011535757221281528,,0.009049954824149609
1578,0.0011109928600490093,,0.006684482097625732
1579,0.0011691018007695675,,0.0067968289367854595
1580,0.0011660486925393343,,0.009662020020186901
1581,0.0010006530210375786,,0.006913534831255674
1582,0.0010846270015463233,,0.008407246321439743
1583,0.0016595929628238082,,0.009047307074069977
1584,0.0013473996659740806,,0.008635074831545353
1585,0.0014301047194749117,,0.007497619371861219
1586,0.0012378410901874304,,0.009119998663663864
1587,0.0011770303826779127,,0.006968353409320116
1588,0.001451484626159072,,0.00643957918509841
1589,0.0013426418881863356,,0.0072572133503854275
1590,0.0011037887306883931,,0.00726891728118062
1591,0.001605670666322112,,0.009196829982101917
1592,0.0013144913828000426,,0.0068332296796143055
1593,0.0014128073817119002,,0.00658066663891077
1594,0.0010652369819581509,,0.011499484069645405
1595,0.001021839678287506,,0.006383858621120453
1596,0.001393514103256166,,0.005741005763411522
1597,0.0019693102221935987,,0.009499902836978436
1598,0.0013299750862643123,,0.006842180620878935
1599,0.0011004842817783356,,0.004728791303932667
1600,0.0011782918591052294,,0.006978434044867754
1601,0.0018946923082694411,,0.00727146677672863
1602,0.0012045870535075665,,0.004444494843482971
1603,0.0011913417838513851,,0.0069784908555448055
1604,0.0010653386125341058,,0.005756656173616648
1605,0.0012513466645032167,,0.006946012377738953
1606,0.001591141102835536,,0.0062733544036746025
1607,0.0009575225412845612,,0.00615999661386013
1608,0.001080912770703435,,0.007709725759923458
1609,0.0010233287466689944,,0.0073711867444217205
1610,0.0014110782649368048,,0.008415278978645802
1611,0.0011439849622547626,,0.009910281747579575
1612,0.0015060420846566558,,0.007031610701233149
1613,0.001114634214900434,,0.0049873096868395805
1614,0.001304086297750473,,0.009984143078327179
1615,0.0015854386147111654,,0.007001796737313271
1616,0.0017105694860219955,,0.008818642236292362
1617,0.0014932736521586776,,0.005961489863693714
1618,0.0011078922543674707,,0.005664106924086809
1619,0.001635864144191146,,0.008124454878270626
1620,0.001039019669406116,,0.006753302179276943
1621,0.0011241480242460966,,0.006323622073978186
1622,0.001604036777280271,,0.008478771895170212
1623,0.0010313119273632765,,0.005715027451515198
1624,0.001545571954920888,,0.007649669423699379
1625,0.0009574440191499889,,0.004636069294065237
1626,0.0010238855611532927,,0.006760234944522381
1627,0.0018055303953588009,,0.008285745047032833
1628,0.0015876195393502712,,0.005951813887804747
1629,0.0014670387608930469,,0.008395163342356682
1630,0.0014073892962187529,,0.004987193271517754
1631,0.0013100778451189399,,0.00798111129552126
1632,0.0012818516697734594,,0.00641172518953681
1633,0.0013252424541860819,,0.007953355088829994
1634,0.00156729097943753,,0.006245817989110947
1635,0.0011855904012918472,,0.007224617060273886
1636,0.001177355763502419,,0.005576669238507748
1637,0.0010221044067293406,,0.004904487635940313
1638,0.0013991760788485408,,0.00916239619255066
1639,0.001333011081442237,,0.0064466348849236965
1640,0.0011488760355859995,,0.009446706622838974
1641,0.001154943834990263,,0.006478145252913237
1642,0.0012811098713427782,,0.00910557247698307
1643,0.0014849284198135138,,0.006994674913585186
1644,0.0013250741176307201,,0.005478857550770044
1645,0.001100767171010375,,0.0076118409633636475
1646,0.0013797157444059849,,0.006033560261130333
1647,0.0010356307029724121,,0.005731130018830299
1648,0.0010476077441126108,,0.006782056298106909
1649,0.0013632572954520583,,0.005450685042887926
1650,0.001077890396118164,,0.005127761047333479
1651,0.0013120606308802962,,0.0071174330078065395
1652,0.0010324764298275113,,0.007192578632384539
1653,0.0014142233412712812,,0.007979387417435646
1654,0.0011541526764631271,,0.005686097778379917
1655,0.0011417672503739595,,0.007165384944528341
1656,0.0015552265103906393,,0.006908687297254801
1657,0.0017744514625519514,,0.007422918453812599
1658,0.0015723637770861387,,0.0066785444505512714
1659,0.0010284122545272112,,0.008411755785346031
1660,0.001261036260984838,,0.008430206216871738
1661,0.001621250994503498,,0.007748251315206289
1662,0.000982208177447319,,0.007171192206442356
1663,0.0011348603293299675,,0.006909226067364216
1664,0.0012245634570717812,,0.004663076717406511
1665,0.0014185088220983744,,0.008289238438010216
1666,0.0010593945626169443,,0.006304130889475346
1667,0.0010884585790336132,,0.0061703831888735294
1668,0.0010974174365401268,,0.0067518968135118484
1669,0.0009603066719137132,,0.005684665869921446
1670,0.0010793092660605907,,0.00876566767692566
1671,0.001330023049376905,,0.007356850430369377
1672,0.0016683517023921013,,0.006705942563712597
1673,0.0019266101298853755,,0.008323084563016891
1674,0.0011007193243131042,,0.007614226080477238
1675,0.0012919872533529997,,0.009459853172302246
1676,0.001569325802847743,,0.010325406678020954
1677,0.0009540598257444799,,0.007605583872646093
1678,0.0014527293387800455,,0.009320693090558052
1679,0.0012457732809707522,,0.008048555813729763
1680,0.0010596069041639566,,0.012431913055479527
1681,0.0013897751923650503,,0.007578104734420776
1682,0.001111025339923799,,0.008452307432889938
1683,0.0010978786740452051,,0.005870550870895386
1684,0.0017234788974747062,,0.010786458849906921
1685,0.0011981899151578546,,0.007740349508821964
1686,0.0015165386721491814,,0.009980549104511738
1687,0.0011915289796888828,,0.0044789486564695835
1688,0.001145451096817851,,0.008948146365582943
1689,0.0012519406154751778,,0.00642372714355588
1690,0.001711190678179264,,0.01124478131532669
1691,0.001641727052628994,,0.009025187231600285
1692,0.0011418401263654232,,0.007332528941333294
1693,0.0010699302656576037,,0.009034935384988785
1694,0.0015139514580368996,,0.009502356871962547
1695,0.0010735595133155584,,0.009121740236878395
1696,0.0010361179010942578,,0.0075256843119859695
1697,0.0009082055184990168,,0.007864093407988548
1698,0.0018337161745876074,,0.009003780782222748
1699,0.0014199012657627463,,0.007410997990518808
1700,0.001436936086975038,,0.006059239152818918
1701,0.001107504591345787,,0.006880252156406641
1702,0.000987866660580039,,0.006047137081623077
1703,0.0009770744945853949,,0.005932025145739317
1704,0.0016726392786949873,,0.006327635142952204
1705,0.0010039550252258778,,0.004951415117830038
1706,0.0011404366232454777,,0.007197340950369835
1707,0.000964981853030622,,0.005443165544420481
1708,0.001091859070584178,,0.008541994728147984
1709,0.0010721341241151094,,0.0056471205316483974
1710,0.0010711009381338954,,0.007295522838830948
1711,0.001676758169196546,,0.005751941353082657
1712,0.001349014462903142,,0.00811175536364317
1713,0.001293915556743741,,0.008343599736690521
1714,0.0012962359469383955,,0.011142531409859657
1715,0.0013796797720715404,,0.007107459474354982
1716,0.0010836271103471518,,0.009600910358130932
1717,0.0010238204849883914,,0.006018123589456081
1718,0.001216709497384727,,0.007050001062452793
1719,0.0019358263816684484,,0.01084832288324833
1720,0.0012326042633503675,,0.00728198466822505
1721,0.0018667611293494701,,0.017744753509759903
1722,0.0012279448565095663,,0.006845804862678051
1723,0.0010339685250073671,,0.014163825660943985
1724,0.00126361520960927,,0.008809392340481281
1725,0.0011708703823387623,,0.01197896059602499
1726,0.0010955245234072208,,0.009904657490551472
1727,0.0011577131226658821,,0.0057709780521690845
1728,0.0017129294574260712,,0.013257837854325771
1729,0.001102632493712008,,0.008049443364143372
1730,0.001384436502121389,,0.011293694376945496
1731,0.0019455630099400878,,0.011593700386583805
1732,0.0013820071471855044,,0.00697250897064805
1733,0.0011835618643090129,,0.014996431767940521
1734,0.0015150977997109294,,0.006476604845374823
1735,0.0010835353750735521,,0.009854163974523544
1736,0.001252158428542316,,0.00658006127923727
1737,0.0012887967750430107,,0.008698119781911373
1738,0.001586878439411521,,0.010529900901019573
1739,0.0011479005916044116,,0.008905017748475075
1740,0.0015127778751775622,,0.009582551196217537
1741,0.0015018879203125834,,0.008217272348701954
1742,0.001329977298155427,,0.008415180258452892
1743,0.0014570539351552725,,0.005505378823727369
1744,0.0010556681081652641,,0.0074477833695709705
1745,0.001248581102117896,,0.0061746621504426
1746,0.0015081062447279692,,0.00631702458485961
1747,0.0010900538181886077,,0.009008060209453106
1748,0.0009717035572975874,,0.004968483466655016
1749,0.001246364670805633,,0.005374787375330925
1750,0.001170424628071487,,0.006680406630039215
1751,0.0019416548311710358,,0.006665852386504412
1752,0.0014555489178746939,,0.0068903290666639805
1753,0.0016740644350647926,,0.008074574172496796
1754,0.001178972190245986,,0.008222934789955616
1755,0.0009635272435843945,,0.00479998579248786
1756,0.0012941048480570316,,0.006563187576830387
1757,0.0016173644689843059,,0.009091620333492756
1758,0.0020132013596594334,,0.007749604992568493
1759,0.0012655542232096195,,0.007416541688144207
1760,0.0012000480201095343,,0.009936080314218998
1761,0.0013497448526322842,,0.009422645904123783
1762,0.001090650213882327,,0.010666357353329659
1763,0.0013003889471292496,,0.008356860838830471
1764,0.0011284754145890474,,0.009690889157354832
1765,0.001457655569538474,,0.007537721190601587
1766,0.0017044413834810257,,0.005438857711851597
1767,0.0010150873567909002,,0.010419690981507301
1768,0.001230978756211698,,0.006896223407238722
1769,0.0012169990222901106,,0.009298074059188366
1770,0.0015577550511807203,,0.006558487191796303
1771,0.0014111676719039679,,0.00609328830614686
1772,0.0010177056537941098,,0.006232753861695528
1773,0.0015030677895992994,,0.0066901082172989845
1774,0.0015571307158097625,,0.0056185247376561165
1775,0.0010931325377896428,,0.008895420469343662
1776,0.0012512777466326952,,0.0052885012701153755
1777,0.0012142115738242865,,0.00972927175462246
1778,0.0013598657678812742,,0.007544382940977812
1779,0.0015328641748055816,,0.010073535144329071
1780,0.0010781411547213793,,0.0071542151272296906
1781,0.0013346269261091948,,0.0103905713185668
1782,0.0010249749757349491,,0.008816076442599297
1783,0.0012664583045989275,,0.008019977249205112
1784,0.0015071786474436522,,0.007336434442549944
1785,0.00143431406468153,,0.005832348018884659
1786,0.0014268634840846062,,0.007944523356854916
1787,0.001124742440879345,,0.008582393638789654
1788,0.0012434846721589565,,0.00881411787122488
1789,0.0010197230149060488,,0.004947681445628405
1790,0.0013539271894842386,,0.010387104004621506
1791,0.0017415586626157165,,0.006662448402494192
1792,0.0013821711763739586,,0.008411511778831482
1793,0.001148068462498486,,0.011568683199584484
1794,0.0014977295650169253,,0.01031231414526701
1795,0.0012060251319780946,,0.010130643844604492
1796,0.0015824234578758478,,0.0069882674142718315
1797,0.001087782671675086,,0.008268289268016815
1798,0.0015825498849153519,,0.011027821339666843
1799,0.0010844452772289515,,0.01045476458966732
1800,0.0010660536354407668,,0.010356960818171501
1801,0.001382665242999792,,0.00751948868855834
1802,0.0016645293217152357,,0.011855822056531906
1803,0.0012175163719803095,,0.010663495399057865
1804,0.0009522947366349399,,0.006984828971326351
1805,0.0013655920047312975,,0.008423719555139542
1806,0.0009675570763647556,,0.005975875537842512
1807,0.0012676113983616233,,0.009452949278056622
1808,0.0019073328003287315,,0.009161517955362797
1809,0.0010169900488108397,,0.006543001160025597
1810,0.001088674645870924,,0.008044576272368431
1811,0.001273221569135785,,0.006798010319471359
1812,0.0014539610128849745,,0.009190572425723076
1813,0.0012001765426248312,,0.008340423926711082
1814,0.000978379976004362,,0.010388858616352081
1815,0.0012389307375997305,,0.006301188375800848
1816,0.0011528334580361843,,0.008574878796935081
1817,0.0015334077179431915,,0.009028387255966663
1818,0.001426149858161807,,0.009153882972896099
1819,0.0012818269897252321,,0.011386695317924023
1820,0.002154558664187789,,0.007852944545447826
1821,0.001472759060561657,,0.011954698711633682
1822,0.0010886189993470907,,0.008866808377206326
1823,0.001591511769220233,,0.009164121933281422
1824,0.0011102586286142468,,0.01294342614710331
1825,0.0016384575283154845,,0.008372433483600616
1826,0.0013706996105611324,,0.010005720891058445
1827,0.0013493894366547465,,0.009174183011054993
1828,0.0014028949663043022,,0.007696208078414202
1829,0.0010074240854009986,,0.009479867294430733
1830,0.0010293684899806976,,0.004884461872279644
1831,0.0010056954342871904,,0.007301232777535915
1832,0.0013245949521660805,,0.007694118656218052
1833,0.0011600869474932551,,0.005829385947436094
1834,0.0009085237979888916,,0.009982198476791382
1835,0.000990664237178862,,0.00441584549844265
1836,0.0016180656384676695,,0.010660718195140362
1837,0.0015874288510531187,,0.006675362586975098
1838,0.0011500800028443336,,0.009671548381447792
1839,0.0010042982175946236,,0.0074204267002642155
1840,0.0010223505087196827,,0.005095035303384066
1841,0.0010453711729496717,,0.007337445858865976
1842,0.0013545798137784004,,0.005028471816331148
1843,0.0011695692082867026,,0.007503734901547432
1844,0.0012006924953311682,,0.005779577884823084
1845,0.00109071284532547,,0.005733058322221041
1846,0.0010237483074888587,,0.006770601030439138
1847,0.0012077551800757647,,0.00661660498008132
1848,0.0022218828089535236,,0.007903061807155609
1849,0.0009474102407693863,,0.004716002382338047
1850,0.0013432411942631006,,0.00648792739957571
1851,0.0012166912201792002,,0.00570320151746273
1852,0.0014230627566576004,,0.006308823823928833
1853,0.0014744092477485538,,0.005609968677163124
1854,0.001295655034482479,,0.007508548442274332
1855,0.0011679938761517406,,0.005622249562293291
1856,0.0009847397450357676,,0.004781743977218866
1857,0.0012459114659577608,,0.005637490656226873
1858,0.0011584833264350891,,0.0059708100743591785
1859,0.0011604945175349712,,0.005263600032776594
1860,0.001404923154041171,,0.007605512160807848
1861,0.0013849511742591858,,0.006477999966591597
1862,0.001649281708523631,,0.0057792034931480885
1863,0.0021850834600627422,,0.007063767407089472
1864,0.0011265850625932217,,0.0038969602901488543
1865,0.0012443370651453733,,0.008158288896083832
1866,0.0009728943696245551,,0.005911428015679121
1867,0.0010755604598671198,,0.006894586142152548
1868,0.0009577044984325767,,0.007036411669105291
1869,0.001514099771156907,,0.005625977646559477
1870,0.0018413038924336433,,0.006867753341794014
1871,0.0010805216152220964,,0.004532173741608858
1872,0.0012044748291373253,,0.006809800863265991
1873,0.0011162643786519766,,0.007486577145755291
1874,0.0013767341151833534,,0.00957342516630888
1875,0.0010781020391732454,,0.010047057643532753
1876,0.0011255246354267001,,0.009375890716910362
1877,0.0014626606134697795,,0.011051255278289318
1878,0.0010153237963095307,,0.012051304802298546
1879,0.0012094437843188643,,0.008773761801421642
1880,0.0010149235604330897,,0.009946987964212894
1881,0.0009724077535793185,,0.004689665976911783
1882,0.0011653603287413716,,0.00880334060639143
1883,0.001581305987201631,,0.010972135700285435
1884,0.0013121566735208035,,0.008744453079998493
1885,0.0014600297436118126,,0.0108513617888093
1886,0.0010600273963063955,,0.0055567617528140545
1887,0.0009991115657612681,,0.010693791322410107
1888,0.0009623972000554204,,0.004293242935091257
1889,0.0010546999983489513,,0.006207141559571028
1890,0.0010773743269965053,,0.007404194213449955
1891,0.0011853575706481934,,0.005977398715913296
1892,0.0011185784824192524,,0.008423413150012493
1893,0.0009799867402762175,,0.005653331987559795
1894,0.0013072871370241046,,0.006484679877758026
1895,0.0012216204777359962,,0.01111561618745327
1896,0.0012314504710957408,,0.005000778008252382
1897,0.0018520434387028217,,0.009035559371113777
1898,0.0016219256212934852,,0.008791996166110039
1899,0.0009847780456766486,,0.008163747377693653
1900,0.0012948147486895323,,0.0060798004269599915
1901,0.0010542685631662607,,0.005742774344980717
1902,0.0014287795638665557,,0.00661485455930233
1903,0.0012828877661377192,,0.005834035109728575
1904,0.000955630443058908,,0.0061788298189640045
1905,0.0011717984452843666,,0.0052941227331757545
1906,0.001047860598191619,,0.0061225853860378265
1907,0.0013551395386457443,,0.006758099887520075
1908,0.0012942475732415915,,0.008936137892305851
1909,0.0012844791635870934,,0.005589444190263748
1910,0.001037754351273179,,0.007404888980090618
1911,0.0011419568909332156,,0.006742140278220177
1912,0.0011143768206238747,,0.006768140010535717
1913,0.0009770368924364448,,0.008733000606298447
1914,0.001214371994137764,,0.011652768589556217
1915,0.0016008582897484303,,0.012931040488183498
1916,0.001295262947678566,,0.011509332805871964
1917,0.0011348631232976913,,0.00879653263837099
1918,0.0010282567236572504,,0.0063063581474125385
1919,0.0010775953996926546,,0.007082142401486635
1920,0.00143270508851856,,0.01204007025808096
1921,0.0009760335087776184,,0.005759194493293762
1922,0.0009931513341143727,,0.009019858203828335
1923,0.001001499593257904,,0.007865029387176037
1924,0.000880413397680968,,0.006390480790287256
1925,0.0011747409589588642,,0.009230275638401508
1926,0.001116924686357379,,0.0072800153866410255
1927,0.0009989110985770822,,0.009266515262424946
1928,0.0014878844376653433,,0.009768586605787277
1929,0.0010869331890717149,,0.007648320868611336
1930,0.001494649681262672,,0.006065124645829201
1931,0.0010978885693475604,,0.006743270438164473
1932,0.0015818343963474035,,0.007430437486618757
1933,0.0014818196650594473,,0.007252461742609739
1934,0.0009826517198234797,,0.008500523865222931
1935,0.0016886861994862556,,0.011330663226544857
1936,0.0010213145287707448,,0.0077034905552864075
1937,0.001447115559130907,,0.009294187650084496
1938,0.0010200346587225795,,0.005871056113392115
1939,0.0010809767991304398,,0.008045406080782413
1940,0.0014678857987746596,,0.007956445217132568
1941,0.0015366121660917997,,0.008257173001766205
1942,0.0011630397057160735,,0.006248673424124718
1943,0.0013538709608837962,,0.007871134206652641
1944,0.0014541754499077797,,0.007754156831651926
1945,0.0012186352396383882,,0.006233826279640198
1946,0.0010083242086693645,,0.007612220011651516
1947,0.0010971019510179758,,0.006943049840629101
1948,0.0010242087300866842,,0.010205939412117004
1949,0.0009818668477237225,,0.007274382747709751
1950,0.0016084525268524885,,0.011261384934186935
1951,0.0018576073925942183,,0.00882755033671856
1952,0.0010784517508000135,,0.01084972359240055
1953,0.0011026255087926984,,0.006889552343636751
1954,0.0011023251572623849,,0.009750531055033207
1955,0.0011727489763870835,,0.008165096864104271
1956,0.000969636719673872,,0.007930456660687923
1957,0.0010823850752785802,,0.007794992998242378
1958,0.001133235520683229,,0.00935173500329256
1959,0.0010192778427153826,,0.008755834773182869
1960,0.0013289091875776649,,0.008351900614798069
1961,0.0010119053767994046,,0.008521830663084984
1962,0.0010664003202691674,,0.005506468471139669
1963,0.0010697953402996063,,0.012449584901332855
1964,0.0012064281618222594,,0.008546663448214531
1965,0.001065736054442823,,0.009542150422930717
1966,0.0011228520888835192,,0.008484571240842342
1967,0.0012069096555933356,,0.007400672882795334
1968,0.0009679457871243358,,0.00850356463342905
1969,0.002003197558224201,,0.008983857929706573
1970,0.001204683561809361,,0.007868783548474312
1971,0.0011104029836133122,,0.005534171126782894
1972,0.0010849686805158854,,0.007516096346080303
1973,0.0009653583983890712,,0.006753813941031694
1974,0.0008462536497972906,,0.006582568399608135
1975,0.0011934468057006598,,0.005134674720466137
1976,0.0009610671550035477,,0.006245249416679144
1977,0.001139847096055746,,0.007137815933674574
1978,0.001158006489276886,,0.007807586342096329
1979,0.0010294134262949228,,0.006666888948529959
1980,0.0013584718108177185,,0.008785786107182503
1981,0.001039149472489953,,0.0056978268548846245
1982,0.0009812668431550264,,0.006707258988171816
1983,0.00164929055608809,,0.006076192017644644
1984,0.0010397378355264664,,0.007882372476160526
1985,0.0011584144085645676,,0.006075957324355841
1986,0.0012437538243830204,,0.00855919811874628
1987,0.001291351392865181,,0.008066175505518913
1988,0.0011984639568254352,,0.006649330724030733
1989,0.0013143233954906464,,0.005221183877438307
1990,0.0014931117184460163,,0.008978541009128094
1991,0.0012958121951669455,,0.006194375455379486
1992,0.0009259780636057258,,0.004803221672773361
1993,0.0009698759531602263,,0.00473663629963994
1994,0.0013906992971897125,,0.00724265119060874
1995,0.0011760882334783673,,0.006868280936032534
1996,0.0013615743955597281,,0.008200687356293201
1997,0.0018880408024415374,,0.0076573872938752174
1998,0.0010590876918286085,,0.0074599082581698895
1999,0.0009382003918290138,,0.005155056249350309
2000,0.0009763861889950931,0.0008725370004802048,0.006271659396588802
2001,0.0010757709387689829,,0.00701929721981287
2002,0.0010618993546813726,,0.0061178612522780895
2003,0.0010077543556690216,,0.005565347149968147
2004,0.001150963595137,,0.0049173892475664616
2005,0.0010492027504369617,,0.004496484063565731
2006,0.0015283441171050072,,0.007632610388100147
2007,0.0008887336007319391,,0.004412374459207058
2008,0.0011562269646674395,,0.006430238950997591
2009,0.0012297248467803001,,0.0051972162909805775
2010,0.001204370055347681,,0.006691405549645424
2011,0.001008512917906046,,0.0058936746791005135
2012,0.001283183810301125,,0.0046644206158816814
2013,0.0011988749029114842,,0.00585362920537591
2014,0.0010678063845261931,,0.004907569382339716
2015,0.0009839251870289445,,0.007242241874337196
2016,0.0016731086652725935,,0.0064119016751646996
2017,0.0009822712745517492,,0.007525096647441387
2018,0.0009627779945731163,,0.0041697267442941666
2019,0.0011731794802471995,,0.006674491800367832
2020,0.001136163016781211,,0.006124680861830711
2021,0.0009347674204036593,,0.007094088476151228
2022,0.0012293891049921513,,0.006611440796405077
2023,0.0015278179198503494,,0.007767682895064354
2024,0.0009674591710790992,,0.005612307693809271
2025,0.0010348812211304903,,0.006062125787138939
2026,0.0013527462724596262,,0.006739229429513216
2027,0.001300017349421978,,0.0068271527998149395
2028,0.00131970492657274,,0.008722493425011635
2029,0.0016542968805879354,,0.006479797884821892
2030,0.0009405293385498226,,0.012619470246136189
2031,0.0009884737664833665,,0.005939901806414127
2032,0.0010333529207855463,,0.01080614235252142
2033,0.0009077641880139709,,0.004414040595293045
2034,0.001720335683785379,,0.009624401107430458
2035,0.0010647820308804512,,0.01154334843158722
2036,0.0013370629167184234,,0.007455536630004644
2037,0.0009427227778360248,,0.011062498204410076
2038,0.0010078748455271125,,0.006336569786071777
2039,0.0010942535009235144,,0.010540224611759186
2040,0.001060784561559558,,0.005971530452370644
2041,0.001124560832977295,,0.010039031505584717
2042,0.001037280773743987,,0.00867877621203661
2043,0.0011577433906495571,,0.007444039452821016
2044,0.0010598929366096854,,0.007613045163452625
2045,0.001378806191496551,,0.008298836648464203
2046,0.0009734831983223557,,0.00814006570726633
2047,0.0009798342362046242,,0.007373773027211428
2048,0.0009190220735035837,,0.010251161642372608
2049,0.0011904360726475716,,0.0086074722930789
2050,0.0008486853912472725,,0.004702730569988489
2051,0.0015857892576605082,,0.010220744647085667
2052,0.0010076318867504597,,0.006365511566400528
2053,0.000948653556406498,,0.009083818644285202
2054,0.0009649427956901491,,0.007960998453199863
2055,0.0012560425093397498,,0.010732646100223064
2056,0.001286276732571423,,0.008147228509187698
2057,0.000942596176173538,,0.00604537408798933
2058,0.0013176880311220884,,0.00788238737732172
2059,0.0010342462919652462,,0.006479625590145588
2060,0.0009466585470363498,,0.005076219793409109
2061,0.0013320674188435078,,0.012908791191875935
2062,0.0010930593125522137,,0.005725199356675148
2063,0.0010728540364652872,,0.009602940641343594
2064,0.001096035004593432,,0.008035050705075264
2065,0.000874175108037889,,0.006190952379256487
2066,0.0010289340279996395,,0.00909354817122221
2067,0.0012829913757741451,,0.007803949061781168
2068,0.0010633135680109262,,0.009328930638730526
2069,0.000905109744053334,,0.008115078322589397
2070,0.001155187259428203,,0.007223360240459442
2071,0.0009587476961314678,,0.009260153397917747
2072,0.0014553891960531473,,0.007627161685377359
2073,0.0008613405516371131,,0.010062996298074722
2074,0.000993004534393549,,0.00990166887640953
2075,0.0015087181236594915,,0.009294970892369747
2076,0.0011725297663360834,,0.014964270405471325
2077,0.0012814331566914916,,0.007217880338430405
2078,0.001131575321778655,,0.010032394900918007
2079,0.0009221124928444624,,0.007162053603678942
2080,0.0011104678269475698,,0.007133808918297291
2081,0.0015970312524586916,,0.011083781719207764
2082,0.0013395433779805899,,0.007876741699874401
2083,0.001171623356640339,,0.01006338745355606
2084,0.00118860206566751,,0.009417419321835041
2085,0.001284533878788352,,0.005320072639733553
2086,0.0011181693989783525,,0.0072638955898582935
2087,0.0011102465214207768,,0.007580793462693691
2088,0.00106041447725147,,0.006066721864044666
2089,0.000971364788711071,,0.005967495962977409
2090,0.001256410381756723,,0.005478838924318552
2091,0.0013722488656640053,,0.006510055158287287
2092,0.0011487315641716123,,0.006105632521212101
2093,0.0013530071591958404,,0.0070937881246209145
2094,0.0009356726659461856,,0.005587187595665455
2095,0.0015870364150032401,,0.006931622978299856
2096,0.0010454388102516532,,0.009768140502274036
2097,0.0010123101528733969,,0.006018703803420067
2098,0.0010905989911407232,,0.008545031771063805
2099,0.0012885546311736107,,0.006596365012228489
2100,0.0011328859254717827,,0.006902583409100771
2101,0.0008746908279135823,,0.008069757372140884
2102,0.0010610977187752724,,0.005188734736293554
2103,0.0015021630097180605,,0.008123788051307201
2104,0.0009155223960988224,,0.006604424677789211
2105,0.0014338379260152578,,0.007077387999743223
2106,0.001397252082824707,,0.010607318952679634
2107,0.001710436656139791,,0.007850846275687218
2108,0.001142648863606155,,0.011890548281371593
2109,0.0010958670172840357,,0.007740948814898729
2110,0.001540760276839137,,0.010914643295109272
2111,0.0016014683060348034,,0.008778530173003674
2112,0.001315906411036849,,0.006391584407538176
2113,0.0013256677193567157,,0.009556959383189678
2114,0.0011129571357741952,,0.005781492684036493
2115,0.001213434967212379,,0.009817332960665226
2116,0.001008454360999167,,0.005495262797921896
2117,0.0020580424461513758,,0.007598853204399347
2118,0.0009995750151574612,,0.011718974448740482
2119,0.0009157785098068416,,0.00619546789675951
2120,0.0011157612316310406,,0.010491889901459217
2121,0.0009509129449725151,,0.0059007699601352215
2122,0.0010450806003063917,,0.010074503719806671
2123,0.0010744434548541903,,0.008475170470774174
2124,0.0015435939421877265,,0.008120456710457802
2125,0.000957671320065856,,0.008229128085076809
2126,0.0009802894201129675,,0.006893495097756386
2127,0.000986234750598669,,0.006209604442119598
2128,0.001247503561899066,,0.006195881869643927
2129,0.0008914524223655462,,0.005093668587505817
2130,0.0012108383234590292,,0.006956127006560564
2131,0.000987829640507698,,0.006149948108941317
2132,0.0009694973705336452,,0.005640553776174784
2133,0.0009513958357274532,,0.004766435362398624
2134,0.001245092018507421,,0.005623216740787029
2135,0.0008928190800361335,,0.006092672701925039
2136,0.0010427252855151892,,0.010249052196741104
2137,0.000899926875717938,,0.004686687141656876
2138,0.0009183117654174566,,0.007124526426196098
2139,0.0013819453306496143,,0.0071696145460009575
2140,0.0010999743826687336,,0.009365759789943695
2141,0.0012425396125763655,,0.006246508564800024
2142,0.0018699339125305414,,0.009303918108344078
2143,0.0013790730154141784,,0.009380405768752098
2144,0.0010528474813327193,,0.008533799089491367
2145,0.0008280735928565264,,0.006793742533773184
2146,0.001004271674901247,,0.008075576275587082
2147,0.0011009268928319216,,0.00929087121039629
2148,0.0014447442954406142,,0.009299298748373985
2149,0.001366801094263792,,0.00850207731127739
2150,0.0012807422317564487,,0.009230749681591988
2151,0.0011811990989372134,,0.010346394963562489
2152,0.0014268399681895971,,0.008958695456385612
2153,0.001022233860567212,,0.010915840044617653
2154,0.001071044709533453,,0.010605946183204651
2155,0.0015700513031333685,,0.007376182358711958
2156,0.0011119964765384793,,0.008217046968638897
2157,0.0010004027280956507,,0.007813756354153156
2158,0.0010820901952683926,,0.005918813869357109
2159,0.0009876627009361982,,0.009201407432556152
2160,0.0012519543524831533,,0.0073890695348382
2161,0.0015022115549072623,,0.008317336440086365
2162,0.0010874764993786812,,0.008143316023051739
2163,0.0009819590486586094,,0.009016209281980991
2164,0.001040955539792776,,0.005013450048863888
2165,0.0011987658217549324,,0.00759228365495801
2166,0.0009296396165154874,,0.004347094334661961
2167,0.0014226743951439857,,0.0057920669205486774
2168,0.0009387002210132778,,0.005731087177991867
2169,0.0013112218584865332,,0.007512629963457584
2170,0.00169990467838943,,0.007849480025470257
2171,0.0009985468350350857,,0.010489997453987598
2172,0.0011014824267476797,,0.005262600723654032
2173,0.0010003088973462582,,0.009207681752741337
2174,0.0018259052885696292,,0.007930097170174122
2175,0.0014345292001962662,,0.010345673188567162
2176,0.0013246427988633513,,0.01107819378376007
2177,0.0012538009323179722,,0.00902273878455162
2178,0.0009636792237870395,,0.00865594856441021
2179,0.0011038545053452253,,0.006665714550763369
2180,0.001134588266722858,,0.007105926051735878
2181,0.000991608016192913,,0.005197720602154732
2182,0.0009016699041239917,,0.006865764502435923
2183,0.0010885436786338687,,0.008575388230383396
2184,0.0015993205597624183,,0.007075124885886908
2185,0.0011475656647235155,,0.009631337597966194
2186,0.0010113462340086699,,0.004943502135574818
2187,0.000990870175883174,,0.008887453004717827
2188,0.0009014845127239823,,0.005655375774949789
2189,0.0009998593013733625,,0.008894920349121094
2190,0.0010326877236366272,,0.00905617605894804
2191,0.0010558905778452754,,0.005335051566362381
2192,0.0009105060016736388,,0.008037806488573551
2193,0.0010242944117635489,,0.007166146766394377
2194,0.0013939577620476484,,0.008913756348192692
2195,0.001667818403802812,,0.006364791188389063
2196,0.0011691416148096323,,0.011106505058705807
2197,0.0009429277270101011,,0.007192812394350767
2198,0.0009131712722592056,,0.006641472224146128
2199,0.0013011267874389887,,0.01095722895115614
2200,0.001294019864872098,,0.009568787179887295
2201,0.0009465065668337047,,0.007507696747779846
2202,0.0009400147828273475,,0.005780484061688185
2203,0.0015932624228298664,,0.006295415107160807
2204,0.000944665283896029,,0.005648965481668711
2205,0.0009872743394225836,,0.006237403955310583
2206,0.0010151725728064775,,0.0054460689425468445
2207,0.0010032807476818562,,0.007037234026938677
2208,0.0010478607146069407,,0.006536918692290783
2209,0.0012673437595367432,,0.006459423340857029
2210,0.0009716965141706169,,0.00561450095847249
2211,0.0009077638387680054,,0.0059374598786234856
2212,0.0009699094807729125,,0.004819692578166723
2213,0.0010929566342383623,,0.008320004679262638
2214,0.0013220002874732018,,0.007542109582573175
2215,0.000798465684056282,,0.003854663111269474
2216,0.000885477289557457,,0.006768928840756416
2217,0.001139701809734106,,0.00508125452324748
2218,0.0011440211674198508,,0.009414345026016235
2219,0.0012755407951772213,,0.006100673694163561
2220,0.0009591975249350071,,0.00653866259381175
2221,0.0009701944654807448,,0.005250067915767431
2222,0.0011468774173408747,,0.006005884148180485
2223,0.0013140183873474598,,0.00672972621396184
2224,0.0008856533095240593,,0.005593808367848396
2225,0.0008996533579193056,,0.004975191317498684
2226,0.0009858268313109875,,0.0042730662971735
2227,0.0009929941734299064,,0.004449102561920881
2228,0.0009224102832376957,,0.005849301349371672
2229,0.001122370595112443,,0.006138281896710396
2230,0.0008456860668957233,,0.007091801147907972
2231,0.0010422110790386796,,0.005404071882367134
2232,0.0011282518971711397,,0.007346315309405327
2233,0.0008935810765251517,,0.004655607510358095
2234,0.0015915220137685537,,0.007072911597788334
2235,0.000893068965524435,,0.006160041783004999
2236,0.0013286916073411703,,0.005519974511116743
2237,0.0013262321008369327,,0.009202648885548115
2238,0.0011573429219424725,,0.006833912339061499
2239,0.0009217768674716353,,0.010566147975623608
2240,0.0008983991574496031,,0.00415949709713459
2241,0.0016183819388970733,,0.011204852722585201
2242,0.0011016743956133723,,0.009494556114077568
2243,0.0008607067866250873,,0.011465270072221756
2244,0.0010828683152794838,,0.010586629621684551
2245,0.0008111563511192799,,0.0065551334992051125
2246,0.0010198700474575162,,0.01232216414064169
2247,0.0008748364052735269,,0.005134272389113903
2248,0.0011769761331379414,,0.012626874260604382
2249,0.0012220938224345446,,0.007752050179988146
2250,0.0009332566405646503,,0.007219759281724691
2251,0.0010340919252485037,,0.009002916514873505
2252,0.000945021107327193,,0.0053222086280584335
2253,0.0010128043359145522,,0.009723367169499397
2254,0.0010104042012244463,,0.006454285699874163
2255,0.0010013626888394356,,0.009168760851025581
2256,0.0008835996268317103,,0.007452881895005703
2257,0.001319520059041679,,0.010698426514863968
2258,0.0009407044271938503,,0.008026914671063423
2259,0.0013675004011020064,,0.006292133592069149
2260,0.0008448692969977856,,0.00552708376199007
2261,0.0009756185463629663,,0.004625994712114334
2262,0.000984819489531219,,0.00575832836329937
2263,0.0010026320815086365,,0.008380364626646042
2264,0.000992977642454207,,0.007669650483876467
2265,0.0015442700823768973,,0.00722454022616148
2266,0.0012372361961752176,,0.005719868000596762
2267,0.0014079336542636156,,0.008304938673973083
2268,0.00144766119774431,,0.00710330018773675
2269,0.001236187294125557,,0.00536623178049922
2270,0.00123167026322335,,0.00741030927747488
2271,0.0011626876657828689,,0.00878518633544445
2272,0.0011805344838649035,,0.006903078407049179
2273,0.0008899791864678264,,0.009120100177824497
2274,0.0009591068956069648,,0.006253197323530912
2275,0.0008044772548601031,,0.006424127612262964
2276,0.0013575664488598704,,0.006796505767852068
2277,0.0011035705683752894,,0.00848523247987032
2278,0.0007412733393721282,,0.006303516682237387
2279,0.001244578044861555,,0.008821917697787285
2280,0.0010431059636175632,,0.008876055479049683
2281,0.0008135062525980175,,0.007355620618909597
2282,0.0010556332999840379,,0.009813729673624039
2283,0.0007971961749717593,,0.006287519354373217
2284,0.0009722413378767669,,0.008047779090702534
2285,0.000892284675501287,,0.009211943484842777
2286,0.0007751758093945682,,0.004757449962198734
2287,0.0009685141849331558,,0.00788763165473938
2288,0.001572317793034017,,0.009322467260062695
2289,0.0013836498837918043,,0.008955691009759903
2290,0.0008990266360342503,,0.006940994877368212
2291,0.0012628452386707067,,0.006229820661246777
2292,0.0009352221386507154,,0.01150177326053381
2293,0.0008650675881654024,,0.005206074099987745
2294,0.0008992801303975284,,0.007933423854410648
2295,0.0011694123968482018,,0.004902454558759928
2296,0.000940795405767858,,0.006956625729799271
2297,0.0009062341414391994,,0.007128491066396236
2298,0.0010427623055875301,,0.004707400221377611
2299,0.0009641132201068103,,0.011453266255557537
2300,0.0014917156659066677,,0.009356731548905373
2301,0.0010798913426697254,,0.009172417223453522
2302,0.0009402718278579414,,0.008201424963772297
2303,0.0011119325645267963,,0.008606978692114353
2304,0.0012925874907523394,,0.00693537900224328
2305,0.0010338209103792906,,0.007653841748833656
2306,0.0009642796940170228,,0.006921951659023762
2307,0.0011997288092970848,,0.011397193185985088
2308,0.0015278313076123595,,0.006554623134434223
2309,0.0010427588131278753,,0.010513490065932274
2310,0.000971476431004703,,0.008320014923810959
2311,0.0013598020887002349,,0.00987352803349495
2312,0.0010106469271704555,,0.009026944637298584
2313,0.0008577493717893958,,0.008208614774048328
2314,0.000935286923777312,,0.009684683755040169
2315,0.001119344844482839,,0.005831290036439896
2316,0.0010281874565407634,,0.012281304225325584
2317,0.0007839323952794075,,0.0062935324385762215
2318,0.0009192202123813331,,0.011997150257229805
2319,0.0015138040762394667,,0.009117337875068188
2320,0.0010930486023426056,,0.008680962026119232
2321,0.0009707104181870818,,0.007844236679375172
2322,0.0009026061161421239,,0.008615976199507713
2323,0.0008573906379751861,,0.0068675801157951355
2324,0.0010714697418734431,,0.006641831714659929
2325,0.001057549612596631,,0.009136057458817959
2326,0.0009031271329149604,,0.004730901215225458
2327,0.0009665259858593345,,0.009464136324822903
2328,0.0009117120644077659,,0.006339598912745714
2329,0.001067583099938929,,0.0072467452846467495
2330,0.0013666809536516666,,0.008218412287533283
2331,0.0008837864152155817,,0.00813528336584568
2332,0.0009741847752593458,,0.006446880288422108
2333,0.0012041166191920638,,0.007392347324639559
2334,0.0009018871933221817,,0.004029868636280298
2335,0.0010357763385400176,,0.008086970075964928
2336,0.0011434780899435282,,0.006782809738069773
2337,0.0012078091967850924,,0.009007317014038563
2338,0.0009328067535534501,,0.005890780594199896
2339,0.0009962371550500393,,0.006768282502889633
2340,0.0010368353687226772,,0.008257091045379639
2341,0.0009147465461865067,,0.007304923143237829
2342,0.0012403099099174142,,0.01046036183834076
2343,0.0009310750756412745,,0.007567136082798243
2344,0.0011004882398992777,,0.007246084976941347
2345,0.001334769418463111,,0.006540634669363499
2346,0.0008007981814444065,,0.008144260384142399
2347,0.0014263985212892294,,0.006529529578983784
2348,0.0009917302522808313,,0.008174852468073368
2349,0.0008133359951898456,,0.006033145822584629
2350,0.0009771882323548198,,0.006056162994354963
2351,0.000901893712580204,,0.006838759407401085
2352,0.0010648745810613036,,0.005652989726513624
2353,0.0008704382926225662,,0.008191365748643875
2354,0.0009019418503157794,,0.006299082189798355
2355,0.0012674399185925722,,0.00644689192995429
2356,0.0010032523423433304,,0.006572699639946222
2357,0.001136420527473092,,0.008622188121080399
2358,0.0008034412167035043,,0.003978087101131678
2359,0.0011704596690833569,,0.009830575436353683
2360,0.0009497966384515166,,0.004942797124385834
2361,0.0008420497179031372,,0.007471774704754353
2362,0.0009437826229259372,,0.004949921742081642
2363,0.0008553708903491497,,0.007078410126268864
2364,0.0009811277268454432,,0.0066610234789550304
2365,0.0013219991233199835,,0.006172587629407644
2366,0.0008002008544281125,,0.006249419413506985
2367,0.0010219307150691748,,0.0060819475911557674
2368,0.0007332285167649388,,0.004039898049086332
2369,0.0008258861489593983,,0.005498911719769239
2370,0.0012827081372961402,,0.004969676956534386
2371,0.0008820322109386325,,0.008479624055325985
2372,0.0007617493974976242,,0.004306463990360498
2373,0.0016662105917930603,,0.006274824030697346
2374,0.0010137151693925261,,0.004999701865017414
2375,0.0008913406054489315,,0.006655744276940823
2376,0.0008639594307169318,,0.004557296168059111
2377,0.00150560331530869,,0.007825947366654873
2378,0.0009855662938207388,,0.006526147946715355
2379,0.0008738137548789382,,0.005167919676750898
2380,0.0011976007372140884,,0.006471653934568167
2381,0.0008775933529250324,,0.004663867875933647
2382,0.0008912009652704,,0.005482819397002459
2383,0.001122797024436295,,0.008171753957867622
2384,0.0008384133107028902,,0.006453183013945818
2385,0.0022928467951714993,,0.014321173541247845
2386,0.0012327516451478004,,0.006036849692463875
2387,0.0009697626228444278,,0.012080112472176552
2388,0.0012802830897271633,,0.007844938896596432
2389,0.000937023782171309,,0.008969515562057495
2390,0.0008113727672025561,,0.005536907818168402
2391,0.0009684080141596496,,0.008818316273391247
2392,0.0010128309950232506,,0.005601159296929836
2393,0.0010737896664068103,,0.008197621442377567
2394,0.0009372830390930176,,0.006562420632690191
2395,0.001108537195250392,,0.007412887178361416
2396,0.0013229278847575188,,0.0068573374301195145
2397,0.0009355162037536502,,0.006940843071788549
2398,0.0010413113050162792,,0.007183128502219915
2399,0.0011174129322171211,,0.006394580006599426
2400,0.0010188326705247164,,0.00567551190033555
2401,0.0008256923174485564,,0.0066541219130158424
2402,0.00098896911367774,,0.007175745442509651
2403,0.0008851615712046623,,0.00719405384734273
2404,0.0011230029631406069,,0.010960006155073643
2405,0.0009460884029977024,,0.008442630991339684
2406,0.0011978794354945421,,0.007395148277282715
2407,0.0014718755846843123,,0.007771582808345556
2408,0.0014633408281952143,,0.006545491050928831
2409,0.0009555948199704289,,0.007004653103649616
2410,0.0016355805564671755,,0.006680202670395374
2411,0.001036480418406427,,0.007294198963791132
2412,0.001181317726150155,,0.008760173805058002
2413,0.0016800774028524756,,0.00785681139677763
2414,0.0010997659992426634,,0.008779161609709263
2415,0.0010868905810639262,,0.005509268492460251
2416,0.0010903304209932685,,0.008649212308228016
2417,0.0008928849129006267,,0.005293672438710928
2418,0.0010248585604131222,,0.009007099084556103
2419,0.0008406779961660504,,0.006099313031882048
2420,0.0009159519104287028,,0.007082466036081314
2421,0.0012927425559610128,,0.007691885344684124
2422,0.0010725253960117698,,0.006663522683084011
2423,0.0008981684222817421,,0.007063699886202812
2424,0.001057377434335649,,0.006043103989213705
2425,0.001017915434204042,,0.008409672416746616
2426,0.0009703370742499828,,0.0052443863824009895
2427,0.0012459424324333668,,0.008129005320370197
2428,0.000952213304117322,,0.0059935059398412704
2429,0.0009312318870797753,,0.008202548138797283
2430,0.0008126226020976901,,0.005046061240136623
2431,0.0013640886172652245,,0.009914916940033436
2432,0.0008811810403130949,,0.0052192374132573605
2433,0.000913963362108916,,0.005365631077438593
2434,0.001186531619168818,,0.006722310557961464
2435,0.0009542410261929035,,0.007960567250847816
2436,0.001011083135381341,,0.009448932483792305
2437,0.001192818395793438,,0.007233441341668367
2438,0.0011391122825443745,,0.00817082542926073
2439,0.0009814779041334987,,0.006168243009597063
2440,0.0010576874483376741,,0.007112599443644285
2441,0.0010959990322589874,,0.007704118266701698
2442,0.0009349202737212181,,0.006283206399530172
2443,0.0008816706831566989,,0.0054966784082353115
2444,0.000998258008621633,,0.007238075602799654
2445,0.0012815973022952676,,0.008273576386272907
2446,0.0009628741536289454,,0.009431502781808376
2447,0.0010096848709508777,,0.010043910704553127
2448,0.0012724747648462653,,0.009821955114603043
2449,0.0010650185868144035,,0.01366518810391426
2450,0.0008080871193669736,,0.005352267064154148
2451,0.001316624111495912,,0.01259965542703867
2452,0.001088466844521463,,0.009233176708221436
2453,0.0009189349366351962,,0.007304740604013205
2454,0.0007790647214278579,,0.009620653465390205
2455,0.0008083377033472061,,0.005550808273255825
2456,0.0008916081860661507,,0.010606816038489342
2457,0.001084562623873353,,0.0073521011509001255
2458,0.0014154568780213594,,0.007281558122485876
2459,0.0009985489305108786,,0.010038514621555805
2460,0.001017752685584128,,0.005758693441748619
2461,0.0014894012128934264,,0.015476707369089127
2462,0.0008836201741360128,,0.004184251185506582
2463,0.001138389459811151,,0.013095857575535774
2464,0.0008624967886134982,,0.008349680341780186
2465,0.0011347758118063211,,0.010574942454695702
2466,0.0009264328400604427,,0.01309378631412983
2467,0.0008404399268329144,,0.004904601722955704
2468,0.000958193268161267,,0.014898552559316158
2469,0.0009169339900836349,,0.006413772236555815
2470,0.0011850481387227774,,0.01124721672385931
2471,0.0009306638385169208,,0.010572533123195171
2472,0.0008702039485797286,,0.007286890875548124
2473,0.0017031403258442879,,0.01127502042800188
2474,0.0010141225066035986,,0.006281018722802401
2475,0.0010675154626369476,,0.010832857340574265
2476,0.0013220664113759995,,0.007706005591899157
2477,0.0009425684693269432,,0.00779925100505352
2478,0.0009034214308485389,,0.010519272647798061
2479,0.0009148162789642811,,0.0061196559108793736
2480,0.0009910129010677338,,0.01036530639976263
2481,0.0011404587421566248,,0.007279940415173769
2482,0.001466907444410026,,0.009264713153243065
2483,0.0010069849668070674,,0.009456782601773739
2484,0.0011506612645462155,,0.00873283389955759
2485,0.0010366040514782071,,0.008217563852667809
2486,0.001053034677170217,,0.00681830570101738
2487,0.0009269065922126174,,0.0072467089630663395
2488,0.0008446545107290149,,0.0057940492406487465
2489,0.0009933491237461567,,0.00916294939815998
2490,0.0010577066568657756,,0.006329153198748827
2491,0.0010442158672958612,,0.008647406473755836
2492,0.0008938612299971282,,0.004732984118163586
2493,0.0007982768001966178,,0.0051773106679320335
2494,0.0011627820786088705,,0.008257346227765083
2495,0.0008194046095013618,,0.005442626774311066
2496,0.001161991385743022,,0.007941110990941525
2497,0.000953053473494947,,0.005607392638921738
2498,0.0008638774743303657,,0.004781683906912804
2499,0.0008985347812995315,,0.005745191592723131
2500,0.0008906438015401363,0.0007558950139072043,0.004083319567143917
2501,0.0009630468557588756,,0.005253414157778025
2502,0.0009850100614130497,,0.006143549457192421
2503,0.0011176366824656725,,0.006820020265877247
2504,0.0014712077099829912,,0.00830098520964384
2505,0.0009403512813150883,,0.008578259497880936
2506,0.001270914450287819,,0.006940668448805809
2507,0.0014323580544441938,,0.005889591295272112
2508,0.0009976833825930953,,0.007281341589987278
2509,0.0010394155979156494,,0.008241367526352406
2510,0.0008410968584939837,,0.007623704150319099
2511,0.0008857464417815208,,0.005466431379318237
2512,0.0011670950334519148,,0.009301317855715752
2513,0.000897947873454541,,0.00576149532571435
2514,0.0016991018783301115,,0.008576384745538235
2515,0.0014956258237361908,,0.0073347194120287895
2516,0.000889090821146965,,0.0064826421439647675
2517,0.0010126852430403233,,0.00566586758941412
2518,0.0008921651169657707,,0.005824381485581398
2519,0.0008853587205521762,,0.0044954693876206875
2520,0.0014010991435498,,0.005423287395387888
2521,0.0009662387892603874,,0.006467077881097794
2522,0.0016335024265572429,,0.009041454643011093
2523,0.0011734160361811519,,0.006304963491857052
2524,0.001158102648332715,,0.0073789432644844055
2525,0.0008404692634940147,,0.010061881504952908
2526,0.0007769056828692555,,0.006168290041387081
2527,0.0009699263609945774,,0.009414651431143284
2528,0.0008865151321515441,,0.006006009876728058
2529,0.0010354877449572086,,0.00823972001671791
2530,0.00128073338419199,,0.006454159505665302
2531,0.0007323736208491027,,0.004450771491974592
2532,0.0008175281109288335,,0.005201446358114481
2533,0.0008283312199637294,,0.005815590266138315
2534,0.0012573562562465668,,0.005687513388693333
2535,0.0008757938630878925,,0.004811361897736788
2536,0.001013714587315917,,0.0061207180842757225
2537,0.001015789806842804,,0.007549306843429804
2538,0.0010926253162324429,,0.00696231285110116
2539,0.0008527080062776804,,0.008013127371668816
2540,0.0011056081857532263,,0.007206914480775595
2541,0.0008119893609546125,,0.004565075505524874
2542,0.0010702089639380574,,0.007609446067363024
2543,0.000979181844741106,,0.008034029975533485
2544,0.0009447822812944651,,0.004997950978577137
2545,0.0014598686248064041,,0.00891138520091772
2546,0.0009143254719674587,,0.005362804047763348
2547,0.0010556669440120459,,0.008929235860705376
2548,0.0008954646764323115,,0.008081656880676746
2549,0.000825897790491581,,0.005637575406581163
2550,0.0008690466056577861,,0.005143783986568451
2551,0.0012705572880804539,,0.008763804100453854
2552,0.0009473657701164484,,0.008185337297618389
2553,0.0011617934796959162,,0.007036751601845026
2554,0.0010191842447966337,,0.007721685338765383
2555,0.0011669669765979052,,0.006089302245527506
2556,0.0009922299068421125,,0.00912283081561327
2557,0.0015211720019578934,,0.009820898994803429
2558,0.0010094738099724054,,0.009455361403524876
2559,0.0009470635559409857,,0.011628256179392338
2560,0.0009472618694417179,,0.008314365521073341
2561,0.0011140243150293827,,0.008386842906475067
2562,0.0009744103881530464,,0.00932148564606905
2563,0.0007953878957778215,,0.00638090493157506
2564,0.0009310333407483995,,0.01009061373770237
2565,0.0008854687912389636,,0.00783135462552309
2566,0.000884310225956142,,0.007440558169037104
2567,0.0008563572773709893,,0.005119704641401768
2568,0.0009200567146763206,,0.00814564898610115
2569,0.0010024079820141196,,0.008012333884835243
2570,0.0010506476974114776,,0.007239239756017923
2571,0.0010070189600810409,,0.009365440346300602
2572,0.001037391135469079,,0.009038121439516544
2573,0.0007410419057123363,,0.0054056402295827866
2574,0.001028129830956459,,0.007182681933045387
2575,0.001017831964418292,,0.008965735323727131
2576,0.0011012875474989414,,0.00798592995852232
2577,0.0009479764848947525,,0.006494349334388971
2578,0.0012261710362508893,,0.010520556010305882
2579,0.0010522156953811646,,0.006803594995290041
2580,0.0008911172626540065,,0.006128265988081694
2581,0.0008613671525381505,,0.008034596219658852
2582,0.001045223674736917,,0.009409822523593903
2583,0.0008684100466780365,,0.005102114751935005
2584,0.0012044920586049557,,0.011815505102276802
2585,0.0013504782691597939,,0.005995407700538635
2586,0.0008441046811640263,,0.007349424995481968
2587,0.0011047255247831345,,0.00986386276781559
2588,0.0010421259794384241,,0.009642298333346844
2589,0.001396987005136907,,0.006079815328121185
2590,0.0010154179763048887,,0.006498918868601322
2591,0.0010542820673435926,,0.00812234915792942
2592,0.0008200084557756782,,0.005917658098042011
2593,0.00087376544252038,,0.00585136516019702
2594,0.0009851367212831974,,0.007458915933966637
2595,0.000889232091140002,,0.006730532739311457
2596,0.0009806192247197032,,0.007190478499978781
2597,0.0008191918022930622,,0.0054892487823963165
2598,0.0009756385697983205,,0.00997945573180914
2599,0.0009158103493973613,,0.00552863534539938
2600,0.0009388630278408527,,0.0090614790096879
2601,0.0008711413247510791,,0.006075837649405003
2602,0.0011395913315936923,,0.007556689903140068
2603,0.0009547596564516425,,0.009371358901262283
2604,0.0008164496975950897,,0.00624461006373167
2605,0.0014336922904476523,,0.008515845984220505
2606,0.0012904361356049776,,0.007341415621340275
2607,0.0007790040108375251,,0.00738340150564909
2608,0.0013290527276694775,,0.00775922229513526
2609,0.0011256530415266752,,0.006451834924519062
2610,0.0009126825025305152,,0.008801895193755627
2611,0.001228878740221262,,0.011925664730370045
2612,0.0008410693844780326,,0.008946171030402184
2613,0.000848556577693671,,0.00887269526720047
2614,0.0008604418253526092,,0.0074732666835188866
2615,0.0009052002569660544,,0.008726103231310844
2616,0.0010845062788575888,,0.0063778855837881565
2617,0.0013830596581101418,,0.010901086963713169
2618,0.0012295558117330074,,0.006859398912638426
2619,0.0009625455713830888,,0.010479346849024296
2620,0.0009257376077584922,,0.006933432072401047
2621,0.0009041363373398781,,0.010798241011798382
2622,0.0010781101882457733,,0.009044553153216839
2623,0.001043977914378047,,0.005997973494231701
2624,0.0009812549687922,,0.009053729474544525
2625,0.0010307544143870473,,0.007348652929067612
2626,0.0011172399390488863,,0.008401982486248016
2627,0.0008133740047924221,,0.0059791551902890205
2628,0.0011285183718428016,,0.0064186956733465195
2629,0.0008158724522218108,,0.004361252766102552
2630,0.0009617580799385905,,0.00571388890966773
2631,0.0008490952895954251,,0.005049076862633228
2632,0.0008094521472230554,,0.006164014805108309
2633,0.0007671681232750416,,0.00434191944077611
2634,0.0011598099954426289,,0.00685167359188199
2635,0.0009003893355838954,,0.007569244597107172
2636,0.0008633594261482358,,0.00534230237826705
2637,0.0009644747478887439,,0.006055728532373905
2638,0.0009228414855897427,,0.0057734539732337
2639,0.000806157651823014,,0.004484045319259167
2640,0.0008630243828520179,,0.007767344359308481
2641,0.0009382072603330016,,0.0072354963049292564
2642,0.0009006317704916,,0.007793114520609379
2643,0.0008010034216567874,,0.004264862742275
2644,0.0010512940352782607,,0.005862985271960497
2645,0.0015717287315055728,,0.008525870740413666
2646,0.000941583130043,,0.005586384329944849
2647,0.0007579525699838996,,0.008353741839528084
2648,0.0008968650363385677,,0.010157575830817223
2649,0.001126655493862927,,0.0065200068056583405
2650,0.0010326545452699065,,0.007484107743948698
2651,0.0009461996960453689,,0.00785217247903347
2652,0.0008407893474213779,,0.00690054427832365
2653,0.0007483392837457359,,0.005152877885848284
2654,0.001479008118622005,,0.00957619957625866
2655,0.0008947306196205318,,0.00957411713898182
2656,0.001209015492349863,,0.0062591019086539745
2657,0.0008222325122915208,,0.007573732640594244
2658,0.0007766691269353032,,0.007504762150347233
2659,0.0008824613178148866,,0.005616482812911272
2660,0.0007743700407445431,,0.005962012335658073
2661,0.0007740174187347293,,0.007227269001305103
2662,0.0008256902801804245,,0.006320472341030836
2663,0.0008912221528589725,,0.0056426567025482655
2664,0.0010737096890807152,,0.008755549788475037
2665,0.001302371732890606,,0.00896176602691412
2666,0.0007966742850840092,,0.008992490358650684
2667,0.0009033117676153779,,0.008771883323788643
2668,0.0008432191680185497,,0.005148848053067923
2669,0.0008891859906725585,,0.007763141766190529
2670,0.001584992976859212,,0.008635511621832848
2671,0.0008600361179560423,,0.010285992175340652
2672,0.0009644974488765001,,0.00547773065045476
2673,0.0009616561001166701,,0.009234997443854809
2674,0.0009541631443426013,,0.006206798367202282
2675,0.0007573124021291733,,0.0065667396411299706
2676,0.0009368467144668102,,0.005859369412064552
2677,0.0013134954497218132,,0.0065569886937737465
2678,0.0007823125342838466,,0.004515854176133871
2679,0.0008070486364886165,,0.00642656534910202
2680,0.0008471118053421378,,0.008617372252047062
2681,0.0008629322983324528,,0.007989693433046341
2682,0.0007981790113262832,,0.010518284514546394
2683,0.00103522720746696,,0.006469501182436943
2684,0.0007943626260384917,,0.007152707781642675
2685,0.000865851528942585,,0.007889348082244396
2686,0.0010668085888028145,,0.0076276748441159725
2687,0.0010143219260498881,,0.007807259447872639
2688,0.0011472707847133279,,0.0055620684288442135
2689,0.0006906219641678035,,0.0056663621217012405
2690,0.0006802401039749384,,0.006170755252242088
2691,0.0010123471729457378,,0.007243948522955179
2692,0.0007859356701374054,,0.006025139708071947
2693,0.0007827543886378407,,0.00489727733656764
2694,0.0012632819125428796,,0.008932465687394142
2695,0.0010445074876770377,,0.004815962165594101
2696,0.000770877581089735,,0.007262710016220808
2697,0.0010632167104631662,,0.007452977355569601
2698,0.0010136388009414077,,0.0052899024449288845
2699,0.0008749389089643955,,0.007332934532314539
2700,0.0008228246006183326,,0.0065535916946828365
2701,0.0008704170468263328,,0.004807299003005028
2702,0.0008765504462644458,,0.007429828867316246
2703,0.000947246968280524,,0.007678702473640442
2704,0.0013369247317314148,,0.005927681922912598
2705,0.00096516078338027,,0.0055018095299601555
2706,0.0008933804929256439,,0.005595520604401827
2707,0.0010257589165121317,,0.007145358715206385
2708,0.00129028782248497,,0.007806089706718922
2709,0.0008464818820357323,,0.005370151251554489
2710,0.0007696586544625461,,0.007657791022211313
2711,0.0008310936391353607,,0.005318379495292902
2712,0.0011448635486885905,,0.006866205483675003
2713,0.0008859477820806205,,0.00630448991432786
2714,0.001032117404974997,,0.005853764247149229
2715,0.0008466173894703388,,0.0063949632458388805
2716,0.0009194821468554437,,0.005866576451808214
2717,0.0009578372118994594,,0.006104752421379089
2718,0.001369945239275694,,0.006185137666761875
2719,0.0008095278171822429,,0.005000547040253878
2720,0.0009461768204346299,,0.005751547869294882
2721,0.0014482535189017653,,0.006230504717677832
2722,0.0009519983432255685,,0.006009266246110201
2723,0.0010476333554834127,,0.007843858562409878
2724,0.0014382777735590935,,0.010130900889635086
2725,0.0008719898760318756,,0.006708935834467411
2726,0.0009300474775955081,,0.007241321261972189
2727,0.001077605178579688,,0.008834375068545341
2728,0.0009353630593977869,,0.005720857996493578
2729,0.00091894855722785,,0.005718955770134926
2730,0.0012678755447268486,,0.01093287207186222
2731,0.0009366977028548717,,0.0061553590930998325
2732,0.001249331864528358,,0.007489036303013563
2733,0.0016720814164727926,,0.008107012137770653
2734,0.0008995522512122989,,0.006710418034344912
2735,0.0009441454894840717,,0.01035990659147501
2736,0.0011322041973471642,,0.0069959950633347034
2737,0.0011159544810652733,,0.007893589325249195
2738,0.0007541756494902074,,0.005961642600595951
2739,0.0012747969012707472,,0.009676817804574966
2740,0.0007885127561166883,,0.007441225927323103
2741,0.0008663679473102093,,0.005598198156803846
2742,0.0008769119158387184,,0.009068818762898445
2743,0.0011792003642767668,,0.007201554719358683
2744,0.0012242826633155346,,0.009413341991603374
2745,0.0010375126730650663,,0.008368419483304024
2746,0.0012058131396770477,,0.009243182837963104
2747,0.0008160982979461551,,0.007771831005811691
2748,0.0011644861660897732,,0.008751295506954193
2749,0.001293032430112362,,0.010412761010229588
2750,0.0008154873503372073,,0.007317373063415289
2751,0.0009542790940031409,,0.009006313048303127
2752,0.00104544498026371,,0.00547670666128397
2753,0.0009478935971856117,,0.010960616171360016
2754,0.001081328373402357,,0.009878206998109818
2755,0.001040144357830286,,0.010290156118571758
2756,0.0009198276093229651,,0.012194554321467876
2757,0.0009000803693197668,,0.008414563722908497
2758,0.0008670852403156459,,0.009614170528948307
2759,0.001283949357457459,,0.006539750378578901
2760,0.0008413250325247645,,0.010980276390910149
2761,0.000890529016032815,,0.00573904812335968
2762,0.0010245312005281448,,0.006854603067040443
2763,0.0008290402474813163,,0.007527371868491173
2764,0.0008801943622529507,,0.007546555250883102
2765,0.0008295165607705712,,0.0077669634483754635
2766,0.0008261339971795678,,0.0058888462372124195
2767,0.0008994356612674892,,0.00838285032659769
2768,0.0009839462582021952,,0.008932773023843765
2769,0.0009759109816513956,,0.007614264730364084
2770,0.0009668014827184379,,0.010056878440082073
2771,0.0008570521604269743,,0.004401015117764473
2772,0.0012036369880661368,,0.011169352568686008
2773,0.0008333913865499198,,0.007598937954753637
2774,0.0009919843869283795,,0.008167644031345844
2775,0.0007344222394749522,,0.0062749916687607765
2776,0.0008282409980893135,,0.006709433160722256
2777,0.0009618381736800075,,0.007465715520083904
2778,0.0016872473061084747,,0.007597486022859812
2779,0.0008440688252449036,,0.007916742004454136
2780,0.0008367933332920074,,0.0074151186272501945
2781,0.0011880513047799468,,0.008151691406965256
2782,0.0012164211366325617,,0.009086140431463718
2783,0.0007953121094033122,,0.005200541578233242
2784,0.0009148648823611438,,0.00924794003367424
2785,0.0008426463464275002,,0.006913111079484224
2786,0.001333064865320921,,0.007815102115273476
2787,0.000885327230207622,,0.006981606595218182
2788,0.0012916384730488062,,0.008669349364936352
2789,0.0008857882348820567,,0.007809714414179325
2790,0.001109667937271297,,0.005501619074493647
2791,0.001496216980740428,,0.00842740386724472
2792,0.0009783487766981125,,0.008003209717571735
2793,0.0009303786209784448,,0.006164007820188999
2794,0.000951128255110234,,0.009420769289135933
2795,0.0010352939134463668,,0.007255145814269781
2796,0.0008506149752065539,,0.00689358077943325
2797,0.0010794465197250247,,0.007679411675781012
2798,0.0010343174217268825,,0.006544814445078373
2799,0.000924327876418829,,0.007468776777386665
2800,0.0008448943262919784,,0.006573237478733063
2801,0.0007769104558974504,,0.007836923003196716
2802,0.001145164598710835,,0.008326179347932339
2803,0.0007665962330065668,,0.005816245451569557
2804,0.000826573115773499,,0.005877976771444082
2805,0.0007837253506295383,,0.005665221251547337
2806,0.0010890006087720394,,0.007166719064116478
2807,0.0009186907554976642,,0.004418324213474989
2808,0.0009617226896807551,,0.004742992576211691
2809,0.0008597989799454808,,0.0054582953453063965
2810,0.000711335800588131,,0.006149070803076029
2811,0.0013010036200284958,,0.007591500878334045
2812,0.0008626968483440578,,0.0075147426687181
2813,0.0006538457237184048,,0.003985163290053606
2814,0.0008881677640601993,,0.006229957565665245
2815,0.0008498678216710687,,0.005405209958553314
2816,0.000877855927683413,,0.005549262277781963
2817,0.0008306020754389465,,0.006159963086247444
2818,0.001105181290768087,,0.007865606807172298
2819,0.0010804547928273678,,0.011090866290032864
2820,0.0008381094667129219,,0.00757076870650053
2821,0.000939236837439239,,0.009618707932531834
2822,0.0007945040706545115,,0.006470812018960714
2823,0.0011570760980248451,,0.008489498868584633
2824,0.0007020175689831376,,0.005827948451042175
2825,0.0008766972459852695,,0.005438217893242836
2826,0.0009189951233565807,,0.006823212839663029
2827,0.0011099636321887374,,0.007564165163785219
2828,0.0008011296158656478,,0.007940635085105896
2829,0.001086320262402296,,0.006665408611297607
2830,0.0007822529296390712,,0.008577723056077957
2831,0.001140262233093381,,0.007794857490807772
2832,0.0010231976630166173,,0.006282522343099117
2833,0.0009862363804131746,,0.009978484362363815
2834,0.0007227828609757125,,0.005530850496143103
2835,0.001490580732934177,,0.008264681324362755
2836,0.0008602023008279502,,0.007333625573664904
2837,0.0010974465403705835,,0.009176076389849186
2838,0.0008460953249596059,,0.008454324677586555
2839,0.0008121381397359073,,0.004547732882201672
2840,0.0010516431648284197,,0.00985386036336422
2841,0.0009857467375695705,,0.006666455417871475
2842,0.0009460303699597716,,0.007815768010914326
2843,0.0008713117567822337,,0.006958619225770235
2844,0.000798153574578464,,0.004772386979311705
2845,0.0007365720812231302,,0.005618822295218706
2846,0.001080514513887465,,0.007855329662561417
2847,0.0009801784763112664,,0.005725530907511711
2848,0.0010743996826931834,,0.010208559222519398
2849,0.0012016117107123137,,0.007146251387894154
2850,0.0012240629876032472,,0.008093982934951782
2851,0.0008210078813135624,,0.0068849422968924046
2852,0.0008280853508040309,,0.0063483514823019505
2853,0.0008430234156548977,,0.008737416006624699
2854,0.0007855404983274639,,0.008262746967375278
2855,0.0011911776382476091,,0.007628320250660181
2856,0.0008398929494433105,,0.008861745707690716
2857,0.0011517233215272427,,0.011404694058001041
2858,0.0010370130185037851,,0.00821372214704752
2859,0.0008535340311937034,,0.010628599673509598
2860,0.0010410693939775229,,0.007031915243715048
2861,0.0008222772739827633,,0.009479657746851444
2862,0.0007390558603219688,,0.00708239059895277
2863,0.0008836581255309284,,0.008744399063289165
2864,0.0009398272959515452,,0.011187641881406307
2865,0.0014562960714101791,,0.00903311651200056
2866,0.0010962759843096137,,0.009805457666516304
2867,0.0009787362068891525,,0.005723800044506788
2868,0.001655880711041391,,0.01038670539855957
2869,0.0008404864347539842,,0.0086255744099617
2870,0.0007553628529421985,,0.005347684025764465
2871,0.0008218692382797599,,0.008663388900458813
2872,0.0008857278153300285,,0.005962709430605173
2873,0.0007829253445379436,,0.006853159517049789
2874,0.0008781083743087947,,0.007892339490354061
2875,0.000819323817268014,,0.006220600102096796
2876,0.0011465417919680476,,0.0068849739618599415
2877,0.0007524373359046876,,0.005450733471661806
2878,0.0008347014663740993,,0.004849500488489866
2879,0.0009742639376781881,,0.006814129650592804
2880,0.0007042051292955875,,0.005678853020071983
2881,0.0007741618319414556,,0.008070305921137333
2882,0.0009405738674104214,,0.005084361881017685
2883,0.000831836077850312,,0.006417693104594946
2884,0.001509426161646843,,0.006616431288421154
2885,0.0007730338256806135,,0.006684052292257547
2886,0.000702337478287518,,0.004978151526302099
2887,0.0007224716246128082,,0.005975776351988316
2888,0.0011605400359258056,,0.006825145799666643
2889,0.0007409037789329886,,0.004549093544483185
2890,0.0006873243255540729,,0.005987273529171944
2891,0.0007405576179735363,,0.005236569792032242
2892,0.000992473098449409,,0.0058303531259298325
2893,0.0008539591799490154,,0.006874707527458668
2894,0.0014000083319842815,,0.005128754768520594
2895,0.0007575328345410526,,0.006637973245233297
2896,0.0008576830732636154,,0.006107985507696867
2897,0.0007272029761224985,,0.005832691676914692
2898,0.0010669948533177376,,0.007719769608229399
2899,0.0009778242092579603,,0.006533007137477398
2900,0.0013012206181883812,,0.007358564995229244
2901,0.0007692370563745499,,0.004430464934557676
2902,0.0007434083963744342,,0.007016755640506744
2903,0.000681020668707788,,0.004462225828319788
2904,0.0014075397048145533,,0.006240582559257746
2905,0.00083669408923015,,0.005352818872779608
2906,0.0008682326879352331,,0.005821996368467808
2907,0.0006564606446772814,,0.004445548169314861
2908,0.0011934259673580527,,0.0042603034526109695
2909,0.0008581262081861496,,0.004951948765665293
2910,0.0008741397177800536,,0.0047080121003091335
2911,0.0008005411364138126,,0.003862396813929081
2912,0.000775423482991755,,0.003798262681812048
2913,0.0010027310345321894,,0.005769957788288593
2914,0.0007823520572856069,,0.005636210553348064
2915,0.0009899004362523556,,0.00530700059607625
2916,0.0007112789899110794,,0.004966222681105137
2917,0.0008785532554611564,,0.006214275490492582
2918,0.0007500465726479888,,0.0061052944511175156
2919,0.001330878003500402,,0.00801431480795145
2920,0.0008079041726887226,,0.004680798854678869
2921,0.0007798501756042242,,0.0068937037140131
2922,0.0008491822518408298,,0.005775580182671547
2923,0.000679739925544709,,0.006171634420752525
2924,0.0007635696674697101,,0.007178355008363724
2925,0.0008138027042150497,,0.005071825813502073
2926,0.000771026941947639,,0.005567631684243679
2927,0.000863396271597594,,0.005884218029677868
2928,0.0009203291847370565,,0.006099502090364695
2929,0.0010370502714067698,,0.008808299899101257
2930,0.0011674235574901104,,0.007799131795763969
2931,0.000805819290690124,,0.007642435375601053
2932,0.0007292568916454911,,0.005579075776040554
2933,0.0008479312527924776,,0.007806893438100815
2934,0.000861249107401818,,0.006897531915456057
2935,0.000994475674815476,,0.006169597618281841
2936,0.0008616714621894062,,0.009435982443392277
2937,0.0008664337219670415,,0.005377129651606083
2938,0.0007882193895056844,,0.008395206183195114
2939,0.00066665856866166,,0.005377098917961121
2940,0.0009478104184381664,,0.007907531224191189
2941,0.0012958033476024866,,0.00733113382011652
2942,0.0010602347319945693,,0.00756521662697196
2943,0.0008925950969569385,,0.009036584757268429
2944,0.0008846125565469265,,0.004332930315285921
2945,0.0008896876825019717,,0.010873662307858467
2946,0.0009308491717092693,,0.005836938973516226
2947,0.0008128673653118312,,0.006191887892782688
2948,0.0009943450568243861,,0.008828398771584034
2949,0.0008897787774913013,,0.006378505378961563
2950,0.0008319792104884982,,0.00714776711538434
2951,0.001022410113364458,,0.005035573150962591
2952,0.0007928704144433141,,0.005506375804543495
2953,0.0013462645001709461,,0.0071003674529492855
2954,0.0009472219971939921,,0.0053789252415299416
2955,0.0009015206014737487,,0.007261150516569614
2956,0.0008354559540748596,,0.005644673015922308
2957,0.000895076198503375,,0.0076932236552238464
2958,0.0007817716686986387,,0.007314729038625956
2959,0.0007203202694654465,,0.00669565936550498
2960,0.0009512268006801605,,0.005639758892357349
2961,0.0008826470002532005,,0.007878022268414497
2962,0.0013950737193226814,,0.009322786703705788
2963,0.0009623388177715242,,0.007225898094475269
2964,0.0007697604596614838,,0.008405158296227455
2965,0.0009145074873231351,,0.009694863110780716
2966,0.0008210692321881652,,0.00994245707988739
2967,0.0007672510109841824,,0.007135323248803616
2968,0.0007628632592968643,,0.00553922588005662
2969,0.0009655259782448411,,0.008202636614441872
2970,0.0007632144261151552,,0.005414597224444151
2971,0.0009013210656121373,,0.008632073178887367
2972,0.0011211037635803223,,0.006261525675654411
2973,0.0012279930524528027,,0.007070872001349926
2974,0.0007329987129196525,,0.008682148531079292
2975,0.0010266366880387068,,0.007675717119127512
2976,0.0012938538566231728,,0.0071275075897574425
2977,0.0008914758218452334,,0.006283893715590239
2978,0.000935408694203943,,0.008132507093250751
2979,0.0008073959033936262,,0.007847726345062256
2980,0.0007774296100251377,,0.005675433203577995
2981,0.000933158618863672,,0.009375141002237797
2982,0.001090957666747272,,0.007640077732503414
2983,0.001295348396524787,,0.006182789336889982
2984,0.0007483045337721705,,0.006078688893467188
2985,0.000848764437250793,,0.00675668241456151
2986,0.000757081841584295,,0.004853587131947279
2987,0.0007743771420791745,,0.005125274881720543
2988,0.0007770436350256205,,0.006416138727217913
2989,0.0014609372010454535,,0.00892498530447483
2990,0.0007866882951930165,,0.006421845871955156
2991,0.0008002768154256046,,0.004778594709932804
2992,0.0017273713601753116,,0.006765024270862341
2993,0.0008438725490123034,,0.005304953549057245
2994,0.0008150584762915969,,0.005266464781016111
2995,0.0008354444871656597,,0.006573155522346497
2996,0.0007040674681775272,,0.00532378489151597
2997,0.0007960677030496299,,0.005421083886176348
2998,0.0007633130881004035,,0.00673613790422678
2999,0.0009270505979657173,,0.00932978093624115
3000,0.0008471201872453094,0.0007138819866625151,0.005942757707089186
3001,0.0007902702200226486,,0.006072529125958681
3002,0.0007966921548359096,,0.005523707251995802
3003,0.0008463937556371093,,0.005986570380628109
3004,0.0007007585372775793,,0.005723731592297554
3005,0.001097115222364664,,0.0071870251558721066
3006,0.0011247022775933146,,0.006539393216371536
3007,0.0008561643771827221,,0.007775903679430485
3008,0.0007421267218887806,,0.0046593202278018
3009,0.0007915440946817398,,0.008289880119264126
3010,0.0007987805875018239,,0.007235797122120857
3011,0.000993307214230299,,0.008542598225176334
3012,0.0009006992913782597,,0.00556119903922081
3013,0.0008999868296086788,,0.0071272822096943855
3014,0.0007716707768850029,,0.00584035599604249
3015,0.000921100378036499,,0.007412830833345652
3016,0.0007101292721927166,,0.006268949713557959
3017,0.0008533747750334442,,0.007354047615081072
3018,0.0007665615412406623,,0.005718078464269638
3019,0.0007535823388025165,,0.00618707062676549
3020,0.0007547351415269077,,0.004934054799377918
3021,0.001174376579001546,,0.006381599232554436
3022,0.0008920051623135805,,0.005276532843708992
3023,0.0007373802363872528,,0.007941357791423798
3024,0.0008123631123453379,,0.006483940873295069
3025,0.0007913041627034545,,0.00522821256890893
3026,0.0007277624099515378,,0.007183275651186705
3027,0.00072856480255723,,0.004051974508911371
3028,0.0017381450161337852,,0.010406283661723137
3029,0.0007609470630995929,,0.0078103006817400455
3030,0.0008708327077329159,,0.0071396417915821075
3031,0.0008020196110010147,,0.0077033755369484425
3032,0.000900077517144382,,0.006148211658000946
3033,0.0007789304363541305,,0.006293779239058495
3034,0.00095271848840639,,0.009197740815579891
3035,0.0008676103316247463,,0.005580194294452667
3036,0.0009008408524096012,,0.00913172960281372
3037,0.0007462091161869466,,0.005817809607833624
3038,0.0010423003695905209,,0.004795442800968885
3039,0.0008406811393797398,,0.004531697370111942
3040,0.0007964893593452871,,0.00531493965536356
3041,0.0007798006990924478,,0.005352478474378586
3042,0.000744305900298059,,0.006058379542082548
3043,0.000709672225639224,,0.005417306441813707
3044,0.0007511490257456899,,0.00746086286380887
3045,0.0008404713007621467,,0.005634594708681107
3046,0.0014826890546828508,,0.009070728905498981
3047,0.0007659568800590932,,0.005176940467208624
3048,0.0012519361916929483,,0.006295055616647005
3049,0.0011159413261339068,,0.0070245834067463875
3050,0.0008670538663864136,,0.008176996372640133
3051,0.0012177627068012953,,0.007739698514342308
3052,0.0008816648041829467,,0.006259328220039606
3053,0.0008728632237762213,,0.00895682442933321
3054,0.0008964419248513877,,0.006238844245672226
3055,0.0007957571069709957,,0.007557147182524204
3056,0.000762014533393085,,0.00439924793317914
3057,0.0009258903446607292,,0.006002369802445173
3058,0.0007402237388305366,,0.0064381323754787445
3059,0.000792933045886457,,0.006636753678321838
3060,0.0010651921620592475,,0.010493811219930649
3061,0.0008342994842678308,,0.008963084779679775
3062,0.0011282076593488455,,0.010815982706844807
3063,0.0007432889542542398,,0.005095083732157946
3064,0.0007611974142491817,,0.009378038346767426
3065,0.0007620953256264329,,0.004302022513002157
3066,0.0007450694683939219,,0.010319969616830349
3067,0.0011179704451933503,,0.008600238710641861
3068,0.0007702005095779896,,0.009695417247712612
3069,0.0012937841238453984,,0.009758911095559597
3070,0.0008007801952771842,,0.004751856438815594
3071,0.001381785492412746,,0.012761268764734268
3072,0.0009123568888753653,,0.00648161955177784
3073,0.0007197234081104398,,0.008245423436164856
3074,0.0007218577666208148,,0.005919831804931164
3075,0.0007647239835932851,,0.006833869498223066
3076,0.0013112336164340377,,0.006612618453800678
3077,0.0007705127354711294,,0.005622375290840864
3078,0.0010658565443009138,,0.007087789010256529
3079,0.0007822065381333232,,0.004336160141974688
3080,0.0007719877175986767,,0.00622249161824584
3081,0.0006913580000400543,,0.004330672323703766
3082,0.0007142708636820316,,0.006975765805691481
3083,0.0007515985053032637,,0.004957711324095726
3084,0.0007265199674293399,,0.006833113729953766
3085,0.0007899109623394907,,0.006284964736551046
3086,0.0007621776312589645,,0.0066418941132724285
3087,0.0008023522677831352,,0.006968009751290083
3088,0.0007502995431423187,,0.005796603858470917
3089,0.0008056981023401022,,0.008316516876220703
3090,0.0008572693914175034,,0.00543566420674324
3091,0.0007261898135766387,,0.008561279624700546
3092,0.0010107187554240227,,0.007658661808818579
3093,0.00134468381293118,,0.007721806410700083
3094,0.0006987567758187652,,0.007634221110492945
3095,0.0007582029211334884,,0.00801352970302105
3096,0.0008040327811613679,,0.006854069884866476
3097,0.001232844078913331,,0.0100935697555542
3098,0.0007685957243666053,,0.006385437678545713
3099,0.0007882697391323745,,0.009040115401148796
3100,0.0011237694416195154,,0.005228541791439056
3101,0.0007558724610134959,,0.006897259969264269
3102,0.000889494433067739,,0.007376702502369881
3103,0.0007812526891939342,,0.005707427393645048
3104,0.0007308037020266056,,0.006550848018378019
3105,0.0007180924294516444,,0.00535602355375886
3106,0.0013549545546993613,,0.008516473695635796
3107,0.0008914399659261107,,0.008130209520459175
3108,0.0007246126187965274,,0.008279542438685894
3109,0.0007949869032017887,,0.006510907784104347
3110,0.0010988782159984112,,0.0078031388111412525
3111,0.0007557845092378557,,0.009293668903410435
3112,0.0007997231441549957,,0.006592703517526388
3113,0.0011114374501630664,,0.007871515117585659
3114,0.0007996532949618995,,0.0073991743847727776
3115,0.0007097138441167772,,0.006884909700602293
3116,0.0008346366230398417,,0.006927615962922573
3117,0.000840197317302227,,0.007623391225934029
3118,0.0010374539997428656,,0.00797969289124012
3119,0.001032485393807292,,0.007806082721799612
3120,0.0011921966215595603,,0.005084637086838484
3121,0.0010131705785170197,,0.007851101458072662
3122,0.0007607975858263671,,0.00594074372202158
3123,0.0008296637097373605,,0.005924274679273367
3124,0.0012011255603283644,,0.0053076292388141155
3125,0.0006924538756720722,,0.00540546327829361
3126,0.000904108106624335,,0.006683717016130686
3127,0.0007613654597662389,,0.004386832471936941
3128,0.0007171271136030555,,0.0048704445362091064
3129,0.000814861967228353,,0.006955804768949747
3130,0.0006755955400876701,,0.00411714892834425
3131,0.001192272175103426,,0.009072639979422092
3132,0.0007435282459482551,,0.0058221593499183655
3133,0.000726056401617825,,0.005896075163036585
3134,0.0008560330024920404,,0.00496595399454236
3135,0.0009652212611399591,,0.006230372469872236
3136,0.0006933186086826026,,0.003573151770979166
3137,0.0008174141403287649,,0.005211611278355122
3138,0.0007390961982309818,,0.004554990213364363
3139,0.0008423267863690853,,0.007604640442878008
3140,0.0008088996401056647,,0.004819820169359446
3141,0.0008084736764431,,0.004429396707564592
3142,0.0007385547505691648,,0.005694495514035225
3143,0.0008133076480589807,,0.004895059857517481
3144,0.001052433392032981,,0.006195421330630779
3145,0.0008834278560243547,,0.005104595795273781
3146,0.0007570149609819055,,0.005940218456089497
3147,0.0008134035160765052,,0.005887160077691078
3148,0.0009036156698130071,,0.005519850179553032
3149,0.0007309303618967533,,0.005709994584321976
3150,0.0007323584286496043,,0.004723650403320789
3151,0.0008897817460820079,,0.008146940730512142
3152,0.0007761319866403937,,0.006255688611418009
3153,0.0007223244174383581,,0.004608604591339827
3154,0.0010767362546175718,,0.007180924527347088
3155,0.000910494418349117,,0.009377396665513515
3156,0.0007056333124637604,,0.006666291039437056
3157,0.0007637502858415246,,0.008466355502605438
3158,0.0007430119439959526,,0.005844538565725088
3159,0.0006972914561629295,,0.008712580427527428
3160,0.0011650946689769626,,0.006568604148924351
3161,0.0008841666276566684,,0.008547761477530003
3162,0.0010904207592830062,,0.007448059506714344
3163,0.0009329462191089988,,0.0058072954416275024
3164,0.0007404008647426963,,0.009769480675458908
3165,0.0007563316030427814,,0.006496591027826071
3166,0.0008215160924009979,,0.008440302684903145
3167,0.000697195646353066,,0.004874520469456911
3168,0.0008579473942518234,,0.008995641954243183
3169,0.0007582615944556892,,0.0055973646230995655
3170,0.000985162565484643,,0.0078969094902277
3171,0.0008436103817075491,,0.010456658899784088
3172,0.0010174538474529982,,0.010434580035507679
3173,0.0014087716117501259,,0.010199732147157192
3174,0.0007632591295987368,,0.005279411096125841
3175,0.0009026062907651067,,0.00876470934599638
3176,0.0008314651786349714,,0.008098067715764046
3177,0.000855319551192224,,0.011305770836770535
3178,0.0011736932210624218,,0.008160662837326527
3179,0.0009434294188395143,,0.006886312738060951
3180,0.0008078708196990192,,0.008290798403322697
3181,0.0008484772406518459,,0.005607562139630318
3182,0.000751446932554245,,0.005496124736964703
3183,0.0008564269519411027,,0.005691592115908861
3184,0.0007258755504153669,,0.005016996990889311
3185,0.0007203828427009284,,0.007135484833270311
3186,0.0007501395302824676,,0.006436844822019339
3187,0.0010036749299615622,,0.0077125257812440395
3188,0.0007690568454563618,,0.005879620555788279
3189,0.0010479515185579658,,0.006499527022242546
3190,0.0008406424312852323,,0.007430504076182842
3191,0.0007110759615898132,,0.004748800303786993
3192,0.0008346488466486335,,0.007179316598922014
3193,0.0008673624834045768,,0.006666979752480984
3194,0.0007614060305058956,,0.005674092564731836
3195,0.000734399538487196,,0.0070121195167303085
3196,0.0006503972108475864,,0.0076944874599576
3197,0.0009545794455334544,,0.007028392981737852
3198,0.0008047020528465509,,0.006095591466873884
3199,0.001048264093697071,,0.005469086579978466
3200,0.0006943601183593273,,0.004731522407382727
3201,0.0008179194992408156,,0.007926673628389835
3202,0.0007873992435634136,,0.00677690701559186
3203,0.001174003817141056,,0.0079377805814147
3204,0.001006962382234633,,0.008192041888833046
3205,0.0009232666343450546,,0.013645283877849579
3206,0.0008489073952659965,,0.007652515545487404
3207,0.0008094236254692078,,0.010020477697253227
3208,0.0007362016476690769,,0.009586043655872345
3209,0.0008768732659518719,,0.010558267123997211
3210,0.0007404095376841724,,0.011802799068391323
3211,0.0007298202253878117,,0.005489162635058165
3212,0.0007810276001691818,,0.011164246127009392
3213,0.0014270634856075048,,0.008103788830339909
3214,0.0009061542223207653,,0.010129785165190697
3215,0.0009747021831572056,,0.012548713013529778
3216,0.0008771972497925162,,0.004749963525682688
3217,0.0007942616357468069,,0.009801164269447327
3218,0.0008024823619052768,,0.008700637146830559
3219,0.000744505668990314,,0.0054581197910010815
3220,0.0013861716724932194,,0.008414648473262787
3221,0.0007624452700838447,,0.006941423751413822
3222,0.0008562302682548761,,0.009039945900440216
3223,0.0014381645014509559,,0.011435010470449924
3224,0.0007432322017848492,,0.005223717540502548
3225,0.0007905244710855186,,0.01156975794583559
3226,0.0006950848619453609,,0.00642243679612875
3227,0.0007751983357593417,,0.011218838393688202
3228,0.0007479720516130328,,0.005448014009743929
3229,0.0008467313600704074,,0.009926541708409786
3230,0.0007155767525546253,,0.007367634680122137
3231,0.0007206033915281296,,0.006953399628400803
3232,0.0009083912591449916,,0.009206890128552914
3233,0.0006981150945648551,,0.009106752462685108
3234,0.0007941973162814975,,0.009529097937047482
3235,0.0008121361024677753,,0.008493265137076378
3236,0.0007870291592553258,,0.007562300655990839
3237,0.0007949994178488851,,0.006980874575674534
3238,0.0007435358129441738,,0.005526480730623007
3239,0.000928411609493196,,0.006174542475491762
3240,0.0008142396691255271,,0.008642532862722874
3241,0.0008333122241310775,,0.0070139262825250626
3242,0.0010762501042336226,,0.00727091496810317
3243,0.0009544750209897757,,0.00586064625531435
3244,0.000871188472956419,,0.007793365977704525
3245,0.00071193918120116,,0.005621175281703472
3246,0.0010331867961212993,,0.0053901104256510735
3247,0.0007485751993954182,,0.005312846973538399
3248,0.0008452842012047768,,0.006617406848818064
3249,0.0007157960790209472,,0.007029435131698847
3250,0.0007895437302067876,,0.005679899360984564
3251,0.0006034502293914557,,0.00523174786940217
3252,0.0007477123290300369,,0.005044052843004465
3253,0.0008048891904763877,,0.004019553307443857
3254,0.0009599033510312438,,0.006223800592124462
3255,0.0012074196711182594,,0.004922771360725164
3256,0.000861629843711853,,0.005204224493354559
3257,0.0010149001609534025,,0.0065749818459153175
3258,0.0006745655555278063,,0.004714974667876959
3259,0.0010705601889640093,,0.009211799129843712
3260,0.0009812939679250121,,0.007365994155406952
3261,0.0009146094089373946,,0.007812680676579475
3262,0.000748063379433006,,0.005404259078204632
3263,0.0009075450943782926,,0.00551439356058836
3264,0.0007036660681478679,,0.0056952377781271935
3265,0.0007762319874018431,,0.0057459985837340355
3266,0.0007663430878892541,,0.004364835564047098
3267,0.0007097175111994147,,0.0064947823993861675
3268,0.001551687135361135,,0.00737657118588686
3269,0.0006809184560552239,,0.005881930235773325
3270,0.0007712514488957822,,0.00652330182492733
3271,0.0007617666269652545,,0.00641385093331337
3272,0.0007812173571437597,,0.007165012415498495
3273,0.0007804270135238767,,0.005024082027375698
3274,0.0008062339620664716,,0.008711546659469604
3275,0.0007532063173130155,,0.006254235282540321
3276,0.0008024931885302067,,0.006867778953164816
3277,0.0008159388089552522,,0.007106127217411995
3278,0.0008257110603153706,,0.0059784287586808205
3279,0.0008768359548412263,,0.006326775532215834
3280,0.0010256802197545767,,0.006914159748703241
3281,0.0007187661249190569,,0.007065698504447937
3282,0.0007763481698930264,,0.006357034668326378
3283,0.0009057747665792704,,0.006451250519603491
3284,0.0008645252091810107,,0.00847615860402584
3285,0.000623150437604636,,0.0044210669584572315
3286,0.0006993551505729556,,0.005454270169138908
3287,0.0006912210956215858,,0.006802643649280071
3288,0.0006728391163051128,,0.005761434324085712
3289,0.0010080441134050488,,0.007072969805449247
3290,0.0007507011177949607,,0.005702946800738573
3291,0.000703377416357398,,0.007284922059625387
3292,0.0006435561808757484,,0.005892995744943619
3293,0.000803558505140245,,0.006844681221991777
3294,0.0010809908853843808,,0.004834902472794056
3295,0.0009345299331471324,,0.006523603573441505
3296,0.0008859007502906024,,0.006900401785969734
3297,0.000682639074511826,,0.004581901710480452
3298,0.0010388392256572843,,0.007605166640132666
3299,0.0007304017199203372,,0.004794948734343052
3300,0.000929217494558543,,0.006436383351683617
3301,0.0009852420771494508,,0.007292911410331726
3302,0.0006427536718547344,,0.004653796553611755
3303,0.0007314616232179105,,0.006624558009207249
3304,0.0008182066376321018,,0.005358902271836996
3305,0.0006602448411285877,,0.0054711527191102505
3306,0.0007402515038847923,,0.006543485447764397
3307,0.0006920687155798078,,0.004134743008762598
3308,0.0007115706102922559,,0.006399011705070734
3309,0.0010358934523537755,,0.008402079343795776
3310,0.0007838729652576149,,0.004324252251535654
3311,0.0009477976709604263,,0.010080991312861443
3312,0.0007716933032497764,,0.004904586356133223
3313,0.0007536846096627414,,0.007486213464289904
3314,0.0011423167306929827,,0.005650861654430628
3315,0.000743499374948442,,0.0072427839040756226
3316,0.0008893876802176237,,0.0056589762680232525
3317,0.0007739370921626687,,0.005973017308861017
3318,0.0007514364551752806,,0.004844117909669876
3319,0.0006892693927511573,,0.00458917673677206
3320,0.0011529061011970043,,0.0069430312141776085
3321,0.0006717382930219173,,0.004536134656518698
3322,0.0006928464281372726,,0.00459668505936861
3323,0.0008041377877816558,,0.005958011373877525
3324,0.0006668478017672896,,0.004625826608389616
3325,0.0008365380926989019,,0.006982054561376572
3326,0.0010351290693506598,,0.005488795693963766
3327,0.001181253814138472,,0.007501241751015186
3328,0.0007753101526759565,,0.007325417827814817
3329,0.0007645509904250503,,0.005762598477303982
3330,0.0007749618962407112,,0.005588934291154146
3331,0.0008845672709867358,,0.0064427549950778484
3332,0.0010236181551590562,,0.006096321623772383
3333,0.0009106011129915714,,0.007096935994923115
3334,0.0007089771097525954,,0.004715114366263151
3335,0.0007419175235554576,,0.005200985819101334
3336,0.0006953133270144463,,0.005706240888684988
3337,0.0009542162297293544,,0.005156470462679863
3338,0.000745000725146383,,0.006836238782852888
3339,0.0008423595572821796,,0.004909206181764603
3340,0.0009878468699753284,,0.010013267397880554
3341,0.0007944103563204408,,0.005805525928735733
3342,0.00074388412758708,,0.007511558476835489
3343,0.0007081100484356284,,0.004165034741163254
3344,0.0009732865728437901,,0.0084433788433671
3345,0.0007580980891361833,,0.005422051064670086
3346,0.001106049632653594,,0.006098173093050718
3347,0.0014027159195393324,,0.0072674984112381935
3348,0.0007980185910128057,,0.006122198421508074
3349,0.00104960473254323,,0.008225780911743641
3350,0.0006779289105907083,,0.006121790036559105
3351,0.0008244625059887767,,0.007594224531203508
3352,0.0007478736806660891,,0.005865959450602531
3353,0.0007855707663111389,,0.005073660984635353
3354,0.0008042147383093834,,0.006355281453579664
3355,0.0008947205496951938,,0.009796998463571072
3356,0.0007460025954060256,,0.008716121315956116
3357,0.0006955654243938625,,0.007085102144628763
3358,0.0008980701095424592,,0.009141126647591591
3359,0.0007128284778445959,,0.006001981440931559
3360,0.0007512299343943596,,0.006673717405647039
3361,0.0008497123490087688,,0.005215652287006378
3362,0.0007963525131344795,,0.006344201508909464
3363,0.0012965148780494928,,0.0079233692958951
3364,0.0006882579764351249,,0.004517286084592342
3365,0.0007278124685399234,,0.00621420843526721
3366,0.0007650779443792999,,0.00634053535759449
3367,0.0008386317640542984,,0.0061838966794312
3368,0.0007106809644028544,,0.005275154486298561
3369,0.0008991274517029524,,0.006554522085934877
3370,0.0008970698108896613,,0.008198828436434269
3371,0.0007958965143188834,,0.0072935232892632484
3372,0.0007642919663339853,,0.006491533480584621
3373,0.0007625671569257975,,0.0056730895303189754
3374,0.00073656952008605,,0.007038763724267483
3375,0.0010759647702798247,,0.006588998716324568
3376,0.0007165630231611431,,0.005082712043076754
3377,0.0007765020127408206,,0.005817629862576723
3378,0.001761118764989078,,0.006245688535273075
3379,0.0009337612427771091,,0.007238132879137993
3380,0.0007623359560966492,,0.006903641391545534
3381,0.000856691156513989,,0.008522574789822102
3382,0.0010708282934501767,,0.007135491818189621
3383,0.0007684738375246525,,0.005219026003032923
3384,0.0009035053662955761,,0.011065308935940266
3385,0.0006970410468056798,,0.007750402204692364
3386,0.0009439511923119426,,0.007072328589856625
3387,0.0009136315784417093,,0.006275933701545
3388,0.0006617517210543156,,0.007986611686646938
3389,0.0008363935048691928,,0.0069246902130544186
3390,0.0007159124943427742,,0.006031008902937174
3391,0.0016394013073295355,,0.006803850643336773
3392,0.0009806229500100017,,0.007035357411950827
3393,0.0007581633981317282,,0.006794502027332783
3394,0.0008626747876405716,,0.0063329534605145454
3395,0.0007989673758856952,,0.006553820800036192
3396,0.0006904634647071362,,0.005811312701553106
3397,0.0006583476206287742,,0.006288493052124977
3398,0.0007228989852592349,,0.0063981786370277405
3399,0.0007689488120377064,,0.0074500227347016335
3400,0.0009778368985280395,,0.008521083742380142
3401,0.0009541678009554744,,0.008610316552221775
3402,0.0007041831850074232,,0.004641704261302948
3403,0.0008129763300530612,,0.007573703769594431
3404,0.0007067890837788582,,0.00449573528021574
3405,0.0007793419063091278,,0.00718460138887167
3406,0.0006983166094869375,,0.005286065395921469
3407,0.0007597659714519978,,0.00844168197363615
3408,0.0007234691875055432,,0.007244211155921221
3409,0.0009902594611048698,,0.005800529848784208
3410,0.000707152474205941,,0.009166217409074306
3411,0.0006926319329068065,,0.005927335005253553
3412,0.0007029133848845959,,0.008851892314851284
3413,0.0006941389292478561,,0.00460642809048295
3414,0.0014811813598498702,,0.008307019248604774
3415,0.000857897917740047,,0.006892162375152111
3416,0.0009781604167073965,,0.005783405154943466
3417,0.0008198695140890777,,0.006968857254832983
3418,0.0006491648382507265,,0.005781092680990696
3419,0.0008338590851053596,,0.005445457994937897
3420,0.0007512127049267292,,0.008409146219491959
3421,0.0012196104507893324,,0.0062051513232290745
3422,0.0006965873762965202,,0.007561965379863977
3423,0.0010137890931218863,,0.0069581130519509315
3424,0.0008176871342584491,,0.004996214061975479
3425,0.001319444621913135,,0.010959508828818798
3426,0.0010857428424060345,,0.007879102602601051
3427,0.001303946366533637,,0.008959914557635784
3428,0.0007914428133517504,,0.00886929128319025
3429,0.0009130022372119129,,0.008324329741299152
3430,0.0007092898595146835,,0.005502758082002401
3431,0.0007504538516514003,,0.006161604076623917
3432,0.000691269407980144,,0.005983434151858091
3433,0.0011117475805804133,,0.012342180125415325
3434,0.0007060904754325747,,0.006498219445347786
3435,0.000603151973336935,,0.009489203803241253
3436,0.000745614233892411,,0.00486102607101202
3437,0.0009274003095924854,,0.009503830224275589
3438,0.0007750851800665259,,0.007361251395195723
3439,0.0009058277937583625,,0.00676658796146512
3440,0.0008079639519564807,,0.0074464790523052216
3441,0.0007815317949280143,,0.005317870993167162
3442,0.0007405253127217293,,0.006267941556870937
3443,0.0007383725605905056,,0.006988456938415766
3444,0.0006856729160062969,,0.005239937920123339
3445,0.0007355212001129985,,0.007550093345344067
3446,0.0008635360281914473,,0.009019735269248486
3447,0.0008693928248248994,,0.006463015917688608
3448,0.0007174311904236674,,0.008874082006514072
3449,0.0007583288243040442,,0.004846432711929083
3450,0.0007592415204271674,,0.008196775801479816
3451,0.0007031994755379856,,0.005539376754313707
3452,0.0007176058134064078,,0.0054387254640460014
3453,0.00088064547162503,,0.010597114451229572
3454,0.0007160382810980082,,0.004241541028022766
3455,0.0007516834884881973,,0.01078987680375576
3456,0.0006661374354735017,,0.007993890903890133
3457,0.0007083811797201633,,0.009367529302835464
3458,0.0006482010358013213,,0.006550231948494911
3459,0.000791282276622951,,0.006682646460831165
3460,0.0007550247828476131,,0.006505738943815231
3461,0.0009711247403174639,,0.011250256560742855
3462,0.0006597762694582343,,0.005368176847696304
3463,0.0009642556542530656,,0.00913330353796482
3464,0.0008927122689783573,,0.006780204363167286
3465,0.0008571050129830837,,0.007835488766431808
3466,0.0007933957385830581,,0.004873285070061684
3467,0.0010878856992349029,,0.006756131071597338
3468,0.0006796916713938117,,0.00510965334251523
3469,0.0006928855436854064,,0.005547252018004656
3470,0.0007648949394933879,,0.004887864459306002
3471,0.0008249545353464782,,0.007253687363117933
3472,0.0007291097426787019,,0.005164431873708963
3473,0.0007337482529692352,,0.007024076767265797
3474,0.0007073968881741166,,0.005327999126166105
3475,0.0007923883385956287,,0.005771630443632603
3476,0.0007750021177344024,,0.006959556136280298
3477,0.000754780019633472,,0.005227967631071806
3478,0.0007209548493847251,,0.005270709749311209
3479,0.0007048483239486814,,0.006256794091314077
3480,0.001158728962764144,,0.0060724057257175446
3481,0.0008374428725801408,,0.0067249261774122715
3482,0.0006462036399170756,,0.006166739389300346
3483,0.0006995938019827008,,0.004509476013481617
3484,0.0008030488970689476,,0.0067090485244989395
3485,0.000680713914334774,,0.005548984743654728
3486,0.0007229910115711391,,0.003937146160751581
3487,0.0007609109161421657,,0.004743575118482113
3488,0.0009327208972536027,,0.007953919470310211
3489,0.0006632382282987237,,0.006044632289558649
3490,0.0007771040545776486,,0.005092686507850885
3491,0.0009368938626721501,,0.007530872710049152
3492,0.0007882240461185575,,0.005679610185325146
3493,0.0008299932815134525,,0.004908256232738495
3494,0.0006968164234422147,,0.0056066145189106464
3495,0.0009875610703602433,,0.008536644279956818
3496,0.0011062187841162086,,0.006183308083564043
3497,0.0007238054531626403,,0.007092471234500408
3498,0.0006512094987556338,,0.005864300299435854
3499,0.0013725918252021074,,0.008418682962656021
3500,0.0008142952574416995,0.000639390938495012,0.008531147614121437
3501,0.0008163464954122901,,0.007607273291796446
3502,0.0007892674184404314,,0.005641172640025616
3503,0.0008502231794409454,,0.009285785257816315
3504,0.0011722950730472803,,0.008209405466914177
3505,0.0008789738640189171,,0.005994497332721949
3506,0.0005970806814730167,,0.00801530946046114
3507,0.0006303767440840602,,0.005417164880782366
3508,0.0008264036732725799,,0.0097507881000638
3509,0.0007108779391273856,,0.004472503438591957
3510,0.00066086690640077,,0.008262119255959988
3511,0.0008016540668904781,,0.005187057889997959
3512,0.0007352688116952777,,0.007099964655935764
3513,0.0008443574770353734,,0.008643015287816525
3514,0.0006621559150516987,,0.004469214007258415
3515,0.0006525336648337543,,0.007376761641353369
3516,0.000942885410040617,,0.007598813623189926
3517,0.0007116885390132666,,0.006262191105633974
3518,0.0006042798049747944,,0.007040661294013262
3519,0.0009021403966471553,,0.005545883905142546
3520,0.0012951197568327188,,0.006449874024838209
3521,0.000682228128425777,,0.0064781429246068
3522,0.0009061675518751144,,0.0066774277947843075
3523,0.0006794218788854778,,0.005134697072207928
3524,0.0011658811708912253,,0.006714973598718643
3525,0.0007722235168330371,,0.004855126142501831
3526,0.0006868449854664505,,0.005161001812666655
3527,0.00115057488437742,,0.009219861589372158
3528,0.0006671142182312906,,0.006605117116123438
3529,0.0008529011975042522,,0.006939054466784
3530,0.0007396361324936152,,0.008091390132904053
3531,0.0007677118992432952,,0.006880005821585655
3532,0.0007468541152775288,,0.009101697243750095
3533,0.0008350717835128307,,0.0051309457048773766
3534,0.0007444998482242227,,0.005231485702097416
3535,0.0007103665266185999,,0.005827622022479773
3536,0.0006670504226349294,,0.0041054110042750835
3537,0.0008182886522263288,,0.007803491782397032
3538,0.0010395414428785443,,0.007640963885933161
3539,0.000640213256701827,,0.006034212186932564
3540,0.0007787059876136482,,0.005986025091260672
3541,0.0007022546487860382,,0.0068652150221168995
3542,0.0006663532694801688,,0.0062499637715518475
3543,0.0010024229995906353,,0.010574892163276672
3544,0.0006575671723112464,,0.004922150168567896
3545,0.0006371193449012935,,0.006087412592023611
3546,0.0008420145022682846,,0.007946175523102283
3547,0.0007363449549302459,,0.006567841861397028
3548,0.0007351079839281738,,0.006832897663116455
3549,0.0007721709553152323,,0.007270451169461012
3550,0.0007137551438063383,,0.0068010906688869
3551,0.0006395304808393121,,0.004729372914880514
3552,0.0006479916046373546,,0.005174449644982815
3553,0.0008212869870476425,,0.007230122108012438
3554,0.0009771857876330614,,0.00574574526399374
3555,0.0007433135760948062,,0.005725827068090439
3556,0.0010513761080801487,,0.007666747085750103
3557,0.001253517926670611,,0.007254230789840221
3558,0.0007714430685155094,,0.006391672883182764
3559,0.001178769744001329,,0.0071744960732758045
3560,0.0008214809931814671,,0.008402968756854534
3561,0.0007784664630889893,,0.008093690499663353
3562,0.0007328399224206805,,0.004811886232346296
3563,0.0008471512119285762,,0.007633119821548462
3564,0.0008679153397679329,,0.00957669410854578
3565,0.0012023916933685541,,0.011217585764825344
3566,0.0008297974127344787,,0.007365440018475056
3567,0.0015791592886671424,,0.011071886867284775
3568,0.0010023844661191106,,0.007502840831875801
3569,0.000853998470120132,,0.007320190314203501
3570,0.0007764761103317142,,0.007953002117574215
3571,0.0006776356021873653,,0.006721142213791609
3572,0.0006981841288506985,,0.005636127665638924
3573,0.000887587433680892,,0.008093120530247688
3574,0.0009489296935498714,,0.009060617536306381
3575,0.0008088286849670112,,0.008122149854898453
3576,0.0009859094861894846,,0.0077291009947657585
3577,0.0007006523082964122,,0.005542524624615908
3578,0.00087268918287009,,0.007803137414157391
3579,0.001289077801629901,,0.007466468494385481
3580,0.0007581207901239395,,0.005407560616731644
3581,0.0006962566985748708,,0.00561943743377924
3582,0.0007920837379060686,,0.006203313823789358
3583,0.0007329161162488163,,0.004386392422020435
3584,0.0007794029079377651,,0.005263106431812048
3585,0.0009944632183760405,,0.005906948819756508
3586,0.0009657292393967509,,0.006204608362168074
3587,0.0007925752433948219,,0.0070705292746424675
3588,0.000763815245591104,,0.006282506510615349
3589,0.0008598700514994562,,0.006989004090428352
3590,0.0008828808786347508,,0.008933870121836662
3591,0.0010967941489070654,,0.00590566685423255
3592,0.0006463291356340051,,0.005175196100026369
3593,0.0006514553679153323,,0.00792272575199604
3594,0.0006472630193457007,,0.006087527610361576
3595,0.0006659908685833216,,0.006012377794831991
3596,0.0006860371213406324,,0.0070651015266776085
3597,0.0011899753008037806,,0.006106579676270485
3598,0.0007272136863321066,,0.005353646352887154
3599,0.0008562193252146244,,0.010786501690745354
3600,0.0007175093051046133,,0.006658244412392378
3601,0.0011166308540850878,,0.011625927872955799
3602,0.0008467297884635627,,0.007435223087668419
3603,0.0007227776804938912,,0.005025401245802641
3604,0.000831291894428432,,0.006929286755621433
3605,0.0006862370646558702,,0.008580496534705162
3606,0.0006946694920770824,,0.008098362945020199
3607,0.0008423188701272011,,0.007918475195765495
3608,0.0006621492793783545,,0.005925619974732399
3609,0.0007956273620948195,,0.00562254386022687
3610,0.0007517726044170558,,0.007500544656068087
3611,0.0006998408352956176,,0.005282650701701641
3612,0.0007538890349678695,,0.007552054710686207
3613,0.0006466214545071125,,0.007554446347057819
3614,0.0007311537628993392,,0.0053541273809969425
3615,0.0007821400067768991,,0.007915312424302101
3616,0.0007079012575559318,,0.0076834033243358135
3617,0.0007367568905465305,,0.005732391029596329
3618,0.0006981872720643878,,0.007825919426977634
3619,0.0010415648575872183,,0.009103719145059586
3620,0.0006359925610013306,,0.007437936030328274
3621,0.0006476214621216059,,0.005758421495556831
3622,0.0008703436469659209,,0.009682688862085342
3623,0.0006326894508674741,,0.005478998646140099
3624,0.0006955828284844756,,0.008570647798478603
3625,0.000632718438282609,,0.005535123869776726
3626,0.000736717542167753,,0.008682162500917912
3627,0.001055274624377489,,0.009916968643665314
3628,0.0006563198985531926,,0.006339868064969778
3629,0.001073513412848115,,0.009811126627027988
3630,0.0006557622691616416,,0.005633170250803232
3631,0.0008548108162358403,,0.005188905633985996
3632,0.0010420846519991755,,0.006129469722509384
3633,0.0007924508536234498,,0.006087231449782848
3634,0.0008981580613180995,,0.007905433885753155
3635,0.0008411544258706272,,0.00656861811876297
3636,0.0007317588897421956,,0.004059523809701204
3637,0.0006867852061986923,,0.005227512679994106
3638,0.0007327102939598262,,0.005065435543656349
3639,0.0007925796671770513,,0.006422815844416618
3640,0.0008250204264186323,,0.005732340272516012
3641,0.0007337529095821083,,0.007709709461778402
3642,0.0008116191020235419,,0.007044581230729818
3643,0.000705384649336338,,0.005269383545964956
3644,0.0009728950681164861,,0.006032105069607496
3645,0.0007395944558084011,,0.0074080112390220165
3646,0.0007291065412573516,,0.006610779091715813
3647,0.0006470646476373076,,0.007007112726569176
3648,0.0006914673140272498,,0.005860534030944109
3649,0.000651928479783237,,0.006435244344174862
3650,0.0008160012657754123,,0.005248550791293383
3651,0.0007538563804700971,,0.006331941112875938
3652,0.0007443448412232101,,0.0062853433191776276
3653,0.0007696051616221666,,0.006597890052944422
3654,0.001101251458749175,,0.006156704388558865
3655,0.0006765900179743767,,0.006551430094987154
3656,0.0006625959649682045,,0.006834817118942738
3657,0.0007543097017332911,,0.0067755295895040035
3658,0.0009186232346110046,,0.008819355629384518
3659,0.0007848168606869876,,0.007170775439590216
3660,0.0005989206838421524,,0.004840860143303871
3661,0.0007916647009551525,,0.006070558447390795
3662,0.0006871625082567334,,0.004509855527430773
3663,0.0007214338984340429,,0.008338181301951408
3664,0.0012331744655966759,,0.007885992527008057
3665,0.0006698869983665645,,0.009927982464432716
3666,0.0006878298008814454,,0.006087013520300388
3667,0.0008919793181121349,,0.010823197662830353
3668,0.0008033430203795433,,0.00785293709486723
3669,0.0008316892199218273,,0.006769793573766947
3670,0.000763433868996799,,0.010097814723849297
3671,0.0006733895279467106,,0.004226319957524538
3672,0.0009266318520531058,,0.008373714052140713
3673,0.0006831836653873324,,0.00852169655263424
3674,0.0007920073694549501,,0.006276464089751244
3675,0.0007759688305668533,,0.010272800922393799
3676,0.0006565118092112243,,0.005512405186891556
3677,0.0008478433592244983,,0.009226307272911072
3678,0.0007821545004844666,,0.008223844692111015
3679,0.0007565458072349429,,0.0069340006448328495
3680,0.0006769650499336421,,0.010463225655257702
3681,0.0007157262298278511,,0.006869299337267876
3682,0.0006350590847432613,,0.009787176735699177
3683,0.0006721486570313573,,0.006235974840819836
3684,0.0006287116557359695,,0.008733644150197506
3685,0.0008751793648116291,,0.005947229918092489
3686,0.0006383132422342896,,0.006363131571561098
3687,0.0007436365121975541,,0.006861894857138395
3688,0.0006470206426456571,,0.005535491276532412
3689,0.0006692722672596574,,0.0071719009429216385
3690,0.0007425270741805434,,0.004620183724910021
3691,0.0007318801945075393,,0.005616634152829647
3692,0.0006699000368826091,,0.005127384327352047
3693,0.0006665977998636663,,0.004590406082570553
3694,0.0007905179518274963,,0.005785653367638588
3695,0.0010535421315580606,,0.009399508126080036
3696,0.0006562934722751379,,0.005428194534033537
3697,0.000684461323544383,,0.004414301365613937
3698,0.0010685269953683019,,0.0062627787701785564
3699,0.0007179809035733342,,0.00857284665107727
3700,0.0006241570808924735,,0.005957258865237236
3701,0.0010220443364232779,,0.007409913931041956
3702,0.0007168917218223214,,0.006080666556954384
3703,0.0007471092976629734,,0.008554132655262947
3704,0.001340727787464857,,0.008223057724535465
3705,0.0011319395853206515,,0.007789460476487875
3706,0.0006928741349838674,,0.008424418978393078
3707,0.0008075154619291425,,0.008606712333858013
3708,0.0007083569653332233,,0.0074358731508255005
3709,0.000706695718690753,,0.0073199025355279446
3710,0.0009644482051953673,,0.006445297971367836
3711,0.0007594850612804294,,0.005028454586863518
3712,0.0006635828758589923,,0.006439724937081337
3713,0.0010326619958505034,,0.007303474936634302
3714,0.0007044433150440454,,0.006702009122818708
3715,0.001189358183182776,,0.005647043231874704
3716,0.0006961463368497789,,0.006847349926829338
3717,0.0006998407188802958,,0.005371842999011278
3718,0.0006785834557376802,,0.004442120902240276
3719,0.0006591884884983301,,0.006604138296097517
3720,0.0009181738132610917,,0.007036374881863594
3721,0.0006308743031695485,,0.00863256398588419
3722,0.0007010041153989732,,0.0039730132557451725
3723,0.0006890640361234546,,0.006976432166993618
3724,0.0007319067372009158,,0.006492156069725752
3725,0.0006916092243045568,,0.004726847168058157
3726,0.0006550608086399734,,0.006653002463281155
3727,0.0006951945833861828,,0.005380225833505392
3728,0.0009344735881313682,,0.006754773203283548
3729,0.0009943237528204918,,0.007900308817625046
3730,0.0007066422840580344,,0.006976026576012373
3731,0.0006367952446453273,,0.0067755840718746185
3732,0.0007321059238165617,,0.007565552368760109
3733,0.0006680876831524074,,0.005537490360438824
3734,0.0007207446615211666,,0.0064979600720107555
3735,0.0006830049678683281,,0.006989769637584686
3736,0.0006337846862152219,,0.005126885138452053
3737,0.0006314450292848051,,0.010065465234220028
3738,0.0008153393864631653,,0.008558892644941807
3739,0.0007318162242881954,,0.010777855291962624
3740,0.0006459978758357465,,0.005151586141437292
3741,0.0006320617976598442,,0.006251006852835417
3742,0.0008057369268499315,,0.0069119129329919815
3743,0.0006243499810807407,,0.004750863183289766
3744,0.0010279481066390872,,0.008334130980074406
3745,0.0011178012937307358,,0.009331769309937954
3746,0.0014267067890614271,,0.009510745294392109
3747,0.0007320675067603588,,0.007150141056627035
3748,0.0009542363695800304,,0.007421972695738077
3749,0.000830574834253639,,0.009257778525352478
3750,0.0008228797232732177,,0.006150771863758564
3751,0.0006879473803564906,,0.0062839617021381855
3752,0.0007746662013232708,,0.007487543858587742
3753,0.0007747673662379384,,0.005860940553247929
3754,0.0007005581865087152,,0.007772424258291721
3755,0.0008191652595996857,,0.006440049968659878
3756,0.0007382514886558056,,0.0068031190894544125
3757,0.0008538555121049285,,0.007113213185220957
3758,0.0007956442423164845,,0.005437303800135851
3759,0.0012107642833143473,,0.006782050244510174
3760,0.0011109982151538134,,0.006843416020274162
3761,0.0006710232119075954,,0.007692148443311453
3762,0.0007113103056326509,,0.006395698059350252
3763,0.0011739858891814947,,0.009012899361550808
3764,0.0007228371687233448,,0.008257562294602394
3765,0.0008744434453547001,,0.00803903117775917
3766,0.0007791267707943916,,0.010348855517804623
3767,0.0006587253883481026,,0.005974105559289455
3768,0.0007192540215328336,,0.005243471823632717
3769,0.0010140854865312576,,0.008235353045165539
3770,0.0011928067542612553,,0.006105607841163874
3771,0.0006473148241639137,,0.006785371340811253
3772,0.0006747168954461813,,0.006252169609069824
3773,0.0006364024011418223,,0.007162878289818764
3774,0.0007249691407196224,,0.006503118667751551
3775,0.0009827902540564537,,0.007001902908086777
3776,0.0008572045480832458,,0.006222845986485481
3777,0.0007581113604828715,,0.008517761714756489
3778,0.0007167637813836336,,0.004887094255536795
3779,0.0006780872936360538,,0.006531912833452225
3780,0.0011951277265325189,,0.006851675920188427
3781,0.00069023622199893,,0.008261262439191341
3782,0.001175850979052484,,0.008298449218273163
3783,0.0006975238211452961,,0.00530265225097537
3784,0.0006589748663827777,,0.007377633824944496
3785,0.000813744030892849,,0.00669684074819088
3786,0.0007253468502312899,,0.008064785040915012
3787,0.0007003145292401314,,0.00662507489323616
3788,0.0006733528571203351,,0.00502918241545558
3789,0.0007001004996709526,,0.006033407058566809
3790,0.0006856894469819963,,0.00541532039642334
3791,0.0007093165768310428,,0.004067083355039358
3792,0.0006149523542262614,,0.00549094146117568
3793,0.000932619790546596,,0.005061930511146784
3794,0.0006326740840449929,,0.005613736342638731
3795,0.0007905151578597724,,0.006201093550771475
3796,0.0007785488851368427,,0.007483087945729494
3797,0.0007411394617520273,,0.005814733449369669
3798,0.0006388143519870937,,0.004615847487002611
3799,0.0007466463721357286,,0.008353304117918015
3800,0.0006428068736568093,,0.00607668561860919
3801,0.000748577993363142,,0.006842668633908033
3802,0.0007891049608588219,,0.00541760865598917
3803,0.0007249980117194355,,0.007555936463177204
3804,0.0008690248942002654,,0.007266108877956867
3805,0.0006731929606758058,,0.0068826330825686455
3806,0.0007424051873385906,,0.005298567935824394
3807,0.0006071157986298203,,0.007786838337779045
3808,0.0010581703390926123,,0.011555063538253307
3809,0.0008201947784982622,,0.004753956105560064
3810,0.0006702828104607761,,0.00716914888471365
3811,0.0006253981846384704,,0.00407080352306366
3812,0.0005944479489699006,,0.006887849885970354
3813,0.0010060530621558428,,0.008771461434662342
3814,0.000655214418657124,,0.009534599259495735
3815,0.0006139813922345638,,0.006221013143658638
3816,0.0006830565398558974,,0.0060769496485590935
3817,0.0006092117982916534,,0.006048501003533602
3818,0.0006223637028597295,,0.0045089637860655785
3819,0.0006697098724544048,,0.005388360470533371
3820,0.0007298281416296959,,0.005738997366279364
3821,0.0006563429487869143,,0.004713127389550209
3822,0.0006544599309563637,,0.005443213041871786
3823,0.0006350944750010967,,0.007107231300324202
3824,0.0007658599643036723,,0.007117026951164007
3825,0.0006443060701712966,,0.005526641383767128
3826,0.0006258729845285416,,0.006225915625691414
3827,0.0008047830197028816,,0.005471347365528345
3828,0.0007137880893424153,,0.007375012151896954
3829,0.0006624463712796569,,0.005033717956393957
3830,0.0006184930680319667,,0.003610852174460888
3831,0.0006866579642519355,,0.004979932215064764
3832,0.0006958851008675992,,0.005465029273182154
3833,0.0007449839031323791,,0.00691749295219779
3834,0.0012014465173706412,,0.004985801875591278
3835,0.0007204480934888124,,0.006547999568283558
3836,0.0006363502470776439,,0.0046887826174497604
3837,0.00068550871219486,,0.007879429496824741
3838,0.000853764999192208,,0.0061003114096820354
3839,0.0006521878531202674,,0.006129594054073095
3840,0.0006572878919541836,,0.0062950062565505505
3841,0.0006739652599208057,,0.004600706975907087
3842,0.0006914822733961046,,0.005218937061727047
3843,0.0007678362308070064,,0.006620383821427822
3844,0.0005550184287130833,,0.005461362190544605
3845,0.001027105376124382,,0.006530315149575472
3846,0.0007231313502416015,,0.0051252348348498344
3847,0.000660391291603446,,0.004976396448910236
3848,0.000606125220656395,,0.004931973293423653
3849,0.0010873556602746248,,0.006661736872047186
3850,0.0006699314108118415,,0.005956810899078846
3851,0.0007134964689612389,,0.004775790963321924
3852,0.0008970268536359072,,0.006504974327981472
3853,0.0006236897315829992,,0.005402323789894581
3854,0.0005370188737288117,,0.003731699427589774
3855,0.001012570457533002,,0.00944223441183567
3856,0.0008591650985181332,,0.0070791044272482395
3857,0.0005998244741931558,,0.00470976997166872
3858,0.0009873479139059782,,0.005602363031357527
3859,0.0012474050745368004,,0.006106640212237835
3860,0.0006149862892925739,,0.006058040540665388
3861,0.000665274215862155,,0.004425855819135904
3862,0.0006703378167003393,,0.0055680349469184875
3863,0.0006389378104358912,,0.003938164096325636
3864,0.0006459018331952393,,0.004844960290938616
3865,0.0006305158021859825,,0.004950582981109619
3866,0.0007401354378089309,,0.005181720945984125
3867,0.0007849739631637931,,0.007159433793276548
3868,0.0006223919335752726,,0.003256347496062517
3869,0.0006097232690081,,0.004890546668320894
3870,0.0008708495879545808,,0.009584702551364899
3871,0.0012201175559312105,,0.006155358627438545
3872,0.0007928225677460432,,0.0071935271844267845
3873,0.0009298783261328936,,0.007070126943290234
3874,0.0009989351965487003,,0.0077354796230793
3875,0.0011245275381952524,,0.008035783655941486
3876,0.000999861629679799,,0.006702288053929806
3877,0.0007237612153403461,,0.007744996342808008
3878,0.0006926715723238885,,0.00673351064324379
3879,0.0006731169996783137,,0.004428010433912277
3880,0.0006751764449290931,,0.006779911927878857
3881,0.0005872173933312297,,0.0047553423792123795
3882,0.0006340945838019252,,0.005684186704456806
3883,0.0006688525318168104,,0.0058115581050515175
3884,0.0006500551244243979,,0.005100233014672995
3885,0.0006516011198982596,,0.006261841394007206
3886,0.0006092562107369304,,0.006419979501515627
3887,0.0007361480966210365,,0.006939712446182966
3888,0.0006216611946001649,,0.005929683335125446
3889,0.0007668486796319485,,0.0074241929687559605
3890,0.0006743267877027392,,0.006166888866573572
3891,0.0006181416101753712,,0.004835890140384436
3892,0.0006521059549413621,,0.004358434583991766
3893,0.0006917124846950173,,0.00601086113601923
3894,0.0007172270561568439,,0.00910615548491478
3895,0.0008391294395551085,,0.010169033892452717
3896,0.0006271430756896734,,0.004065756220370531
3897,0.0006463457830250263,,0.0042978799901902676
3898,0.0006549253594130278,,0.005448020529001951
3899,0.0007224606233648956,,0.005650107283145189
3900,0.0006742143887095153,,0.004964904859662056
3901,0.0006575899897143245,,0.003938234876841307
3902,0.0006932219257578254,,0.005206653848290443
3903,0.0007204131688922644,,0.007358608301728964
3904,0.0006366690504364669,,0.004556853789836168
3905,0.0006636441685259342,,0.007916077971458435
3906,0.0006413813098333776,,0.005467000883072615
3907,0.0006668666610494256,,0.005842304322868586
3908,0.0008004927076399326,,0.008172246627509594
3909,0.0006394509691745043,,0.005029002670198679
3910,0.0007216014200821519,,0.0062290383502841
3911,0.0006570917903445661,,0.005557715892791748
3912,0.0006371629424393177,,0.0041959043592214584
3913,0.0011096724774688482,,0.00508807273581624
3914,0.0006391978822648525,,0.005663720890879631
3915,0.0006615966558456421,,0.005189085844904184
3916,0.0005793568561784923,,0.005461767315864563
3917,0.0009270312148146331,,0.009902928955852985
3918,0.0009145576041191816,,0.0068486593663692474
3919,0.0006353642093017697,,0.009527765214443207
3920,0.0005682084592990577,,0.005068757571280003
3921,0.0007317932322621346,,0.008950439281761646
3922,0.0008229187224060297,,0.006437588017433882
3923,0.0007096602348610759,,0.007538878358900547
3924,0.0007672245847061276,,0.0064802165143191814
3925,0.0007262442959472537,,0.004626816604286432
3926,0.0006629748968407512,,0.008501564152538776
3927,0.000689007225446403,,0.006412562448531389
3928,0.0006398531259037554,,0.0052250889129936695
3929,0.0009752921178005636,,0.005505804438143969
3930,0.0006409263587556779,,0.004620402120053768
3931,0.0012844636803492904,,0.00793008878827095
3932,0.0006767029408365488,,0.006326237693428993
3933,0.0005680649192072451,,0.002768701408058405
3934,0.0006667696870863438,,0.005176498554646969
3935,0.0011153602972626686,,0.006712003611028194
3936,0.0006640542997047305,,0.006490563042461872
3937,0.0006885548937134445,,0.006169551517814398
3938,0.0006823672447353601,,0.00542079983279109
3939,0.0007980995578691363,,0.004461392760276794
3940,0.0007904226658865809,,0.008231374435126781
3941,0.0006073325639590621,,0.00525041064247489
3942,0.0007199339452199638,,0.006560474634170532
3943,0.0007383575430139899,,0.006612013094127178
3944,0.0010471829446032643,,0.0075554936192929745
3945,0.0010667653987184167,,0.0055297245271503925
3946,0.0006031898665241897,,0.00636441633105278
3947,0.0006796213565394282,,0.0066366116516292095
3948,0.0007875000010244548,,0.010836017318069935
3949,0.0008165758918039501,,0.006935251876711845
3950,0.0007838094606995583,,0.007070066872984171
3951,0.0006386995082721114,,0.004396873526275158
3952,0.0007318553398363292,,0.0072152698412537575
3953,0.0005813405150547624,,0.004008833318948746
3954,0.0013428091770038009,,0.007817789912223816
3955,0.0007320294971577823,,0.00519836600869894
3956,0.000684105500113219,,0.005835499614477158
3957,0.0006196816684678197,,0.006620524916797876
3958,0.0006107315421104431,,0.003953848499804735
3959,0.0006570783443748951,,0.007502298802137375
3960,0.0006826473399996758,,0.005192228592932224
3961,0.0005951551720499992,,0.005815132055431604
3962,0.0007119445945136249,,0.0059078591875731945
3963,0.0006221323274075985,,0.005625751335173845
3964,0.0007673969375900924,,0.006158436648547649
3965,0.0006390508497133851,,0.0065695373341441154
3966,0.0007707657059654593,,0.00739613501355052
3967,0.0006890199147164822,,0.006213262677192688
3968,0.0006712967879138887,,0.007838299497961998
3969,0.0006184937665238976,,0.006339509505778551
3970,0.0005835785996168852,,0.006352609023451805
3971,0.0009990406688302755,,0.00839221104979515
3972,0.0009748513111844659,,0.007060726173222065
3973,0.0005454666097648442,,0.004474783781915903
3974,0.0006848542834632099,,0.005660647060722113
3975,0.0006883234018459916,,0.007042274344712496
3976,0.0007546736742369831,,0.007206784561276436
3977,0.0007528347778134048,,0.008023275062441826
3978,0.0006938746082596481,,0.006455837283283472
3979,0.0007200815016403794,,0.00809843372553587
3980,0.0006172700668685138,,0.0065975915640592575
3981,0.0006315708160400391,,0.005973783787339926
3982,0.0006116015720181167,,0.0055730268359184265
3983,0.0006768854218535125,,0.004922870080918074
3984,0.000661144673358649,,0.0046279956586658955
3985,0.0007738724234513938,,0.007434217259287834
3986,0.0006093312404118478,,0.00635925866663456
3987,0.0007020769990049303,,0.0070140305906534195
3988,0.0010847034864127636,,0.005378334783017635
3989,0.0017628781497478485,,0.006049260962754488
3990,0.0007600010139867663,,0.0065093799494206905
3991,0.0007854389259591699,,0.006241962313652039
3992,0.0006053871475160122,,0.004427134990692139
3993,0.0007067133556120098,,0.008583559654653072
3994,0.0008562213624827564,,0.009543105959892273
3995,0.0007224096334539354,,0.008342246524989605
3996,0.0006215448374859989,,0.00597735308110714
3997,0.00138325325679034,,0.008028492331504822
3998,0.0007466315291821957,,0.008526589721441269
3999,0.0005623453762382269,,0.006826922297477722
4000,0.0007428291137330234,0.0006600782297114398,0.005794568918645382
4001,0.0006921991007402539,,0.006658671889454126
4002,0.0006828275509178638,,0.006998724769800901
4003,0.000879062048625201,,0.009655733592808247
4004,0.0006919734878465533,,0.004696956370025873
4005,0.0006683701649308205,,0.006472342647612095
4006,0.0006271990132518113,,0.006217898800969124
4007,0.0007989498553797603,,0.006266464479267597
4008,0.0006422069272957742,,0.006234802771359682
4009,0.0005949157639406621,,0.005215330980718136
4010,0.0007509883726015687,,0.00744965672492981
4011,0.0008010333403944969,,0.005559456069022417
4012,0.0007056926260702312,,0.005674486979842186
4013,0.0007067108526825905,,0.006322657223790884
4014,0.0006885739858262241,,0.007368394173681736
4015,0.0006407068576663733,,0.005509260576218367
4016,0.0006997548043727875,,0.008225805126130581
4017,0.0006869416683912277,,0.004885936621576548
4018,0.000668348278850317,,0.006319213192909956
4019,0.0013727487530559301,,0.006743030156940222
4020,0.0006756225484423339,,0.00673659285530448
4021,0.0006187885883264244,,0.0044225663878023624
4022,0.0005658060545101762,,0.00458557391539216
4023,0.0007214731303974986,,0.008548473007977009
4024,0.0005716279265470803,,0.0034782288130372763
4025,0.0006053989636711776,,0.006448990665376186
4026,0.0005857414798811078,,0.006217776332050562
4027,0.0007636236259713769,,0.008026895113289356
4028,0.0006919400184415281,,0.0068041179329156876
4029,0.0008728450047783554,,0.009953885339200497
4030,0.0006703915423713624,,0.00667300121858716
4031,0.0009720732341520488,,0.00638519087806344
4032,0.0007099173963069916,,0.009225665591657162
4033,0.0006595774320885539,,0.006508263759315014
4034,0.0007209158502519131,,0.00582628371194005
4035,0.0007958078640513122,,0.0073682465590536594
4036,0.0007003190694376826,,0.0055319624952971935
4037,0.0007910482818260789,,0.0058712647296488285
4038,0.0006407967302948236,,0.0052611688151955605
4039,0.0007003000355325639,,0.00863422267138958
4040,0.0006842473521828651,,0.007797752041369677
4041,0.0007746362825855613,,0.009864423424005508
4042,0.000913146126549691,,0.008034788072109222
4043,0.000794745224993676,,0.00947079062461853
4044,0.0005881256656721234,,0.0036350549198687077
4045,0.0006334094796329737,,0.007937878370285034
4046,0.0006636182079091668,,0.004633425734937191
4047,0.0008512453059665859,,0.008680290542542934
4048,0.0006513879634439945,,0.004504323936998844
4049,0.0007997076027095318,,0.00633023027330637
4050,0.0006388819310814142,,0.005358466878533363
4051,0.0006186658283695579,,0.00476677343249321
4052,0.000591398507822305,,0.005229335743933916
4053,0.0006041084416210651,,0.00466463528573513
4054,0.0006743941339664161,,0.0068028573878109455
4055,0.0007226502057164907,,0.007639931980520487
4056,0.0007135534542612731,,0.004350512288510799
4057,0.0008077109232544899,,0.0064077842980623245
4058,0.0005943949799984694,,0.00762604083865881
4059,0.0008132033399306238,,0.004534529987722635
4060,0.0007109999423846602,,0.009431032463908195
4061,0.0006078816950321198,,0.005558258853852749
4062,0.0007621230324730277,,0.008827155455946922
4063,0.0007022798527032137,,0.005077039822936058
4064,0.0008210089290514588,,0.006448197644203901
4065,0.0007447732496075332,,0.007744436152279377
4066,0.000661561731249094,,0.007443920709192753
4067,0.0006985550280660391,,0.00999034009873867
4068,0.000758234120439738,,0.006687539629638195
4069,0.0006724698469042778,,0.006959999445825815
4070,0.0007164247217588127,,0.007603059988468885
4071,0.0006745748105458915,,0.0074869017116725445
4072,0.0006892780656926334,,0.0077489218674600124
4073,0.0006605127709917724,,0.007594412658363581
4074,0.0006784391007386148,,0.008032764308154583
4075,0.00062638393137604,,0.005494729150086641
4076,0.0006112116388976574,,0.0071612196043133736
4077,0.0005702106282114983,,0.00487346388399601
4078,0.000642828643321991,,0.005538157187402248
4079,0.0006568511016666889,,0.007836893200874329
4080,0.000795619678683579,,0.007288653403520584
4081,0.0006283675320446491,,0.006676269695162773
4082,0.0007117271889001131,,0.009162395261228085
4083,0.000598895363509655,,0.005509466398507357
4084,0.0013279891572892666,,0.006668213754892349
4085,0.0006248306599445641,,0.00458722235634923
4086,0.0005802481318823993,,0.005326828453689814
4087,0.001096875872462988,,0.00790536217391491
4088,0.0005833473987877369,,0.00560781778767705
4089,0.000676083262078464,,0.005480214022099972
4090,0.0006297687068581581,,0.006012643687427044
4091,0.0006034721154719591,,0.004694288596510887
4092,0.0007181802648119628,,0.007589700166136026
4093,0.0007982593961060047,,0.011675408110022545
4094,0.000631331407930702,,0.004894760437309742
4095,0.0006644839886575937,,0.0061316536739468575
4096,0.0007240301929414272,,0.008321504108607769
4097,0.0011139585403725505,,0.008947065100073814
4098,0.0006832676008343697,,0.00445779412984848
4099,0.000585911562666297,,0.004695615265518427
4100,0.0007898844196461141,,0.005216154735535383
4101,0.00067639205371961,,0.005250965245068073
4102,0.0006103705381974578,,0.005356173496693373
4103,0.0006688585272058845,,0.00578879751265049
4104,0.0011238506995141506,,0.006370902061462402
4105,0.0006553962593898177,,0.0054756347090005875
4106,0.0006565043004229665,,0.005927232094109058
4107,0.0006437517586164176,,0.003916853107511997
4108,0.0012249562423676252,,0.0070897969417274
4109,0.0007374593988060951,,0.006113468203693628
4110,0.00057557801483199,,0.00607545068487525
4111,0.0010098691564053297,,0.008627408184111118
4112,0.0005915075307711959,,0.004659133963286877
4113,0.0005909699248149991,,0.005590488202869892
4114,0.0008624745532870293,,0.006879309192299843
4115,0.0006795196677558124,,0.007498397957533598
4116,0.0009980729082599282,,0.010817081667482853
4117,0.0007024724036455154,,0.005958277266472578
4118,0.0006563998758792877,,0.004693113267421722
4119,0.0007835397263988853,,0.008891928009688854
4120,0.0007555531337857246,,0.00823377538472414
4121,0.0006053830729797482,,0.004557284992188215
4122,0.0006378701655194163,,0.006001011934131384
4123,0.0007638039533048868,,0.006436171010136604
4124,0.0006859111017547548,,0.00568754319101572
4125,0.0007465536473318934,,0.007659453433007002
4126,0.0005798047641292214,,0.005118279717862606
4127,0.001061341492459178,,0.008818801492452621
4128,0.0006252048769965768,,0.0046348185278475285
4129,0.0006833724910393357,,0.007700011599808931
4130,0.0011651834938675165,,0.006549900863319635
4131,0.0006390082999132574,,0.006017292849719524
4132,0.0006961865583434701,,0.006830557249486446
4133,0.000791489495895803,,0.005187386181205511
4134,0.0009461752488277853,,0.0077109127305448055
4135,0.0009584929794073105,,0.010587265715003014
4136,0.0007208084571175277,,0.006497684400528669
4137,0.0006310209282673895,,0.004819011315703392
4138,0.0006371200433932245,,0.004768394865095615
4139,0.0005767501424998045,,0.006067049689590931
4140,0.0005959566915407777,,0.004392972681671381
4141,0.0006158495089039207,,0.004500705748796463
4142,0.0006022535962983966,,0.003856658237054944
4143,0.0006175948074087501,,0.0036264141090214252
4144,0.0006600714987143874,,0.0044700209982693195
4145,0.0009643553057685494,,0.011235009878873825
4146,0.0006258153589442372,,0.004351647570729256
4147,0.0013679731637239456,,0.006303383968770504
4148,0.000905369408428669,,0.01051300298422575
4149,0.000632643117569387,,0.005680222064256668
4150,0.0006275507621467113,,0.004275792744010687
4151,0.0006646371330134571,,0.004032152704894543
4152,0.0007289827335625887,,0.006860202644020319
4153,0.0006738376687280834,,0.005738245788961649
4154,0.0006488827639259398,,0.007542461156845093
4155,0.0006696772761642933,,0.004260683432221413
4156,0.0006965367938391864,,0.006864952389150858
4157,0.0005869880551472306,,0.0043439436703920364
4158,0.0008680265164002776,,0.010737969540059566
4159,0.0006588506512343884,,0.006244123913347721
4160,0.0008929531904868782,,0.004911745898425579
4161,0.0006543454946950078,,0.005450980272144079
4162,0.0007713905069977045,,0.009188835509121418
4163,0.0006161969504319131,,0.006558310240507126
4164,0.0006630561547353864,,0.006438318639993668
4165,0.0006841192953288555,,0.005732893478125334
4166,0.0006129629327915609,,0.0052937413565814495
4167,0.0006656928453594446,,0.005441117100417614
4168,0.0006293154438026249,,0.006572274025529623
4169,0.0006742506520822644,,0.004491016734391451
4170,0.0009288486908189952,,0.007887114770710468
4171,0.0005794267053715885,,0.004996246192604303
4172,0.0006889620563015342,,0.005269484594464302
4173,0.0006545291980728507,,0.0055487812496721745
4174,0.0006450127111747861,,0.00485652033239603
4175,0.0007436642190441489,,0.005256828386336565
4176,0.0006933399708941579,,0.0056900884956121445
4177,0.0006377976387739182,,0.0046481117606163025
4178,0.0006788751343265176,,0.006803077645599842
4179,0.0006621750071644783,,0.0052263932302594185
4180,0.0006228260463103652,,0.006615926977247
4181,0.0005291351117193699,,0.005740391090512276
4182,0.0010990836890414357,,0.008204136043787003
4183,0.0006657263147644699,,0.00544616486877203
4184,0.0007813316187821329,,0.009004286490380764
4185,0.000535063911229372,,0.006179278716444969
4186,0.000628074340056628,,0.006554197520017624
4187,0.0007083438104018569,,0.004964918829500675
4188,0.0006249428261071444,,0.007140591740608215
4189,0.0006704932893626392,,0.008337892591953278
4190,0.0006659989012405276,,0.008237050846219063
4191,0.0006066506030037999,,0.005112687591463327
4192,0.00149074278306216,,0.010849022306501865
4193,0.0005520260892808437,,0.0043055834248661995
4194,0.0006595763843506575,,0.007814216427505016
4195,0.0006264185067266226,,0.007495388388633728
4196,0.0007712868973612785,,0.004492534324526787
4197,0.0012997414451092482,,0.01543459203094244
4198,0.0006945694331079721,,0.004487588535994291
4199,0.0005763088120147586,,0.007363690994679928
4200,0.0007306666811928153,,0.006798713002353907
4201,0.0010563747491687536,,0.005798770114779472
4202,0.0007063942030072212,,0.008636866696178913
4203,0.0006366983288899064,,0.004874528851360083
4204,0.0006332333432510495,,0.00886706355959177
4205,0.0005954224616289139,,0.00405274098739028
4206,0.0007284503662958741,,0.00634691072627902
4207,0.0006543853087350726,,0.008227282203733921
4208,0.0009185908711515367,,0.005498339422047138
4209,0.0006005121394991875,,0.00614871084690094
4210,0.0006323185516521335,,0.004551065154373646
4211,0.0007562063983641565,,0.008002884685993195
4212,0.0007034501759335399,,0.008392502553761005
4213,0.000637783610727638,,0.005186231341212988
4214,0.0006469858926720917,,0.005830475129187107
4215,0.0009756488725543022,,0.007384482305496931
4216,0.0006850813515484333,,0.006540807895362377
4217,0.0006262744427658617,,0.006018885876983404
4218,0.0006455793045461178,,0.005696624051779509
4219,0.0006479346775449812,,0.007278114557266235
4220,0.0006442139856517315,,0.004964794497936964
4221,0.0007053568842820823,,0.010007495991885662
4222,0.000783895084168762,,0.00572597561404109
4223,0.0005978348199278116,,0.008597414940595627
4224,0.0007164165144786239,,0.007616628892719746
4225,0.0006902810418978333,,0.005871197208762169
4226,0.0006925325724296272,,0.010682313703000546
4227,0.0006387532921507955,,0.005486683454364538
4228,0.0006313933990895748,,0.008685936219990253
4229,0.000649650115519762,,0.008027187548577785
4230,0.0006293957121670246,,0.006611702963709831
4231,0.0006595749873667955,,0.008208015002310276
4232,0.0006500054150819778,,0.006489884573966265
4233,0.0006895492551848292,,0.0070780180394649506
4234,0.0006347266025841236,,0.00879695825278759
4235,0.0006558712921105325,,0.008405853994190693
4236,0.0007360984454862773,,0.010484522208571434
4237,0.0007923227967694402,,0.008179958909749985
4238,0.0006901747547090054,,0.008310743607580662
4239,0.0008008712320588529,,0.007249016780406237
4240,0.000662988459225744,,0.008136030286550522
4241,0.000609956681728363,,0.00582109484821558
4242,0.0006933695403859019,,0.009900393895804882
4243,0.0005885993014089763,,0.006012119352817535
4244,0.0006903244648128748,,0.006489269435405731
4245,0.0006148795946501195,,0.007959853857755661
4246,0.0006572214770130813,,0.006450503133237362
4247,0.0011000147787854075,,0.012386070564389229
4248,0.00070718809729442,,0.009189867414534092
4249,0.000611555646173656,,0.006610652431845665
4250,0.0007494137389585376,,0.008684688247740269
4251,0.0011288339737802744,,0.006036206614226103
4252,0.0006497069844044745,,0.009257862344384193
4253,0.000676034193020314,,0.0048093791119754314
4254,0.0005801899242214859,,0.005843506660312414
4255,0.0007386621437035501,,0.007152375765144825
4256,0.0006174111040309072,,0.0059602949768304825
4257,0.0006793978391215205,,0.007105554919689894
4258,0.0006217021145857871,,0.006119220517575741
4259,0.0005958415567874908,,0.0057895067147910595
4260,0.0007017845055088401,,0.0083158602938056
4261,0.0007839484023861587,,0.0058372244238853455
4262,0.0007674164953641593,,0.006510513368993998
4263,0.000641527003608644,,0.006426503416150808
4264,0.0006324580172076821,,0.00479251891374588
4265,0.0006181678618304431,,0.007694166153669357
4266,0.0006372175412252545,,0.005328087136149406
4267,0.0008498172974213958,,0.009129021316766739
4268,0.0006039955769665539,,0.00683743366971612
4269,0.0006124104838818312,,0.007771825883537531
4270,0.0006364976870827377,,0.00842217169702053
4271,0.0006313369376584888,,0.004833974875509739
4272,0.0006706110434606671,,0.00759762991219759
4273,0.0006772973574697971,,0.0061316899955272675
4274,0.0006284575210884213,,0.0038688145577907562
4275,0.0005988213233649731,,0.008799998089671135
4276,0.0006622084183618426,,0.005779096856713295
4277,0.0005890148459002376,,0.008437112905085087
4278,0.0006878329440951347,,0.01077983807772398
4279,0.0010163323022425175,,0.010113462805747986
4280,0.0006052934331819415,,0.00893075205385685
4281,0.0006742344121448696,,0.007114539388567209
4282,0.0008176657138392329,,0.00997692160308361
4283,0.0006388917099684477,,0.008879492990672588
4284,0.00060464529087767,,0.0036774708423763514
4285,0.0005781648796983063,,0.008763852529227734
4286,0.000663159356918186,,0.007208219263702631
4287,0.0007152260513976216,,0.005074073560535908
4288,0.000711581320501864,,0.010628534480929375
4289,0.0006945339846424758,,0.004922820255160332
4290,0.000979571370407939,,0.008142064325511456
4291,0.0009833984076976776,,0.008645777590572834
4292,0.0006777355447411537,,0.006019647233188152
4293,0.0006715524941682816,,0.008059792220592499
4294,0.0005666803335770965,,0.006033122073858976
4295,0.0007239446276798844,,0.007770511321723461
4296,0.0006793406791985035,,0.010283034294843674
4297,0.0006450846558436751,,0.00614952202886343
4298,0.0006227616686373949,,0.00845596008002758
4299,0.0005549394991248846,,0.0070462897419929504
4300,0.0007045986130833626,,0.00881270319223404
4301,0.0007526859408244491,,0.0077666728757321835
4302,0.0006442700978368521,,0.0055616023018956184
4303,0.001262409845367074,,0.010871075093746185
4304,0.0011528613977134228,,0.006932196207344532
4305,0.0012255393667146564,,0.006538791581988335
4306,0.0006230648141354322,,0.007509545888751745
4307,0.0007143019465729594,,0.0053734853863716125
4308,0.0005855852505192161,,0.007218000944703817
4309,0.0008004626724869013,,0.009089521132409573
4310,0.0006389569025486708,,0.005037596449255943
4311,0.0006271185702644289,,0.007365898694843054
4312,0.000645588559564203,,0.00546408724039793
4313,0.000623778672888875,,0.0069882506504654884
4314,0.0006947749643586576,,0.0077072917483747005
4315,0.000668914697598666,,0.0060514467768371105
4316,0.0006299358792603016,,0.007646163925528526
4317,0.0005913334898650646,,0.005587156396359205
4318,0.0006461252924054861,,0.006848795805126429
4319,0.0005781828658655286,,0.004626202397048473
4320,0.0007422332419082522,,0.011255207471549511
4321,0.0007065408863127232,,0.00855746679008007
4322,0.0008532167412340641,,0.005881799850612879
4323,0.0006423867307603359,,0.00835419911891222
4324,0.0007740389555692673,,0.010605337098240852
4325,0.0006893830141052604,,0.00800368469208479
4326,0.001041449955664575,,0.007658407557755709
4327,0.0006711189053021371,,0.005062645301222801
4328,0.0009114834829233587,,0.007793875876814127
4329,0.0010319201974198222,,0.010397274978458881
4330,0.0005537866381928325,,0.006389935966581106
4331,0.0007628031307831407,,0.006407042499631643
4332,0.0011639388976618648,,0.0052481163293123245
4333,0.0006529781967401505,,0.007046544458717108
4334,0.0007291039801202714,,0.006254530046135187
4335,0.0006781447445973754,,0.0052338032983243465
4336,0.000765192206017673,,0.007204231806099415
4337,0.0011028641602024436,,0.014757931232452393
4338,0.0007403065683320165,,0.007291081361472607
4339,0.0006841028807684779,,0.005453580524772406
4340,0.0006959458696655929,,0.005762874148786068
4341,0.0009246027329936624,,0.011005177162587643
4342,0.0006450763903558254,,0.007376003544777632
4343,0.0005941352574154735,,0.0065601724199950695
4344,0.0006844629533588886,,0.005262034945189953
4345,0.0006178775802254677,,0.007468289230018854
4346,0.0007197277154773474,,0.00794408842921257
4347,0.0006660401122644544,,0.007165178190916777
4348,0.0007913393201306462,,0.009222821332514286
4349,0.0007401672191917896,,0.005870264954864979
4350,0.0006860507419332862,,0.010300218127667904
4351,0.0006568286335095763,,0.005557533353567123
4352,0.0006779671530239284,,0.007727631833404303
4353,0.0006981433252803981,,0.009546594694256783
4354,0.0007016992894932628,,0.006961987819522619
4355,0.0005856437492184341,,0.006414109840989113
4356,0.0008243920165114105,,0.007592131849378347
4357,0.0008294711587950587,,0.007119059097021818
4358,0.0006621212232857943,,0.007632049731910229
4359,0.0006502753822132945,,0.0073469108901917934
4360,0.0006695056799799204,,0.004022900480777025
4361,0.0008774317684583366,,0.00990627333521843
4362,0.0007503381930291653,,0.005217431113123894
4363,0.0006276450003497303,,0.004492676816880703
4364,0.0005651576211676002,,0.005582908634096384
4365,0.0008773676818236709,,0.0062843384221196175
4366,0.0005826444830745459,,0.004298743791878223
4367,0.0006878277054056525,,0.005134595092386007
4368,0.0005922288401052356,,0.005044176708906889
4369,0.0006212293519638479,,0.005892301443964243
4370,0.000631706090644002,,0.004774862434715033
4371,0.0005557778058573604,,0.00428092060610652
4372,0.0013471010606735945,,0.0054903579875826836
4373,0.0007240103441290557,,0.007777979131788015
4374,0.0006090859533287585,,0.004482788033783436
4375,0.000532575068064034,,0.004554332699626684
4376,0.000794713560026139,,0.0074418773874640465
4377,0.0006296164938248694,,0.005696370732039213
4378,0.0005772673175670207,,0.006813781335949898
4379,0.0005365052493289113,,0.0032450994476675987
4380,0.0005720609333366156,,0.00600326806306839
4381,0.000627752160653472,,0.005775954108685255
4382,0.0006309074233286083,,0.003934255801141262
4383,0.0006257252534851432,,0.004915015771985054
4384,0.000746056146454066,,0.006824067793786526
4385,0.0005263949278742075,,0.0037255221977829933
4386,0.0006817625253461301,,0.004606503061950207
4387,0.000658417004160583,,0.006822171155363321
4388,0.0010026106610894203,,0.00781458243727684
4389,0.0006058235885575414,,0.004717710893601179
4390,0.000595060468185693,,0.004003608599305153
4391,0.0009676652261987329,,0.004735187627375126
4392,0.0005848707514815032,,0.004608705639839172
4393,0.0010694259544834495,,0.017297327518463135
4394,0.000706164981238544,,0.005903160665184259
4395,0.0005512167699635029,,0.004253387451171875
4396,0.0009472522651776671,,0.005415992811322212
4397,0.0014642586465924978,,0.010869616642594337
4398,0.0005505296867340803,,0.00668987026438117
4399,0.000597492151428014,,0.006225612014532089
4400,0.000733256689272821,,0.004727027378976345
4401,0.0006655236938968301,,0.0051767295226454735
4402,0.0006475509726442397,,0.00407831184566021
4403,0.0005362363299354911,,0.003707681782543659
4404,0.0009864260209724307,,0.005829269997775555
4405,0.0005272100097499788,,0.004742633551359177
4406,0.0007718967972323298,,0.004795304499566555
4407,0.0006751454202458262,,0.006532684434205294
4408,0.0005867639556527138,,0.0038967877626419067
4409,0.0006352657219395041,,0.006857054308056831
4410,0.0007055442547425628,,0.010260399430990219
4411,0.0010148942237719893,,0.008268496952950954
4412,0.0005649944068863988,,0.004742277320474386
4413,0.0006105733918957412,,0.005843902938067913
4414,0.0009152184939011931,,0.005897747818380594
4415,0.0012118153972551227,,0.007957273162901402
4416,0.0005930145853199065,,0.00556967593729496
4417,0.0006794744986109436,,0.005350250285118818
4418,0.0006541392649523914,,0.00800340250134468
4419,0.0006356920348480344,,0.007744970731437206
4420,0.0006882910383865237,,0.00550576439127326
4421,0.0005870246095582843,,0.006222061347216368
4422,0.001117447391152382,,0.007835966534912586
4423,0.0007584788254462183,,0.011501717381179333
4424,0.0008067147573456168,,0.00890074111521244
4425,0.0005875459755770862,,0.005791675765067339
4426,0.0006777315284125507,,0.007773827761411667
4427,0.0006599766202270985,,0.005980717018246651
4428,0.0006174669833853841,,0.004596388898789883
4429,0.0006635133177042007,,0.01054496131837368
4430,0.0008712791604921222,,0.010388894937932491
4431,0.0006009782082401216,,0.006650372873991728
4432,0.0006006036419421434,,0.004500809125602245
4433,0.0006006250041536987,,0.00453056488186121
4434,0.0006147703970782459,,0.004162379540503025
4435,0.0005412372993305326,,0.004479316994547844
4436,0.0006306019495241344,,0.008918989449739456
4437,0.0006085027125664055,,0.0046308315359056
4438,0.0005501929554156959,,0.006739382166415453
4439,0.0005912109627388418,,0.0074842157773673534
4440,0.0006014367681927979,,0.005691188387572765
4441,0.0007869777036830783,,0.010177611373364925
4442,0.0005305479280650616,,0.003481802996248007
4443,0.000584927387535572,,0.006460323929786682
4444,0.0007616528309881687,,0.008103457279503345
4445,0.0007584494887851179,,0.010072508826851845
4446,0.0006275140913203359,,0.00767297949641943
4447,0.0005807833513244987,,0.004244016483426094
4448,0.0007260969141498208,,0.008451673202216625
4449,0.0006217235932126641,,0.007727143354713917
4450,0.000690275221131742,,0.007355446927249432
4451,0.0006328091840259731,,0.008212375454604626
4452,0.000582866370677948,,0.0051927040331065655
4453,0.0006976771983318031,,0.007614284288138151
4454,0.0005837567732669413,,0.008752640336751938
4455,0.000522685470059514,,0.00682782894000411
4456,0.0007639752584509552,,0.009644676931202412
4457,0.0010141964303329587,,0.00575648806989193
4458,0.000583164335694164,,0.00462724594399333
4459,0.0006579968030564487,,0.007831494323909283
4460,0.0006740036187693477,,0.006600270979106426
4461,0.0006356217199936509,,0.006349415052682161
4462,0.0006315099890343845,,0.005994720384478569
4463,0.0006294678314588964,,0.006526513956487179
4464,0.0005773481680080295,,0.0055693588219583035
4465,0.0006319655221886933,,0.004604266490787268
4466,0.0005107816541567445,,0.004332683514803648
4467,0.0005428795120678842,,0.004592482000589371
4468,0.0005883672856725752,,0.004110558889806271
4469,0.0007346401689574122,,0.00629353616386652
4470,0.0006236074259504676,,0.00500525115057826
4471,0.0006033583777025342,,0.004400606267154217
4472,0.0006557907909154892,,0.005746523849666119
4473,0.0006435173563659191,,0.004257812164723873
4474,0.0005593787645921111,,0.005286054220050573
4475,0.0006004038150422275,,0.0044967844150960445
4476,0.0005285104271024466,,0.004663340747356415
4477,0.0006192716537043452,,0.004043642897158861
4478,0.0005484255962073803,,0.004868838936090469
4479,0.0006069025839678943,,0.006037096958607435
4480,0.0006600322085432708,,0.0067619988694787025
4481,0.0005995876272208989,,0.004941650200635195
4482,0.0006184896919876337,,0.005285652820020914
4483,0.0006797766545787454,,0.005310512147843838
4484,0.0006154933944344521,,0.0054076905362308025
4485,0.000593223434407264,,0.005761364474892616
4486,0.0009712711907923222,,0.00901746191084385
4487,0.000519739231094718,,0.0033296626061201096
4488,0.0006128255045041442,,0.0059317187406122684
4489,0.0005224509513936937,,0.004802661016583443
4490,0.0008727960521355271,,0.008994829840958118
4491,0.0005953821819275618,,0.005772563628852367
4492,0.0006135948933660984,,0.004403572529554367
4493,0.0007329477812163532,,0.0061727771535515785
4494,0.000651245005428791,,0.008591328747570515
4495,0.000595727120526135,,0.005631317384541035
4496,0.0006640804931521416,,0.0061666592955589294
4497,0.0005970251513645053,,0.006275394465774298
4498,0.000582546170335263,,0.005046377889811993
4499,0.0007108020363375545,,0.009450014680624008
4500,0.0005758770275861025,0.0005861199126391089,0.005084340460598469
4501,0.0006201616488397121,,0.006456403993070126
4502,0.0006776441587135196,,0.006163093727082014
4503,0.0006139454781077802,,0.005471381824463606
4504,0.0006647546542808414,,0.007107183802872896
4505,0.0005293172434903681,,0.0037206215783953667
4506,0.0005657963338308036,,0.006109565496444702
4507,0.0005671369726769626,,0.0051363930106163025
4508,0.0005966983735561371,,0.005458444356918335
4509,0.0006974464631639421,,0.005757953971624374
4510,0.0010451602283865213,,0.007439389359205961
4511,0.0009195631719194353,,0.005164605565369129
4512,0.0006468411302193999,,0.006220035720616579
4513,0.0006087172660045326,,0.005736622028052807
4514,0.0005871586035937071,,0.004440999589860439
4515,0.0007026017410680652,,0.006295634433627129
4516,0.0005288572865538299,,0.003952393773943186
4517,0.0008154829847626388,,0.010074232704937458
4518,0.0007548541761934757,,0.006345327477902174
4519,0.0006082600448280573,,0.005094361957162619
4520,0.0012721990933641791,,0.007449596654623747
4521,0.0006335641955956817,,0.005893703084439039
4522,0.0009922648314386606,,0.007224210537970066
4523,0.0006066651549190283,,0.004870179574936628
4524,0.0006122907507233322,,0.007445596624165773
4525,0.000589391216635704,,0.004924486391246319
4526,0.0005829957663081586,,0.005928677506744862
4527,0.0006501334137283266,,0.008096395991742611
4528,0.0005614780238829553,,0.006416563875973225
4529,0.0006039976142346859,,0.004721272736787796
4530,0.0006748061859980226,,0.005436296109110117
4531,0.0005124964518472552,,0.003811486531049013
4532,0.0006601543864235282,,0.005439495202153921
4533,0.000607332622166723,,0.0044317105785012245
4534,0.0005276727024465799,,0.005033812485635281
4535,0.0006936352583579719,,0.004567684140056372
4536,0.0006268981960602105,,0.0056955949403345585
4537,0.0006301451358012855,,0.005413717590272427
4538,0.0005964524461887777,,0.006016504019498825
4539,0.0005401454400271177,,0.0035716728307306767
4540,0.0006666592671535909,,0.007485668640583754
4541,0.000694936839863658,,0.007180278189480305
4542,0.0005849190638400614,,0.005814496427774429
4543,0.0005345911486074328,,0.004735664464533329
4544,0.0006365978624671698,,0.00467213848605752
4545,0.0006940425373613834,,0.006901538465172052
4546,0.0005066528683528304,,0.0038350727409124374
4547,0.0006066906498745084,,0.005069972015917301
4548,0.0005547553300857544,,0.004918835591524839
4549,0.0005362152587622404,,0.00473943492397666
4550,0.000574108911678195,,0.006057749502360821
4551,0.0005387648707255721,,0.005940466187894344
4552,0.0006091097020544112,,0.005356401205062866
4553,0.0005567852640524507,,0.0054472084157168865
4554,0.0005651850951835513,,0.00681459903717041
4555,0.00063920090906322,,0.005046021658927202
4556,0.0006063118344172835,,0.007083106320351362
4557,0.0006288945442065597,,0.0069535947404801846
4558,0.0005351765430532396,,0.004458494484424591
4559,0.0005893707275390625,,0.006861749570816755
4560,0.0006630211137235165,,0.007962765172123909
4561,0.0010960468789562583,,0.013552975840866566
4562,0.0011394036700949073,,0.0073224022053182125
4563,0.0005452989717014134,,0.005217601545155048
4564,0.0006096072029322386,,0.00847789365798235
4565,0.0006663164822384715,,0.007140002213418484
4566,0.0006855822866782546,,0.009407336823642254
4567,0.0006878663552924991,,0.009215814992785454
4568,0.0006041740998625755,,0.006724701263010502
4569,0.0006091702962294221,,0.007538654841482639
4570,0.0006929272785782814,,0.00940011627972126
4571,0.0006249618018046021,,0.006737055256962776
4572,0.0011356223840266466,,0.013185214251279831
4573,0.0006379245896823704,,0.008602079935371876
4574,0.0005607899511232972,,0.005334813147783279
4575,0.0009725980344228446,,0.01351763866841793
4576,0.000553361140191555,,0.0052149295806884766
4577,0.0009216582402586937,,0.01643986999988556
4578,0.0006324933492578566,,0.00831185095012188
4579,0.0006908666109666228,,0.0058532217517495155
4580,0.0005482351407408714,,0.004793211352080107
4581,0.0012449192581698298,,0.01113530620932579
4582,0.0006350550102069974,,0.007090521976351738
4583,0.0006805911543779075,,0.007464000955224037
4584,0.0005815268959850073,,0.005830497946590185
4585,0.00047143903793767095,,0.005200614687055349
4586,0.0006568364333361387,,0.006910413969308138
4587,0.0007872757851146162,,0.008754788897931576
4588,0.0011418513022363186,,0.007547509856522083
4589,0.0010448022512719035,,0.005796337500214577
4590,0.0012372065102681518,,0.004749799147248268
4591,0.0009164623916149139,,0.015268233604729176
4592,0.000624885899014771,,0.006052407436072826
4593,0.0006742512341588736,,0.006814594846218824
4594,0.0008238774607889354,,0.008497725240886211
4595,0.0005420474335551262,,0.005263164639472961
4596,0.0005989193450659513,,0.009688176214694977
4597,0.0005041054682806134,,0.004124535713344812
4598,0.0010977929923683405,,0.009885822422802448
4599,0.0005328128463588655,,0.006308422423899174
4600,0.0006392256473191082,,0.0060777077451348305
4601,0.0006047212518751621,,0.0071679833345115185
4602,0.0006232290179468691,,0.00510905496776104
4603,0.001059898640960455,,0.0070650940760970116
4604,0.0009844417218118906,,0.006000807508826256
4605,0.0005958726396784186,,0.0055318474769592285
4606,0.0005691963015124202,,0.005931330844759941
4607,0.0006709284498356283,,0.005448229610919952
4608,0.0005477149388752878,,0.006446467246860266
4609,0.0007257538381963968,,0.006575769744813442
4610,0.0006722098914906383,,0.00773624936118722
4611,0.0006429202621802688,,0.003342659445479512
4612,0.0005493857315741479,,0.004536489490419626
4613,0.0006607603281736374,,0.004196495749056339
4614,0.000600297178607434,,0.005710971541702747
4615,0.0005339557537809014,,0.003462785854935646
4616,0.0005349362618289888,,0.0037923958152532578
4617,0.000507025164552033,,0.004061729181557894
4618,0.000605519104283303,,0.005182851571589708
4619,0.0005689844256266952,,0.004505479242652655
4620,0.0006814713124185801,,0.0057697175070643425
4621,0.0006047990173101425,,0.0050330390222370625
4622,0.0006571764824911952,,0.00630447082221508
4623,0.0008334232261404395,,0.008060951717197895
4624,0.0005713569116778672,,0.005533803720027208
4625,0.0005526975728571415,,0.003762564854696393
4626,0.0006052640965208411,,0.005479241255670786
4627,0.0005775253521278501,,0.005449982825666666
4628,0.0005808816640637815,,0.006447522900998592
4629,0.000618629390373826,,0.006205180659890175
4630,0.0010039352346211672,,0.008433258160948753
4631,0.0005389197613112628,,0.006261778995394707
4632,0.0005710170371457934,,0.007296027150005102
4633,0.0005747986724600196,,0.004746203310787678
4634,0.0006310008466243744,,0.008650840260088444
4635,0.0009430900681763887,,0.006765583995729685
4636,0.0006182222859933972,,0.006164222024381161
4637,0.0005284248036332428,,0.007101499475538731
4638,0.0007434249855577946,,0.007683188188821077
4639,0.0005890768952667713,,0.005599162541329861
4640,0.0007775062695145607,,0.004888791590929031
4641,0.0006202411605045199,,0.0041654761880636215
4642,0.0007168048759922385,,0.006365219596773386
4643,0.0009669396094977856,,0.0044944253750145435
4644,0.0005785376415587962,,0.00608736602589488
4645,0.0005947785684838891,,0.006078081671148539
4646,0.0005643353215418756,,0.004188002552837133
4647,0.0005960877751931548,,0.007330494001507759
4648,0.0005567250191234052,,0.006104740779846907
4649,0.0005500571569427848,,0.005322823766618967
4650,0.0006340139079838991,,0.007400727365165949
4651,0.0005418395157903433,,0.003774282755330205
4652,0.0006691451999358833,,0.006004629656672478
4653,0.0017333149444311857,,0.005498177837580442
4654,0.0007584401173517108,,0.0048677874729037285
4655,0.0010818114969879389,,0.006922018714249134
4656,0.0007161037065088749,,0.008826000615954399
4657,0.000583278015255928,,0.004576690960675478
4658,0.0007235693628899753,,0.006535952445119619
4659,0.0006893910467624664,,0.008035429753363132
4660,0.0006336570368148386,,0.0050361682660877705
4661,0.0008637601276859641,,0.005739590153098106
4662,0.0005731957498937845,,0.006157292518764734
4663,0.0005919549148529768,,0.0068577006459236145
4664,0.0005662554758600891,,0.0046913460828363895
4665,0.0005805885884910822,,0.006476001814007759
4666,0.0007365580531768501,,0.006813515909016132
4667,0.0006159330951049924,,0.006850768346339464
4668,0.0006853137165307999,,0.007441195659339428
4669,0.0005594994290731847,,0.004030231386423111
4670,0.0006848288467153907,,0.0078066131100058556
4671,0.0005802666419185698,,0.005867603234946728
4672,0.000561972614377737,,0.005863705649971962
4673,0.0007056515896692872,,0.0070077525451779366
4674,0.0005919345421716571,,0.006021467968821526
4675,0.0007414816645905375,,0.005957381799817085
4676,0.000586221634875983,,0.0053682210855185986
4677,0.0006898996653035283,,0.005935444496572018
4678,0.0006289125885814428,,0.006082614418119192
4679,0.0010553102474659681,,0.005588401574641466
4680,0.0006842300062999129,,0.006149772554636002
4681,0.0005507835885509849,,0.004998413845896721
4682,0.0005154428072273731,,0.0038847727701067924
4683,0.0006968256784603,,0.007412672974169254
4684,0.001080880407243967,,0.0062325987964868546
4685,0.0005408349679782987,,0.004469878040254116
4686,0.0006517852889373899,,0.006263227201998234
4687,0.000654485251288861,,0.00360100157558918
4688,0.000690981512889266,,0.00871746614575386
4689,0.0005873070913366973,,0.004216968081891537
4690,0.0005142485606484115,,0.004767911974340677
4691,0.000591450952924788,,0.007286949548870325
4692,0.0005309435655362904,,0.003637282643467188
4693,0.0006655509350821376,,0.00894768163561821
4694,0.0005549868801608682,,0.003550485707819462
4695,0.000565238471608609,,0.0076439110562205315
4696,0.0005145741160959005,,0.004676378797739744
4697,0.0006372138159349561,,0.004805154167115688
4698,0.0005840628873556852,,0.007013266906142235
4699,0.0006830557249486446,,0.010976798832416534
4700,0.0005936473025940359,,0.007999989204108715
4701,0.0006667956477031112,,0.007429196033626795
4702,0.0005692512495443225,,0.007512203883379698
4703,0.0006070056697353721,,0.006140129175037146
4704,0.0006691690068691969,,0.007612717803567648
4705,0.0006126511143520474,,0.004873284604400396
4706,0.0011901974212378263,,0.010554453358054161
4707,0.0007023701327852905,,0.006278648506850004
4708,0.0005878412048332393,,0.00682095717638731
4709,0.0011660212185233831,,0.00950353778898716
4710,0.0005772159202024341,,0.007704161107540131
4711,0.0005080951377749443,,0.00410733325406909
4712,0.0006517749279737473,,0.007012779824435711
4713,0.0004946144763380289,,0.005051590036600828
4714,0.0005247780936770141,,0.004309010226279497
4715,0.0005803980166092515,,0.005178746767342091
4716,0.0008865850395523012,,0.005201275926083326
4717,0.0005407369462773204,,0.003316605929285288
4718,0.0005483952118083835,,0.004936743061989546
4719,0.0006514039705507457,,0.0058061000891029835
4720,0.0006125462823547423,,0.005608040373772383
4721,0.0005013839690946043,,0.004617596510797739
4722,0.0005882218829356134,,0.006306464318186045
4723,0.0005407140124589205,,0.004625033121556044
4724,0.0005024650599807501,,0.0045587290078401566
4725,0.0005716957384720445,,0.005455441307276487
4726,0.0006187193794175982,,0.004136605653911829
4727,0.0006294192862696946,,0.00479666655883193
4728,0.0005760045605711639,,0.004871653392910957
4729,0.0005477427621372044,,0.0033990645315498114
4730,0.0007655988447368145,,0.00981496274471283
4731,0.0009435476968064904,,0.0085713230073452
4732,0.0005534575320780277,,0.004039004445075989
4733,0.0006740522803738713,,0.0059637282975018024
4734,0.0010029885452240705,,0.01005445048213005
4735,0.0007206743466667831,,0.01003517396748066
4736,0.000798013701569289,,0.009142491966485977
4737,0.0005987495533190668,,0.0057897139340639114
4738,0.0005993329104967415,,0.005257327575236559
4739,0.0006124161882326007,,0.004904947709292173
4740,0.0006180654163472354,,0.004537413828074932
4741,0.0006297097424976528,,0.005205334164202213
4742,0.0004782911273650825,,0.003920900635421276
4743,0.0005328892730176449,,0.004366185050457716
4744,0.0006056248093955219,,0.005125551484525204
4745,0.0007223667926155031,,0.009983176365494728
4746,0.0006581040797755122,,0.005421299487352371
4747,0.0006426337640732527,,0.006289556622505188
4748,0.0006749683525413275,,0.011445930227637291
4749,0.0006086599896661937,,0.005502950865775347
4750,0.0006244332762435079,,0.0069845691323280334
4751,0.0005800578510388732,,0.004868261516094208
4752,0.0005959352711215615,,0.004864368587732315
4753,0.0006393794319592416,,0.007606405299156904
4754,0.0005662536714226007,,0.007025204598903656
4755,0.0005773265147581697,,0.00542790861800313
4756,0.0006127430824562907,,0.007276005111634731
4757,0.0005584029713645577,,0.00493392301723361
4758,0.0005248284433037043,,0.005230507347732782
4759,0.0006717887590639293,,0.005454000551253557
4760,0.0005086367018520832,,0.004010108299553394
4761,0.0011653380934149027,,0.004363883752375841
4762,0.0006078365258872509,,0.0041944351978600025
4763,0.0006569886463694274,,0.004483314231038094
4764,0.000531223020516336,,0.004034359473735094
4765,0.0005781265790574253,,0.004283924587070942
4766,0.0005585085018537939,,0.004578835796564817
4767,0.0005533701041713357,,0.006094422657042742
4768,0.0005603224271908402,,0.0043702879920601845
4769,0.0005595696275122464,,0.005522281862795353
4770,0.0005401669186539948,,0.003332307795062661
4771,0.0005056189256720245,,0.004418327007442713
4772,0.0005226199282333255,,0.005509971175342798
4773,0.0007002362399362028,,0.005536132026463747
4774,0.001180907478556037,,0.010842881165444851
4775,0.0006591536803171039,,0.0051852064207196236
4776,0.000610383867751807,,0.007158292923122644
4777,0.000537533254828304,,0.004756327718496323
4778,0.0005174603429622948,,0.0036161888856440783
4779,0.0006502881296910346,,0.004393142648041248
4780,0.0006050713127478957,,0.005186252295970917
4781,0.0006006881594657898,,0.0044178469106554985
4782,0.0005344252567738295,,0.0034258628729730844
4783,0.0005582315498031676,,0.003917105030268431
4784,0.0006212680018506944,,0.003946530632674694
4785,0.0006011769874021411,,0.004723554942756891
4786,0.0005151762743480504,,0.004311698954552412
4787,0.0005689062527380884,,0.0038414050359278917
4788,0.0005809861468151212,,0.004951353184878826
4789,0.0005985780153423548,,0.004694162867963314
4790,0.0006163169164210558,,0.004720280412584543
4791,0.0005480366526171565,,0.004464741330593824
4792,0.0005512427887879312,,0.004348699934780598
4793,0.0006985233630985022,,0.005292936693876982
4794,0.0005724611110053957,,0.0061675081960856915
4795,0.0005273543065413833,,0.006073241122066975
4796,0.0006424118182621896,,0.006571546196937561
4797,0.0006177390459924936,,0.006740898359566927
4798,0.000569004681892693,,0.004337253514677286
4799,0.000645759399048984,,0.0045571173541247845
4800,0.0005976972170174122,,0.006465873681008816
4801,0.0005639697192236781,,0.004659735597670078
4802,0.0005382761592045426,,0.0046144891530275345
4803,0.0005405988194979727,,0.005995596759021282
4804,0.0006949637900106609,,0.00632315082475543
4805,0.0005401214002631605,,0.004529433790594339
4806,0.0005726019735448062,,0.004508888348937035
4807,0.0005946333985775709,,0.006721162237226963
4808,0.0010515383910387754,,0.004599432926625013
4809,0.0006088504451327026,,0.00637691468000412
4810,0.0007616374641656876,,0.009766546078026295
4811,0.0005966993048787117,,0.00895958486944437
4812,0.000527437892742455,,0.006304929964244366
4813,0.00056565081467852,,0.00367916957475245
4814,0.0006898005376569927,,0.010069281794130802
4815,0.0005261760670691729,,0.006146630272269249
4816,0.0005769805284217,,0.00705697201192379
4817,0.0005642109899781644,,0.007381935603916645
4818,0.0005370448343455791,,0.004609028808772564
4819,0.0006291400641202927,,0.008289958350360394
4820,0.0005103737348690629,,0.004834631457924843
4821,0.0005698507884517312,,0.0057416316121816635
4822,0.0006168927066028118,,0.00816604495048523
4823,0.0005864702980034053,,0.0042095244862139225
4824,0.0005840532830916345,,0.007019528187811375
4825,0.0005790255381725729,,0.00415513152256608
4826,0.0005845124251209199,,0.00438261590898037
4827,0.0005797179182991385,,0.007923386991024017
4828,0.0006303437403403223,,0.004563742317259312
4829,0.0006430655485019088,,0.00871423352509737
4830,0.0006898860447108746,,0.011285291984677315
4831,0.0005120488349348307,,0.004211138933897018
4832,0.0005479317042045295,,0.004342589061707258
4833,0.000491018348839134,,0.0039460547268390656
4834,0.0006182508659549057,,0.006066165864467621
4835,0.0005638290313072503,,0.005083139520138502
4836,0.0012195720337331295,,0.008776608854532242
4837,0.0006256393389776349,,0.0050392914563417435
4838,0.0005725397495552897,,0.005055465269833803
4839,0.0005017891526222229,,0.007269814144819975
4840,0.0005289001855999231,,0.003790375543758273
4841,0.0005226657376624644,,0.003957209177315235
4842,0.0005572047084569931,,0.008228616788983345
4843,0.0006572715356014669,,0.00432569719851017
4844,0.000502083683386445,,0.006942114792764187
4845,0.0005655401619151235,,0.003999505192041397
4846,0.0008934717043302953,,0.011277259327471256
4847,0.0005384266842156649,,0.005261298734694719
4848,0.0012569964164867997,,0.007289299741387367
4849,0.0005471745389513671,,0.004069995600730181
4850,0.0005327010294422507,,0.004603235051035881
4851,0.000628997921012342,,0.005476548336446285
4852,0.0005863323458470404,,0.005723420064896345
4853,0.0005886582075618207,,0.003812939627096057
4854,0.0005788834532722831,,0.005517028737813234
4855,0.0006058836588636041,,0.004806255456060171
4856,0.000580562511458993,,0.004101604223251343
4857,0.0005958022084087133,,0.005692762788385153
4858,0.0005180941661819816,,0.003974171821027994
4859,0.000658998906146735,,0.004154960624873638
4860,0.0005954792140983045,,0.010508975014090538
4861,0.0005716804880648851,,0.003992103505879641
4862,0.0005263641942292452,,0.005640319082885981
4863,0.0007177062216214836,,0.010562191717326641
4864,0.0005794316530227661,,0.005613419692963362
4865,0.0005776812904514372,,0.004865441471338272
4866,0.0006282713147811592,,0.004666537512093782
4867,0.0006874079699628055,,0.010576300323009491
4868,0.0005163197638466954,,0.004580914042890072
4869,0.0005366980331018567,,0.004619400016963482
4870,0.000564650516025722,,0.006362230982631445
4871,0.000549770426005125,,0.004202625714242458
4872,0.0005592688685283065,,0.0065276650711894035
4873,0.0009419841226190329,,0.009926645085215569
4874,0.000540588516741991,,0.006249304860830307
4875,0.0007188183953985572,,0.011557049117982388
4876,0.000586044741794467,,0.0050832293927669525
4877,0.0006693389732390642,,0.010648725554347038
4878,0.0005616386770270765,,0.004678701516240835
4879,0.0005862977122887969,,0.006470153108239174
4880,0.0005569928325712681,,0.00690695084631443
4881,0.0005799989448860288,,0.004732275381684303
4882,0.0006141358753666282,,0.00664032157510519
4883,0.0005855814088135958,,0.004179676063358784
4884,0.0005743606016039848,,0.0059851850382983685
4885,0.000534743070602417,,0.005277680698782206
4886,0.0004937007324770093,,0.0060507128946483135
4887,0.0005158557905815542,,0.004929888993501663
4888,0.0005991086945869029,,0.005142628215253353
4889,0.0005613553221337497,,0.005563839804381132
4890,0.0006527579389512539,,0.005248631350696087
4891,0.0005957282846793532,,0.0041487072594463825
4892,0.0005433160113170743,,0.005307972431182861
4893,0.0005372058949433267,,0.007281474303454161
4894,0.0006765532307326794,,0.0046797082759439945
4895,0.0005644081393256783,,0.005083814263343811
4896,0.0010637696832418442,,0.0036613924894481897
4897,0.0005184083711355925,,0.004672846291214228
4898,0.0009595564333721995,,0.00686049135401845
4899,0.00046678120270371437,,0.004028885625302792
4900,0.0007235473021864891,,0.0067132748663425446
4901,0.0006790291517972946,,0.0053679803386330605
4902,0.0004799352027475834,,0.00484526576474309
4903,0.0005584154860116541,,0.006851608399301767
4904,0.0005850351881235838,,0.005906417965888977
4905,0.0006245174445211887,,0.008517212234437466
4906,0.0005549257039092481,,0.00396962184458971
4907,0.0006650574505329132,,0.008223339915275574
4908,0.0005891248001717031,,0.004914748948067427
4909,0.000528808101080358,,0.004358317703008652
4910,0.0005488898605108261,,0.004851257428526878
4911,0.00047983284457586706,,0.004272268619388342
4912,0.000505463220179081,,0.004326211288571358
4913,0.0006462123710662127,,0.009999001398682594
4914,0.0005400782683864236,,0.004286977928131819
4915,0.0008937274105846882,,0.01101370994001627
4916,0.000625185202807188,,0.0052514467388391495
4917,0.0006052828393876553,,0.004743839614093304
4918,0.0005072436761111021,,0.004702842328697443
4919,0.0007282925653271377,,0.006073125172406435
4920,0.0006040980806574225,,0.007262853439897299
4921,0.00046693868353031576,,0.004307073075324297
4922,0.0005344160599634051,,0.0044324821792542934
4923,0.0004971472080796957,,0.00577767426148057
4924,0.0006138388998806477,,0.005486797075718641
4925,0.00103732047136873,,0.007397396955639124
4926,0.0005631201784126461,,0.006444141734391451
4927,0.0005124958697706461,,0.0037538136821240187
4928,0.0005061273113824427,,0.005971305537968874
4929,0.0005151191726326942,,0.005653433036059141
4930,0.0005389104480855167,,0.005819089710712433
4931,0.0006643282249569893,,0.007638612762093544
4932,0.0005786851397715509,,0.005474730860441923
4933,0.000574149307794869,,0.006446200888603926
4934,0.0005010672612115741,,0.004279823508113623
4935,0.0006362430867739022,,0.006992335896939039
4936,0.0008107486646622419,,0.008556902408599854
4937,0.0009836049284785986,,0.006319231353700161
4938,0.0006077225552871823,,0.0075859930366277695
4939,0.0005731623969040811,,0.005952069070190191
4940,0.0007114786421880126,,0.006806876044720411
4941,0.0005532076465897262,,0.007558408658951521
4942,0.0005463340203277767,,0.005928512196987867
4943,0.0005601698067039251,,0.005649964790791273
4944,0.0005522698047570884,,0.006519759073853493
4945,0.0005804428365081549,,0.006033039186149836
4946,0.0010617631487548351,,0.006652481853961945
4947,0.0006040443549863994,,0.004293843172490597
4948,0.0006322730332612991,,0.007363404147326946
4949,0.0005326394457370043,,0.003933501895517111
4950,0.0006883437745273113,,0.005423266906291246
4951,0.0005867727450095117,,0.006716884206980467
4952,0.0005678943125531077,,0.0053435759618878365
4953,0.0005562216392718256,,0.00551858264952898
4954,0.0009302053367719054,,0.0066731465049088
4955,0.0006243616226129234,,0.006486351136118174
4956,0.0004897566977888346,,0.004216583911329508
4957,0.0005644568591378629,,0.003937696106731892
4958,0.0005438483785837889,,0.005235389340668917
4959,0.0005139232962392271,,0.007129449862986803
4960,0.0005625422345474362,,0.006252251099795103
4961,0.0006642664084210992,,0.0066536529920995235
4962,0.0006924187764525414,,0.005646532401442528
4963,0.0005602800520136952,,0.00548506947234273
4964,0.0005851997411809862,,0.005805064924061298
4965,0.0005733345169574022,,0.005041191354393959
4966,0.0005934660439379513,,0.005901188589632511
4967,0.0005418793298304081,,0.006090898532420397
4968,0.0006611313438042998,,0.004389017354696989
4969,0.0005239281454123557,,0.004854302853345871
4970,0.0005455957143567502,,0.0046201241202652454
4971,0.0004808703379239887,,0.00568059366196394
4972,0.0005278463941067457,,0.0035367703530937433
4973,0.0006388927577063441,,0.005041368771344423
4974,0.0010907056275755167,,0.003806146327406168
4975,0.0005843699327670038,,0.00481043616309762
4976,0.0005391498561948538,,0.003998578060418367
4977,0.0008473805501125753,,0.004398257005959749
4978,0.0005688653327524662,,0.00527180964127183
4979,0.0005487739108502865,,0.004578850697726011
4980,0.0007037710165604949,,0.006286998279392719
4981,0.000565389113035053,,0.004412593320012093
4982,0.0005437269574031234,,0.004754531662911177
4983,0.0005454010679386556,,0.004719278309494257
4984,0.0005063129938207567,,0.003304050536826253
4985,0.000551587319932878,,0.005115254316478968
4986,0.0006332171615213156,,0.004904577974230051
4987,0.0005273089045658708,,0.005216788500547409
4988,0.0011028253939002752,,0.0035278142895549536
4989,0.0006644420209340751,,0.006069439463317394
4990,0.0005824855761602521,,0.007953389547765255
4991,0.0007035873713903129,,0.00460101617500186
4992,0.0009173046564683318,,0.012239974923431873
4993,0.0005783770466223359,,0.006018664687871933
4994,0.0005995967076160014,,0.005814373027533293
4995,0.0007927216938696802,,0.009083363227546215
4996,0.0009213737212121487,,0.012639086693525314
4997,0.0005134052480570972,,0.004424856975674629
4998,0.0005931875202804804,,0.0060807885602116585
4999,0.000669915578328073,,0.006138292606920004
5000,0.0005749291158281267,0.0005316973584293663,0.006663901265710592
5001,0.0006297921645455062,,0.006160438060760498
5002,0.00071339140413329,,0.014811559580266476
5003,0.0006112360279075801,,0.006565233692526817
5004,0.0005798331694677472,,0.003899910254403949
5005,0.0005000630626454949,,0.0032234974205493927
5006,0.0005689240642823279,,0.004400884732604027
5007,0.0006322219269350171,,0.0051462166011333466
5008,0.0005047302693128586,,0.005541240330785513
5009,0.0005602734163403511,,0.005008911248296499
5010,0.0005237183067947626,,0.003979906905442476
5011,0.0005638932925648987,,0.0041128844022750854
5012,0.0006022660527378321,,0.005943660624325275
5013,0.0004946409608237445,,0.005627843551337719
5014,0.000494127394631505,,0.004976070951670408
5015,0.0004811120161321014,,0.004011997953057289
5016,0.000639513717032969,,0.007427050266414881
5017,0.0005583646707236767,,0.005299110896885395
5018,0.0006332165794447064,,0.008320298977196217
5019,0.0006254499894566834,,0.0047845193184912205
5020,0.0005466528236865997,,0.005296307150274515
5021,0.0006461559678427875,,0.008226275444030762
5022,0.0005222573527134955,,0.004300238098949194
5023,0.0004976379568688571,,0.003802699502557516
5024,0.0005434233462437987,,0.004411797970533371
5025,0.0006971042603254318,,0.004973729141056538
5026,0.0007977141067385674,,0.014720105566084385
5027,0.0005231796531006694,,0.003538257209584117
5028,0.0004971341113559902,,0.004167334176599979
5029,0.0005785779794678092,,0.004662444349378347
5030,0.0005344868404790759,,0.004299986641854048
5031,0.0008994642412289977,,0.01587810553610325
5032,0.0005549545167014003,,0.005765154492110014
5033,0.0013024865183979273,,0.011915750801563263
5034,0.0005104221636429429,,0.005834962707012892
5035,0.0005270738038234413,,0.005873751360923052
5036,0.0005886584403924644,,0.006506437435746193
5037,0.0008348090341314673,,0.006843691226094961
5038,0.0006089077796787024,,0.006890879012644291
5039,0.0006582229398190975,,0.005992840975522995
5040,0.0006545442156493664,,0.012723894789814949
5041,0.0006007105112075806,,0.00714237242937088
5042,0.0005868476582691073,,0.0060538649559021
5043,0.0006099033053033054,,0.008068600669503212
5044,0.0010066600516438484,,0.005537611898034811
5045,0.0005140480352565646,,0.004663027822971344
5046,0.0006019178545102477,,0.005889666732400656
5047,0.0006033600657247007,,0.0053075640462338924
5048,0.0005559513811022043,,0.004877916537225246
5049,0.0005840833182446659,,0.00593682611361146
5050,0.0005607159109786153,,0.004579545464366674
5051,0.0005767578259110451,,0.006309502758085728
5052,0.0005169801297597587,,0.004716489464044571
5053,0.000546431343536824,,0.005321789067238569
5054,0.000503407558426261,,0.003986537456512451
5055,0.0005496530793607235,,0.003331302898004651
5056,0.0009690615115687251,,0.007911677472293377
5057,0.0006194751476868987,,0.005329845007508993
5058,0.0005246235523372889,,0.005612809211015701
5059,0.0005415572668425739,,0.004340410232543945
5060,0.0005114366067573428,,0.005982973147183657
5061,0.0006658313213847578,,0.007830013521015644
5062,0.0006087580695748329,,0.005716368556022644
5063,0.0006056124693714082,,0.006629880052059889
5064,0.0009114383137784898,,0.005278618540614843
5065,0.0005703909555450082,,0.006667677778750658
5066,0.0006081710453145206,,0.00698953727260232
5067,0.0007017734460532665,,0.00917828269302845
5068,0.00042642763582989573,,0.004297791048884392
5069,0.0005090947961434722,,0.004257728345692158
5070,0.0005190016236156225,,0.004593329969793558
5071,0.0005081010749563575,,0.0043435851112008095
5072,0.0005581525037996471,,0.004931070376187563
5073,0.0005642419564537704,,0.003491358133032918
5074,0.0005677880253642797,,0.004535033367574215
5075,0.0005402366514317691,,0.006595567800104618
5076,0.00057838240172714,,0.0070390705950558186
5077,0.0007116427877917886,,0.004911458119750023
5078,0.0006345671718008816,,0.007193019147962332
5079,0.0005779210478067398,,0.005888053216040134
5080,0.0007058854098431766,,0.005920466501265764
5081,0.0005616687703877687,,0.005816565360873938
5082,0.0005742718931287527,,0.006304525770246983
5083,0.0006670622969977558,,0.007041147910058498
5084,0.0007329755462706089,,0.006878341548144817
5085,0.0005091596976853907,,0.006083441898226738
5086,0.000470851082354784,,0.004671646747738123
5087,0.0005549597553908825,,0.005153424572199583
5088,0.0006283896509557962,,0.006264478899538517
5089,0.0006241259980015457,,0.007885506376624107
5090,0.0006473715184256434,,0.005103454925119877
5091,0.000505211646668613,,0.004892601165920496
5092,0.0008539263508282602,,0.010479728691279888
5093,0.000678233802318573,,0.005444485694169998
5094,0.0005520469858311117,,0.005572593305259943
5095,0.0005700936308130622,,0.004555550869554281
5096,0.0005529477493837476,,0.005574753042310476
5097,0.0006356000085361302,,0.00863146223127842
5098,0.0005523482686839998,,0.005357180722057819
5099,0.0005895289359614253,,0.0059528592973947525
5100,0.0004882162611465901,,0.005016691982746124
5101,0.0005895576323382556,,0.006957121193408966
5102,0.0004528171266429126,,0.005087992176413536
5103,0.0005347771802917123,,0.005453114863485098
5104,0.000715271569788456,,0.007990112528204918
5105,0.0005594943650066853,,0.007648151367902756
5106,0.0004973253235220909,,0.005653534084558487
5107,0.0005598656134679914,,0.005430588033050299
5108,0.0007295342511497438,,0.009567853063344955
5109,0.000624128500930965,,0.005701994523406029
5110,0.0005323027726262808,,0.008629475720226765
5111,0.0005602128803730011,,0.008489063009619713
5112,0.0005434842314571142,,0.005935146007686853
5113,0.0006123340572230518,,0.009301342070102692
5114,0.0005027615698054433,,0.0060914019122719765
5115,0.0005446817958727479,,0.007275328505784273
5116,0.0006975521100685,,0.010923052206635475
5117,0.0005430341116152704,,0.005216116085648537
5118,0.0005923305288888514,,0.0057473196648061275
5119,0.0011142881121486425,,0.005007278174161911
5120,0.0009894490940496325,,0.010870781727135181
5121,0.0006099680904299021,,0.008863560855388641
5122,0.0005048898165114224,,0.0033442629501223564
5123,0.000574524630792439,,0.007971810176968575
5124,0.000659101118799299,,0.00612470181658864
5125,0.0005406208802014589,,0.005351250991225243
5126,0.001144822803325951,,0.006435483694076538
5127,0.0005486509762704372,,0.005353884771466255
5128,0.000552265380974859,,0.005359237547963858
5129,0.0008325697854161263,,0.011337341740727425
5130,0.0005831918097101152,,0.00513620488345623
5131,0.0006656181067228317,,0.005063219461590052
5132,0.0005881083197891712,,0.005479511339217424
5133,0.0005453049670904875,,0.0076687876135110855
5134,0.0005453864578157663,,0.004711638670414686
5135,0.0004926993860863149,,0.006155149079859257
5136,0.0006054710829630494,,0.0068810167722404
5137,0.0006603834917768836,,0.006929573602974415
5138,0.0005525212618522346,,0.005754305515438318
5139,0.0005619660951197147,,0.004798629321157932
5140,0.0005750968120992184,,0.005550141911953688
5141,0.0005968036130070686,,0.0050112600438296795
5142,0.0006354665383696556,,0.006785077974200249
5143,0.0005243276245892048,,0.005094553809612989
5144,0.0005000921664759517,,0.004176626447588205
5145,0.0005445054266601801,,0.0064463005401194096
5146,0.0006738485535606742,,0.005671375431120396
5147,0.001362067530862987,,0.007430702447891235
5148,0.0005490027833729982,,0.0057648783549666405
5149,0.0004746350459754467,,0.0044332826510071754
5150,0.0005415889318101108,,0.0069296834990382195
5151,0.0005528443143703043,,0.004627146292477846
5152,0.0005465304711833596,,0.00687248632311821
5153,0.0005717376479879022,,0.007083101198077202
5154,0.0006342297419905663,,0.004870743956416845
5155,0.0010403301566839218,,0.007735478691756725
5156,0.0005214115954004228,,0.004529652185738087
5157,0.0005202683969400823,,0.00495030777528882
5158,0.0005862979451194406,,0.007259730249643326
5159,0.0005138199776411057,,0.004366475157439709
5160,0.0005969085032120347,,0.007013718597590923
5161,0.0005414177430793643,,0.004371903836727142
5162,0.0005566594190895557,,0.009598259814083576
5163,0.000540437176823616,,0.003978020511567593
5164,0.0009427265031263232,,0.010550452396273613
5165,0.0006136076408438385,,0.005783028434962034
5166,0.00048606382915750146,,0.004002726171165705
5167,0.0005875282222405076,,0.0056683835573494434
5168,0.00045304905506782234,,0.003933629486709833
5169,0.0005461684777401388,,0.003520147642120719
5170,0.0005091241910122335,,0.006008051335811615
5171,0.0010471083223819733,,0.004471742548048496
5172,0.0008427549037151039,,0.006316786631941795
5173,0.0005716903833672404,,0.004003727808594704
5174,0.0009092281106859446,,0.006962527055293322
5175,0.0004759339499287307,,0.003699860069900751
5176,0.0005813129246234894,,0.005022983532398939
5177,0.0005822365055792034,,0.006588503252714872
5178,0.0005355050670914352,,0.004105261527001858
5179,0.0005922979908064008,,0.007818417623639107
5180,0.0005149549688212574,,0.005980057176202536
5181,0.0005733950529247522,,0.006667995359748602
5182,0.0012857143301516771,,0.006637933198362589
5183,0.0005502118146978319,,0.004285143688321114
5184,0.0005704957293346524,,0.006455654744058847
5185,0.0005006458377465606,,0.0068014925345778465
5186,0.0005737514584325254,,0.004524453077465296
5187,0.0008846911368891597,,0.00917836930602789
5188,0.000564533518627286,,0.006796603556722403
5189,0.0005883666453883052,,0.008602938614785671
5190,0.0005221879109740257,,0.009498369880020618
5191,0.0007743393070995808,,0.006637910380959511
5192,0.0008336319006048143,,0.008702895604074001
5193,0.0005476867663674057,,0.004462990444153547
5194,0.001108292955905199,,0.006534369196742773
5195,0.0005654692649841309,,0.007768076378852129
5196,0.0005372216692194343,,0.004926494788378477
5197,0.0005845676059834659,,0.008070827461779118
5198,0.0005410035373643041,,0.004504411946982145
5199,0.0006063061882741749,,0.008923077955842018
5200,0.0005456923390738666,,0.007080001290887594
5201,0.0004955266485922039,,0.0026977111119776964
5202,0.0005823213141411543,,0.006703258492052555
5203,0.0005226835492067039,,0.005229442846029997
5204,0.000706963415723294,,0.005985921248793602
5205,0.0006538777379319072,,0.004786964040249586
5206,0.0005976443062536418,,0.005212019197642803
5207,0.0005206643836572766,,0.004858097527176142
5208,0.0005606783670373261,,0.004885857924818993
5209,0.00045584916369989514,,0.004107831511646509
5210,0.0005733747384510934,,0.003900060662999749
5211,0.0006565804942511022,,0.010295678861439228
5212,0.0005010021850466728,,0.005004451610147953
5213,0.0005526443710550666,,0.0039579179137945175
5214,0.0005341784562915564,,0.004303229972720146
5215,0.0006534472922794521,,0.007012353744357824
5216,0.0005430694436654449,,0.0038755503483116627
5217,0.0006934268749319017,,0.005251639522612095
5218,0.0010630316101014614,,0.003891797037795186
5219,0.0005759207997471094,,0.006473691668361425
5220,0.0006292598554864526,,0.012618216685950756
5221,0.0006340717081911862,,0.005603726487606764
5222,0.0005419290973804891,,0.004040710628032684
5223,0.0005156301776878536,,0.006858841050416231
5224,0.0005521294078789651,,0.006111985072493553
5225,0.0005512353964149952,,0.004501817747950554
5226,0.0005797941121272743,,0.006116198375821114
5227,0.0009268659050576389,,0.015299810096621513
5228,0.0005043257842771709,,0.005943823140114546
5229,0.0005129200872033834,,0.005954967346042395
5230,0.000515227613504976,,0.006725084502249956
5231,0.0004941936931572855,,0.005251712165772915
5232,0.0005132268415763974,,0.00506335124373436
5233,0.0005264678038656712,,0.0036492322105914354
5234,0.0007165339193306863,,0.007104646880179644
5235,0.0005895259091630578,,0.0039603677578270435
5236,0.001217145356349647,,0.0062177893705666065
5237,0.0005779882776550949,,0.004674985073506832
5238,0.0005493811913765967,,0.0053590754978358746
5239,0.0006169869448058307,,0.006475184112787247
5240,0.0005163850146345794,,0.004240959882736206
5241,0.0006466591730713844,,0.006384170148521662
5242,0.0006070970557630062,,0.0049885343760252
5243,0.0005099558620713651,,0.0036682290956377983
5244,0.0006435948307625949,,0.005335853900760412
5245,0.000726706231944263,,0.007023644633591175
5246,0.0006665347027592361,,0.004451964981853962
5247,0.0005619202274829149,,0.005591742228716612
5248,0.0004891546559520066,,0.004401774145662785
5249,0.0006119372555986047,,0.008416501805186272
5250,0.00048412272008135915,,0.0044198669493198395
5251,0.0007971497252583504,,0.00917966291308403
5252,0.0005497863166965544,,0.005973655264824629
5253,0.0008415227639488876,,0.005889990366995335
5254,0.00073958036955446,,0.008725804276764393
5255,0.0005661210743710399,,0.005316936410963535
5256,0.0005901704425923526,,0.006663091480731964
5257,0.0005143859889358282,,0.005232480354607105
5258,0.0005663387710228562,,0.005135555751621723
5259,0.0005967028555460274,,0.005906158592551947
5260,0.0009520234307274222,,0.007666182704269886
5261,0.0005966437747702003,,0.007670457009226084
5262,0.0005396818742156029,,0.00533622782677412
5263,0.0005456198705360293,,0.0038620636332780123
5264,0.0005422072717919946,,0.006303815636783838
5265,0.0006739202653989196,,0.006480118725448847
5266,0.0005337956245057285,,0.004731201101094484
5267,0.0004733166133519262,,0.004350545350462198
5268,0.0009898475836962461,,0.005236780270934105
5269,0.0004878136678598821,,0.00511534046381712
5270,0.000922320585232228,,0.014719211496412754
5271,0.0005123986629769206,,0.004597453400492668
5272,0.0006234917091205716,,0.007675417698919773
5273,0.000868745322804898,,0.015012682415544987
5274,0.0007438719039782882,,0.007039099000394344
5275,0.0005011706380173564,,0.005764430854469538
5276,0.0006143994978629053,,0.006150026805698872
5277,0.0005942854913882911,,0.006391610484570265
5278,0.0005016095819883049,,0.004095081705600023
5279,0.0010663352441042662,,0.007290458306670189
5280,0.0006312123732641339,,0.005800968036055565
5281,0.0007423412753269076,,0.007321908604353666
5282,0.0008496019872836769,,0.009028811939060688
5283,0.0005512827774509788,,0.006217380985617638
5284,0.000678574142511934,,0.004716797266155481
5285,0.0006221538642421365,,0.006174435373395681
5286,0.0008250499377027154,,0.006848900578916073
5287,0.0005023996345698833,,0.002624178072437644
5288,0.0011000105878338218,,0.00559395644813776
5289,0.00052785559091717,,0.0061820452101528645
5290,0.0005646558711305261,,0.005410796497017145
5291,0.0005526912864297628,,0.006754942238330841
5292,0.0005098950932733715,,0.003813951276242733
5293,0.000569238094612956,,0.004907093942165375
5294,0.0011379100615158677,,0.0059038749895989895
5295,0.0005352274747565389,,0.0033555575646460056
5296,0.0011098310351371765,,0.006699156016111374
5297,0.0005100925336591899,,0.00478084571659565
5298,0.0005205475026741624,,0.005114831030368805
5299,0.00046725355787202716,,0.005329173058271408
5300,0.001209148787893355,,0.004811927210539579
5301,0.00048457045340910554,,0.0057831560261547565
5302,0.000586993177421391,,0.006443149410188198
5303,0.0006439542048610747,,0.006013103295117617
5304,0.00045140861766412854,,0.005361390765756369
5305,0.0005307990359142423,,0.00581246055662632
5306,0.0006249875295907259,,0.004674143623560667
5307,0.0004920403007417917,,0.003969596233218908
5308,0.0004945284454151988,,0.004775168374180794
5309,0.0004778758739121258,,0.004131173249334097
5310,0.0005705463699996471,,0.005395016632974148
5311,0.0009771566838026047,,0.005054416600614786
5312,0.0005199852748773992,,0.005100267939269543
5313,0.0005510425544343889,,0.006768429651856422
5314,0.0006527052028104663,,0.005748380906879902
5315,0.000538351247087121,,0.0060490332543849945
5316,0.0005113144288770854,,0.004760334733873606
5317,0.000575863930862397,,0.005206552799791098
5318,0.0005418995278887451,,0.004676783923059702
5319,0.0005294405855238438,,0.005397777538746595
5320,0.0005240426398813725,,0.004865599796175957
5321,0.0006746781873516738,,0.0042424690909683704
5322,0.00053452851716429,,0.004598803818225861
5323,0.0005204133340157568,,0.007950643077492714
5324,0.0006290107849054039,,0.005788096226751804
5325,0.000600410858169198,,0.005783961154520512
5326,0.0005491042975336313,,0.004987441468983889
5327,0.0005050330655649304,,0.005587331485003233
5328,0.000565153663046658,,0.005312917288392782
5329,0.0011132233776152134,,0.006875484250485897
5330,0.0005121686263009906,,0.0039791991002857685
5331,0.00048060351400636137,,0.003943391144275665
5332,0.0005597621202468872,,0.004832717124372721
5333,0.0005091548664495349,,0.003972193226218224
5334,0.00046773464418947697,,0.004002698697149754
5335,0.0004706795734819025,,0.0039028185419738293
5336,0.000546386931091547,,0.00497822230681777
5337,0.0006425298633985221,,0.005183573812246323
5338,0.0004950841539539397,,0.004274544771760702
5339,0.0005707685486413538,,0.004899259656667709
5340,0.0006120570469647646,,0.004321157466620207
5341,0.0005290377303026617,,0.003983368165791035
5342,0.0005154688260518014,,0.004157387185841799
5343,0.0005380368675105274,,0.0058502028696238995
5344,0.00044092541793361306,,0.0034412264358252287
5345,0.00047723547322675586,,0.0034449559170752764
5346,0.0008365116082131863,,0.015637211501598358
5347,0.0004271834623068571,,0.0035140698309987783
5348,0.0005843130638822913,,0.0050916122272610664
5349,0.0004821866168640554,,0.005040659103542566
5350,0.0005399568472057581,,0.007237130310386419
5351,0.0006363121792674065,,0.00549368467181921
5352,0.0005425027920864522,,0.004626297391951084
5353,0.001075546257197857,,0.010051053948700428
5354,0.0005587019841186702,,0.004469756968319416
5355,0.00046466290950775146,,0.004554841201752424
5356,0.0005239677848294377,,0.004406130872666836
5357,0.0005222619511187077,,0.004724122118204832
5358,0.0005677471635863185,,0.00442977249622345
5359,0.0005412744358181953,,0.00401072483509779
5360,0.0005095541127957404,,0.005340734031051397
5361,0.0006485085468739271,,0.005144163966178894
5362,0.0005577739793807268,,0.005939260125160217
5363,0.0005270014517009258,,0.0067685688845813274
5364,0.0005386016564443707,,0.0056998166255652905
5365,0.0005612428649328649,,0.006405247841030359
5366,0.0005307815736159682,,0.004786032717674971
5367,0.0005356700858101249,,0.008061169646680355
5368,0.0005074035143479705,,0.006117144133895636
5369,0.0005673671839758754,,0.006918251048773527
5370,0.0006183363730087876,,0.007770712487399578
5371,0.0005611800588667393,,0.006084092892706394
5372,0.0005215558921918273,,0.004502834286540747
5373,0.0005698343156836927,,0.005490042734891176
5374,0.0009877500124275684,,0.0059407236985862255
5375,0.0004647463792935014,,0.003641020506620407
5376,0.0005964897572994232,,0.004723748192191124
5377,0.0005453283083625138,,0.005356767680495977
5378,0.0005179985309951007,,0.005103454925119877
5379,0.0005433062324300408,,0.005653515458106995
5380,0.0004654127114918083,,0.00456077279523015
5381,0.00046910144737921655,,0.005305892787873745
5382,0.0005277037853375077,,0.005320442374795675
5383,0.001000138116069138,,0.007302073296159506
5384,0.0005397823406383395,,0.005048749502748251
5385,0.0005937715759500861,,0.007432854734361172
5386,0.000588703784160316,,0.005647449754178524
5387,0.000485516240587458,,0.005127869080752134
5388,0.0007642997661605477,,0.01163517963141203
5389,0.0006489363731816411,,0.010134227573871613
5390,0.0004815073625650257,,0.00433798972517252
5391,0.0008802127558737993,,0.013546569272875786
5392,0.0005365230026654899,,0.00453149015083909
5393,0.0006157515454106033,,0.008975191041827202
5394,0.0006830974016338587,,0.0079784682020545
5395,0.0005158957792446017,,0.003931800369173288
5396,0.0011413374450057745,,0.015127702616155148
5397,0.0010693828808143735,,0.01038289349526167
5398,0.0009377500973641872,,0.008734908886253834
5399,0.0005545460153371096,,0.007270231377333403
5400,0.0005343162338249385,,0.006278544198721647
5401,0.0005935673834756017,,0.00750022754073143
5402,0.0005109169287607074,,0.003718373365700245
5403,0.0008939766557887197,,0.008309411816298962
5404,0.0005725427763536572,,0.007250052876770496
5405,0.000735921086743474,,0.00488212751224637
5406,0.0006313131889328361,,0.005709351040422916
5407,0.0007653387147001922,,0.01592385210096836
5408,0.0005315388552844524,,0.005560312420129776
5409,0.0005199025617912412,,0.00812632218003273
5410,0.0007806858047842979,,0.006504525430500507
5411,0.00048631062963977456,,0.0065533374436199665
5412,0.0005720069166272879,,0.00854856800287962
5413,0.0005995334940962493,,0.00672059366479516
5414,0.0006217474583536386,,0.00845989678055048
5415,0.000493884552270174,,0.005521669518202543
5416,0.0005636084824800491,,0.006224952172487974
5417,0.0008696326403878629,,0.012851325795054436
5418,0.0005137911066412926,,0.006767645012587309
5419,0.0005188515642657876,,0.005632888525724411
5420,0.0005804905667901039,,0.006133556831628084
5421,0.0005651602405123413,,0.006930938921868801
5422,0.0005223208572715521,,0.006475257687270641
5423,0.0005289643886499107,,0.005670412443578243
5424,0.0005350378341972828,,0.004768324084579945
5425,0.0005599147989414632,,0.005338843446224928
5426,0.0004734955437015742,,0.0051816245540976524
5427,0.0005223506013862789,,0.003867176827043295
5428,0.0005450018215924501,,0.0057480214163661
5429,0.0004997082287445664,,0.004724882543087006
5430,0.0010297807166352868,,0.006134113762527704
5431,0.00046269618906080723,,0.005803180858492851
5432,0.0004740697331726551,,0.004373278934508562
5433,0.0005404565017670393,,0.006794228218495846
5434,0.0006846212199889123,,0.00954696349799633
5435,0.0005330909043550491,,0.005023961421102285
5436,0.0004452914872672409,,0.0037143125664442778
5437,0.0005296854069456458,,0.004572576843202114
5438,0.0006449112552218139,,0.007141703274101019
5439,0.0009704034309834242,,0.004646340850740671
5440,0.0011185586918145418,,0.0060831536538898945
5441,0.000548874493688345,,0.004473655018955469
5442,0.000546900206245482,,0.006276784464716911
5443,0.0012967624934390187,,0.012795127928256989
5444,0.0005264669889584184,,0.006285809446126223
5445,0.0006744367419742048,,0.005981008056551218
5446,0.0008937494712881744,,0.012026146054267883
5447,0.0009376948582939804,,0.00436932360753417
5448,0.0005513589712791145,,0.0061042229644954205
5449,0.000561614753678441,,0.003921706695109606
5450,0.0005266035441309214,,0.005874352529644966
5451,0.0005280117620714009,,0.0034506104420870543
5452,0.0005818564677610993,,0.004902251530438662
5453,0.0005889285239391029,,0.009536491706967354
5454,0.0004834782739635557,,0.0033039418049156666
5455,0.000584571564104408,,0.005567995831370354
5456,0.0005086094024591148,,0.005721301306039095
5457,0.0005660215392708778,,0.0036919282283633947
5458,0.0004415064468048513,,0.004596768878400326
5459,0.000910203845705837,,0.011454536579549313
5460,0.0004688279877882451,,0.0040450869128108025
5461,0.000470385275548324,,0.0030688177794218063
5462,0.001089163706637919,,0.003987510688602924
5463,0.0005353136803023517,,0.006773286499083042
5464,0.0007811684045009315,,0.0056615048088133335
5465,0.0005047231097705662,,0.003908352926373482
5466,0.000457401794847101,,0.004229923710227013
5467,0.000514075392857194,,0.003427832154557109
5468,0.0004757267306558788,,0.004327756818383932
5469,0.0006490098312497139,,0.004662495572119951
5470,0.0005373178864829242,,0.0038048159331083298
5471,0.0005644963821396232,,0.00730119040235877
5472,0.0005522234714590013,,0.005776262376457453
5473,0.0005791311850771308,,0.0059764874167740345
5474,0.0005034279311075807,,0.0050213756039738655
5475,0.00046902394387871027,,0.004666576627641916
5476,0.00048672151751816273,,0.0041702319867908955
5477,0.0005231127724982798,,0.005499507766216993
5478,0.0005425954586826265,,0.005597766954451799
5479,0.000539656262844801,,0.003987775184214115
5480,0.0004957616329193115,,0.005113875027745962
5481,0.0010049727279692888,,0.006286373361945152
5482,0.0010618335800245404,,0.005100536160171032
5483,0.0005468474701046944,,0.004547258839011192
5484,0.0004979621153324842,,0.005270989146083593
5485,0.0005504237487912178,,0.005124347750097513
5486,0.0005924486322328448,,0.005360976327210665
5487,0.0005520323757082224,,0.004722882062196732
5488,0.0009095167624764144,,0.0038260507863014936
5489,0.0004982980317436159,,0.004815773572772741
5490,0.0005337520269677043,,0.00561563903465867
5491,0.00046731531620025635,,0.0032910662703216076
5492,0.0005771068390458822,,0.005037914030253887
5493,0.000674487033393234,,0.006803898140788078
5494,0.0006107140798121691,,0.00560920313000679
5495,0.0005647875368595123,,0.005378536880016327
5496,0.000502260634675622,,0.0043107676319777966
5497,0.0004902243963442743,,0.004026948008686304
5498,0.0005791246658191085,,0.006634298246353865
5499,0.00046921451576054096,,0.004858788102865219
5500,0.000710961758159101,0.0004758191559349826,0.01173443254083395
5501,0.0006951365503482521,,0.01061330921947956
5502,0.00046639094944112003,,0.005026028025895357
5503,0.000557280785869807,,0.005528583656996489
5504,0.0006612305296584964,,0.005445977672934532
5505,0.0006034263060428202,,0.008411690592765808
5506,0.000518262037076056,,0.004217217676341534
5507,0.0005767723196186125,,0.00511509133502841
5508,0.0006149363471195102,,0.01392680685967207
5509,0.0005204225890338421,,0.005975388456135988
5510,0.0007448142278008163,,0.010463575832545757
5511,0.0004924869863316417,,0.005127177573740482
5512,0.0005614995607174933,,0.010553880594670773
5513,0.0005505168810486794,,0.007179210428148508
5514,0.0005677678855136037,,0.0046281395480036736
5515,0.0005435077473521233,,0.006964958272874355
5516,0.0005679192254319787,,0.004644067492336035
5517,0.0004915234167128801,,0.00554458424448967
5518,0.0005828600842505693,,0.006940247491002083
5519,0.0005907159065827727,,0.004584591370075941
5520,0.0005582775920629501,,0.006689442787319422
5521,0.00047698814887553453,,0.0038318249862641096
5522,0.000518632703460753,,0.005644667893648148
5523,0.0009024927276186645,,0.008231882937252522
5524,0.00044948142021894455,,0.0033365171402692795
5525,0.0005839341320097446,,0.008054021745920181
5526,0.0005415341584011912,,0.005656171124428511
5527,0.0005550200003199279,,0.00531905610114336
5528,0.0006031907396391034,,0.007088462822139263
5529,0.0004678528639487922,,0.003917702008038759
5530,0.0005160105647519231,,0.006214218679815531
5531,0.0005194738041609526,,0.007944139651954174
5532,0.0011063156416639686,,0.00509649608284235
5533,0.0005331313004717231,,0.009416154585778713
5534,0.0006241715746000409,,0.004423538688570261
5535,0.000598697573877871,,0.009714906103909016
5536,0.0005761478096246719,,0.008874693885445595
5537,0.0008413243340328336,,0.008691389113664627
5538,0.0010802692268043756,,0.011043296195566654
5539,0.00055896514095366,,0.005404523108154535
5540,0.0005612572422251105,,0.007829383946955204
5541,0.0005227343062870204,,0.006983687169849873
5542,0.0005491828778758645,,0.006221716292202473
5543,0.0005374153843149543,,0.008026075549423695
5544,0.00045179686276242137,,0.005802634637802839
5545,0.0010788363870233297,,0.008199834264814854
5546,0.0005689756362698972,,0.009531525894999504
5547,0.0005000409437343478,,0.004347390960901976
5548,0.0005620688898488879,,0.006572218146175146
5549,0.0006258506327867508,,0.006079871207475662
5550,0.0005210029194131494,,0.007163750473409891
5551,0.0007324964972212911,,0.01476939395070076
5552,0.0006648404523730278,,0.006178296636790037
5553,0.0006772632477805018,,0.008463377133011818
5554,0.0004902948276139796,,0.005422411020845175
5555,0.00045368584687821567,,0.005817109253257513
5556,0.00045772118028253317,,0.005016474053263664
5557,0.0006395324598997831,,0.014318711124360561
5558,0.0006514498963952065,,0.006055556237697601
5559,0.0005568936467170715,,0.004551820456981659
5560,0.0004249753837939352,,0.0029414754826575518
5561,0.0011038536904379725,,0.004870027303695679
5562,0.0004785435157828033,,0.003921756986528635
5563,0.000581468571908772,,0.007577273529022932
5564,0.0004821637994609773,,0.0036489546764642
5565,0.000548248237464577,,0.004038249608129263
5566,0.0005597774870693684,,0.005494767799973488
5567,0.0005350477294996381,,0.004863266367465258
5568,0.0006511446554213762,,0.006156430579721928
5569,0.0005345635581761599,,0.0039754873141646385
5570,0.0005903628189116716,,0.005560189485549927
5571,0.00048120933934114873,,0.003193509764969349
5572,0.0004918616614304483,,0.004413914401084185
5573,0.0005540289566852152,,0.006319236475974321
5574,0.0005543873412534595,,0.0035508451983332634
5575,0.0005274743307381868,,0.007696636486798525
5576,0.0010381489992141724,,0.0047863684594631195
5577,0.00054532615467906,,0.006057388614863157
5578,0.0005446377908810973,,0.005948816426098347
5579,0.0005707358941435814,,0.005467886570841074
5580,0.000537692743819207,,0.0050706141628324986
5581,0.0004755518748424947,,0.0052903881296515465
5582,0.00043353246292099357,,0.003820108948275447
5583,0.0008838609792292118,,0.00848342664539814
5584,0.0010707187466323376,,0.007171087898313999
5585,0.0006046131020411849,,0.006013914011418819
5586,0.0005606720224022865,,0.003910060040652752
5587,0.0005452665500342846,,0.005948316305875778
5588,0.0005612249369733036,,0.004790058359503746
5589,0.00047881482169032097,,0.005294329021126032
5590,0.0006764228455722332,,0.014965461567044258
5591,0.0005449776072055101,,0.006369054317474365
5592,0.0005046615842729807,,0.005664521362632513
5593,0.0005238663288764656,,0.005338091403245926
5594,0.0007011097623035312,,0.006204478908330202
5595,0.0005017804214730859,,0.004893430508673191
5596,0.0007424635696224868,,0.005912600085139275
5597,0.0007538677891716361,,0.004343498032540083
5598,0.0005782520165666938,,0.005740704946219921
5599,0.0009082098840735853,,0.005213573575019836
5600,0.0009173477301374078,,0.005465999245643616
5601,0.0006251232698559761,,0.00542751420289278
5602,0.0005731222918257117,,0.0049914149567484856
5603,0.000607796129770577,,0.00767091428861022
5604,0.0005422797403298318,,0.004357935395091772
5605,0.0006272174650803208,,0.006952254567295313
5606,0.0005820124060846865,,0.005446548108011484
5607,0.0005847304128110409,,0.006954079028218985
5608,0.0005831846501678228,,0.009664848446846008
5609,0.0005456572398543358,,0.004813347011804581
5610,0.0005343687953427434,,0.005198679864406586
5611,0.0004653839278034866,,0.005791175179183483
5612,0.0007547507993876934,,0.008281134068965912
5613,0.00092269730521366,,0.01063893735408783
5614,0.0004866141243837774,,0.005034148693084717
5615,0.0005419296212494373,,0.004504277370870113
5616,0.00045967413461767137,,0.004519137553870678
5617,0.0006113208364695311,,0.008173060603439808
5618,0.0006327207665890455,,0.004785883706063032
5619,0.0005501736304722726,,0.004987808875739574
5620,0.0007758994470350444,,0.010306098498404026
5621,0.0005118467379361391,,0.0035883113741874695
5622,0.000622510735411197,,0.004875911399722099
5623,0.0005189337534829974,,0.003873679554089904
5624,0.0005047088488936424,,0.004289987497031689
5625,0.0005547148175537586,,0.0045357560738921165
5626,0.0004986188723705709,,0.003566126339137554
5627,0.0004953794414177537,,0.003217805176973343
5628,0.0005203391192480922,,0.0053870417177677155
5629,0.0005410558078438044,,0.004394882824271917
5630,0.0005711613921448588,,0.005910012871026993
5631,0.0005834281328134239,,0.005221482831984758
5632,0.0004618827369995415,,0.005499891471117735
5633,0.0005188348586671054,,0.004168846178799868
5634,0.0005884972051717341,,0.006926976144313812
5635,0.000519559602253139,,0.005787213798612356
5636,0.0005583916790783405,,0.0033858302049338818
5637,0.0005404631956480443,,0.005151914898306131
5638,0.0004936761106364429,,0.005511327181011438
5639,0.0006157795432955027,,0.004616010934114456
5640,0.0004500969953369349,,0.004563872702419758
5641,0.0005481428233906627,,0.004753147251904011
5642,0.0005413313629105687,,0.007416334468871355
5643,0.00044451100984588265,,0.0030849678441882133
5644,0.0006329035968519747,,0.006018760148435831
5645,0.0005516873206943274,,0.004905218258500099
5646,0.000496806635055691,,0.005187272094190121
5647,0.0005486259469762444,,0.005647811107337475
5648,0.0007705578464083374,,0.005188066512346268
5649,0.0009316015057265759,,0.005710507743060589
5650,0.0004690324130933732,,0.00459881778806448
5651,0.0005531336646527052,,0.006862797774374485
5652,0.0005048883031122386,,0.0033454515505582094
5653,0.0006159197073429823,,0.007989553734660149
5654,0.0004871626733802259,,0.004099029116332531
5655,0.0004885310772806406,,0.006351451855152845
5656,0.000552355486433953,,0.006343926303088665
5657,0.0005838310462422669,,0.005302743520587683
5658,0.0005294934380799532,,0.004248667974025011
5659,0.0004673539660871029,,0.0036596402060240507
5660,0.000575104495510459,,0.004704134073108435
5661,0.00048747321125119925,,0.005596999544650316
5662,0.0005067314486950636,,0.0033993988763540983
5663,0.00046311598271131516,,0.006566639989614487
5664,0.0005081586423330009,,0.004159285221248865
5665,0.0005670007667504251,,0.005207636393606663
5666,0.000561378663405776,,0.00808723084628582
5667,0.0006807793397456408,,0.008002717047929764
5668,0.0004773417895194143,,0.006473029963672161
5669,0.0005671938415616751,,0.005831853020936251
5670,0.0006279498338699341,,0.008960630744695663
5671,0.0004973962204530835,,0.004107235930860043
5672,0.0008959640981629491,,0.00692619476467371
5673,0.0005267683882266283,,0.005577622447162867
5674,0.0004908404080197215,,0.004988976288586855
5675,0.0005928222090005875,,0.007002247963100672
5676,0.0005461730761453509,,0.005408453289419413
5677,0.0005111085483804345,,0.004780664574354887
5678,0.0005166152841411531,,0.006991919595748186
5679,0.0005691948463208973,,0.006451745051890612
5680,0.000520535628311336,,0.006298000458627939
5681,0.0004958889330737293,,0.005677971988916397
5682,0.0005459609092213213,,0.0043076504953205585
5683,0.0006649995921179652,,0.01250404678285122
5684,0.0006308765150606632,,0.00794367678463459
5685,0.0005641072057187557,,0.0040275417268276215
5686,0.0006222944939509034,,0.008258115500211716
5687,0.000494891544803977,,0.004199865274131298
5688,0.000680115888826549,,0.007593366317451
5689,0.000550025375559926,,0.006161620374768972
5690,0.0005956863751634955,,0.004968845751136541
5691,0.0005330729763954878,,0.008293191902339458
5692,0.000462149124359712,,0.004627942573279142
5693,0.0007178768282756209,,0.010839216411113739
5694,0.0004829527752008289,,0.0071822842583060265
5695,0.0004902197979390621,,0.003904099343344569
5696,0.0006034014513716102,,0.008758987300097942
5697,0.0005145615432411432,,0.005630949512124062
5698,0.0004670009948313236,,0.006275586783885956
5699,0.0005311050335876644,,0.008355777710676193
5700,0.0005184430629014969,,0.005002691876143217
5701,0.0004928586422465742,,0.009726866148412228
5702,0.0010370269883424044,,0.004983687307685614
5703,0.0005128742195665836,,0.004654668737202883
5704,0.0005743341171182692,,0.008416729979217052
5705,0.0005970473866909742,,0.009624435566365719
5706,0.00047908732085488737,,0.008379407227039337
5707,0.0005337323527783155,,0.005675383377820253
5708,0.0005357302725315094,,0.005941503215581179
5709,0.0005124714225530624,,0.006570637691766024
5710,0.00060572026995942,,0.012389373034238815
5711,0.0007469686679542065,,0.016310444101691246
5712,0.00045563088497146964,,0.006976317148655653
5713,0.00045409187441691756,,0.00467383349314332
5714,0.0005480663385242224,,0.007071048952639103
5715,0.0008428959408774972,,0.01646997034549713
5716,0.0005154300597496331,,0.005809408146888018
5717,0.0006754767964594066,,0.005570054054260254
5718,0.0005291267298161983,,0.004465037491172552
5719,0.0005218886071816087,,0.005454988684505224
5720,0.0008580705616623163,,0.011841204017400742
5721,0.0006458343705162406,,0.00809528585523367
5722,0.0005081576528027654,,0.005618544761091471
5723,0.0010210827458649874,,0.006274741142988205
5724,0.0005502004642039537,,0.0042283362708985806
5725,0.0005023020785301924,,0.005690529476851225
5726,0.0005441155517473817,,0.00487061683088541
5727,0.0004859136533923447,,0.004333211109042168
5728,0.0005377387860789895,,0.006389481946825981
5729,0.0005549801862798631,,0.004227477591484785
5730,0.0009818448452278972,,0.009020461700856686
5731,0.0005797331687062979,,0.006369681563228369
5732,0.0006460680160671473,,0.012217183597385883
5733,0.0005515172379091382,,0.005083083175122738
5734,0.0005743036163039505,,0.0047363159246742725
5735,0.0009110019309446216,,0.008749899454414845
5736,0.0005866962019354105,,0.004382663406431675
5737,0.0005626374622806907,,0.005469920113682747
5738,0.0005466548027470708,,0.0054384879767894745
5739,0.000566213158890605,,0.0043042851611971855
5740,0.0005304147489368916,,0.0036714577581733465
5741,0.0005454978672787547,,0.006832019425928593
5742,0.0007748652133159339,,0.005357464775443077
5743,0.0006499290466308594,,0.007222949992865324
5744,0.0005764004308730364,,0.004563694354146719
5745,0.0005768229020759463,,0.005212887190282345
5746,0.0005942372954450548,,0.006824089679867029
5747,0.0005678199231624603,,0.005999817978590727
5748,0.0005859335651621222,,0.005775687750428915
5749,0.0007189714233390987,,0.007167080882936716
5750,0.00045756553299725056,,0.004400231875479221
5751,0.0005174926482141018,,0.006012611091136932
5752,0.0005477869417518377,,0.00559611851349473
5753,0.0005520465201698244,,0.005774849560111761
5754,0.0006099576712585986,,0.006997129879891872
5755,0.00051156897097826,,0.00410707900300622
5756,0.0005826774286106229,,0.0053992075845599174
5757,0.0004902937798760831,,0.0047943308018147945
5758,0.0005185728659853339,,0.004055137746036053
5759,0.0005179169238545001,,0.005470885895192623
5760,0.0008433644543401897,,0.00742366025224328
5761,0.0005037481896579266,,0.004891793709248304
5762,0.0005472515476867557,,0.0050969249568879604
5763,0.0006140646291896701,,0.007608373649418354
5764,0.0005473634810186923,,0.004337557591497898
5765,0.0005256372387520969,,0.005961108021438122
5766,0.0006585747469216585,,0.014046034775674343
5767,0.0005139117129147053,,0.005002947058528662
5768,0.0004897673497907817,,0.00676095811650157
5769,0.0005302412318997085,,0.006055968813598156
5770,0.0005111526697874069,,0.005361761432141066
5771,0.0005240098689682782,,0.003523773280903697
5772,0.000490536738652736,,0.005233292002230883
5773,0.0006679379148408771,,0.005301974713802338
5774,0.0005082457792013884,,0.004068571142852306
5775,0.00047524666297249496,,0.004247559234499931
5776,0.001018330454826355,,0.008446051739156246
5777,0.000504494528286159,,0.004961037077009678
5778,0.0008728996617719531,,0.013416423462331295
5779,0.0004906051326543093,,0.005163611378520727
5780,0.0005347580881789327,,0.004586969967931509
5781,0.0005272080888971686,,0.005850743502378464
5782,0.0005169596988707781,,0.005568191409111023
5783,0.0005619630683213472,,0.006602120585739613
5784,0.0005116002866998315,,0.004216961562633514
5785,0.0005841676611453295,,0.006647720001637936
5786,0.0005415221094153821,,0.006234307307749987
5787,0.0006006188923493028,,0.004351227078586817
5788,0.0005235379794612527,,0.005008071195334196
5789,0.0005478436942212284,,0.006745768710970879
5790,0.0005250574322417378,,0.004683997947722673
5791,0.0009581358171999454,,0.01050600502640009
5792,0.0005617487477138638,,0.005957236047834158
5793,0.0004756166599690914,,0.005963851697742939
5794,0.00047769685625098646,,0.004824094939976931
5795,0.0005428729928098619,,0.006753383204340935
5796,0.0010087786940857768,,0.004616995342075825
5797,0.0004839843313675374,,0.00445559760555625
5798,0.0005930503248237073,,0.00684316735714674
5799,0.0005706116207875311,,0.007079632021486759
5800,0.0005210952367633581,,0.006861439440399408
5801,0.0005795962060801685,,0.006861397065222263
5802,0.0005706708179786801,,0.011304620653390884
5803,0.0007991138845682144,,0.006252089515328407
5804,0.0004993428010493517,,0.007608278188854456
5805,0.0005329028354026377,,0.007007547188550234
5806,0.0005172956734895706,,0.005203734152019024
5807,0.0005267347441986203,,0.0042366455309093
5808,0.000566138478461653,,0.006159088108688593
5809,0.0006075424607843161,,0.0059136212803423405
5810,0.0007220773841254413,,0.013138006441295147
5811,0.0008493285859003663,,0.00566560123115778
5812,0.0005710478289984167,,0.0064984397031366825
5813,0.0005255826399661601,,0.00843692384660244
5814,0.000547463190741837,,0.006770819425582886
5815,0.0006256756605580449,,0.009226392023265362
5816,0.0004905089153908193,,0.007319343741983175
5817,0.0005293216090649366,,0.005021548829972744
5818,0.0005359103670343757,,0.007326123304665089
5819,0.0005968600162304938,,0.007684724871069193
5820,0.0005206132191233337,,0.005042197182774544
5821,0.0005761678330600262,,0.005748881492763758
5822,0.0005155905964784324,,0.003683149814605713
5823,0.0005619975854642689,,0.005393603816628456
5824,0.0007301194127649069,,0.013971403241157532
5825,0.0004807311051990837,,0.006710591726005077
5826,0.0005054461071267724,,0.0046742381528019905
5827,0.000542749185115099,,0.004201707895845175
5828,0.0004691839567385614,,0.005528057459741831
5829,0.0004633258795365691,,0.003642548341304064
5830,0.001027832506224513,,0.007261783815920353
5831,0.0005338949849829078,,0.004498883616179228
5832,0.0005191328818909824,,0.007323696743696928
5833,0.00048773083835840225,,0.005135393235832453
5834,0.0005539987469092011,,0.003955161664634943
5835,0.00047978555085137486,,0.005210500676184893
5836,0.000576989259570837,,0.007530263625085354
5837,0.0004869673866778612,,0.005691299680620432
5838,0.0005058427341282368,,0.003623893717303872
5839,0.000475121196359396,,0.003431787481531501
5840,0.00058539625024423,,0.005395783577114344
5841,0.0004819051828235388,,0.0044504557736217976
5842,0.0005061476258561015,,0.005188283044844866
5843,0.0005713230348192155,,0.004800956230610609
5844,0.0005356378387659788,,0.005362321622669697
5845,0.0005619222647510469,,0.005238085053861141
5846,0.0007550985319539905,,0.009953897446393967
5847,0.00044228145270608366,,0.004821250680834055
5848,0.000509859761223197,,0.005641877185553312
5849,0.0005376299377530813,,0.005120457150042057
5850,0.0006671801093034446,,0.007954556494951248
5851,0.0004917526384815574,,0.00433184951543808
5852,0.0007537451456300914,,0.005692270118743181
5853,0.0004868916585110128,,0.006052518729120493
5854,0.0006514285923913121,,0.006937908008694649
5855,0.0005179456784389913,,0.0056976741179823875
5856,0.00046478252625092864,,0.0038098664954304695
5857,0.00048815435729920864,,0.004393819719552994
5858,0.0004683684674091637,,0.004043557681143284
5859,0.0005333792068995535,,0.004957469645887613
5860,0.0004680991405621171,,0.00407509645447135
5861,0.0006770676700398326,,0.009347062557935715
5862,0.00048739067278802395,,0.005201853346079588
5863,0.0005518036196008325,,0.004614060278981924
5864,0.000530002114828676,,0.004635389894247055
5865,0.0004608207382261753,,0.0034323623403906822
5866,0.0006039747968316078,,0.0063303993083536625
5867,0.0005164185422472656,,0.00428002281114459
5868,0.0005558596458286047,,0.005090026184916496
5869,0.00047849942347966135,,0.00462955329567194
5870,0.0006354650249704719,,0.011277573183178902
5871,0.0005359330680221319,,0.007091808132827282
5872,0.0005422732792794704,,0.006003072019666433
5873,0.0005266300868242979,,0.009282638318836689
5874,0.0005845100386068225,,0.0060226768255233765
5875,0.00045844283886253834,,0.005858385004103184
5876,0.0005735340528190136,,0.008226330392062664
5877,0.0006210689316503704,,0.003948273602873087
5878,0.0005100277485325933,,0.006808494217693806
5879,0.0005700087058357894,,0.005229336675256491
5880,0.00047169948811642826,,0.004561966750770807
5881,0.0005436690407805145,,0.008883368223905563
5882,0.0005421073874458671,,0.0058802589774131775
5883,0.0005112868966534734,,0.004700107965618372
5884,0.000745072728022933,,0.008786805905401707
5885,0.0005380937363952398,,0.003501479048281908
5886,0.0005673348205164075,,0.010688550770282745
5887,0.0004910723655484617,,0.00639219069853425
5888,0.0005378012428991497,,0.0044080945663154125
5889,0.0005309348343871534,,0.00754139618948102
5890,0.0006147031672298908,,0.004299432039260864
5891,0.0005429889424704015,,0.006680040154606104
5892,0.0006335488869808614,,0.005000562407076359
5893,0.0005657862639054656,,0.005379503592848778
5894,0.0005507946480065584,,0.007165778893977404
5895,0.0009866522159427404,,0.011582452803850174
5896,0.000522107002325356,,0.006574453320354223
5897,0.0005196653073653579,,0.005680329166352749
5898,0.0010363610927015543,,0.005297148134559393
5899,0.00045667841914109886,,0.005926864687353373
5900,0.00045877843513153493,,0.0037090741097927094
5901,0.0006394869415089488,,0.0058769406750798225
5902,0.0005145403556525707,,0.004827972035855055
5903,0.000509354576934129,,0.005642114672809839
5904,0.0009857136756181717,,0.005790667608380318
5905,0.0005016226787120104,,0.004072709009051323
5906,0.0004988516448065639,,0.004754189867526293
5907,0.0005326216924004257,,0.005389712285250425
5908,0.0004884738591499627,,0.007047309074550867
5909,0.000426970305852592,,0.0043737622909247875
5910,0.0005240637110546231,,0.004781048744916916
5911,0.00044889282435178757,,0.003751161741092801
5912,0.0006357328966259956,,0.005901428405195475
5913,0.0004927067784592509,,0.004994716960936785
5914,0.0004838354652747512,,0.0033993979450315237
5915,0.0005358915659599006,,0.005400659516453743
5916,0.0005568386986851692,,0.006641003768891096
5917,0.0005498255486600101,,0.005205216817557812
5918,0.0005101004499010742,,0.00702863372862339
5919,0.0005204306216910481,,0.006184675265103579
5920,0.0005460192332975566,,0.005157209001481533
5921,0.0005621280870400369,,0.007958312518894672
5922,0.0007708445191383362,,0.003400607267394662
5923,0.0005310684209689498,,0.007582560647279024
5924,0.0009763522539287806,,0.005693364888429642
5925,0.000507620454300195,,0.006560503970831633
5926,0.000801991845946759,,0.020217295736074448
5927,0.0007448055548593402,,0.00385014689527452
5928,0.0005199960432946682,,0.006187740713357925
5929,0.0005966810858808458,,0.008264097385108471
5930,0.0005357727641239762,,0.005729649215936661
5931,0.0005098966066725552,,0.008296212181448936
5932,0.0005577685660682619,,0.009076915681362152
5933,0.0009220668580383062,,0.006904229987412691
5934,0.0007780985324643552,,0.00632435642182827
5935,0.00046442062011919916,,0.004012609366327524
5936,0.0006972059491090477,,0.014429699629545212
5937,0.0004883349174633622,,0.005348662845790386
5938,0.0006075132405385375,,0.007824445143342018
5939,0.0004824687202926725,,0.004992302041500807
5940,0.0005016345530748367,,0.004604960326105356
5941,0.000553804449737072,,0.006162101402878761
5942,0.0006653644959442317,,0.0065560853108763695
5943,0.0005418396322056651,,0.00583543349057436
5944,0.0004950860748067498,,0.0033484611194580793
5945,0.0005402707029134035,,0.00729708094149828
5946,0.0005077992100268602,,0.004098134580999613
5947,0.0005393850733526051,,0.004580851178616285
5948,0.0004513464809861034,,0.0039018995594233274
5949,0.0005517596146091819,,0.0055038584396243095
5950,0.0005482889246195555,,0.005185968708246946
5951,0.0004442929639481008,,0.0036903268191963434
5952,0.0005133359227329493,,0.005477927625179291
5953,0.0008541257120668888,,0.009335068054497242
5954,0.0005532828508876264,,0.004333746153861284
5955,0.0004614383797161281,,0.005449308548122644
5956,0.0005203101318329573,,0.003960785456001759
5957,0.0005114346276968718,,0.004519504029303789
5958,0.0004588127485476434,,0.0054886299185454845
5959,0.0004666749155148864,,0.0031901642214506865
5960,0.0005514576332643628,,0.004241958726197481
5961,0.0005281496560201049,,0.0045967139303684235
5962,0.0005089390324428678,,0.0035917970817536116
5963,0.0004816338769160211,,0.006134857423603535
5964,0.000469425052870065,,0.006141541991382837
5965,0.0004917302867397666,,0.005091629922389984
5966,0.0005261897458694875,,0.00618141982704401
5967,0.0005445473361760378,,0.005619453266263008
5968,0.0005128304474055767,,0.008585575968027115
5969,0.0007359799346886575,,0.013257751241326332
5970,0.000743979006074369,,0.013395529240369797
5971,0.0005071156192570925,,0.006267991848289967
5972,0.0009636955219320953,,0.0069151693023741245
5973,0.0005915394867770374,,0.008707071654498577
5974,0.0005762487999163568,,0.01075977273285389
5975,0.0005812241579405963,,0.00746116554364562
5976,0.0009011364309117198,,0.008493135683238506
5977,0.0006380334380082786,,0.0068688238970935345
5978,0.0005482689011842012,,0.008326527662575245
5979,0.0005878214724361897,,0.006367970257997513
5980,0.0005503286374732852,,0.004903534427285194
5981,0.0005010910681448877,,0.005483459215611219
5982,0.0004912951844744384,,0.0037001806776970625
5983,0.0006280000670813024,,0.006176302675157785
5984,0.0005525629967451096,,0.00471323449164629
5985,0.0005119882989674807,,0.004593365825712681
5986,0.0005488415481522679,,0.00659720366820693
5987,0.0004919779021292925,,0.005146750248968601
5988,0.0005236952565610409,,0.004208011087030172
5989,0.0005199138540774584,,0.006188038270920515
5990,0.0005300058983266354,,0.003950821235775948
5991,0.0005193123361095786,,0.007101687137037516
5992,0.0004899976775050163,,0.0043094949796795845
5993,0.0005057706730440259,,0.003941156901419163
5994,0.0005576381809078157,,0.005541387014091015
5995,0.0004546453710645437,,0.004018478095531464
5996,0.0005385620752349496,,0.005466553382575512
5997,0.0006164045189507306,,0.006190675310790539
5998,0.0005395594052970409,,0.004595290869474411
5999,0.0004949041176587343,,0.005330470856279135
6000,0.0010113834869116545,0.00047487123964840916,0.005363469943404198
6001,0.0007325881160795689,,0.009004957973957062
6002,0.0005395188927650452,,0.005049292929470539
6003,0.0004989209119230509,,0.0037194243632256985
6004,0.0009947542566806078,,0.007369381375610828
6005,0.0005078237736597657,,0.0049985237419605255
6006,0.001257177209481597,,0.014972252771258354
6007,0.0009224525419995189,,0.0071367560885846615
6008,0.00048177619464695454,,0.005281580612063408
6009,0.000547560106497258,,0.007009287364780903
6010,0.0005420034285634756,,0.00558743579313159
6011,0.0005097168032079935,,0.005036066751927137
6012,0.0009253519820049405,,0.0053281160071492195
6013,0.0004322280583437532,,0.004614836070686579
6014,0.00051170215010643,,0.007553157862275839
6015,0.0005693355924449861,,0.00429652351886034
6016,0.0010542718227952719,,0.006711491849273443
6017,0.0005245996289886534,,0.003825304564088583
6018,0.0006440487923100591,,0.007518508471548557
6019,0.0006803791038691998,,0.008016951382160187
6020,0.00048227026127278805,,0.004242236260324717
6021,0.0005012688925489783,,0.004353060852736235
6022,0.0004473492444958538,,0.0037768110632896423
6023,0.0007934874156489968,,0.006986537016928196
6024,0.0004993071197532117,,0.004353479482233524
6025,0.0005803011590614915,,0.0036421450786292553
6026,0.0005300299962982535,,0.006335912272334099
6027,0.0005211143870837986,,0.004694454837590456
6028,0.0009341714321635664,,0.0065073720179498196
6029,0.0005229705711826682,,0.005335054825991392
6030,0.000507855205796659,,0.006746173370629549
6031,0.0005112768267281353,,0.004402938298881054
6032,0.0005232740077190101,,0.004703016486018896
6033,0.0005509950569830835,,0.005104808136820793
6034,0.0004946378176100552,,0.004092294257134199
6035,0.0004913753364235163,,0.005428869277238846
6036,0.0004958839854225516,,0.005271840840578079
6037,0.0004914933815598488,,0.006365292705595493
6038,0.0005984536255709827,,0.005779511760920286
6039,0.0008456162177026272,,0.008816549554467201
6040,0.0005475686630234122,,0.005863310769200325
6041,0.0005021725664846599,,0.004484793171286583
6042,0.0005237733130343258,,0.005106024444103241
6043,0.0005205197958275676,,0.0043365503661334515
6044,0.000550252094399184,,0.004414025694131851
6045,0.0006446613697335124,,0.0046918694861233234
6046,0.0005655422573909163,,0.005195598118007183
6047,0.000449181767180562,,0.004512125160545111
6048,0.0005083790747448802,,0.004070491064339876
6049,0.0004865393275395036,,0.0039745294488966465
6050,0.00044301687739789486,,0.003389294259250164
6051,0.0004841592162847519,,0.005111258011311293
6052,0.0005026006838306785,,0.0031476779840886593
6053,0.0009531584801152349,,0.006175273098051548
6054,0.000571266224142164,,0.0073330639861524105
6055,0.0005314256995916367,,0.004693091381341219
6056,0.00044595435610972345,,0.0044474126771092415
6057,0.0004788874357473105,,0.004215569701045752
6058,0.0005442731780931354,,0.005224031396210194
6059,0.0004517014021985233,,0.004875546786934137
6060,0.0004960499354638159,,0.0038274037651717663
6061,0.0005138131091371179,,0.005560632795095444
6062,0.000681490171700716,,0.013307591900229454
6063,0.0005348582635633647,,0.004708054941147566
6064,0.0005140331923030317,,0.004930403549224138
6065,0.0004950023721903563,,0.005016399081796408
6066,0.0005133493104949594,,0.004969964735209942
6067,0.0004738126299344003,,0.004399709403514862
6068,0.0005587779451161623,,0.004980664700269699
6069,0.0005564840976148844,,0.00466817757114768
6070,0.0005690932739526033,,0.005756530445069075
6071,0.00044093391625210643,,0.00470565864816308
6072,0.0005110706551931798,,0.007892971858382225
6073,0.0005633767577819526,,0.005499675869941711
6074,0.00046771063352935016,,0.0054463534615933895
6075,0.0005014933412894607,,0.008653614670038223
6076,0.0005766402464359999,,0.005272433161735535
6077,0.0005553434602916241,,0.007985598407685757
6078,0.0005045908037573099,,0.005309347994625568
6079,0.0004750089719891548,,0.007703943643718958
6080,0.0005247310036793351,,0.007356497924774885
6081,0.0004554418264888227,,0.003936334978789091
6082,0.0004677101387642324,,0.004934066440910101
6083,0.0004632059426512569,,0.007412181235849857
6084,0.0005348765989765525,,0.004596340004354715
6085,0.0005819001235067844,,0.006901510059833527
6086,0.0004488601698540151,,0.004527892451733351
6087,0.0005083121359348297,,0.004888797178864479
6088,0.0005166774499230087,,0.005128026008605957
6089,0.0006693413015455008,,0.015072516165673733
6090,0.0005720242625102401,,0.005501029547303915
6091,0.0007744640461169183,,0.0193617045879364
6092,0.0005510800983756781,,0.006264663767069578
6093,0.0004909528652206063,,0.005937101319432259
6094,0.000530721852555871,,0.0043961284682154655
6095,0.000496579974424094,,0.004512610845267773
6096,0.00045715755550190806,,0.0037122205831110477
6097,0.00048347769188694656,,0.0036557530984282494
6098,0.0005435029743239284,,0.0034967497922480106
6099,0.0005494504584930837,,0.005517452955245972
6100,0.0004600989632308483,,0.0038453396409749985
6101,0.00046543037751689553,,0.003650071332231164
6102,0.0004863165086135268,,0.007211650256067514
6103,0.0006977864541113377,,0.005595533177256584
6104,0.0004993897746317089,,0.0063940356485545635
6105,0.0005210854578763247,,0.0063208104111254215
6106,0.0005030821193940938,,0.003711870638653636
6107,0.00048663723282516,,0.005691771395504475
6108,0.00047429496771655977,,0.004138189367949963
6109,0.0005143888993188739,,0.004624302964657545
6110,0.0004883611109107733,,0.006157548166811466
6111,0.0004995671333745122,,0.004480481147766113
6112,0.0007118732901290059,,0.017493469640612602
6113,0.0005367008270695806,,0.005527656991034746
6114,0.0004802651237696409,,0.004759097006171942
6115,0.0009278677171096206,,0.006295362021774054
6116,0.0011370391584932804,,0.018934082239866257
6117,0.000832405814435333,,0.01235190685838461
6118,0.0004880810738541186,,0.004502515774220228
6119,0.00045726445387117565,,0.005209710914641619
6120,0.0005814630421809852,,0.006048684474080801
6121,0.00045672233682125807,,0.00487928744405508
6122,0.0004942099913023412,,0.004775712266564369
6123,0.000441550015239045,,0.003937307745218277
6124,0.0005117070977576077,,0.004399913363158703
6125,0.0005271357949823141,,0.004371101502329111
6126,0.0004844428913202137,,0.004322702996432781
6127,0.0009855569805949926,,0.01395797822624445
6128,0.0004540005174931139,,0.004680306650698185
6129,0.00047432887367904186,,0.00492660328745842
6130,0.00043048206134699285,,0.003701962297782302
6131,0.00047791627002879977,,0.0032010143622756004
6132,0.0005529684713110328,,0.005161528009921312
6133,0.0004756820562761277,,0.004678086377680302
6134,0.0005209115333855152,,0.005855882540345192
6135,0.000510861340444535,,0.004206125158816576
6136,0.00048062531277537346,,0.003599184565246105
6137,0.0005214739358052611,,0.003585563041269779
6138,0.0004981345264241099,,0.004843608941882849
6139,0.0005045547150075436,,0.003920836839824915
6140,0.0004080969374626875,,0.005221688188612461
6141,0.0010246310848742723,,0.0046544442884624004
6142,0.0004950385773554444,,0.005151021294295788
6143,0.0004975931951776147,,0.005900575779378414
6144,0.0005070103798061609,,0.0035924494732171297
6145,0.00045872898772358894,,0.003614672925323248
6146,0.00048126556794159114,,0.004354595672339201
6147,0.0005797885823994875,,0.0035999889951199293
6148,0.00041733734542503953,,0.005621509160846472
6149,0.0005820239312015474,,0.003834643866866827
6150,0.0004755106056109071,,0.004132062196731567
6151,0.0005227280780673027,,0.00418842164799571
6152,0.00112050399184227,,0.005567112006247044
6153,0.0004883413203060627,,0.00363739300519228
6154,0.0004814408894162625,,0.005106094293296337
6155,0.0004434082075022161,,0.004331509582698345
6156,0.0005042938282713294,,0.005402115639299154
6157,0.0005053365021012723,,0.005712426267564297
6158,0.0005047317827120423,,0.006325091701000929
6159,0.00047207996249198914,,0.005996368825435638
6160,0.0004692591610364616,,0.004086588509380817
6161,0.0007887179381214082,,0.017166990786790848
6162,0.00046344948350451887,,0.0034608542919158936
6163,0.000468740938231349,,0.005470063537359238
6164,0.0004992506001144648,,0.005797573830932379
6165,0.0005600200966000557,,0.005667231045663357
6166,0.000489549245685339,,0.006922934204339981
6167,0.0005523429135791957,,0.0034965146332979202
6168,0.0006068944931030273,,0.007090436294674873
6169,0.0005166393239051104,,0.006389043293893337
6170,0.00046951783588156104,,0.005832301918417215
6171,0.0005888316663913429,,0.005992399528622627
6172,0.0005126006435602903,,0.0058720046654343605
6173,0.00047755203559063375,,0.004486682824790478
6174,0.000484752090414986,,0.004432811867445707
6175,0.00045964098535478115,,0.0054890550673007965
6176,0.0006162518984638155,,0.010435642674565315
6177,0.0005206437781453133,,0.005352955777198076
6178,0.0005037214723415673,,0.003645107615739107
6179,0.0004986570565961301,,0.005320357624441385
6180,0.0009257445926778018,,0.007588646840304136
6181,0.00045497374958358705,,0.004050754941999912
6182,0.00043950602412223816,,0.0036089271306991577
6183,0.0005430245073512197,,0.005128413438796997
6184,0.0004198337555862963,,0.0025290739722549915
6185,0.0005100551061332226,,0.0036171097308397293
6186,0.00047406781231984496,,0.0037718035746365786
6187,0.0005188747891224921,,0.006616318132728338
6188,0.00056325679179281,,0.0035499001387506723
6189,0.0005053343484178185,,0.0038336757570505142
6190,0.0004381607286632061,,0.0035241565201431513
6191,0.0005197217687964439,,0.004162528086453676
6192,0.0005466428119689226,,0.004877789411693811
6193,0.000474181113531813,,0.0034271087497472763
6194,0.0004738586430903524,,0.004316489677876234
6195,0.000621142506133765,,0.005655060522258282
6196,0.00045659331954084337,,0.0037725726142525673
6197,0.0005146595067344606,,0.0035961412359029055
6198,0.000583445536904037,,0.0037867589853703976
6199,0.000445606536231935,,0.003485343884676695
6200,0.0004516670014709234,,0.003457124112173915
6201,0.00047113673645071685,,0.003131026169285178
6202,0.0004483643569983542,,0.004047451540827751
6203,0.0004990438465029001,,0.0038336936850100756
6204,0.0010558228241279721,,0.0034981288481503725
6205,0.0004637574893422425,,0.00362622132524848
6206,0.00044097122736275196,,0.0050568534061312675
6207,0.0004241830902174115,,0.0035351149272173643
6208,0.0005074682412669063,,0.004582410678267479
6209,0.00046364482841454446,,0.0037356200627982616
6210,0.00046390132047235966,,0.004483778029680252
6211,0.0009860196150839329,,0.009116760455071926
6212,0.0004630648472812027,,0.003119845176115632
6213,0.0006262068636715412,,0.004340313374996185
6214,0.00046278437366709113,,0.00344086647965014
6215,0.0004513889434747398,,0.0036483227740973234
6216,0.0005673015839420259,,0.0055897412821650505
6217,0.000513455830514431,,0.004153524059802294
6218,0.0004937182529829443,,0.0037828541826456785
6219,0.0005584506434388459,,0.006875268183648586
6220,0.00046742631820961833,,0.004153652582317591
6221,0.0005816237535327673,,0.005047257523983717
6222,0.0004653313662856817,,0.004021386615931988
6223,0.000505550648085773,,0.00412469869479537
6224,0.0006315537611953914,,0.004044154193252325
6225,0.0005804411484859884,,0.005220132414251566
6226,0.0005146649200469255,,0.007858962751924992
6227,0.0004752238164655864,,0.004518973641097546
6228,0.001115759601816535,,0.006137748248875141
6229,0.0004805886128451675,,0.0040560211054980755
6230,0.0004550267185550183,,0.00477749016135931
6231,0.00044947891728952527,,0.004799996968358755
6232,0.0004917090409435332,,0.003974292427301407
6233,0.00047814202844165266,,0.004477732349187136
6234,0.0005129069904796779,,0.004686124622821808
6235,0.0005134979728609324,,0.0039102924056351185
6236,0.0004317886778153479,,0.004382730461657047
6237,0.000628132838755846,,0.004642229061573744
6238,0.0005381082883104682,,0.0039316508919000626
6239,0.0005005383864045143,,0.0036099147982895374
6240,0.00047567798173986375,,0.0038974580820649862
6241,0.0004799929156433791,,0.004770900588482618
6242,0.00048329654964618385,,0.0037325769662857056
6243,0.001023130607791245,,0.004595542326569557
6244,0.0004596901126205921,,0.004315441474318504
6245,0.0005484079010784626,,0.006923695094883442
6246,0.0004692783113569021,,0.004208773374557495
6247,0.0004780296003445983,,0.003424255410209298
6248,0.0004742922610603273,,0.004367964807897806
6249,0.0004440612974576652,,0.0034655211493372917
6250,0.0004817394947167486,,0.005286348983645439
6251,0.00043958969763480127,,0.0037862614262849092
6252,0.0005060801049694419,,0.004487795755267143
6253,0.00044225933379493654,,0.0038266906049102545
6254,0.000463841570308432,,0.0028611563611775637
6255,0.0005018368829041719,,0.0051124622114002705
6256,0.0004951516166329384,,0.004157218616455793
6257,0.0004348927177488804,,0.004459914285689592
6258,0.0005139873828738928,,0.006875201128423214
6259,0.000765561533626169,,0.007692377083003521
6260,0.000533941900357604,,0.0075812260620296
6261,0.0009479321306571364,,0.00488875200971961
6262,0.0005204248009249568,,0.005986284930258989
6263,0.0004656876844819635,,0.004574912134557962
6264,0.0005342880031093955,,0.0048726629465818405
6265,0.0004386770015116781,,0.004175427369773388
6266,0.00045018154196441174,,0.0034431410022079945
6267,0.0005295067676343024,,0.004237766843289137
6268,0.0005484368884935975,,0.005441836081445217
6269,0.000444162345957011,,0.00374420708976686
6270,0.0005354374879971147,,0.005731420591473579
6271,0.0006172721623443067,,0.004065448883920908
6272,0.0006485919002443552,,0.00373215414583683
6273,0.0005041261902078986,,0.0038920685183256865
6274,0.00048782231169752777,,0.004834209103137255
6275,0.0005090149934403598,,0.0038912328891456127
6276,0.0004955491749569774,,0.003825337626039982
6277,0.0004816157161258161,,0.003567916341125965
6278,0.0005001130048185587,,0.004900086671113968
6279,0.0005015924689359963,,0.004100399557501078
6280,0.0005504675209522247,,0.0049090636894106865
6281,0.0004568520816974342,,0.003794757416471839
6282,0.0004527417477220297,,0.0035452861338853836
6283,0.0005397713975980878,,0.00633444357663393
6284,0.00046253803884610534,,0.003032191889360547
6285,0.0005007241852581501,,0.0036519269924610853
6286,0.0005226139328442514,,0.009826255030930042
6287,0.0005311882123351097,,0.004366905428469181
6288,0.00048663810594007373,,0.003902312833815813
6289,0.00047110323794186115,,0.004284682217985392
6290,0.000555392587557435,,0.004181673750281334
6291,0.00044878057087771595,,0.0037254204507917166
6292,0.0005062715499661863,,0.005005482118576765
6293,0.0004991415771655738,,0.004424169659614563
6294,0.0005576755502261221,,0.003935635555535555
6295,0.0005240605678409338,,0.0032907179556787014
6296,0.00048244278877973557,,0.004036384169012308
6297,0.0004791801329702139,,0.0045538698323071
6298,0.0004935706965625286,,0.0043252562172710896
6299,0.0004257692489773035,,0.004724517930299044
6300,0.0004976327763870358,,0.004207904450595379
6301,0.0004771988606080413,,0.004367078188806772
6302,0.00048703706124797463,,0.004845820367336273
6303,0.00041246338514611125,,0.004366893321275711
6304,0.0005159599240869284,,0.004714985378086567
6305,0.0013459738111123443,,0.005480414722114801
6306,0.000619684171397239,,0.010963009670376778
6307,0.00046569592086598277,,0.004334561061114073
6308,0.0004767861682921648,,0.004036971367895603
6309,0.000496002146974206,,0.0035161487758159637
6310,0.00046122269122861326,,0.004818460904061794
6311,0.0005465172580443323,,0.004758642986416817
6312,0.00047823748900555074,,0.004936374723911285
6313,0.0005028937594033778,,0.0040362230502069
6314,0.0004980606609024107,,0.0035048751160502434
6315,0.0005024992860853672,,0.005092951934784651
6316,0.0004531151498667896,,0.0035689170472323895
6317,0.0005429249722510576,,0.00543475616723299
6318,0.0007926719263195992,,0.004284110385924578
6319,0.0004963217652402818,,0.004535350017249584
6320,0.00048237520968541503,,0.0038719892036169767
6321,0.0005026102880947292,,0.003563272301107645
6322,0.0004208626633044332,,0.004851868376135826
6323,0.0005064177676104009,,0.0034996045287698507
6324,0.00046494623529724777,,0.004016227088868618
6325,0.0005234549753367901,,0.00524221733212471
6326,0.00048012560000643134,,0.003827923908829689
6327,0.00044839418842457235,,0.004513042513281107
6328,0.0004633505013771355,,0.002960470737889409
6329,0.00042448542080819607,,0.005634359084069729
6330,0.0009241279913112521,,0.010538371279835701
6331,0.0004954627947881818,,0.0049307686276733875
6332,0.0005113640800118446,,0.0054916683584451675
6333,0.0009154221042990685,,0.003934969659894705
6334,0.00047125760465860367,,0.005294578615576029
6335,0.0005762732471339405,,0.0073799388483166695
6336,0.0004504323878791183,,0.0041460152715444565
6337,0.0007421534974128008,,0.0054935272783041
6338,0.000516320054885,,0.009042227640748024
6339,0.0005911816260777414,,0.005383129697293043
6340,0.0005281374324113131,,0.00580995250493288
6341,0.0004750962252728641,,0.005256233736872673
6342,0.00044861724018119276,,0.004405487794429064
6343,0.0004910891875624657,,0.004749697633087635
6344,0.0004989560693502426,,0.004757105838507414
6345,0.0005908265011385083,,0.005479963030666113
6346,0.0005024177953600883,,0.005897777620702982
6347,0.0005079082911834121,,0.004583077039569616
6348,0.0005078103276900947,,0.0027133699040859938
6349,0.0004720809811260551,,0.005556360352784395
6350,0.0004859022446908057,,0.004575541242957115
6351,0.0005049156025052071,,0.004965301603078842
6352,0.0005597327253781259,,0.005091160535812378
6353,0.00047530728625133634,,0.003709575394168496
6354,0.0004111998132430017,,0.005231036338955164
6355,0.000442123127868399,,0.005381594877690077
6356,0.0005119143170304596,,0.004627319052815437
6357,0.00100804609246552,,0.0058410800993442535
6358,0.0004311220836825669,,0.003710893914103508
6359,0.0004656313394661993,,0.0038864552043378353
6360,0.0004619637911673635,,0.005276637617498636
6361,0.0005224425694905221,,0.00917078461498022
6362,0.0004153098852839321,,0.0038682143203914165
6363,0.0004197880334686488,,0.003422539448365569
6364,0.0004952484159730375,,0.005366699304431677
6365,0.0005316732567735016,,0.004136618692427874
6366,0.000877461105119437,,0.003831340465694666
6367,0.00046030813246034086,,0.002730545587837696
6368,0.0004507018602453172,,0.004250623751431704
6369,0.0005038400995545089,,0.0037629944272339344
6370,0.0004858027386944741,,0.0045362371020019054
6371,0.00044114701449871063,,0.003853865433484316
6372,0.00047712898231111467,,0.0036351485177874565
6373,0.0006040529115125537,,0.007227815221995115
6374,0.00048241601325571537,,0.00443398067727685
6375,0.00049591128481552,,0.008310897275805473
6376,0.0005054327193647623,,0.005200535524636507
6377,0.000929351313970983,,0.007747814524918795
6378,0.0004294858081266284,,0.004937122110277414
6379,0.0005151894874870777,,0.004687439650297165
6380,0.0005347969708964229,,0.0053485967218875885
6381,0.0005762014770880342,,0.00443889107555151
6382,0.0005307515966705978,,0.007289753761142492
6383,0.0005136932013556361,,0.003998608328402042
6384,0.0005024304846301675,,0.006864333525300026
6385,0.00042536179535090923,,0.004383487161248922
6386,0.0008138586999848485,,0.014220966957509518
6387,0.00101808353792876,,0.0067966775968670845
6388,0.0004524961987044662,,0.00514529412612319
6389,0.00043812295189127326,,0.005796186160296202
6390,0.0005139387212693691,,0.008223352022469044
6391,0.0004600671527441591,,0.005695132073014975
6392,0.0005637836875393987,,0.0077365185134112835
6393,0.0004792029212694615,,0.004366681911051273
6394,0.00048135622637346387,,0.008086565881967545
6395,0.0005038880044594407,,0.004510532133281231
6396,0.0005963790463283658,,0.012057273648679256
6397,0.0006624797824770212,,0.015974197536706924
6398,0.0007843926432542503,,0.019102832302451134
6399,0.0005658388836309314,,0.008634692057967186
6400,0.0005116134416311979,,0.007307782303541899
6401,0.0005218245787546039,,0.004771153908222914
6402,0.0004886618116870522,,0.006816721521317959
6403,0.00049506442155689,,0.005117114633321762
6404,0.0006726844003424048,,0.013734349980950356
6405,0.0007533397292718291,,0.016199719160795212
6406,0.0006615266902372241,,0.007460149936378002
6407,0.0005654427222907543,,0.007109697442501783
6408,0.000615791417658329,,0.005720712710171938
6409,0.0006251689046621323,,0.012172923423349857
6410,0.0006155280862003565,,0.011212233453989029
6411,0.0005594424437731504,,0.0060350326821208
6412,0.0007627444574609399,,0.007695868145674467
6413,0.0004799439338967204,,0.005071665160357952
6414,0.000672242371365428,,0.007487797643989325
6415,0.0004996171919628978,,0.005654025822877884
6416,0.0004989662556909025,,0.006001529283821583
6417,0.0004659892001654953,,0.0053848763927817345
6418,0.0005474373465403914,,0.006408821791410446
6419,0.0005016620852984488,,0.004669676534831524
6420,0.000537091342266649,,0.006687512155622244
6421,0.0010714312084019184,,0.004167461767792702
6422,0.0005141454748809338,,0.008567788638174534
6423,0.00046435120748355985,,0.004370889160782099
6424,0.0004823097842745483,,0.006000932771712542
6425,0.00048664433415979147,,0.007287889719009399
6426,0.0011989481281489134,,0.016103915870189667
6427,0.00046193282469175756,,0.0051949238404631615
6428,0.0009459573775529861,,0.00504903681576252
6429,0.00043959959293715656,,0.005504881497472525
6430,0.0009691260638646781,,0.010405465960502625
6431,0.0010271272622048855,,0.00699720298871398
6432,0.0004890397540293634,,0.008616204373538494
6433,0.0009358315728604794,,0.0056735011748969555
6434,0.0005520069389604032,,0.007873530499637127
6435,0.0006785759469494224,,0.008117594756186008
6436,0.0005358501221053302,,0.007227694150060415
6437,0.00046217808267101645,,0.005494635086506605
6438,0.0005373992025852203,,0.005804084241390228
6439,0.0006264979019761086,,0.007862195372581482
6440,0.0004840848851017654,,0.0051509300246834755
6441,0.0005650033126585186,,0.013371762819588184
6442,0.0004949151771143079,,0.0055582779459655285
6443,0.00043815706158056855,,0.0040018740110099316
6444,0.0005886584403924644,,0.007183313835412264
6445,0.000891598523594439,,0.006362534128129482
6446,0.0004654703661799431,,0.005771023221313953
6447,0.0005470600444823503,,0.005345359910279512
6448,0.0005495170480571687,,0.010116055607795715
6449,0.0005412732134573162,,0.005131240002810955
6450,0.0005362594383768737,,0.0074752396903932095
6451,0.0005156678962521255,,0.00559591269120574
6452,0.000639306497760117,,0.007344146259129047
6453,0.0005135622341185808,,0.005097465123981237
6454,0.0005069840117357671,,0.006927237845957279
6455,0.0009842438157647848,,0.0047861370258033276
6456,0.00045423427945934236,,0.004401379730552435
6457,0.0005018038209527731,,0.0046073803678154945
6458,0.0005163068417459726,,0.005047108978033066
6459,0.0005957243265584111,,0.009680662304162979
6460,0.0005329407285898924,,0.004991231020539999
6461,0.0004493265878409147,,0.004271861631423235
6462,0.0004431963316164911,,0.004724997095763683
6463,0.0004955918993800879,,0.00531452102586627
6464,0.000557886203750968,,0.004608978983014822
6465,0.0005094475345686078,,0.006457648705691099
6466,0.0005871996399946511,,0.008728890679776669
6467,0.0004967402201145887,,0.0069891479797661304
6468,0.0005269073881208897,,0.005252014845609665
6469,0.0005070386687293649,,0.006613434758037329
6470,0.0004979259101673961,,0.005122509319335222
6471,0.0004505318938754499,,0.005856518168002367
6472,0.00048755836905911565,,0.008496766909956932
6473,0.0004734078829642385,,0.006201359909027815
6474,0.0008362688822671771,,0.012820709496736526
6475,0.0005330595886334777,,0.005025457125157118
6476,0.0005172546952962875,,0.006620457861572504
6477,0.001021574717015028,,0.006054573692381382
6478,0.0005597366252914071,,0.005902254022657871
6479,0.0006124192732386291,,0.009097084403038025
6480,0.0004882843932136893,,0.004863168578594923
6481,0.0009059258736670017,,0.008436580188572407
6482,0.0005401784437708557,,0.006580392364412546
6483,0.0004769593651872128,,0.004918436985462904
6484,0.0004816880391445011,,0.007306830491870642
6485,0.0005450058961287141,,0.0037592570297420025
6486,0.0006126883672550321,,0.011285075917840004
6487,0.0004587654839269817,,0.004499698989093304
6488,0.0005726105300709605,,0.005997560452669859
6489,0.0005179180298000574,,0.005449916701763868
6490,0.0005831669550389051,,0.003997300751507282
6491,0.0007897528703324497,,0.005000986624509096
6492,0.0004752993118017912,,0.005514075979590416
6493,0.0004646863671950996,,0.0043162815272808075
6494,0.0005085149896331131,,0.007278159260749817
6495,0.0004999646916985512,,0.0036179234739392996
6496,0.0004851702833548188,,0.006402349099516869
6497,0.00048540098941884935,,0.005974870175123215
6498,0.0005030038300901651,,0.005770266521722078
6499,0.0004977858043275774,,0.0056644403375685215
6500,0.0006280419183894992,0.00044640117142925124,0.009327602572739124
6501,0.0004599048988893628,,0.005007574800401926
6502,0.000508776749484241,,0.004947766661643982
6503,0.0005516939563676715,,0.005605557467788458
6504,0.0004319258441682905,,0.003976276610046625
6505,0.0005380878574214876,,0.004232398699969053
6506,0.0009636514587327838,,0.004798389971256256
6507,0.0005654456908814609,,0.008722840808331966
6508,0.000435583817306906,,0.0037247168365865946
6509,0.0004679845296777785,,0.005033570807427168
6510,0.0005664931377395988,,0.005042265169322491
6511,0.0004596442449837923,,0.005950119812041521
6512,0.00045010558096691966,,0.0033619918394833803
6513,0.00045225745998322964,,0.004379958380013704
6514,0.0004993224865756929,,0.006793078500777483
6515,0.00048033864004537463,,0.005249598063528538
6516,0.00045607201172970235,,0.00442722300067544
6517,0.0004689458291977644,,0.0052453018724918365
6518,0.00044096747296862304,,0.005284326616674662
6519,0.0004939184873364866,,0.00499914214015007
6520,0.0005603001336567104,,0.00593201257288456
6521,0.00041990153840743005,,0.004370162263512611
6522,0.0004888427210971713,,0.004769926890730858
6523,0.0005055823130533099,,0.005087774246931076
6524,0.0005032613407820463,,0.006043083034455776
6525,0.0004342207103036344,,0.004516087472438812
6526,0.0008049970492720604,,0.016444416716694832
6527,0.0005352189182303846,,0.007745201233774424
6528,0.0005419512744992971,,0.0065772645175457
6529,0.0005371067090891302,,0.007414924446493387
6530,0.000553154619410634,,0.0051876213401556015
6531,0.0004964414401911199,,0.0044506690464913845
6532,0.0005446801660582423,,0.009023690596222878
6533,0.000575798621866852,,0.009076187387108803
6534,0.0005161389708518982,,0.005448382813483477
6535,0.0005175110418349504,,0.00800345279276371
6536,0.0005222216714173555,,0.007220384199172258
6537,0.0005378031055442989,,0.009357216767966747
6538,0.0005503047723323107,,0.004190552048385143
6539,0.0009529010276310146,,0.00662749819457531
6540,0.0005360866780392826,,0.004532634746283293
6541,0.0006825448363088071,,0.005341093521565199
6542,0.0005368785350583494,,0.0057407571002841
6543,0.00042524957098066807,,0.004403183702379465
6544,0.000484756485093385,,0.0047718253917992115
6545,0.00043891568202525377,,0.00507303886115551
6546,0.0005482493434101343,,0.0038758316077291965
6547,0.0004518869682215154,,0.007063903845846653
6548,0.00045386323472484946,,0.0033803777769207954
6549,0.00048694093129597604,,0.005417698062956333
6550,0.00045000528916716576,,0.00564554613083601
6551,0.000482947682030499,,0.005124518647789955
6552,0.00045006186701357365,,0.0061078742146492004
6553,0.0004287699703127146,,0.004240380134433508
6554,0.0005042479024268687,,0.009567178785800934
6555,0.0015221417415887117,,0.00933890976011753
6556,0.0004498352063819766,,0.00533940689638257
6557,0.0005207376088947058,,0.007041187956929207
6558,0.0005011872854083776,,0.005118693690747023
6559,0.0012830307241529226,,0.007215418387204409
6560,0.0007624474237672985,,0.015018110163509846
6561,0.00047008536057546735,,0.005573103204369545
6562,0.000495518499519676,,0.0039052246138453484
6563,0.0009585184743627906,,0.005517148412764072
6564,0.0004098016070201993,,0.004545734263956547
6565,0.0005807303241454065,,0.005861872341483831
6566,0.00047979719238355756,,0.004309005104005337
6567,0.0004687440232373774,,0.004825355485081673
6568,0.000515936641022563,,0.0034496234729886055
6569,0.0005716262967325747,,0.0050606210716068745
6570,0.0004930873401463032,,0.0040834080427885056
6571,0.0004803283081855625,,0.0036462743300944567
6572,0.0009320424869656563,,0.013373441994190216
6573,0.0010134433396160603,,0.003967472352087498
6574,0.00043403959716670215,,0.004020997788757086
6575,0.0006526812794618309,,0.005784326232969761
6576,0.00045191653771325946,,0.004834119230508804
6577,0.0004645570588763803,,0.004495004191994667
6578,0.0004883331712335348,,0.0048875161446630955
6579,0.0004660449340008199,,0.0040113432332873344
6580,0.00045618097647093236,,0.004567036870867014
6581,0.0004511420556809753,,0.004192588850855827
6582,0.0004980261437594891,,0.003542606020346284
6583,0.0004028892144560814,,0.006042633205652237
6584,0.0005422221729531884,,0.004920152947306633
6585,0.0005307283718138933,,0.006125342100858688
6586,0.0007897182367742062,,0.005653446074575186
6587,0.0005412722821347415,,0.006063906010240316
6588,0.0004770974046550691,,0.004358379635959864
6589,0.0004959458019584417,,0.005413978826254606
6590,0.00042951953946612775,,0.0037177358753979206
6591,0.0004549379809759557,,0.004601239692419767
6592,0.0006451047956943512,,0.006851841229945421
6593,0.0009506744099780917,,0.004354109521955252
6594,0.0004586774739436805,,0.006113874260336161
6595,0.00042817299254238605,,0.002663810271769762
6596,0.0004885252565145493,,0.004849661607295275
6597,0.00047865952365100384,,0.004564614035189152
6598,0.0005969660705886781,,0.013328918255865574
6599,0.0005705596413463354,,0.00483661936596036
6600,0.0004453407018445432,,0.004962811712175608
6601,0.0005720268236473203,,0.008418523706495762
6602,0.0004147479485254735,,0.006184834521263838
6603,0.0005664710770361125,,0.0036010954063385725
6604,0.0004188763559795916,,0.00486906198784709
6605,0.00048523792065680027,,0.0043404786847531796
6606,0.0005045565194450319,,0.004643321968615055
6607,0.0004598850791808218,,0.0055061159655451775
6608,0.00046431104419752955,,0.004881441127508879
6609,0.0004763025208376348,,0.005193210206925869
6610,0.00041154329665005207,,0.004209854640066624
6611,0.0004899334744550288,,0.005916804540902376
6612,0.0004649125912692398,,0.003634872380644083
6613,0.0004277514526620507,,0.0047910939902067184
6614,0.00041828345274552703,,0.0031642764806747437
6615,0.0010825050994753838,,0.004360333550721407
6616,0.000545116956345737,,0.005136314779520035
6617,0.0005178191931918263,,0.004202319774776697
6618,0.0005167788476683199,,0.004740129690617323
6619,0.0011260443134233356,,0.0034816928673535585
6620,0.0004959850339218974,,0.006015509832650423
6621,0.0005299292388372123,,0.004892376717180014
6622,0.0004665956075768918,,0.004442330449819565
6623,0.0009673530585132539,,0.004483793396502733
6624,0.0004847279633395374,,0.004496131092309952
6625,0.0007417423184961081,,0.012515351176261902
6626,0.0004445545782800764,,0.0037684468552470207
6627,0.0005720886401832104,,0.005427348893135786
6628,0.00044064829126000404,,0.0038920994848012924
6629,0.0004880237393081188,,0.0063474299386143684
6630,0.0005244438070803881,,0.006760996766388416
6631,0.0004952687304466963,,0.003957066684961319
6632,0.0005182276363484561,,0.004565143957734108
6633,0.0006287600845098495,,0.006487328093498945
6634,0.0005447614821605384,,0.006656961049884558
6635,0.0005154788377694786,,0.0048250011168420315
6636,0.0005170016083866358,,0.0049821315333247185
6637,0.0005721313063986599,,0.013958223164081573
6638,0.0005214564735069871,,0.0043675280176103115
6639,0.00044167862506583333,,0.0038518926594406366
6640,0.000579683284740895,,0.009481718763709068
6641,0.0010286716278642416,,0.00857906136661768
6642,0.0005141521105542779,,0.006486399099230766
6643,0.000932796741835773,,0.007425687275826931
6644,0.0005291007691994309,,0.007460264954715967
6645,0.0004902541404590011,,0.0048863510601222515
6646,0.0005422479589469731,,0.006871177349239588
6647,0.00046185869723558426,,0.005599588621407747
6648,0.0004453397705219686,,0.004823165014386177
6649,0.0004703446466010064,,0.00600785668939352
6650,0.0005000198725610971,,0.0057349493727087975
6651,0.0009819825645536184,,0.00435592420399189
6652,0.0006080671446397901,,0.007235937286168337
6653,0.0005564882885664701,,0.004601515829563141
6654,0.0004375576972961426,,0.004413318820297718
6655,0.0004842624475713819,,0.003965119365602732
6656,0.0005870730383321643,,0.006440313067287207
6657,0.0005115302046760917,,0.005011303815990686
6658,0.0005131540820002556,,0.00488393846899271
6659,0.0005929925246164203,,0.00919420551508665
6660,0.0006851775106042624,,0.00599657092243433
6661,0.0006963746855035424,,0.006432346999645233
6662,0.0006328579038381577,,0.008494683541357517
6663,0.000620535749476403,,0.006312180310487747
6664,0.0005130365025252104,,0.005066852550953627
6665,0.0003902583848685026,,0.004514836240559816
6666,0.0005083521828055382,,0.0058736358769237995
6667,0.0004850272962357849,,0.004451211076229811
6668,0.00044034700840711594,,0.005656517576426268
6669,0.0005717272288165987,,0.004968149121850729
6670,0.000472762156277895,,0.006407376378774643
6671,0.0004968703724443913,,0.00471135089173913
6672,0.0006056488491594791,,0.00494507048279047
6673,0.0005181321175768971,,0.006491752807050943
6674,0.0004812358529306948,,0.0040059820748865604
6675,0.0005185272311791778,,0.006758700590580702
6676,0.0004786598728969693,,0.004873093217611313
6677,0.0005225295899435878,,0.00713040865957737
6678,0.000519290566444397,,0.005916002672165632
6679,0.0005228098598308861,,0.00716838613152504
6680,0.0004593212506733835,,0.004797300323843956
6681,0.0004959597135894,,0.006194302346557379
6682,0.0005201238673180342,,0.007347334176301956
6683,0.0010532446904107928,,0.005014047957956791
6684,0.00043761340202763677,,0.004884153604507446
6685,0.0005250607500784099,,0.005029387306421995
6686,0.0004641757986973971,,0.004881939385086298
6687,0.000990548636764288,,0.007428320590406656
6688,0.0004720361903309822,,0.004175355192273855
6689,0.0004812926927115768,,0.003523814957588911
6690,0.0009422801667824388,,0.004904200788587332
6691,0.0006635561585426331,,0.004580828361213207
6692,0.00047004068619571626,,0.004117092117667198
6693,0.0004936027689836919,,0.0069643547758460045
6694,0.00047878711484372616,,0.0038912598975002766
6695,0.00046479597222059965,,0.003947606310248375
6696,0.000813041056971997,,0.006046583876013756
6697,0.00040315883234143257,,0.004344917368143797
6698,0.000526155810803175,,0.004923956468701363
6699,0.00045324134407565,,0.0052525498904287815
6700,0.00043713016202673316,,0.003106767777353525
6701,0.0004192946944385767,,0.004610584117472172
6702,0.00048178492579609156,,0.004241177346557379
6703,0.0004454399459064007,,0.00479395454749465
6704,0.0009707731078378856,,0.003591696033254266
6705,0.0008653168915770948,,0.006345169618725777
6706,0.0004830960533581674,,0.004772227257490158
6707,0.000412850349675864,,0.004260452929884195
6708,0.000719179748557508,,0.005327807739377022
6709,0.00044193019857630134,,0.0036080856807529926
6710,0.0006838655099272728,,0.0048497323878109455
6711,0.0004951986484229565,,0.0034280000254511833
6712,0.000391089211916551,,0.002585987327620387
6713,0.0004191625048406422,,0.0025204734411090612
6714,0.00040330307092517614,,0.0033681592904031277
6715,0.0004407232045195997,,0.0033952868543565273
6716,0.0005370554863475263,,0.0038032964803278446
6717,0.00101706781424582,,0.00886758603155613
6718,0.0004267792101018131,,0.004586271476000547
6719,0.0007078773342072964,,0.005681303795427084
6720,0.00046857824781909585,,0.004887145943939686
6721,0.00048465956933796406,,0.005302683915942907
6722,0.0010909420670941472,,0.0032592976931482553
6723,0.0005058084498159587,,0.005007029045373201
6724,0.00047470879508182406,,0.004278149921447039
6725,0.0004326313501223922,,0.0038201420102268457
6726,0.0004858634201809764,,0.0051562911830842495
6727,0.000842650537379086,,0.005679483059793711
6728,0.00039698067121207714,,0.0035155669320374727
6729,0.00044829733087681234,,0.005023651290684938
6730,0.00046874507097527385,,0.004699369892477989
6731,0.0005117245600558817,,0.004612828139215708
6732,0.0003797542303800583,,0.002817753469571471
6733,0.00042589145596139133,,0.004337051883339882
6734,0.0005144543247297406,,0.008793394081294537
6735,0.00045482232235372066,,0.004397821146994829
6736,0.00047859555343165994,,0.006613206584006548
6737,0.0005098624969832599,,0.005264975130558014
6738,0.0004590577445924282,,0.005910035222768784
6739,0.0004923689411953092,,0.006027137860655785
6740,0.0005192679818719625,,0.004755482543259859
6741,0.0005006414139643312,,0.006475518457591534
6742,0.000554280006326735,,0.004179929383099079
6743,0.0004137412179261446,,0.005270736757665873
6744,0.0004937515477649868,,0.004242763388901949
6745,0.000463642121758312,,0.004270740784704685
6746,0.0004390163521748036,,0.004225512966513634
6747,0.0004595231730490923,,0.0038566812872886658
6748,0.00043329488835297525,,0.005823979619890451
6749,0.000452465086709708,,0.003502972424030304
6750,0.00046199324424378574,,0.00635911850258708
6751,0.00041447358671575785,,0.00468525430187583
6752,0.0006386984023265541,,0.005954391323029995
6753,0.0007750997319817543,,0.016866974532604218
6754,0.0005373777821660042,,0.0062943571247160435
6755,0.0004435319860931486,,0.005065592005848885
6756,0.0004887070972472429,,0.004791867453604937
6757,0.00040794964297674596,,0.004534014966338873
6758,0.0005324638914316893,,0.007683714386075735
6759,0.0004475232562981546,,0.005058703012764454
6760,0.000555351609364152,,0.004688302520662546
6761,0.0004933046875521541,,0.004562949296087027
6762,0.0011005750857293606,,0.01446583867073059
6763,0.0004736213886644691,,0.0048408107832074165
6764,0.0005100261187180877,,0.005681234411895275
6765,0.0004112064780201763,,0.003614942543208599
6766,0.0005237815203145146,,0.005216684192419052
6767,0.0004947643610648811,,0.0057880934327840805
6768,0.00048402760876342654,,0.0044099329970777035
6769,0.0005227389046922326,,0.0044929557479918
6770,0.0006745439022779465,,0.018015313893556595
6771,0.00042937806574627757,,0.0037258071824908257
6772,0.00045069874613545835,,0.005240959580987692
6773,0.00047378987073898315,,0.004836945794522762
6774,0.0004589478485286236,,0.004830448422580957
6775,0.0004891647258773446,,0.004810046870261431
6776,0.0008853011531755328,,0.00955398753285408
6777,0.000606385525316,,0.013294585980474949
6778,0.0005011657485738397,,0.004868125542998314
6779,0.0005647075595334172,,0.007328575477004051
6780,0.000492310500703752,,0.004623003304004669
6781,0.0009736322681419551,,0.009804555214941502
6782,0.0005021078395657241,,0.00470684515312314
6783,0.0005022078985348344,,0.004499409347772598
6784,0.0007551450980827212,,0.01560937613248825
6785,0.000486178498249501,,0.0046875555999577045
6786,0.00044789304956793785,,0.0037497186567634344
6787,0.0005766523536294699,,0.0061352672055363655
6788,0.00047765549970790744,,0.0043692500330507755
6789,0.0009246916742995381,,0.005406359676271677
6790,0.000451960921054706,,0.004970918409526348
6791,0.0006641203071922064,,0.013386346399784088
6792,0.0004507420235313475,,0.004480054136365652
6793,0.0005699463654309511,,0.006295302417129278
6794,0.00044787325896322727,,0.00453541474416852
6795,0.00046942042536102235,,0.0034581429790705442
6796,0.0005210479139350355,,0.004683537874370813
6797,0.0005556647665798664,,0.007035932969301939
6798,0.0005853772163391113,,0.005281952675431967
6799,0.000439878785982728,,0.005744481459259987
6800,0.00046703912084922194,,0.004309272859245539
6801,0.0005012339679524302,,0.005302698351442814
6802,0.0007507676491513848,,0.005843727849423885
6803,0.00047223397996276617,,0.004671507049351931
6804,0.0007518427446484566,,0.004889460280537605
6805,0.0008233714615926147,,0.0069223311729729176
6806,0.00047895382158458233,,0.004110305570065975
6807,0.0005640697199851274,,0.009134914726018906
6808,0.0005135593237355351,,0.003653451567515731
6809,0.00040457554860040545,,0.003151030745357275
6810,0.00048774416791275144,,0.004504302516579628
6811,0.0005965849268250167,,0.00397617369890213
6812,0.0005231502000242472,,0.004524200223386288
6813,0.0005207348149269819,,0.004163068253546953
6814,0.0005071049672551453,,0.004263649694621563
6815,0.0005436218925751746,,0.004284394904971123
6816,0.0004744862671941519,,0.004429860506206751
6817,0.0006003762246109545,,0.007892056368291378
6818,0.00047777252621017396,,0.005934810731559992
6819,0.0005199771840125322,,0.004760881885886192
6820,0.0005503946449607611,,0.004727434832602739
6821,0.0004575731873046607,,0.004185703583061695
6822,0.00044753457768820226,,0.003878828138113022
6823,0.0004728376807179302,,0.0037570782005786896
6824,0.0006651519797742367,,0.006498914677649736
6825,0.0005828578141517937,,0.005765865556895733
6826,0.00044802436605095863,,0.0035015034954994917
6827,0.0005173172103241086,,0.005414825864136219
6828,0.0006528289522975683,,0.006575003731995821
6829,0.0005646392237395048,,0.005198930390179157
6830,0.00044687651097774506,,0.004075611010193825
6831,0.0005412939935922623,,0.007310324814170599
6832,0.00041852821595966816,,0.003644280368462205
6833,0.00045382551616057754,,0.003988289274275303
6834,0.0004752780660055578,,0.003218972124159336
6835,0.0004546668496914208,,0.0038567364681512117
6836,0.0004619232495315373,,0.0044637504033744335
6837,0.0004911969881504774,,0.004124168772250414
6838,0.0004328448558226228,,0.004903996828943491
6839,0.0004909371491521597,,0.003108183154836297
6840,0.0005348592530936003,,0.004763135686516762
6841,0.0004649513284675777,,0.005299875512719154
6842,0.00041904381942003965,,0.003750869072973728
6843,0.0005040053511038423,,0.006869980599731207
6844,0.0008438584627583623,,0.009905143640935421
6845,0.00045552090159617364,,0.005794433876872063
6846,0.0005274269497022033,,0.0050852373242378235
6847,0.0005288542597554624,,0.005755710881203413
6848,0.0005641920724883676,,0.004311887547373772
6849,0.0006865928880870342,,0.005603781435638666
6850,0.0005069212056696415,,0.004184791352599859
6851,0.0005286737577989697,,0.00569554977118969
6852,0.000448889855761081,,0.003470169845968485
6853,0.0004694752278737724,,0.005477133672684431
6854,0.0005162674351595342,,0.005542811471968889
6855,0.0005570761859416962,,0.003962706308811903
6856,0.0003821451682597399,,0.003871822962537408
6857,0.000830505508929491,,0.0068413554690778255
6858,0.0004854504659306258,,0.0041000740602612495
6859,0.00044011184945702553,,0.004534197971224785
6860,0.00042187300277873874,,0.00353745324537158
6861,0.0007806096691638231,,0.011987739242613316
6862,0.00044438696932047606,,0.00491497665643692
6863,0.0004227326135151088,,0.0034370573703199625
6864,0.0005715517909266055,,0.0060904789716005325
6865,0.0004724837781395763,,0.003256092546507716
6866,0.0004994074115529656,,0.005677517037838697
6867,0.0004691094800364226,,0.004671100992709398
6868,0.0004343815380707383,,0.003338966518640518
6869,0.0004128610889893025,,0.0043318732641637325
6870,0.0004658480756916106,,0.003936850465834141
6871,0.0004619749670382589,,0.004893409088253975
6872,0.0004868774558417499,,0.0031285639852285385
6873,0.0011601601727306843,,0.015142162330448627
6874,0.00041598896495997906,,0.0034960510674864054
6875,0.0004926969995722175,,0.004084452986717224
6876,0.0005385841941460967,,0.006257093045860529
6877,0.00040684500709176064,,0.0030214868020266294
6878,0.00044964271364733577,,0.004604571498930454
6879,0.0004606313304975629,,0.0044531794264912605
6880,0.00046717989607714117,,0.00488596735522151
6881,0.0004463819204829633,,0.0050131878815591335
6882,0.000585629721172154,,0.003459714353084564
6883,0.0005051468615420163,,0.0037723290733993053
6884,0.0006803962169215083,,0.014767897315323353
6885,0.0004967135027982295,,0.00556484330445528
6886,0.0004763919860124588,,0.004997455980628729
6887,0.00047479174099862576,,0.006659491453319788
6888,0.0008743799990043044,,0.005008575972169638
6889,0.0008701157639734447,,0.009238457307219505
6890,0.0007925473037175834,,0.017279688268899918
6891,0.0005457547958940268,,0.0044358111917972565
6892,0.0004797408473677933,,0.004158483352512121
6893,0.0006216447800397873,,0.006780782248824835
6894,0.0006075811106711626,,0.006869564298540354
6895,0.0005540578276850283,,0.003913611639291048
6896,0.0005051031475886703,,0.0059182727709412575
6897,0.0004906449466943741,,0.0038838100153952837
6898,0.0004624690336640924,,0.003128673415631056
6899,0.0004066432302352041,,0.004886017180979252
6900,0.0005486111622303724,,0.004611724987626076
6901,0.0004871632845606655,,0.003883778117597103
6902,0.0005459006642922759,,0.005362674593925476
6903,0.0005423660622909665,,0.006155544426292181
6904,0.0005570414941757917,,0.00556928338482976
6905,0.0005300850025378168,,0.005784261506050825
6906,0.0005848768632858992,,0.007212397642433643
6907,0.000479797919979319,,0.004704763647168875
6908,0.0005196257843635976,,0.00534995598718524
6909,0.0005174065008759499,,0.005991916637867689
6910,0.0009910846129059792,,0.008644184097647667
6911,0.000492278253659606,,0.005874591413885355
6912,0.00045793072786182165,,0.006534992251545191
6913,0.00043213553726673126,,0.004959943238645792
6914,0.00044094317127019167,,0.003717953572049737
6915,0.0004895183374173939,,0.006344849243760109
6916,0.0011332787107676268,,0.006213579326868057
6917,0.0004813057603314519,,0.003246581880375743
6918,0.0005032864864915609,,0.004599958658218384
6919,0.0006447989144362509,,0.00725150341168046
6920,0.0005084329168312252,,0.004447477869689465
6921,0.0005294922739267349,,0.005071192514151335
6922,0.0004856593441218138,,0.004643784370273352
6923,0.000954772753175348,,0.006094415672123432
6924,0.00046087554073892534,,0.005068091209977865
6925,0.0004369418020360172,,0.004559853579849005
6926,0.0007844576612114906,,0.007704900112003088
6927,0.0005005720886401832,,0.003886288497596979
6928,0.0005374536849558353,,0.007193158846348524
6929,0.0004553717444650829,,0.004430138505995274
6930,0.0005035713547840714,,0.0049817622639238834
6931,0.0005500274710357189,,0.0063699050806462765
6932,0.0004881888162344694,,0.003906251862645149
6933,0.001024179975502193,,0.005523943342268467
6934,0.0004189264145679772,,0.004895470570772886
6935,0.00044758719741366804,,0.006732929963618517
6936,0.000478569621918723,,0.005588938482105732
6937,0.00047211599303409457,,0.00429720152169466
6938,0.0004645368899218738,,0.006514316890388727
6939,0.0008058507228270173,,0.0056817117147147655
6940,0.0004221638373564929,,0.005479616113007069
6941,0.0004462249344214797,,0.0049503035843372345
6942,0.0004276367835700512,,0.0032846995163708925
6943,0.0005715523730032146,,0.005911909509450197
6944,0.0004614647477865219,,0.005608192179352045
6945,0.00044711556984111667,,0.004352787043899298
6946,0.00043394463136792183,,0.0054587023332715034
6947,0.0004480617353692651,,0.00436763372272253
6948,0.0007364206830970943,,0.005937345791608095
6949,0.0009225630201399326,,0.009123032912611961
6950,0.000503604649566114,,0.003606628393754363
6951,0.00047266678302548826,,0.004816548433154821
6952,0.0008949071052484214,,0.013546555303037167
6953,0.0006030311342328787,,0.01353561319410801
6954,0.0005109647172503173,,0.0041688610799610615
6955,0.00045647117076441646,,0.004526728764176369
6956,0.0004388350062072277,,0.004191295243799686
6957,0.00046328548341989517,,0.005226310342550278
6958,0.0004970046575181186,,0.003118587890639901
6959,0.0004886265960521996,,0.006055619101971388
6960,0.0004953107563778758,,0.005234361160546541
6961,0.0004780238959938288,,0.004611724056303501
6962,0.000459532457171008,,0.004758340306580067
6963,0.0004924790700897574,,0.003952265717089176
6964,0.0005217719590291381,,0.006165883969515562
6965,0.0004749242216348648,,0.006958520505577326
6966,0.0005069642793387175,,0.003551564645022154
6967,0.00043171271681785583,,0.003592411056160927
6968,0.0010416394798085093,,0.00784357637166977
6969,0.0005385942058637738,,0.007066786754876375
6970,0.00048050747136585414,,0.0044685425236821175
6971,0.0004935265751555562,,0.006221003830432892
6972,0.00045789952855557203,,0.004293117206543684
6973,0.0005253978888504207,,0.005853544920682907
6974,0.0004808903904631734,,0.0039292555302381516
6975,0.000506251526530832,,0.006178169045597315
6976,0.0005001295357942581,,0.004141221754252911
6977,0.000498694134876132,,0.006034475285559893
6978,0.0008162598824128509,,0.006216488778591156
6979,0.0009969803504645824,,0.004737673327326775
6980,0.00080409663496539,,0.011798500083386898
6981,0.0005717625608667731,,0.00639891205355525
6982,0.00048557898844592273,,0.005473700817674398
6983,0.0006013124948367476,,0.005763900466263294
6984,0.0007615896174684167,,0.006997695658355951
6985,0.0005521068815141916,,0.009152312763035297
6986,0.0004789879312738776,,0.003561217337846756
6987,0.0005669500096701086,,0.009312746115028858
6988,0.0006191795109771192,,0.006357669830322266
6989,0.0005129534401930869,,0.006392391864210367
6990,0.0005694925785064697,,0.009010394103825092
6991,0.0005981902941130102,,0.0063208481296896935
6992,0.0005560716381296515,,0.007884676568210125
6993,0.0006769453175365925,,0.0073578087612986565
6994,0.0005638020811602473,,0.008807935751974583
6995,0.0005205452907830477,,0.006412929389625788
6996,0.00046111721894703805,,0.0037536132149398327
6997,0.0005112672224640846,,0.005969217047095299
6998,0.0004480925854295492,,0.005195343401283026
6999,0.00048217931180261075,,0.004653540905565023
7000,0.0005442505935207009,0.0004794946088511218,0.008136718533933163
7001,0.00041168014286085963,,0.003620692528784275
7002,0.0004958932986482978,,0.004369982983916998
7003,0.0006775239016860723,,0.011447921395301819
7004,0.0004955955664627254,,0.007555898744612932
7005,0.0004913381417281926,,0.00890714768320322
7006,0.0004514733736868948,,0.004201095551252365
7007,0.00041062821401283145,,0.003484982531517744
7008,0.0005357385380193591,,0.004534263629466295
7009,0.00046239583753049374,,0.0047299801371991634
7010,0.0004767943755723536,,0.00408293679356575
7011,0.0004585515125654638,,0.004713135305792093
7012,0.000493259634822607,,0.00390086998231709
7013,0.0005012412439100444,,0.004379205871373415
7014,0.0008666128851473331,,0.00952139962464571
7015,0.0005186997586861253,,0.004580195061862469
7016,0.00041041706572286785,,0.0032260813750326633
7017,0.0004234822408761829,,0.0027912228833884
7018,0.00044719589641317725,,0.003836738644167781
7019,0.0007810781244188547,,0.004320870153605938
7020,0.0005423284601420164,,0.004566253162920475
7021,0.0004555138002615422,,0.0031859599985182285
7022,0.0007160234963521361,,0.004545038100332022
7023,0.0004311079974286258,,0.004213373642414808
7024,0.0004384407657198608,,0.003289950778707862
7025,0.0004992915201000869,,0.00516366446390748
7026,0.0005492056952789426,,0.004671312402933836
7027,0.0004801271134056151,,0.004168206360191107
7028,0.0005095656379126012,,0.0048041087575256824
7029,0.00042634905548766255,,0.0037000987213104963
7030,0.00040425400948151946,,0.003961597569286823
7031,0.0004736797418445349,,0.005369494669139385
7032,0.0004794413107447326,,0.0036285994574427605
7033,0.0006448086351156235,,0.01015268824994564
7034,0.0004635769291780889,,0.004216738510876894
7035,0.00039865291910246015,,0.004786358214914799
7036,0.0010252328356727958,,0.005180503241717815
7037,0.0004539912915788591,,0.0029964090790599585
7038,0.0004666417371481657,,0.003884394420310855
7039,0.0010779117001220584,,0.004894652403891087
7040,0.000510200799908489,,0.00427227234467864
7041,0.00041595561197027564,,0.0043249246664345264
7042,0.0004863262583967298,,0.0055366759188473225
7043,0.0004408844979479909,,0.004177015274763107
7044,0.00043959979666396976,,0.004016508813947439
7045,0.00044440999045036733,,0.003815761534497142
7046,0.0004171055043116212,,0.00346294860355556
7047,0.0005709368851967156,,0.011140220798552036
7048,0.00047837532474659383,,0.0034573643933981657
7049,0.00044124419218860567,,0.0028700227849185467
7050,0.0005042795091867447,,0.004098900593817234
7051,0.00041125714778900146,,0.0039114258252084255
7052,0.0009802812710404396,,0.007042328827083111
7053,0.0011995300883427262,,0.004480368457734585
7054,0.0005023450357839465,,0.004510878585278988
7055,0.000462847703602165,,0.003295100061222911
7056,0.0004842426278628409,,0.0037398121785372496
7057,0.0006711112218908966,,0.012127988040447235
7058,0.0005086354212835431,,0.004651954863220453
7059,0.00045599648728966713,,0.0038615402299910784
7060,0.000729855615645647,,0.004191800486296415
7061,0.00046796322567388415,,0.0037974549923092127
7062,0.0004533398896455765,,0.005092471372336149
7063,0.00046887979260645807,,0.003911853302270174
7064,0.0004124341649003327,,0.004230942577123642
7065,0.0005219054291956127,,0.003632776439189911
7066,0.0004995819763280451,,0.00417341710999608
7067,0.000385741179343313,,0.0032634518574923277
7068,0.00044899218482896686,,0.003113680984824896
7069,0.0004604110727086663,,0.0035568743478506804
7070,0.0005101740243844688,,0.003422316862270236
7071,0.00046854116953909397,,0.0038890948053449392
7072,0.0004780805320478976,,0.0029557798989117146
7073,0.0005077093956060708,,0.004517330322414637
7074,0.0004098885110579431,,0.00329958857037127
7075,0.0004318520368542522,,0.003371468046680093
7076,0.0005627369973808527,,0.010758265852928162
7077,0.00043677337816916406,,0.0038434898015111685
7078,0.00046314974315464497,,0.0032416218891739845
7079,0.0004168223531451076,,0.003294954774901271
7080,0.0009494160185568035,,0.004233474377542734
7081,0.000402969861170277,,0.0035424414090812206
7082,0.0005096896784380078,,0.003044724930077791
7083,0.0004364374908618629,,0.0046288506127893925
7084,0.00047465565148741007,,0.004534344654530287
7085,0.00045500899432227015,,0.0037486201617866755
7086,0.00042971945367753506,,0.004236665088683367
7087,0.0005580794531852007,,0.007450169883668423
7088,0.0004283142916392535,,0.003269644919782877
7089,0.0004066835390403867,,0.004196251276880503
7090,0.00041613716166466475,,0.0030881206039339304
7091,0.0004268346820026636,,0.0034459843300282955
7092,0.0004360971215646714,,0.0039708311669528484
7093,0.0005599127616733313,,0.004685955587774515
7094,0.0004589784366544336,,0.004370612557977438
7095,0.0004903621738776565,,0.004991457797586918
7096,0.0008809277787804604,,0.004458299838006496
7097,0.0004808363737538457,,0.003588837804272771
7098,0.0014322929782792926,,0.016000397503376007
7099,0.0004462266806513071,,0.0038619244005531073
7100,0.000491643266286701,,0.004491712898015976
7101,0.0004871696582995355,,0.003932652994990349
7102,0.0004476447938941419,,0.005083401687443256
7103,0.0005283014615997672,,0.005458430852741003
7104,0.0003864302998408675,,0.004020825028419495
7105,0.00047925542457960546,,0.004340848885476589
7106,0.0006334640202112496,,0.014127274043858051
7107,0.0004768064827658236,,0.005412986036390066
7108,0.000471544626634568,,0.0035831304267048836
7109,0.0005966700846329331,,0.0062524680979549885
7110,0.0004395028227008879,,0.0038194202352315187
7111,0.0004914003657177091,,0.0035065338015556335
7112,0.0004522243398241699,,0.005441929679363966
7113,0.00044444549712352455,,0.0042076511308550835
7114,0.0006143254577182233,,0.008167478255927563
7115,0.0005430438905023038,,0.005713885650038719
7116,0.0004221918061375618,,0.003881791140884161
7117,0.0005244686617515981,,0.004648835398256779
7118,0.0004466996470000595,,0.003933603409677744
7119,0.0004699835553765297,,0.003923770971596241
7120,0.0006260540103539824,,0.011690844781696796
7121,0.000496975495480001,,0.005497968290001154
7122,0.00043689983431249857,,0.004549319390207529
7123,0.0004706957843154669,,0.00681738555431366
7124,0.0009168012766167521,,0.0050027077086269855
7125,0.0005100920097902417,,0.003892798675224185
7126,0.00039747016853652894,,0.003161197993904352
7127,0.000493063940666616,,0.005645476281642914
7128,0.00044538744259625673,,0.0029763432685285807
7129,0.0008215552079491317,,0.005627130623906851
7130,0.0003942157491110265,,0.0031993144657462835
7131,0.00042566400952637196,,0.005141706205904484
7132,0.0004274821258150041,,0.003408563556149602
7133,0.00040885433554649353,,0.004038092214614153
7134,0.00043598742922767997,,0.004820212721824646
7135,0.0004853665304835886,,0.005720281973481178
7136,0.000486456963699311,,0.008071466349065304
7137,0.0004560355737339705,,0.005526679567992687
7138,0.0004911366850137711,,0.005247252527624369
7139,0.00048640076420269907,,0.0061176191084086895
7140,0.0006652443553321064,,0.0068804239854216576
7141,0.000519577122759074,,0.005193380638957024
7142,0.00046523436321876943,,0.004764540586620569
7143,0.0005239089950919151,,0.003210856579244137
7144,0.00039636431029066443,,0.0040281075052917
7145,0.00040369233465753496,,0.0032146195881068707
7146,0.0004177140071988106,,0.0030667069368064404
7147,0.0005379347712732852,,0.005051691085100174
7148,0.0004546850686892867,,0.003712897654622793
7149,0.00045422278344631195,,0.006298518739640713
7150,0.0005582977319136262,,0.004801852162927389
7151,0.0004355099517852068,,0.006475759204477072
7152,0.00051248783711344,,0.010923362337052822
7153,0.00046604080125689507,,0.003570828353986144
7154,0.0004568269941955805,,0.005484340246766806
7155,0.0004676864482462406,,0.0041799298487603664
7156,0.0004889139672741294,,0.004854770842939615
7157,0.0004928685375489295,,0.004532114136964083
7158,0.0004649493785109371,,0.003169962437823415
7159,0.0004909855779260397,,0.0041043562814593315
7160,0.00044497460476122797,,0.005156403873115778
7161,0.0004491129075177014,,0.004328190814703703
7162,0.0004521219525486231,,0.005112988408654928
7163,0.0004959827056154609,,0.004841748625040054
7164,0.00046167406253516674,,0.005602531135082245
7165,0.0010595747735351324,,0.007633949629962444
7166,0.0004623650456778705,,0.004671006463468075
7167,0.00048693176358938217,,0.0043845814652740955
7168,0.00042779010254889727,,0.004053326323628426
7169,0.000388280488550663,,0.004746572580188513
7170,0.0004274645762052387,,0.00497951777651906
7171,0.0005737979081459343,,0.005259037017822266
7172,0.0008569330675527453,,0.0097609618678689
7173,0.0005297421594150364,,0.005263580475002527
7174,0.0004686109896283597,,0.0038846374955028296
7175,0.0005288022803142667,,0.006021629087626934
7176,0.0005538529949262738,,0.008038139902055264
7177,0.00048050188343040645,,0.005974033381789923
7178,0.00046267136349342763,,0.004850155673921108
7179,0.0004695126262959093,,0.0051695192232728004
7180,0.0006513979169540107,,0.012071842327713966
7181,0.0008510799962095916,,0.007085138466209173
7182,0.00046416683471761644,,0.005618658848106861
7183,0.0005089600454084575,,0.010431468486785889
7184,0.0005065255681984127,,0.003821291495114565
7185,0.0005017041694372892,,0.005717447493225336
7186,0.0006430125795304775,,0.012271399609744549
7187,0.0004950217553414404,,0.003952127881348133
7188,0.0005169581854715943,,0.006115514785051346
7189,0.0004460151249077171,,0.003840943332761526
7190,0.0006491536041721702,,0.014711677096784115
7191,0.0004834357532672584,,0.005454342812299728
7192,0.0004713993694167584,,0.005937234498560429
7193,0.000517840962857008,,0.004906933754682541
7194,0.0005451253382489085,,0.007591704372316599
7195,0.0004201339033897966,,0.004811697173863649
7196,0.0004941228544339538,,0.006705504842102528
7197,0.0009466208866797388,,0.01136773545295
7198,0.0005446869763545692,,0.0073361145332455635
7199,0.0004376271681394428,,0.006647613365203142
7200,0.0004567041469272226,,0.006710446439683437
7201,0.0005394838517531753,,0.004892254248261452
7202,0.0006363253924064338,,0.00867374986410141
7203,0.0005034324713051319,,0.005840756930410862
7204,0.0004940236103720963,,0.0054912324994802475
7205,0.0005005690036341548,,0.006713606882840395
7206,0.0004777848953381181,,0.005552302580326796
7207,0.0004475312016438693,,0.004865364171564579
7208,0.0004891464486718178,,0.006306025665253401
7209,0.0004281545407138765,,0.004162556026130915
7210,0.0004698613192886114,,0.004654350690543652
7211,0.0004327939823269844,,0.004103388637304306
7212,0.00045301741920411587,,0.004578163381665945
7213,0.0010609615128487349,,0.00813630037009716
7214,0.00046569923870265484,,0.00571809709072113
7215,0.0004165975551586598,,0.0060626426711678505
7216,0.00045842007966712117,,0.004944964777678251
7217,0.0005046933656558394,,0.005267604719847441
7218,0.0005018569063395262,,0.005287293344736099
7219,0.0004898448823951185,,0.004699345678091049
7220,0.00040404166793450713,,0.004418045748025179
7221,0.00042396411299705505,,0.0054860846139490604
7222,0.000507136806845665,,0.006850916426628828
7223,0.0006204837700352073,,0.011215749196708202
7224,0.000396243849536404,,0.0040036640129983425
7225,0.0004852015699725598,,0.005542607977986336
7226,0.0004828720120713115,,0.004667866975069046
7227,0.000449205981567502,,0.005146177019923925
7228,0.0004660539561882615,,0.005339174997061491
7229,0.00042591438977979124,,0.0032574892975389957
7230,0.0004994316841475666,,0.007078593596816063
7231,0.0006648522103205323,,0.011894525028765202
7232,0.0004974611802026629,,0.005338781513273716
7233,0.00042440625838935375,,0.004224037751555443
7234,0.0004010867269244045,,0.004356805235147476
7235,0.000409449654398486,,0.0039418358355760574
7236,0.0004672845534514636,,0.0038154374342411757
7237,0.00045842770487070084,,0.0045236446894705296
7238,0.0005495015066117048,,0.0036443183198571205
7239,0.0004243857692927122,,0.004732586909085512
7240,0.0005027466686442494,,0.005775343161076307
7241,0.00043536731391213834,,0.005174551159143448
7242,0.00044116261415183544,,0.004039939492940903
7243,0.00045130992657504976,,0.005908115301281214
7244,0.00041065210825763643,,0.004638636484742165
7245,0.0004149150336161256,,0.004772488959133625
7246,0.0004064281820319593,,0.004230554681271315
7247,0.0005452190525829792,,0.0051861596293747425
7248,0.0004871042328886688,,0.003500272985547781
7249,0.00045025753206573427,,0.00417717732489109
7250,0.000441302836406976,,0.004223627969622612
7251,0.0003835659008473158,,0.0026961120311170816
7252,0.00044778076699003577,,0.003672439604997635
7253,0.0005716871819458902,,0.011984181590378284
7254,0.0004933385062031448,,0.003353116801008582
7255,0.0004583406262099743,,0.003302505472674966
7256,0.0005180943990126252,,0.010337013751268387
7257,0.0004825678188353777,,0.00441540963947773
7258,0.0004500194627325982,,0.00431074621155858
7259,0.0004429249675013125,,0.003876217408105731
7260,0.0004688891058322042,,0.003930645063519478
7261,0.0004135701747145504,,0.003345317207276821
7262,0.0010668325703591108,,0.00544335599988699
7263,0.0004939120262861252,,0.004714027978479862
7264,0.0013062474317848682,,0.01110225822776556
7265,0.00042266782838851213,,0.005590577609837055
7266,0.000548743293620646,,0.01364375650882721
7267,0.0004891878343187273,,0.004785711411386728
7268,0.0008218986913561821,,0.01057566050440073
7269,0.0010573577601462603,,0.005487616173923016
7270,0.0004706870240624994,,0.004194344859570265
7271,0.00042469799518585205,,0.003367601428180933
7272,0.00045534316450357437,,0.0035968415904790163
7273,0.0004879215848632157,,0.004304968751966953
7274,0.00043089757673442364,,0.0037816856056451797
7275,0.000655370473396033,,0.005235312040895224
7276,0.0004658428952097893,,0.005071605090051889
7277,0.00044847227400168777,,0.004657044541090727
7278,0.0004889760748483241,,0.005438249558210373
7279,0.0005328572588041425,,0.004625297151505947
7280,0.00046302666305564344,,0.006805057637393475
7281,0.0004532931779976934,,0.00508330762386322
7282,0.00048615358537063,,0.0042336732149124146
7283,0.0004570665187202394,,0.004095479846000671
7284,0.000446696940343827,,0.0046102977357804775
7285,0.0006231896695680916,,0.012975332327187061
7286,0.0004286371113266796,,0.0034399889409542084
7287,0.00046403444139286876,,0.005232501309365034
7288,0.0004872947174590081,,0.005240163300186396
7289,0.0005362075753509998,,0.005165823735296726
7290,0.0004718086856883019,,0.005048056598752737
7291,0.0004327369388192892,,0.0034235508646816015
7292,0.00042620295425876975,,0.004837727639824152
7293,0.0003872310626320541,,0.0039456989616155624
7294,0.00045804143883287907,,0.003914923872798681
7295,0.0005196905694901943,,0.005444665905088186
7296,0.0009591069538146257,,0.004661339335143566
7297,0.00043334270594641566,,0.004714820068329573
7298,0.0004913248121738434,,0.004002825822681189
7299,0.00046991463750600815,,0.004538212902843952
7300,0.0004540422814898193,,0.0035095529165118933
7301,0.00044225266901776195,,0.003773357719182968
7302,0.0004196428635623306,,0.003609154373407364
7303,0.0008090256014838815,,0.013739512301981449
7304,0.0006870686775073409,,0.005452465265989304
7305,0.0004789534432347864,,0.004910009913146496
7306,0.0004653049982152879,,0.006493087392300367
7307,0.0004682324070017785,,0.003566744504496455
7308,0.0005424654227681458,,0.005202594678848982
7309,0.00044527658610604703,,0.003568786196410656
7310,0.0004447506507858634,,0.005506363697350025
7311,0.00045763980597257614,,0.0049446625635027885
7312,0.0009377584792673588,,0.004776338580995798
7313,0.0003823104198090732,,0.0033599159214645624
7314,0.0004563442780636251,,0.004439237527549267
7315,0.0004685773456003517,,0.0038403202779591084
7316,0.0006180998170748353,,0.012455154210329056
7317,0.0004762178868986666,,0.00810873880982399
7318,0.00043158908374607563,,0.005405445117503405
7319,0.00040926033398136497,,0.00437083700671792
7320,0.0005160417640581727,,0.0062698861584067345
7321,0.0005057835951447487,,0.005537582095712423
7322,0.0005021998658776283,,0.0045304992236196995
7323,0.0005362341180443764,,0.005941989365965128
7324,0.0004839287721551955,,0.0071609835140407085
7325,0.00043507572263479233,,0.004464456811547279
7326,0.000420811353251338,,0.005565796047449112
7327,0.0010195542126893997,,0.009717324748635292
7328,0.0006940478342585266,,0.01290201023221016
7329,0.0004894969752058387,,0.007172496523708105
7330,0.00044186232844367623,,0.003478162456303835
7331,0.0005077316891402006,,0.009987608529627323
7332,0.000446040416136384,,0.003921268042176962
7333,0.0004820550966542214,,0.0067736683413386345
7334,0.0004924788372591138,,0.010278190486133099
7335,0.0004278457199689001,,0.0051577421836555
7336,0.0005261988844722509,,0.011101467534899712
7337,0.0005125360912643373,,0.0038647716864943504
7338,0.0004954297910444438,,0.006868843920528889
7339,0.000521093956194818,,0.00866655632853508
7340,0.00037286983570083976,,0.0029853414744138718
7341,0.0005498804384842515,,0.008968326263129711
7342,0.0004900581552647054,,0.00539759686216712
7343,0.0005364906974136829,,0.006975795142352581
7344,0.000528937263879925,,0.00853304285556078
7345,0.0005387068376876414,,0.0051139420829713345
7346,0.0005123961018398404,,0.008569270372390747
7347,0.00040931912371888757,,0.0032674483954906464
7348,0.0004828603705391288,,0.005344494711607695
7349,0.0004778514849022031,,0.00631714379414916
7350,0.00040545532829128206,,0.0034508402459323406
7351,0.0005877894582226872,,0.00817339401692152
7352,0.00044053824967704713,,0.006022645626217127
7353,0.0005088805919513106,,0.007998251356184483
7354,0.0007833297131583095,,0.011810164898633957
7355,0.0004212404601275921,,0.004803406540304422
7356,0.00041332803084515035,,0.005684012547135353
7357,0.0009465286857448518,,0.005323104560375214
7358,0.0004604066489264369,,0.005944437813013792
7359,0.0005072536878287792,,0.005508344620466232
7360,0.0005654632113873959,,0.0045076836831867695
7361,0.0005207044305279851,,0.007736993953585625
7362,0.0005042379489168525,,0.006941449828445911
7363,0.00046439896686933935,,0.005210441071540117
7364,0.0004701832076534629,,0.006119561847299337
7365,0.0006233580643311143,,0.006903423927724361
7366,0.0004996606148779392,,0.005802116822451353
7367,0.0005328780389390886,,0.0073127131909132
7368,0.000434251269325614,,0.005102772265672684
7369,0.0003904784971382469,,0.005842970218509436
7370,0.0004372434632387012,,0.005140272434800863
7371,0.0004589844902511686,,0.005214032717049122
7372,0.0005329839186742902,,0.007461912464350462
7373,0.00045509435585699975,,0.003329111961647868
7374,0.0004413111601024866,,0.006565597839653492
7375,0.0005718583124689758,,0.006265899166464806
7376,0.00044898700434714556,,0.00512008648365736
7377,0.00042640918400138617,,0.005276515614241362
7378,0.00040730679756961763,,0.004220233764499426
7379,0.00044671082287095487,,0.004201182629913092
7380,0.00048378686187788844,,0.006750809028744698
7381,0.0004775557608809322,,0.006091764196753502
7382,0.0004020557680632919,,0.00483913067728281
7383,0.0005080552073195577,,0.004781329073011875
7384,0.0004165593418292701,,0.0038233560044318438
7385,0.0006440348224714398,,0.012143155559897423
7386,0.0005509215407073498,,0.004358217120170593
7387,0.00040238554356619716,,0.004237229935824871
7388,0.0004107804852537811,,0.003920957446098328
7389,0.0005620428710244596,,0.018389062955975533
7390,0.0004293396486900747,,0.003488591406494379
7391,0.00044430646812543273,,0.00429948465898633
7392,0.0004426492378115654,,0.004245619289577007
7393,0.00044150016037747264,,0.003635816741734743
7394,0.00043107065721414983,,0.004110291134566069
7395,0.0004157872754149139,,0.004018373787403107
7396,0.0006382809369824827,,0.0046387906186282635
7397,0.0005341019132174551,,0.004434922710061073
7398,0.0004568543517962098,,0.004818692337721586
7399,0.00041470560245215893,,0.0030397698283195496
7400,0.000995656126178801,,0.00760689890012145
7401,0.00045170163502916694,,0.003294124500826001
7402,0.0004899824853055179,,0.005043028388172388
7403,0.0006686714477837086,,0.004852493293583393
7404,0.0007122405804693699,,0.013450532220304012
7405,0.0004463277291506529,,0.006002460606396198
7406,0.0005419658264145255,,0.005435291677713394
7407,0.0004562158137559891,,0.0061025721952319145
7408,0.00043561600614339113,,0.004889932461082935
7409,0.00047561764949932694,,0.003832418005913496
7410,0.0005389034631662071,,0.01035089697688818
7411,0.0005121833528392017,,0.006058210972696543
7412,0.0004717795818578452,,0.005068527534604073
7413,0.00048779736971482635,,0.006937024183571339
7414,0.00041889166459441185,,0.00508447689935565
7415,0.0004459124174900353,,0.00514298677444458
7416,0.0004906655522063375,,0.005386257544159889
7417,0.0006257587810978293,,0.011040084064006805
7418,0.0004788498627021909,,0.006386187393218279
7419,0.0004538043576758355,,0.0041725547052919865
7420,0.00041027640691027045,,0.0050326804630458355
7421,0.00046037841821089387,,0.005205697380006313
7422,0.0005042543634772301,,0.004350277595221996
7423,0.00043595998431555927,,0.003987685777246952
7424,0.0004651930648833513,,0.006565852556377649
7425,0.0005231149261817336,,0.004582178313285112
7426,0.00041700954898260534,,0.006205159705132246
7427,0.00046386243775486946,,0.0047791460528969765
7428,0.0005261054029688239,,0.00433568749576807
7429,0.0005283285863697529,,0.005709793884307146
7430,0.0004477689217310399,,0.004817776381969452
7431,0.0004675422969739884,,0.0036175400018692017
7432,0.0006701356614939868,,0.012001404538750648
7433,0.0004772394895553589,,0.005039861425757408
7434,0.0004059727652929723,,0.004531601443886757
7435,0.0004442075442057103,,0.005228279624134302
7436,0.0004489450657274574,,0.0046432954259216785
7437,0.00048286744276992977,,0.0051833768375217915
7438,0.0005029518506489694,,0.006076744757592678
7439,0.00041408202378079295,,0.0051800343208014965
7440,0.0004443539073690772,,0.00539865717291832
7441,0.0004966803244315088,,0.004969281144440174
7442,0.0003862613230012357,,0.004877257160842419
7443,0.001048524398356676,,0.006413282826542854
7444,0.0004365005297586322,,0.005408653523772955
7445,0.0006665727123618126,,0.008450058288872242
7446,0.0005909808096475899,,0.014721859246492386
7447,0.000385460676625371,,0.0023705551866441965
7448,0.00043715533684007823,,0.005750854965299368
7449,0.0005573458038270473,,0.004442234523594379
7450,0.0004539262445177883,,0.00660664914175868
7451,0.00045930128544569016,,0.0035467210691422224
7452,0.0005087802419438958,,0.00459543289616704
7453,0.0004486361867748201,,0.004325321409851313
7454,0.0006121534388512373,,0.012256906367838383
7455,0.0004418020835146308,,0.0034387041814625263
7456,0.0003874994581565261,,0.0027900852728635073
7457,0.0004406496591400355,,0.00367474346421659
7458,0.0004417193995323032,,0.003869974985718727
7459,0.0004382059851195663,,0.003254709765315056
7460,0.00044926133705303073,,0.003864317201077938
7461,0.00039373920299112797,,0.002406483516097069
7462,0.0003971394326072186,,0.004182979464530945
7463,0.00046803918667137623,,0.00361170363612473
7464,0.0005398380453698337,,0.004513446241617203
7465,0.00042684044456109405,,0.0037929844111204147
7466,0.0004389563109725714,,0.004126762039959431
7467,0.00042535056127235293,,0.0033544946927577257
7468,0.00042260054033249617,,0.005241039674729109
7469,0.0004534887266345322,,0.0036876860540360212
7470,0.00038812830462120473,,0.005152920726686716
7471,0.0004673367366194725,,0.0038334117271006107
7472,0.00039196264697238803,,0.005012439098209143
7473,0.0004748096107505262,,0.0032744782511144876
7474,0.0003907610080204904,,0.003040821524336934
7475,0.00041367445373907685,,0.004670507274568081
7476,0.000396881892811507,,0.003852032357826829
7477,0.000424511032178998,,0.004877635743469
7478,0.00041239053825847805,,0.003450627438724041
7479,0.0005607577040791512,,0.005322079639881849
7480,0.00044198567047715187,,0.0067484877072274685
7481,0.00038981455145403743,,0.0031422311440110207
7482,0.00044291396625339985,,0.005089150741696358
7483,0.0004512213636189699,,0.003965641837567091
7484,0.0004235928354319185,,0.004470454528927803
7485,0.00044265680480748415,,0.0036627233494073153
7486,0.0004900289932265878,,0.0037758757825940847
7487,0.0006371819181367755,,0.007420103531330824
7488,0.0006371952476911247,,0.0058660246431827545
7489,0.00045068268082104623,,0.006000707391649485
7490,0.0003859708085656166,,0.0031013062689453363
7491,0.0004462548531591892,,0.005177665501832962
7492,0.00047586229629814625,,0.0043359496630728245
7493,0.0004143487603869289,,0.003869392676278949
7494,0.0005006057908758521,,0.004094029311090708
7495,0.00035532331094145775,,0.004298454150557518
7496,0.0004316646954976022,,0.0048593394458293915
7497,0.00047346585779450834,,0.005660214461386204
7498,0.0004753259418066591,,0.006017833948135376
7499,0.00040057380101643503,,0.003659228328615427
7500,0.0003905977064277977,0.0004261349024205897,0.004115459509193897
7501,0.0006306159193627536,,0.015497526153922081
7502,0.00041586859151721,,0.004383081570267677
7503,0.0005269431276246905,,0.008456629700958729
7504,0.0005020068492740393,,0.004753722809255123
7505,0.00045984936878085136,,0.008663631044328213
7506,0.0004274766833987087,,0.0046141669154167175
7507,0.0005088649922981858,,0.0054659475572407246
7508,0.0004172830958850682,,0.005960923153907061
7509,0.00045590614899992943,,0.004003935493528843
7510,0.0004550355952233076,,0.007114107254892588
7511,0.0005063040880486369,,0.004367191344499588
7512,0.00043197136255912483,,0.004645781125873327
7513,0.0004753397952299565,,0.00673511391505599
7514,0.001022719661705196,,0.0076224845834076405
7515,0.0004255168605595827,,0.004663801286369562
7516,0.00043794524390250444,,0.005141483619809151
7517,0.00048132200026884675,,0.004547144751995802
7518,0.00045254098949953914,,0.0054289246909320354
7519,0.0004218638059683144,,0.004038678482174873
7520,0.00045307408436201513,,0.005342069547623396
7521,0.00040489831008017063,,0.004027051851153374
7522,0.00045011495240032673,,0.004352698102593422
7523,0.0004746758786495775,,0.004538141656666994
7524,0.0004246684839017689,,0.003799708327278495
7525,0.00046079279854893684,,0.004042093176394701
7526,0.0004598588857334107,,0.0050699468702077866
7527,0.0006532371044158936,,0.023266607895493507
7528,0.00046352046774700284,,0.004103703889995813
7529,0.0004402284394018352,,0.006364829372614622
7530,0.0004801975446753204,,0.004171535838395357
7531,0.0005468766903504729,,0.005673026666045189
7532,0.000527623516973108,,0.00616119708865881
7533,0.0006196330650709569,,0.015890032052993774
7534,0.000793959479779005,,0.00946490652859211
7535,0.000531597645021975,,0.006513449363410473
7536,0.0004584524722304195,,0.005034112837165594
7537,0.00046926725190132856,,0.005244907923042774
7538,0.00042102564475499094,,0.0059806592762470245
7539,0.000421286269556731,,0.0038882459048181772
7540,0.0006491219392046332,,0.00736333429813385
7541,0.00040554575389251113,,0.003463493660092354
7542,0.00045206904178485274,,0.004571304656565189
7543,0.0004525351687334478,,0.005279080010950565
7544,0.0004725086037069559,,0.005274435505270958
7545,0.00055877142585814,,0.005503156688064337
7546,0.0004240101552568376,,0.004391806200146675
7547,0.00044200336560606956,,0.005754821468144655
7548,0.00045495445374399424,,0.003258482785895467
7549,0.0005142772570252419,,0.005311818327754736
7550,0.00044325273483991623,,0.005278007593005896
7551,0.0005154801183380187,,0.009980229660868645
7552,0.00045616691932082176,,0.004718874115496874
7553,0.00047531392192468047,,0.004420270677655935
7554,0.0005023556295782328,,0.005379614420235157
7555,0.0003851197543554008,,0.0053461408242583275
7556,0.0010229910258203745,,0.01356921624392271
7557,0.00047758594155311584,,0.007185045164078474
7558,0.00046180339995771646,,0.0045930021442472935
7559,0.000590013456530869,,0.015920965000987053
7560,0.00046819401904940605,,0.006724931299686432
7561,0.0004335300764068961,,0.005960775539278984
7562,0.00047134346095845103,,0.006674517411738634
7563,0.0004957939963787794,,0.006993770133703947
7564,0.0004923195810988545,,0.005502480547875166
7565,0.00042800206574611366,,0.004822895862162113
7566,0.0004652319476008415,,0.006006837356835604
7567,0.00163035630248487,,0.016363339498639107
7568,0.0005110048805363476,,0.005263793747872114
7569,0.0004819805617444217,,0.005411268211901188
7570,0.0010672402568161488,,0.00888025015592575
7571,0.00045765770482830703,,0.004118723329156637
7572,0.0004461030475795269,,0.0048699951730668545
7573,0.0006538480520248413,,0.005659271962940693
7574,0.000498956476803869,,0.004079823382198811
7575,0.0005476687802001834,,0.005304601043462753
7576,0.0005127183976583183,,0.0071405828930437565
7577,0.00046428816858679056,,0.005910621490329504
7578,0.0005526981549337506,,0.00595124950632453
7579,0.000432953325798735,,0.005343363154679537
7580,0.0004760960291605443,,0.004262175876647234
7581,0.0003723538829945028,,0.0035110642202198505
7582,0.00046039943117648363,,0.004889402538537979
7583,0.0006540635949932039,,0.004447437822818756
7584,0.0005659320158883929,,0.00878231693059206
7585,0.00043108389945700765,,0.005553386174142361
7586,0.0003835528332274407,,0.004009141121059656
7587,0.0008058295934461057,,0.016299791634082794
7588,0.0005206600180827081,,0.013380322605371475
7589,0.0004125417326577008,,0.0036317133344709873
7590,0.000443719734903425,,0.005858018063008785
7591,0.00043915584683418274,,0.005681171547621489
7592,0.0010739905992522836,,0.007379751652479172
7593,0.0004736826231237501,,0.004246330354362726
7594,0.0005014996277168393,,0.007653192151337862
7595,0.0005029187304899096,,0.005053050350397825
7596,0.000450160528998822,,0.004765472840517759
7597,0.00047688744962215424,,0.005599812138825655
7598,0.0004899682244285941,,0.003819158300757408
7599,0.0004583651607390493,,0.005993755999952555
7600,0.0004589855088852346,,0.004292187746614218
7601,0.0006102548795752227,,0.008194421418011189
7602,0.00040126946987584233,,0.0039031761698424816
7603,0.00042946659959852695,,0.0044918665662407875
7604,0.00045919750118628144,,0.004968155641108751
7605,0.0004474107117857784,,0.0044642300345003605
7606,0.0004965029656887054,,0.00448485417291522
7607,0.00046083491179160774,,0.004811053164303303
7608,0.0005058607785031199,,0.006061065476387739
7609,0.0005784739041700959,,0.0055441600270569324
7610,0.0004331527161411941,,0.005366587545722723
7611,0.0005728020332753658,,0.007422264665365219
7612,0.0004869398835580796,,0.004844130482524633
7613,0.0010263323783874512,,0.0057531134225428104
7614,0.00045248455717228353,,0.003993576858192682
7615,0.0004459309275262058,,0.0048170918598771095
7616,0.0008871830068528652,,0.006133703980594873
7617,0.00043768715113401413,,0.005137754138559103
7618,0.0006681191152893007,,0.007660901639610529
7619,0.0004826009680982679,,0.0052496702410280704
7620,0.00040454836562275887,,0.004511256702244282
7621,0.0007714193197898567,,0.015271540731191635
7622,0.0004314160323701799,,0.004494030494242907
7623,0.000434148998465389,,0.004275009501725435
7624,0.000497965607792139,,0.0040769996121525764
7625,0.00039516467950306833,,0.003942954819649458
7626,0.0005001670797355473,,0.005126763600856066
7627,0.00044380564941093326,,0.003854038193821907
7628,0.0004549885052256286,,0.00424895528703928
7629,0.0004933134187012911,,0.005812658462673426
7630,0.0004010088450741023,,0.0034773547668009996
7631,0.0004878533072769642,,0.005193357355892658
7632,0.0003759606624953449,,0.004684103652834892
7633,0.00046424270840361714,,0.004636147525161505
7634,0.00038269994547590613,,0.004292874131351709
7635,0.0004430906265042722,,0.0033506732434034348
7636,0.0004110417212359607,,0.003454804653301835
7637,0.000494517560582608,,0.005868261214345694
7638,0.00048627651995047927,,0.004697674885392189
7639,0.0004650035407394171,,0.0067208935506641865
7640,0.0003974927240051329,,0.005430073477327824
7641,0.00045234448043629527,,0.005381593946367502
7642,0.000428516766987741,,0.006612847093492746
7643,0.0004435335285961628,,0.0053414409048855305
7644,0.0004797094443347305,,0.005510002374649048
7645,0.0004984905244782567,,0.006398552563041449
7646,0.00042120457510463893,,0.005639722105115652
7647,0.00044909719144925475,,0.0047251638025045395
7648,0.00045914153452031314,,0.004728582687675953
7649,0.0004943881067447364,,0.005723589099943638
7650,0.00042775910696946084,,0.00703673018142581
7651,0.0004067078116349876,,0.003379012690857053
7652,0.000441572570707649,,0.006136275362223387
7653,0.0007309552165679634,,0.018225232139229774
7654,0.0004330123192630708,,0.005738177336752415
7655,0.00040791946230456233,,0.0050946190021932125
7656,0.0004680153797380626,,0.005217061378061771
7657,0.0003712023317348212,,0.0051723625510931015
7658,0.0004616131482180208,,0.006332891993224621
7659,0.0005003301776014268,,0.004885168746113777
7660,0.0006060147425159812,,0.008576838299632072
7661,0.0004511759034357965,,0.00549668725579977
7662,0.00042337033664807677,,0.005547753069549799
7663,0.0004493563319556415,,0.005181213840842247
7664,0.00039964038296602666,,0.0038505196571350098
7665,0.00046567534445784986,,0.005063509102910757
7666,0.0010389136150479317,,0.00432717427611351
7667,0.0005238258745521307,,0.010719668120145798
7668,0.0004735085822176188,,0.004864424932748079
7669,0.00043566522072069347,,0.005214668344706297
7670,0.0004712888039648533,,0.004093796946108341
7671,0.00044283244642429054,,0.004980409983545542
7672,0.00047999434173107147,,0.003352433443069458
7673,0.0007102238014340401,,0.014086376875638962
7674,0.0009202677756547928,,0.005497399717569351
7675,0.0004235957167111337,,0.003692851634696126
7676,0.00039618968730792403,,0.0039566922932863235
7677,0.0005006217979826033,,0.004610550124198198
7678,0.0005275444709695876,,0.00485799228772521
7679,0.0004982412792742252,,0.005165777634829283
7680,0.0004291024524718523,,0.00301243900321424
7681,0.00041995415813289583,,0.0034293439239263535
7682,0.0005031972541473806,,0.006063464097678661
7683,0.00047090183943510056,,0.00449494319036603
7684,0.0004456245223991573,,0.0045035844668745995
7685,0.0004037562757730484,,0.003803853178396821
7686,0.00045368014252744615,,0.0044837347231805325
7687,0.00040511562838219106,,0.004327357746660709
7688,0.00044676492689177394,,0.0036115413531661034
7689,0.0004635638324543834,,0.005502479150891304
7690,0.0003980169421993196,,0.0041704969480633736
7691,0.0005022457335144281,,0.004398861899971962
7692,0.0004949358990415931,,0.005032512824982405
7693,0.0005318486946634948,,0.005217906553298235
7694,0.00043363060103729367,,0.004833581857383251
7695,0.0003954382555093616,,0.003606426762416959
7696,0.0004938716883771122,,0.005816290155053139
7697,0.0004469350096769631,,0.004100262653082609
7698,0.00038006631075404584,,0.0034284607972949743
7699,0.0004223067662678659,,0.005088861100375652
7700,0.0004048585833515972,,0.004431900102645159
7701,0.0004883263609372079,,0.00405343621969223
7702,0.0004171854816377163,,0.0043671526946127415
7703,0.0003732832265086472,,0.0027193562127649784
7704,0.00043206120608374476,,0.004271113313734531
7705,0.0010956216137856245,,0.008288157172501087
7706,0.0004905738169327378,,0.004035888705402613
7707,0.0003955933207180351,,0.004001969937235117
7708,0.0004234274383634329,,0.002878043567761779
7709,0.00044718646677210927,,0.005075525492429733
7710,0.000436935864854604,,0.0042596422135829926
7711,0.000489233061671257,,0.004622770939022303
7712,0.00038625122397206724,,0.004042299464344978
7713,0.0004702442674897611,,0.005065688397735357
7714,0.0007985950796864927,,0.008200088515877724
7715,0.0005094297230243683,,0.0051456354558467865
7716,0.00043638114584609866,,0.0036811484023928642
7717,0.00039052258944138885,,0.003795353462919593
7718,0.00039984178147278726,,0.0036713804583996534
7719,0.00037592530134133995,,0.0029599228873848915
7720,0.00042018102249130607,,0.003750125179067254
7721,0.00041280704317614436,,0.0052787307649850845
7722,0.00038559245876967907,,0.0030773452017456293
7723,0.00042936805402860045,,0.0042343055829405785
7724,0.0005779353086836636,,0.005935275927186012
7725,0.00037794289528392255,,0.0036695385351777077
7726,0.000425919599365443,,0.0032394707668572664
7727,0.0009114854037761688,,0.0037221789825707674
7728,0.00044729397632181644,,0.003496283432468772
7729,0.00041789369424805045,,0.004088365472853184
7730,0.0007063987432047725,,0.005009206477552652
7731,0.00045493728248402476,,0.0033354887273162603
7732,0.00047037110198289156,,0.004161132965236902
7733,0.00038421410135924816,,0.00430712103843689
7734,0.00044831098057329655,,0.005567031912505627
7735,0.00048403217806480825,,0.005737831350415945
7736,0.0004540786030702293,,0.0056912098079919815
7737,0.00046788848703727126,,0.00476448331028223
7738,0.00042706914246082306,,0.004253184888511896
7739,0.00046763531281612813,,0.006897473707795143
7740,0.0004752888926304877,,0.004126908257603645
7741,0.0007136552594602108,,0.00747517216950655
7742,0.0004347098001744598,,0.005933602340519428
7743,0.00043443305185064673,,0.0036808238364756107
7744,0.0005084334407001734,,0.007517381105571985
7745,0.00046708760783076286,,0.005045816767960787
7746,0.0004354420816525817,,0.005628465209156275
7747,0.0004487371479626745,,0.007743638940155506
7748,0.00041280098957940936,,0.002624198328703642
7749,0.0004322804743424058,,0.006119383033365011
7750,0.0006957483710721135,,0.006398350466042757
7751,0.0005103278672322631,,0.005624399054795504
7752,0.0005773537559434772,,0.005814741365611553
7753,0.0003787572495639324,,0.002630478935316205
7754,0.0004215540539007634,,0.004956886172294617
7755,0.00050684018060565,,0.004587905015796423
7756,0.0004358592559583485,,0.004882429726421833
7757,0.0009307392756454647,,0.0067052519880235195
7758,0.00042785081313923,,0.004728624597191811
7759,0.00040368613554164767,,0.0038358282763510942
7760,0.00038651982322335243,,0.0028168652206659317
7761,0.0003897153655998409,,0.003746733069419861
7762,0.0005405598785728216,,0.0035981652326881886
7763,0.00041610380867496133,,0.003518507583066821
7764,0.0004298694839235395,,0.003266888204962015
7765,0.0004178027156740427,,0.0042713540606200695
7766,0.0004945561522617936,,0.004550466313958168
7767,0.0003578075557015836,,0.003589475527405739
7768,0.0003981024492532015,,0.0037895829882472754
7769,0.0004460819181986153,,0.004238612484186888
7770,0.00040076469304040074,,0.003480299608781934
7771,0.00039919931441545486,,0.0035977393854409456
7772,0.0004219308902975172,,0.0029426885303109884
7773,0.0003849066561087966,,0.003176114521920681
7774,0.0004823228809982538,,0.004027362912893295
7775,0.0004635078366845846,,0.003810150781646371
7776,0.0008923063287511468,,0.00825199019163847
7777,0.00038490406586788595,,0.0029524776618927717
7778,0.0003997082822024822,,0.0030429367907345295
7779,0.0004009502590633929,,0.004032278899103403
7780,0.0004467442340683192,,0.003917566500604153
7781,0.00038535380735993385,,0.003861069679260254
7782,0.0006152692949399352,,0.01490210834890604
7783,0.00042941755964420736,,0.0032763290219008923
7784,0.0003875989350490272,,0.004328787326812744
7785,0.00048022461123764515,,0.0033603585325181484
7786,0.0005061454139649868,,0.004786519333720207
7787,0.0004730417567770928,,0.0038471135776489973
7788,0.0004106289707124233,,0.0054773977026343346
7789,0.00044903994421474636,,0.0052658203057944775
7790,0.0004161209217272699,,0.0045671528205275536
7791,0.0004479406343307346,,0.004464505705982447
7792,0.00045605143532156944,,0.004644789267331362
7793,0.0004304414032958448,,0.0038079326041042805
7794,0.0005595885450020432,,0.004930128343403339
7795,0.0004433113499544561,,0.0033302668016403913
7796,0.0004697613185271621,,0.004872639663517475
7797,0.00043101824121549726,,0.0038063067477196455
7798,0.0003901025920640677,,0.004418245982378721
7799,0.0004453000146895647,,0.003903966164216399
7800,0.00042933336226269603,,0.004007963463664055
7801,0.00041998986853286624,,0.003322513308376074
7802,0.00043911440297961235,,0.004559867549687624
7803,0.0007157041691243649,,0.004705296829342842
7804,0.00047735607950016856,,0.0036488694604486227
7805,0.0003779027028940618,,0.0038843799848109484
7806,0.0004041784559376538,,0.0031998150516301394
7807,0.0004057003534398973,,0.004986871499568224
7808,0.0003997660824097693,,0.0036514701787382364
7809,0.0004223583673592657,,0.004032057244330645
7810,0.00035289544030092657,,0.003796399338170886
7811,0.0004891907447017729,,0.004138013813644648
7812,0.00037279981188476086,,0.0029308197554200888
7813,0.0003792337083723396,,0.0042015803046524525
7814,0.0009055659174919128,,0.004016152583062649
7815,0.00048017542576417327,,0.0029663201421499252
7816,0.0003967583179473877,,0.0034711239859461784
7817,0.0004225410521030426,,0.0037350456696003675
7818,0.0004136417992413044,,0.0028009063098579645
7819,0.00048814783804118633,,0.005313798785209656
7820,0.0003843698650598526,,0.0034541545901447535
7821,0.00041167507879436016,,0.002978723729029298
7822,0.00038344599306583405,,0.002921599894762039
7823,0.0010012902785092592,,0.004090702161192894
7824,0.00045332586159929633,,0.003434655489400029
7825,0.00046755780931562185,,0.00437637185677886
7826,0.0004304544418118894,,0.003804615931585431
7827,0.00043471145909279585,,0.0045134942047297955
7828,0.0003855050017591566,,0.003406983334571123
7829,0.0005416638450697064,,0.01114895660430193
7830,0.0004219918046146631,,0.003038766561076045
7831,0.00040969610563479364,,0.0034589627757668495
7832,0.00047166654258035123,,0.004884991329163313
7833,0.0004160437674727291,,0.004809015430510044
7834,0.0010759478900581598,,0.00474701588973403
7835,0.0005390587612055242,,0.006022863555699587
7836,0.000787308847066015,,0.016443759202957153
7837,0.00042182402103208005,,0.0040217977948486805
7838,0.0007413911516778171,,0.00952198263257742
7839,0.0004857842286583036,,0.004164205398410559
7840,0.0004939117934554815,,0.0084163723513484
7841,0.0004114819166716188,,0.003519911551848054
7842,0.0005262746708467603,,0.012156844139099121
7843,0.0005455228965729475,,0.008205577731132507
7844,0.00046365923481062055,,0.00336471782065928
7845,0.00047760200686752796,,0.004192689433693886
7846,0.0015197679167613387,,0.013521325774490833
7847,0.0004334224504418671,,0.004072927869856358
7848,0.0004314111720304936,,0.005948086269199848
7849,0.00047499750507995486,,0.004943601321429014
7850,0.0004320429579820484,,0.006008408032357693
7851,0.0004160440876148641,,0.004271847195923328
7852,0.00047012403956614435,,0.005327215883880854
7853,0.000491290120407939,,0.009295987896621227
7854,0.0004256222164258361,,0.004590552765876055
7855,0.00046014023246243596,,0.004805812146514654
7856,0.0004570154706016183,,0.0031659500673413277
7857,0.0007363850018009543,,0.016372844576835632
7858,0.00041046246769838035,,0.005604160949587822
7859,0.00046224554535001516,,0.0038933316245675087
7860,0.00045838646474294364,,0.003924788907170296
7861,0.0005065936711616814,,0.005262209102511406
7862,0.0005891547189094126,,0.011057689785957336
7863,0.0004168478481005877,,0.006086281500756741
7864,0.000401885190512985,,0.003892395878210664
7865,0.00042902695713564754,,0.005326037760823965
7866,0.0004469171108212322,,0.004202031530439854
7867,0.0005413094768300653,,0.00462926272302866
7868,0.0005461736000142992,,0.004385256674140692
7869,0.00044721103040501475,,0.00360452220775187
7870,0.00044969283044338226,,0.005156518425792456
7871,0.0004140757373534143,,0.003451949916779995
7872,0.0004199771792627871,,0.004193522967398167
7873,0.0004144756530877203,,0.004357486497610807
7874,0.0005758783081546426,,0.0050225029699504375
7875,0.00044545403216034174,,0.00398404011502862
7876,0.00045106117613613605,,0.003051217645406723
7877,0.0004786498029716313,,0.0042561921291053295
7878,0.0003964203060604632,,0.0038174281362444162
7879,0.00046010216465219855,,0.003308339975774288
7880,0.00043880357407033443,,0.005033653229475021
7881,0.0004330582160037011,,0.0038181790150702
7882,0.00046508535160683095,,0.006007194519042969
7883,0.00044426386011764407,,0.0043039885349571705
7884,0.0004086357948835939,,0.005268181208521128
7885,0.00046721191029064357,,0.00536324642598629
7886,0.0004361845494713634,,0.00447958754375577
7887,0.0005910373292863369,,0.004333325661718845
7888,0.00043379171984270215,,0.004335899371653795
7889,0.0003998546744696796,,0.003975642845034599
7890,0.00047010494745336473,,0.005179534200578928
7891,0.000468746991828084,,0.003409239463508129
7892,0.0004646188754122704,,0.00474749319255352
7893,0.0004010381526313722,,0.003890825668349862
7894,0.0004416628216858953,,0.004820890258997679
7895,0.0005159054417163134,,0.00918109156191349
7896,0.00034630513982847333,,0.0031531371641904116
7897,0.0004353843105491251,,0.0031976939644664526
7898,0.000418783281929791,,0.005621870048344135
7899,0.0005148658528923988,,0.0053943139500916
7900,0.00041391150443814695,,0.003661829512566328
7901,0.0004222915740683675,,0.004017298575490713
7902,0.0004018209292553365,,0.004948432557284832
7903,0.000491972197778523,,0.004646094050258398
7904,0.00042815980850718915,,0.004543967545032501
7905,0.0004451362183317542,,0.005293139256536961
7906,0.00040982168866321445,,0.00339347030967474
7907,0.00042875713552348316,,0.00646841898560524
7908,0.0004488519043661654,,0.0029140019323676825
7909,0.0004082710947841406,,0.004776207264512777
7910,0.00042267804383300245,,0.004308936186134815
7911,0.0005015349015593529,,0.003948785364627838
7912,0.00043878701399080455,,0.0037120715714991093
7913,0.000673649541568011,,0.023376358672976494
7914,0.0004794600827153772,,0.005630663596093655
7915,0.000964897102676332,,0.004091547802090645
7916,0.0010088906856253743,,0.004963609855622053
7917,0.0005775008467026055,,0.013002675026655197
7918,0.0004387758672237396,,0.00436736224219203
7919,0.0005335513269528747,,0.016615556553006172
7920,0.0009170302655547857,,0.017970949411392212
7921,0.00047087142593227327,,0.004862796049565077
7922,0.00038833171129226685,,0.004238561727106571
7923,0.0004267141630407423,,0.0045127118937671185
7924,0.0004571934696286917,,0.004619676619768143
7925,0.0004931145231239498,,0.004109090659767389
7926,0.0008529555052518845,,0.005890315864235163
7927,0.0005480709369294345,,0.005188765935599804
7928,0.00037322178832255304,,0.0030463039875030518
7929,0.0011201540473848581,,0.008996249176561832
7930,0.00047700037248432636,,0.008255037479102612
7931,0.0004077417543157935,,0.0035605914890766144
7932,0.0003933338157366961,,0.0033429379109293222
7933,0.0005462603294290602,,0.005649615544825792
7934,0.00039712683064863086,,0.0039219930768013
7935,0.0004732407978735864,,0.005451089236885309
7936,0.0004174142377451062,,0.003852337133139372
7937,0.0005393369356170297,,0.005252216011285782
7938,0.00041686961776576936,,0.00422706687822938
7939,0.0003938250883948058,,0.003996968735009432
7940,0.000424517405917868,,0.0038516062777489424
7941,0.00045754946768283844,,0.004258750006556511
7942,0.0004248575714882463,,0.005341334734112024
7943,0.0004197622765786946,,0.002662201877683401
7944,0.0006078144651837647,,0.004837442189455032
7945,0.000394378905184567,,0.0032340646721422672
7946,0.0004629918548744172,,0.006047621835023165
7947,0.0007985266856849194,,0.004420767072588205
7948,0.00046990328701213,,0.003527275985106826
7949,0.0004049008130095899,,0.0036521777510643005
7950,0.0009569588582962751,,0.0036727278493344784
7951,0.0009603183716535568,,0.004753108602017164
7952,0.00044669158523902297,,0.003206520574167371
7953,0.00047214608639478683,,0.006496519781649113
7954,0.00041695241816341877,,0.004801581613719463
7955,0.00043261738028377295,,0.0036784750409424305
7956,0.0004667091998271644,,0.00443885987624526
7957,0.0004913675365969539,,0.005224891006946564
7958,0.0004482873191591352,,0.004696511663496494
7959,0.00046204854152165353,,0.006011253222823143
7960,0.00043979063048027456,,0.004048553761094809
7961,0.0005599124706350267,,0.004060876090079546
7962,0.0006381987477652729,,0.004695487674325705
7963,0.00041997525840997696,,0.005058923736214638
7964,0.0003789309412240982,,0.0038002431392669678
7965,0.000371379719581455,,0.00354475574567914
7966,0.00042157305870205164,,0.004372294060885906
7967,0.00038372116978280246,,0.0034502448979765177
7968,0.00040189697756431997,,0.003362717805430293
7969,0.000489957514218986,,0.0050880094058811665
7970,0.0006890470394864678,,0.021718451753258705
7971,0.00044648972107097507,,0.005308080464601517
7972,0.0007273416849784553,,0.01923588663339615
7973,0.0009796731173992157,,0.004023641347885132
7974,0.00044762040488421917,,0.008085887879133224
7975,0.00042589224176481366,,0.005217965226620436
7976,0.00040573597652837634,,0.005464012268930674
7977,0.00047911470755934715,,0.0049219620414078236
7978,0.0009421959985047579,,0.004106072708964348
7979,0.0005116233951412141,,0.008161709643900394
7980,0.0004975951742380857,,0.006118004210293293
7981,0.00048056006198748946,,0.005730528384447098
7982,0.00042041036067530513,,0.0034300636034458876
7983,0.00041685946052893996,,0.003710102988407016
7984,0.0004088215937372297,,0.005909087136387825
7985,0.00040177241316996515,,0.004057255107909441
7986,0.0008951385389082134,,0.016617989167571068
7987,0.0005402743117883801,,0.008393882773816586
7988,0.0004872420977335423,,0.0060904258862137794
7989,0.0004543802351690829,,0.004266321659088135
7990,0.00044920312939211726,,0.003378030378371477
7991,0.0005321319913491607,,0.012734686955809593
7992,0.0005233085830695927,,0.004464959260076284
7993,0.0005317034083418548,,0.00623263930901885
7994,0.00040396474651061,,0.005149982403963804
7995,0.0004116881755180657,,0.0036804324481636286
7996,0.0004377890727482736,,0.0054641058668494225
7997,0.0006038712454028428,,0.010704434476792812
7998,0.00044126712600700557,,0.0044904109090566635
7999,0.0005081574199721217,,0.006159566342830658
8000,0.0006068017100915313,0.0004214312282041299,0.010937131941318512
8001,0.00043049402302131057,,0.003934815060347319
8002,0.00048299418995156884,,0.006186172366142273
8003,0.0007942767697386444,,0.017555462196469307
8004,0.00048805889673531055,,0.0053032198920845985
8005,0.00046303548151627183,,0.00452624075114727
8006,0.0004662717692553997,,0.005303180776536465
8007,0.0008472955087199807,,0.006409394089132547
8008,0.00043700740206986666,,0.005042132455855608
8009,0.0004258601402398199,,0.00453020678833127
8010,0.0004887746181339025,,0.0058201090432703495
8011,0.00046170721179805696,,0.006555924192070961
8012,0.0005447723087854683,,0.011051547713577747
8013,0.00048031736514531076,,0.005897202994674444
8014,0.0006681750528514385,,0.007205524481832981
8015,0.0005576981930062175,,0.0052894605323672295
8016,0.000598887971136719,,0.009684756398200989
8017,0.0004091378941666335,,0.00320825120434165
8018,0.00048336907639168203,,0.0067658806219697
8019,0.00048281141789630055,,0.007355554960668087
8020,0.000547667674254626,,0.015303004533052444
8021,0.0004070592112839222,,0.006069262977689505
8022,0.00047796510625630617,,0.005663387011736631
8023,0.0005130559438839555,,0.007460006978362799
8024,0.0009761684341356158,,0.003528786124661565
8025,0.000528621778357774,,0.00597561988979578
8026,0.0005113349761813879,,0.010474775917828083
8027,0.00038325623609125614,,0.0036699173506349325
8028,0.0004459091869648546,,0.007195440120995045
8029,0.0004436046292539686,,0.003771756310015917
8030,0.0004739935975521803,,0.0066121285781264305
8031,0.0005109434714540839,,0.005991606041789055
8032,0.00043574237497523427,,0.004786122590303421
8033,0.0004768247017636895,,0.006609654985368252
8034,0.00043950031977146864,,0.003566450672224164
8035,0.0009410348138771951,,0.014063292182981968
8036,0.00045154889812693,,0.006662860047072172
8037,0.0004606451839208603,,0.004529747646301985
8038,0.0005417580250650644,,0.008166720159351826
8039,0.0004528142453636974,,0.008601278066635132
8040,0.0004624415305443108,,0.007808316498994827
8041,0.0010315119288861752,,0.007087125908583403
8042,0.000491769693326205,,0.007899606600403786
8043,0.0003719946835190058,,0.0062881819903850555
8044,0.00044511823216453195,,0.0069116028025746346
8045,0.0013527888804674149,,0.013992508873343468
8046,0.00044600985711440444,,0.00351733504794538
8047,0.00048004332347773015,,0.005068302154541016
8048,0.00045523716835305095,,0.0034179885406047106
8049,0.0003921367460861802,,0.0035572752822190523
8050,0.0003773576463572681,,0.004038515035063028
8051,0.00038465484976768494,,0.004289672244340181
8052,0.000520702451467514,,0.007822055369615555
8053,0.000431458349339664,,0.00362177612259984
8054,0.0004259227716829628,,0.003686599899083376
8055,0.0005636295536532998,,0.004722578451037407
8056,0.0003983722999691963,,0.0032367873936891556
8057,0.00048326229443773627,,0.003625504905357957
8058,0.0004775080014951527,,0.005434755701571703
8059,0.00045170512748882174,,0.004028073512017727
8060,0.0003878655261360109,,0.0032451662700623274
8061,0.0009740873938426375,,0.004741452168673277
8062,0.000417828094214201,,0.003599155228585005
8063,0.0004876084567513317,,0.0038157980889081955
8064,0.00039699795888736844,,0.003914006985723972
8065,0.0004567684081848711,,0.002950037829577923
8066,0.00048115558456629515,,0.0038807711098343134
8067,0.00043430482037365437,,0.0027338718064129353
8068,0.00039049642509780824,,0.0026635846588760614
8069,0.000414231326431036,,0.004619424697011709
8070,0.0009883340680971742,,0.004074865020811558
8071,0.0003806162567343563,,0.004869465716183186
8072,0.0003716567007359117,,0.0022734645754098892
8073,0.000919486628845334,,0.004591711796820164
8074,0.00035981001565232873,,0.003117154585197568
8075,0.000462542986497283,,0.003844619495794177
8076,0.0004410523397382349,,0.006347740069031715
8077,0.00042849796591326594,,0.0042009735479950905
8078,0.0003614930610638112,,0.004742155317217112
8079,0.0004338860453572124,,0.003808374982327223
8080,0.0004090885631740093,,0.005112398881465197
8081,0.00039581628516316414,,0.003885975107550621
8082,0.000484554999275133,,0.003916583489626646
8083,0.0003951258840970695,,0.005227975081652403
8084,0.0004503594827838242,,0.005053254310041666
8085,0.00038545537972822785,,0.006464466452598572
8086,0.000414249807363376,,0.005243637133389711
8087,0.00043707233271561563,,0.005099793896079063
8088,0.00037607550621032715,,0.0058167967945337296
8089,0.00041909574065357447,,0.004368998110294342
8090,0.0004766008350998163,,0.006731699220836163
8091,0.00048725545639172196,,0.00475069135427475
8092,0.00042993295937776566,,0.00559470197185874
8093,0.0010476871393620968,,0.005825870670378208
8094,0.00035325257340446115,,0.0036168419755995274
8095,0.000442920601926744,,0.004540798254311085
8096,0.0004184535355307162,,0.00534834573045373
8097,0.00034114610753022134,,0.0039756461046636105
8098,0.000994598725810647,,0.0051888953894376755
8099,0.0004618661478161812,,0.00361157045699656
8100,0.00044021112262271345,,0.0041766720823943615
8101,0.0003897107089869678,,0.0032338942401111126
8102,0.00043392431689426303,,0.0048463414423167706
8103,0.0005674393614754081,,0.0054664914496243
8104,0.0003641325165517628,,0.0034554586745798588
8105,0.00040300306864082813,,0.0056698196567595005
8106,0.0004923850065097213,,0.004596990998834372
8107,0.00043593411101028323,,0.004688475281000137
8108,0.00042831114842556417,,0.004367186687886715
8109,0.0004094100440852344,,0.004540218040347099
8110,0.0004298998392187059,,0.004554905463010073
8111,0.0004445947124622762,,0.004236951470375061
8112,0.00045512750511989,,0.005594652146100998
8113,0.0004380632599350065,,0.0033309098798781633
8114,0.00040652399184182286,,0.004415206145495176
8115,0.0003960359317716211,,0.004692671354860067
8116,0.0003855260438285768,,0.004854154773056507
8117,0.00040311203338205814,,0.004567161202430725
8118,0.00038853404112160206,,0.0042519704438745975
8119,0.0004014133883174509,,0.006514257285743952
8120,0.0004593913326971233,,0.005393548868596554
8121,0.0004763930046465248,,0.004183520562946796
8122,0.0004208507889416069,,0.0059309108182787895
8123,0.0004025620874017477,,0.0034802299924194813
8124,0.0009650577558204532,,0.004956142045557499
8125,0.0003759027167689055,,0.0029694291297346354
8126,0.0004037117469124496,,0.004603593144565821
8127,0.0004480767238419503,,0.0044196476228535175
8128,0.0006818315014243126,,0.017668621614575386
8129,0.0004219853726681322,,0.004713879898190498
8130,0.00044300686568021774,,0.005182781722396612
8131,0.0005434638587757945,,0.003911043982952833
8132,0.0003623815136961639,,0.0051155188120901585
8133,0.00045170026714913547,,0.0030275199096649885
8134,0.00034421845339238644,,0.0034728869795799255
8135,0.0004133544862270355,,0.004279500804841518
8136,0.00042110978392884135,,0.004259452223777771
8137,0.0004603336565196514,,0.005038059316575527
8138,0.0004398091114126146,,0.004317037295550108
8139,0.000495295156724751,,0.003875655122101307
8140,0.000403598474804312,,0.00584203377366066
8141,0.0004353108233772218,,0.00283847376704216
8142,0.00039557318086735904,,0.003079870715737343
8143,0.0004151989705860615,,0.005270746070891619
8144,0.0003961697220802307,,0.004718980751931667
8145,0.0004522001836448908,,0.004081982187926769
8146,0.00039549614302814007,,0.003581408876925707
8147,0.00047736376291140914,,0.004704988095909357
8148,0.0004682053695432842,,0.005155373830348253
8149,0.0004000126791652292,,0.0034885574132204056
8150,0.0004619639366865158,,0.0042699589394032955
8151,0.0004640924744307995,,0.004030187614262104
8152,0.0003901336749549955,,0.002954717492684722
8153,0.0005927439196966588,,0.007276369724422693
8154,0.000443696160800755,,0.004303743131458759
8155,0.0005516716628335416,,0.010097588412463665
8156,0.00040895648999139667,,0.003942223731428385
8157,0.0004407167434692383,,0.0031566505786031485
8158,0.00040387114859186113,,0.0035319430753588676
8159,0.0004682291764765978,,0.004917950835078955
8160,0.00044178994721733034,,0.0026626340113580227
8161,0.0003684360417537391,,0.00301703461445868
8162,0.0006088298396207392,,0.004837090149521828
8163,0.00040254800114780664,,0.0033573214896023273
8164,0.0004469382984098047,,0.009715077467262745
8165,0.00043269869638606906,,0.0033495062962174416
8166,0.0004650387854781002,,0.004968704655766487
8167,0.00039265069062821567,,0.0040555913001298904
8168,0.00039255301817320287,,0.0032709070947021246
8169,0.0004749679646920413,,0.0031425452325493097
8170,0.0003865521284751594,,0.0031714229844510555
8171,0.00041471212171018124,,0.003934466280043125
8172,0.0009611599380150437,,0.004735689144581556
8173,0.00038551512989215553,,0.004552396945655346
8174,0.00039723748341202736,,0.003744659945368767
8175,0.00038198911352083087,,0.0029386659152805805
8176,0.00043470453238114715,,0.0039005002472549677
8177,0.00040822476148605347,,0.0032599123660475016
8178,0.0003773191128857434,,0.003080507507547736
8179,0.00041469436837360263,,0.004725721664726734
8180,0.0006332563934847713,,0.0040408410131931305
8181,0.0005064825527369976,,0.005467745941132307
8182,0.00041108118603006005,,0.003992143552750349
8183,0.00045617041178047657,,0.006507743149995804
8184,0.0004534352046903223,,0.004394393414258957
8185,0.00043413264211267233,,0.003829804714769125
8186,0.00044196360977366567,,0.005190602503716946
8187,0.0004380361351650208,,0.004980999510735273
8188,0.0004112321767024696,,0.0037734280340373516
8189,0.00039806519635021687,,0.0034425263293087482
8190,0.0004334254190325737,,0.003743905108422041
8191,0.0004455472226254642,,0.004837266635149717
8192,0.00044224492739886045,,0.005213194061070681
8193,0.00041637191316112876,,0.003953227773308754
8194,0.0004089504946023226,,0.004510252270847559
8195,0.0004676669486798346,,0.004604183603078127
8196,0.00043700612150132656,,0.004285779781639576
8197,0.0004233393701724708,,0.006110216490924358
8198,0.0004559829249046743,,0.0031956688035279512
8199,0.00036770125734619796,,0.004003426991403103
8200,0.00042126732296310365,,0.0057179746218025684
8201,0.00036251157871447504,,0.002787431702017784
8202,0.0007513979799114168,,0.022663168609142303
8203,0.00039735634345561266,,0.005004939157515764
8204,0.0005398300127126276,,0.005444072652608156
8205,0.0006032038363628089,,0.016289371997117996
8206,0.00044306140625849366,,0.004369519185274839
8207,0.0004782569012604654,,0.004508493468165398
8208,0.00043404297321103513,,0.0052717020735144615
8209,0.0005092539358884096,,0.007420874200761318
8210,0.0007794286357238889,,0.013928122818470001
8211,0.0004260484129190445,,0.0037731765769422054
8212,0.00048582578892819583,,0.003793666372075677
8213,0.00042904610745608807,,0.004582550376653671
8214,0.00047133973566815257,,0.0065026842057704926
8215,0.00048754276940599084,,0.009191630408167839
8216,0.0004155126807745546,,0.005195661913603544
8217,0.00040794289088808,,0.0041222767904400826
8218,0.0004478792834561318,,0.004778460133820772
8219,0.00045921767014078796,,0.005284126847982407
8220,0.00041934335604310036,,0.0037627301644533873
8221,0.00047649978660047054,,0.005122979171574116
8222,0.00048506385064683855,,0.006318207364529371
8223,0.00041771394899114966,,0.0035001339856535196
8224,0.00042454793583601713,,0.00644803186878562
8225,0.0004309920477680862,,0.004372472409158945
8226,0.0006426313193514943,,0.0058769830502569675
8227,0.000640916230622679,,0.017931420356035233
8228,0.00046626426046714187,,0.0044044856913387775
8229,0.0004102801322005689,,0.005569457542151213
8230,0.00048574618995189667,,0.00453027430921793
8231,0.00039078661939129233,,0.0046693868935108185
8232,0.0004453495785128325,,0.004942236002534628
8233,0.0009552630363032222,,0.006536814849823713
8234,0.0003780639381147921,,0.00443844823166728
8235,0.0004901740467175841,,0.004545120522379875
8236,0.0004422584315761924,,0.005767390131950378
8237,0.0004459118645172566,,0.005552065558731556
8238,0.0004237706889398396,,0.003212393494322896
8239,0.0005433359183371067,,0.006942391861230135
8240,0.000528600940015167,,0.00433077197521925
8241,0.0004067646514158696,,0.004075796343386173
8242,0.000422741926740855,,0.004415842238813639
8243,0.0003716799838002771,,0.003790430724620819
8244,0.0010084578534588218,,0.0040606302209198475
8245,0.000519155350048095,,0.005306755192577839
8246,0.0005155557300895452,,0.004020071588456631
8247,0.00041213896474801004,,0.004026138223707676
8248,0.0004313243262004107,,0.004219668451696634
8249,0.0009936753194779158,,0.005344183184206486
8250,0.0004445983504410833,,0.0057743629440665245
8251,0.0004091697628609836,,0.004400518257170916
8252,0.0005259383469820023,,0.014558323659002781
8253,0.0004032852593809366,,0.0035079761873930693
8254,0.0006791847990825772,,0.006130709778517485
8255,0.0010302343871444464,,0.004934034775942564
8256,0.0004180827527306974,,0.003581204917281866
8257,0.0004521726514212787,,0.0053112138994038105
8258,0.0008762269280850887,,0.014899510890245438
8259,0.000422195385908708,,0.005427837837487459
8260,0.0004209643811918795,,0.0035804444923996925
8261,0.0010435035219416022,,0.0050326804630458355
8262,0.0004167069564573467,,0.004429739899933338
8263,0.0003784146101679653,,0.0033387350849807262
8264,0.0004280306166037917,,0.006159480661153793
8265,0.0007666318560950458,,0.011674395762383938
8266,0.00041108846198767424,,0.003930648323148489
8267,0.0004423586360644549,,0.003791800467297435
8268,0.0008660300518386066,,0.004858430474996567
8269,0.00038536894135177135,,0.00550692668184638
8270,0.00041795382276177406,,0.005804785527288914
8271,0.0004278901033103466,,0.005210810340940952
8272,0.00046992494026198983,,0.006287500727921724
8273,0.000467939767986536,,0.0074830730445683
8274,0.00045270787086337805,,0.004311246331781149
8275,0.00046630267752334476,,0.006099869031459093
8276,0.0007112058810889721,,0.017118748277425766
8277,0.0005527378525584936,,0.009212656877934933
8278,0.0005143377347849309,,0.005907345563173294
8279,0.0004771272069774568,,0.007317964918911457
8280,0.000564581889193505,,0.012651624158024788
8281,0.0004055394674651325,,0.0054321675561368465
8282,0.00043646414997056127,,0.003118944587185979
8283,0.0005145773175172508,,0.005936515051871538
8284,0.0006570537807419896,,0.01352694258093834
8285,0.0003996658488176763,,0.0048993718810379505
8286,0.00042367062997072935,,0.0051169549115002155
8287,0.00041834189323708415,,0.004212848376482725
8288,0.0004639870021492243,,0.0069306339137256145
8289,0.0004723474266938865,,0.0046620904467999935
8290,0.000491510087158531,,0.0049247764982283115
8291,0.0005030067986808717,,0.005852050613611937
8292,0.00042142922757193446,,0.003133501624688506
8293,0.0004990228335373104,,0.0049461983144283295
8294,0.0003914240514859557,,0.004910324700176716
8295,0.00038286903873085976,,0.006059970706701279
8296,0.0011215890990570188,,0.01533325295895338
8297,0.00035773601848632097,,0.003561704885214567
8298,0.0004891448188573122,,0.006877966690808535
8299,0.0007613112684339285,,0.01936270482838154
8300,0.0004366923531051725,,0.004186538048088551
8301,0.00044172443449497223,,0.005207909736782312
8302,0.0004345076158642769,,0.005616709589958191
8303,0.0004603592096827924,,0.006899864412844181
8304,0.00041156262159347534,,0.004133939743041992
8305,0.0008726674132049084,,0.012460483238101006
8306,0.00046567287063226104,,0.003221658058464527
8307,0.0006503724143840373,,0.010325444862246513
8308,0.00041356985457241535,,0.004119709599763155
8309,0.0004833419807255268,,0.004223216325044632
8310,0.0004111841262783855,,0.0045011453330516815
8311,0.0007115532644093037,,0.016750244423747063
8312,0.0004592354816850275,,0.0055778357200324535
8313,0.00036883290158584714,,0.003664823016151786
8314,0.0005692701670341194,,0.009851556271314621
8315,0.0003808767069131136,,0.002509000012651086
8316,0.0004508137353695929,,0.006821815390139818
8317,0.0003823355946224183,,0.003541669575497508
8318,0.0004422283673193306,,0.0053721703588962555
8319,0.0004456957976799458,,0.00793482642620802
8320,0.0005044909194111824,,0.004365351051092148
8321,0.0005047929007560015,,0.006334631238132715
8322,0.0004287485498934984,,0.004507307894527912
8323,0.00046924030175432563,,0.0037360365968197584
8324,0.00046705800923518836,,0.00662124203518033
8325,0.0004503115778788924,,0.005334552843123674
8326,0.0004275257233530283,,0.005036832299083471
8327,0.0003873046953231096,,0.0045475708320736885
8328,0.0004063044616486877,,0.003978884778916836
8329,0.0005690108519047499,,0.013965618796646595
8330,0.0003474011900834739,,0.003398838685825467
8331,0.0004544149269349873,,0.004197709262371063
8332,0.0006641290383413434,,0.00622102664783597
8333,0.00039332942105829716,,0.004093371797353029
8334,0.0004437352763488889,,0.005851684603840113
8335,0.0004386880318634212,,0.004170490428805351
8336,0.000488624325953424,,0.008200733922421932
8337,0.0004519771027844399,,0.004530512727797031
8338,0.0006258662324398756,,0.014432027004659176
8339,0.0004239811096340418,,0.0033124613109976053
8340,0.00041979661909863353,,0.004163697361946106
8341,0.0004051670548506081,,0.004116411786526442
8342,0.0003782481362577528,,0.004829860758036375
8343,0.00042857829248532653,,0.005133409518748522
8344,0.0003775501099880785,,0.00304279918782413
8345,0.0003995358420070261,,0.004531737416982651
8346,0.0004538631474133581,,0.004928654059767723
8347,0.00042417505756020546,,0.0033212630078196526
8348,0.00039076682878658175,,0.004034111741930246
8349,0.00045262169442139566,,0.003939524758607149
8350,0.0009077910799533129,,0.015852436423301697
8351,0.00039864983409643173,,0.0045167142525315285
8352,0.0004157416697125882,,0.004653447773307562
8353,0.0004118049400858581,,0.0043953643180429935
8354,0.0004949528956785798,,0.0051427604630589485
8355,0.0004340533632785082,,0.004518017638474703
8356,0.00039974809624254704,,0.005705411545932293
8357,0.00042034880607388914,,0.0045903027057647705
8358,0.00043588195694610476,,0.004264874383807182
8359,0.00039062596624717116,,0.004879739135503769
8360,0.00039201544132083654,,0.0031619607470929623
8361,0.0003854256065096706,,0.005694189574569464
8362,0.0008452903712168336,,0.007483385037630796
8363,0.00040062711923383176,,0.004961771424859762
8364,0.00038463296368718147,,0.0033758855424821377
8365,0.0004339781007729471,,0.0053911893628537655
8366,0.0004259554552845657,,0.003624629694968462
8367,0.0005284554208628833,,0.013529795221984386
8368,0.0003578482137527317,,0.0044977073557674885
8369,0.0004155118949711323,,0.0035705813206732273
8370,0.00046523328637704253,,0.003278497839346528
8371,0.0004703807644546032,,0.0034429256338626146
8372,0.0004227866302244365,,0.0048497021198272705
8373,0.00035444716922938824,,0.002542792120948434
8374,0.0003858912969008088,,0.004602283705025911
8375,0.00038249845965765417,,0.0034095323644578457
8376,0.0004871429118793458,,0.004807019606232643
8377,0.0004298767016734928,,0.003784415777772665
8378,0.0006688376888632774,,0.007797564845532179
8379,0.00040957448072731495,,0.003970833495259285
8380,0.00044948802678845823,,0.006615233141928911
8381,0.0004361302126199007,,0.0044686258770525455
8382,0.00041248888010159135,,0.005122794769704342
8383,0.000506344367749989,,0.003623915370553732
8384,0.0004332063836045563,,0.00453946040943265
8385,0.0004804740601684898,,0.005183937028050423
8386,0.00044580810936167836,,0.004568108823150396
8387,0.00045600434532389045,,0.003718682797625661
8388,0.00045827575377188623,,0.005157110281288624
8389,0.0003958933230023831,,0.0045491838827729225
8390,0.0004120483936276287,,0.004397790879011154
8391,0.0003613802255131304,,0.004089546389877796
8392,0.00046514207497239113,,0.004236855544149876
8393,0.00040196074405685067,,0.004570627119392157
8394,0.0003754412173293531,,0.004027633927762508
8395,0.0004393839044496417,,0.004795567598193884
8396,0.0008782222867012024,,0.013051381334662437
8397,0.0005093899089843035,,0.0036551703233271837
8398,0.0006558147142641246,,0.015061975456774235
8399,0.00043676444329321384,,0.0034748392645269632
8400,0.000347370863892138,,0.003073022235184908
8401,0.00037483079358935356,,0.003140436252579093
8402,0.00035743718035519123,,0.002921642968431115
8403,0.0003920329618267715,,0.004669661168009043
8404,0.0004624972934834659,,0.0030967441853135824
8405,0.000994745991192758,,0.004093412309885025
8406,0.00047600449761375785,,0.004946098662912846
8407,0.00043039009324274957,,0.004606203176081181
8408,0.0005014662747271359,,0.00797814317047596
8409,0.0003922537143807858,,0.004198520444333553
8410,0.0004622229316737503,,0.005069601349532604
8411,0.0004138668009545654,,0.0050606438890099525
8412,0.0003796115634031594,,0.003652770072221756
8413,0.0003684764669742435,,0.002734194044023752
8414,0.0004353030526544899,,0.0056466152891516685
8415,0.0004267670155968517,,0.0032779108732938766
8416,0.0004743359168060124,,0.006202728021889925
8417,0.00047400835319422185,,0.0076590427197515965
8418,0.0004471714491955936,,0.005046279635280371
8419,0.00040957442251965404,,0.004458980169147253
8420,0.0004059027414768934,,0.003949523903429508
8421,0.0004833292914554477,,0.004671238362789154
8422,0.00041473828605376184,,0.004047052934765816
8423,0.0008201684104278684,,0.005485760513693094
8424,0.00041811930714175105,,0.0035978450905531645
8425,0.0003929412632714957,,0.0039938827976584435
8426,0.0003991416597273201,,0.003709597745910287
8427,0.000393936934415251,,0.005455368664115667
8428,0.00041882912046276033,,0.0038037144113332033
8429,0.0004539808724075556,,0.0053493729792535305
8430,0.000390809727832675,,0.005867307074368
8431,0.0005151116056367755,,0.004608748015016317
8432,0.000492709397803992,,0.006535714026540518
8433,0.0004672160721383989,,0.0067942156456410885
8434,0.0004404042265377939,,0.005828667897731066
8435,0.0004983365070074797,,0.007955893874168396
8436,0.0004781232855748385,,0.00471573555842042
8437,0.0012036808766424656,,0.010035218670964241
8438,0.00039867532905191183,,0.003972157370299101
8439,0.0006309255259111524,,0.015052484348416328
8440,0.00035721049061976373,,0.005823880434036255
8441,0.00042756422772072256,,0.0033488301560282707
8442,0.00037827351479791105,,0.004105390980839729
8443,0.00043817603727802634,,0.006845204159617424
8444,0.00041626248275861144,,0.004691548645496368
8445,0.00041465656249783933,,0.005653792060911655
8446,0.0009299617959186435,,0.004595974460244179
8447,0.00035370473051443696,,0.004262321628630161
8448,0.00044722328311763704,,0.004931482952088118
8449,0.00039206116343848407,,0.003330008825287223
8450,0.000981769640929997,,0.00506225973367691
8451,0.00043113724677823484,,0.004488205537199974
8452,0.0003989831020589918,,0.003847123123705387
8453,0.0004734937974717468,,0.006488504353910685
8454,0.0004212197964079678,,0.004086557775735855
8455,0.0004253158112987876,,0.004227844532579184
8456,0.0005897367373108864,,0.00557301240041852
8457,0.00038158398820087314,,0.003777934005483985
8458,0.0004604262940119952,,0.006234402302652597
8459,0.0004501938237808645,,0.004783609416335821
8460,0.00041615567170083523,,0.005030334927141666
8461,0.0004129339358769357,,0.005799885373562574
8462,0.0004454317968338728,,0.004051386844366789
8463,0.00040707638254389167,,0.003782308893278241
8464,0.0006492057582363486,,0.0054288203828036785
8465,0.00039249047404155135,,0.004524860996752977
8466,0.0003834639210253954,,0.004467429593205452
8467,0.0006213314482010901,,0.004020524211227894
8468,0.0003886769700329751,,0.0034931579139083624
8469,0.0004310265358071774,,0.003835309762507677
8470,0.0003750486939679831,,0.0029869284480810165
8471,0.00037160803913138807,,0.0034510891418904066
8472,0.0004305592447053641,,0.0035288240760564804
8473,0.0004197032540105283,,0.0034332929644733667
8474,0.00042390075395815074,,0.004080653190612793
8475,0.0003707599244080484,,0.0026742147747427225
8476,0.00046422536252066493,,0.003973464481532574
8477,0.0004277923726476729,,0.0035885432735085487
8478,0.00038695038529112935,,0.0036130722146481276
8479,0.0004903720109723508,,0.006138127762824297
8480,0.00042171822860836983,,0.0037081330083310604
8481,0.00043091722181998193,,0.0038826842792332172
8482,0.0004189120954833925,,0.0036540322471410036
8483,0.0004206802695989609,,0.0033909196499735117
8484,0.00034991721622645855,,0.0033987495116889477
8485,0.00045258435420691967,,0.0038519510999321938
8486,0.0004720785655081272,,0.004663784522563219
8487,0.0004012922290712595,,0.0027496744878590107
8488,0.00040373936644755304,,0.005257151089608669
8489,0.0005050771287642419,,0.004391681868582964
8490,0.00041822620551101863,,0.003947847988456488
8491,0.0003430732758715749,,0.0042143333703279495
8492,0.0008252209518104792,,0.010650843381881714
8493,0.0003616814501583576,,0.003667219774797559
8494,0.00045551802031695843,,0.004479816183447838
8495,0.00040431751403957605,,0.003804990090429783
8496,0.0003973543061874807,,0.004454722162336111
8497,0.0003923441981896758,,0.00464225048199296
8498,0.0005403923569247127,,0.008667358197271824
8499,0.0004569374432321638,,0.006620539352297783
8500,0.0004453111323527992,0.0003750209668682251,0.0027128972578793764
8501,0.0006712982431054115,,0.005338140297681093
8502,0.0003844771417789161,,0.003485811175778508
8503,0.0004204932483844459,,0.0031997254118323326
8504,0.00033959103166125715,,0.003057116409763694
8505,0.00040877523133531213,,0.004738429561257362
8506,0.00043949796236120164,,0.0026867210399359465
8507,0.0004362547188065946,,0.0036264851223677397
8508,0.00044749080552719533,,0.0046237921342253685
8509,0.0003804543521255255,,0.0032614562660455704
8510,0.00042800273513421416,,0.005762805230915546
8511,0.00037999075721018016,,0.0035478174686431885
8512,0.0004656652163248509,,0.004448602441698313
8513,0.00043821154395118356,,0.0026251040399074554
8514,0.00038148154271766543,,0.002795503009110689
8515,0.0004242575669195503,,0.003170702373608947
8516,0.000372946698917076,,0.0032398966141045094
8517,0.00039022439159452915,,0.0036873549688607454
8518,0.0004171521286480129,,0.004589925054460764
8519,0.0004553972976282239,,0.0033902968280017376
8520,0.00041475959005765617,,0.0027897635009139776
8521,0.00046369092888198793,,0.00504217529669404
8522,0.0004484585369937122,,0.0032754302956163883
8523,0.00048531609354540706,,0.0028854352422058582
8524,0.00040700804674997926,,0.0032189746852964163
8525,0.0003863177262246609,,0.0028897165320813656
8526,0.00041534804040566087,,0.003712038043886423
8527,0.00039991026278585196,,0.003196928882971406
8528,0.00040299835382029414,,0.0034662610851228237
8529,0.0004028495750389993,,0.004894291516393423
8530,0.00041457111365161836,,0.0030455468222498894
8531,0.0003960837493650615,,0.004113347735255957
8532,0.00043734879000112414,,0.0037042591720819473
8533,0.0006076853605918586,,0.003915469162166119
8534,0.0008451271569356322,,0.0023838907945901155
8535,0.0003514411801006645,,0.0027388916350901127
8536,0.0003219839418306947,,0.002996961586177349
8537,0.00043911481043323874,,0.0053666396997869015
8538,0.00042019010288640857,,0.0032961308024823666
8539,0.00044204629375599325,,0.005286833271384239
8540,0.00043917930452153087,,0.003654539119452238
8541,0.00036793359322473407,,0.0032703157048672438
8542,0.0004580046224873513,,0.004364609252661467
8543,0.0004175745416432619,,0.004526110365986824
8544,0.0004612579941749573,,0.010881945490837097
8545,0.0004918904160149395,,0.006869311910122633
8546,0.0003949592064600438,,0.0036004420835524797
8547,0.0004370414826553315,,0.004262613598257303
8548,0.00034653814509510994,,0.0029583657160401344
8549,0.000388523330911994,,0.004026882350444794
8550,0.0010152620961889625,,0.005211674142628908
8551,0.00038095959462225437,,0.004239847883582115
8552,0.0003758269303943962,,0.004024740308523178
8553,0.00042352330638095737,,0.004129770211875439
8554,0.0003770602634176612,,0.004523883108049631
8555,0.0004184416902717203,,0.0042783841490745544
8556,0.0003845581959467381,,0.0038147070445120335
8557,0.0004126154235564172,,0.0034435726702213287
8558,0.000442477292381227,,0.0036939887795597315
8559,0.0005070159095339477,,0.006039230618625879
8560,0.0003322103002574295,,0.0028636595234274864
8561,0.0004079531063325703,,0.0038710525259375572
8562,0.0005437447689473629,,0.00446515716612339
8563,0.0003792450297623873,,0.0030210698023438454
8564,0.0004434834118001163,,0.005469100084155798
8565,0.0005168605712242424,,0.016575364395976067
8566,0.0003951119433622807,,0.004016777500510216
8567,0.0004146829014644027,,0.0045628733932971954
8568,0.0004005829687230289,,0.004729716572910547
8569,0.000441765965661034,,0.0067366803996264935
8570,0.00039835143252275884,,0.005673923995345831
8571,0.00043215922778472304,,0.006293977610766888
8572,0.0003520913887768984,,0.003917379304766655
8573,0.00042822188697755337,,0.005176530685275793
8574,0.0003954215790145099,,0.002992181573063135
8575,0.00039800896774977446,,0.004313015844672918
8576,0.0003952615661546588,,0.00387153634801507
8577,0.00047359277959913015,,0.0030777559150010347
8578,0.0006309784366749227,,0.007181956432759762
8579,0.0004113261238671839,,0.00403323769569397
8580,0.0005303184734657407,,0.00743883429095149
8581,0.000436282716691494,,0.004069411661475897
8582,0.00040176231414079666,,0.0032387496903538704
8583,0.0004849750257562846,,0.005337534472346306
8584,0.00040760342380963266,,0.0048606544733047485
8585,0.00045625257189385593,,0.005217623896896839
8586,0.0003847746120300144,,0.0035266242921352386
8587,0.00043480005115270615,,0.004163441713899374
8588,0.0005384383839555085,,0.012285124510526657
8589,0.0005276630399748683,,0.011610995046794415
8590,0.00036593707045540214,,0.0037694170605391264
8591,0.00041725937626324594,,0.004044821951538324
8592,0.00044660302228294313,,0.00346329971216619
8593,0.0004476684262044728,,0.004154823254793882
8594,0.0004240432463120669,,0.005047360435128212
8595,0.0005511092022061348,,0.013628166168928146
8596,0.0010110000148415565,,0.003943360410630703
8597,0.0012331490870565176,,0.008209736086428165
8598,0.0006636028992943466,,0.004323452711105347
8599,0.000391161534935236,,0.004259846173226833
8600,0.00037993030855432153,,0.004628983326256275
8601,0.00036017605452798307,,0.0026736916042864323
8602,0.0003939528833143413,,0.0041249217465519905
8603,0.000472192739835009,,0.00394004350528121
8604,0.00041263989987783134,,0.003036432433873415
8605,0.0004765827616211027,,0.005002658814191818
8606,0.00039423746056854725,,0.002991975052282214
8607,0.0004152069741394371,,0.0041195848025381565
8608,0.0004306454793550074,,0.004298815503716469
8609,0.000856538477819413,,0.004147612489759922
8610,0.00040332539356313646,,0.004624244756996632
8611,0.0004963024402968585,,0.004506250377744436
8612,0.0005627498030662537,,0.013774270191788673
8613,0.00038307654904201627,,0.004189413506537676
8614,0.00043217698112130165,,0.008615639060735703
8615,0.00045189238153398037,,0.00422639399766922
8616,0.00046885869232937694,,0.006100310478359461
8617,0.0005104858428239822,,0.0060461279936134815
8618,0.0003955347929149866,,0.004573633894324303
8619,0.00038515834603458643,,0.00466356985270977
8620,0.0004066757101099938,,0.0034161400981247425
8621,0.0004883944056928158,,0.005316064693033695
8622,0.0003874473040923476,,0.004393687006086111
8623,0.000391715788282454,,0.004379963036626577
8624,0.00043422955786809325,,0.005433662794530392
8625,0.000381076883058995,,0.003157694125548005
8626,0.0003968060191255063,,0.004016556311398745
8627,0.0004723647143691778,,0.005820400547236204
8628,0.00040027493378147483,,0.0036535747349262238
8629,0.0004489365965127945,,0.005703109782189131
8630,0.00040582247311249375,,0.004341803025454283
8631,0.0007072946755215526,,0.019841423258185387
8632,0.0006829849444329739,,0.017819100990891457
8633,0.00046407460467889905,,0.004689386114478111
8634,0.0004227973404340446,,0.0046251374296844006
8635,0.00043330652988515794,,0.005191965494304895
8636,0.00042488606413826346,,0.003689146600663662
8637,0.0004020854539703578,,0.004830015357583761
8638,0.00043286115396767855,,0.004250164609402418
8639,0.0005630568484775722,,0.006021939218044281
8640,0.0004879620100837201,,0.0052293334156274796
8641,0.000496434629894793,,0.010294107720255852
8642,0.0004538223147392273,,0.005959812086075544
8643,0.00041916430927813053,,0.003397686406970024
8644,0.00039210583781823516,,0.003482936415821314
8645,0.0005978726549074054,,0.006513787899166346
8646,0.0004361855681054294,,0.0033803514670580626
8647,0.0003766021691262722,,0.003344711847603321
8648,0.0003441056178417057,,0.0031852819956839085
8649,0.00042356434278190136,,0.004337352700531483
8650,0.00040850095683708787,,0.0033116156700998545
8651,0.000399916956666857,,0.003562751691788435
8652,0.0003995678562205285,,0.003449460258707404
8653,0.00036291181459091604,,0.002585631562396884
8654,0.0004179067618679255,,0.0033391511533409357
8655,0.0004793698317371309,,0.009846982546150684
8656,0.0004027841496281326,,0.0036860196851193905
8657,0.00048392656026408076,,0.0044794101268053055
8658,0.00045295944437384605,,0.002921077888458967
8659,0.0004201785195618868,,0.0034387237392365932
8660,0.00037794304080307484,,0.0031784416642040014
8661,0.00039196887519210577,,0.0031037540175020695
8662,0.0004110994632355869,,0.0040907789953053
8663,0.0004497987683862448,,0.0031646869610995054
8664,0.00039200237370096147,,0.004302125424146652
8665,0.0003516785509418696,,0.003557410789653659
8666,0.00039718649350106716,,0.003268463769927621
8667,0.000440056377556175,,0.0032935598865151405
8668,0.0004441749188117683,,0.004270290490239859
8669,0.000418464740505442,,0.0043993620201945305
8670,0.00042716896859928966,,0.004672169219702482
8671,0.0003919814189430326,,0.003480249550193548
8672,0.00039627827936783433,,0.004455940797924995
8673,0.0005115955136716366,,0.004506271798163652
8674,0.00037722470005974174,,0.002386652398854494
8675,0.00036947126500308514,,0.004748346749693155
8676,0.0004178237868472934,,0.003457413986325264
8677,0.00036945869214832783,,0.0031668846495449543
8678,0.00041944088297896087,,0.004793970845639706
8679,0.0003561692719813436,,0.0029376542661339045
8680,0.0004512888554017991,,0.004478904418647289
8681,0.00037336943205446005,,0.0028712316416203976
8682,0.00042284055962227285,,0.004491786938160658
8683,0.0003871371445711702,,0.004006375093013048
8684,0.000392211542930454,,0.004060650244355202
8685,0.0004114373296033591,,0.004321777727454901
8686,0.0003535397117957473,,0.0026392657309770584
8687,0.00040251092286780477,,0.0041802008636295795
8688,0.00038674462120980024,,0.004231360740959644
8689,0.0004049676936119795,,0.004969339817762375
8690,0.0003371685743331909,,0.003443241585046053
8691,0.0007452556164935231,,0.017999401316046715
8692,0.00036730628926306963,,0.004431972745805979
8693,0.00033122667809948325,,0.0034727887250483036
8694,0.0005075696972198784,,0.00835825689136982
8695,0.00041648949263617396,,0.004058924503624439
8696,0.0005815851036459208,,0.015883028507232666
8697,0.00037488917587324977,,0.0030472129583358765
8698,0.00040462514152750373,,0.004742080811411142
8699,0.0003894406836479902,,0.003419314045459032
8700,0.0003704851260408759,,0.00332451774738729
8701,0.0005023593548685312,,0.005970418453216553
8702,0.00040581380017101765,,0.0037737523671239614
8703,0.00039042983553372324,,0.005174469202756882
8704,0.00039689638651907444,,0.004333379212766886
8705,0.00038335053250193596,,0.004874560050666332
8706,0.00040815395186655223,,0.0052595073357224464
8707,0.0003745713038370013,,0.0037837207783013582
8708,0.0004673161020036787,,0.006631431169807911
8709,0.00032560271210968494,,0.0036257565952837467
8710,0.00035143314744345844,,0.004463964141905308
8711,0.00045237361337058246,,0.004867163021117449
8712,0.0004368113004602492,,0.004864218644797802
8713,0.0004753819666802883,,0.0064814272336661816
8714,0.0004725019680336118,,0.005359696224331856
8715,0.00044000413618050516,,0.00401879521086812
8716,0.00039579550502821803,,0.00410277396440506
8717,0.000386505329515785,,0.003954839427024126
8718,0.00046166180982254446,,0.0040581789799034595
8719,0.0003773212374653667,,0.003811840433627367
8720,0.0004013303550891578,,0.0040489016100764275
8721,0.0004444348160177469,,0.005125485826283693
8722,0.0004036506579723209,,0.0033752808813005686
8723,0.0009798258543014526,,0.004286644514650106
8724,0.00041626597521826625,,0.00427581463009119
8725,0.00039757287595421076,,0.0048601822927594185
8726,0.00041019305353984237,,0.0035779313184320927
8727,0.0004121189413126558,,0.0039008096791803837
8728,0.0003827508771792054,,0.003195523051545024
8729,0.0003843542654067278,,0.005889123305678368
8730,0.00038284200127236545,,0.00486366730183363
8731,0.0004128361470066011,,0.0036925971508026123
8732,0.00037014702684246004,,0.004220821429044008
8733,0.0004097750352229923,,0.003544857259839773
8734,0.00043228681897744536,,0.003656048560515046
8735,0.000435565656516701,,0.003926977049559355
8736,0.0003812919312622398,,0.002812202088534832
8737,0.0004522312374319881,,0.006369286682456732
8738,0.0009566855151206255,,0.0065413000993430614
8739,0.0003603789664339274,,0.004467148333787918
8740,0.0005683428607881069,,0.012357627041637897
8741,0.0003691423626150936,,0.004087433218955994
8742,0.0006050958181731403,,0.019423363730311394
8743,0.00042532067163847387,,0.00496976263821125
8744,0.00042180842137895525,,0.004976825322955847
8745,0.0004842414928134531,,0.006153666879981756
8746,0.0004500799986999482,,0.0063043930567801
8747,0.0005046672886237502,,0.009140380658209324
8748,0.0004236009845044464,,0.004249140154570341
8749,0.000397299270844087,,0.004622347187250853
8750,0.0004897540784440935,,0.007461940869688988
8751,0.00038708848296664655,,0.003835531184449792
8752,0.000370929716154933,,0.004884700290858746
8753,0.00041905668331310153,,0.0054596844129264355
8754,0.0004562201793305576,,0.004650565329939127
8755,0.0003780360275413841,,0.0041879285126924515
8756,0.00045370470616035163,,0.005214409902691841
8757,0.0004349765949882567,,0.004017323721200228
8758,0.0009506507194600999,,0.006150313187390566
8759,0.0003727008297573775,,0.004058059770613909
8760,0.0005259830504655838,,0.005161633715033531
8761,0.00048593548126518726,,0.007389584090560675
8762,0.00044308940414339304,,0.005376053042709827
8763,0.00041313073597848415,,0.007930625230073929
8764,0.0005570069188252091,,0.01688191294670105
8765,0.00042688118992373347,,0.004455230664461851
8766,0.00042520579881966114,,0.005669574718922377
8767,0.00043047399958595634,,0.004685102961957455
8768,0.00042559788562357426,,0.005920251365751028
8769,0.00039525399915874004,,0.00444571441039443
8770,0.0005842366954311728,,0.005344555713236332
8771,0.0003961192851420492,,0.005129244178533554
8772,0.0004124976403545588,,0.0046499138697981834
8773,0.00039873499190434813,,0.005082213785499334
8774,0.00036123531754128635,,0.0038247841876000166
8775,0.00043877819553017616,,0.004696554504334927
8776,0.0004303564492147416,,0.004606067668646574
8777,0.00043206068221479654,,0.0053101470693945885
8778,0.0004287863557692617,,0.0036023349966853857
8779,0.00045876973308622837,,0.00418618181720376
8780,0.0010462444042786956,,0.004100563004612923
8781,0.0011589996283873916,,0.011276572942733765
8782,0.0004497969930525869,,0.004227135796099901
8783,0.000386206986149773,,0.00451075192540884
8784,0.00041587077430449426,,0.004109568893909454
8785,0.0004251145292073488,,0.004147136118263006
8786,0.0003940994502045214,,0.0036873798817396164
8787,0.00043986737728118896,,0.0051463935524225235
8788,0.00045467852032743394,,0.004586650989949703
8789,0.0004123234539292753,,0.004349042195826769
8790,0.0004523598763626069,,0.004252475220710039
8791,0.0004382930928841233,,0.00384090025909245
8792,0.00041970890015363693,,0.004174642264842987
8793,0.00043570116395130754,,0.004916053265333176
8794,0.0003731749893631786,,0.004672291222959757
8795,0.0004215331864543259,,0.005200091749429703
8796,0.0003865487815346569,,0.003783352440223098
8797,0.0004056303296238184,,0.0035055482294410467
8798,0.00041036074981093407,,0.004956111777573824
8799,0.0004081215593032539,,0.005929125938564539
8800,0.0004252108628861606,,0.0038685721810907125
8801,0.00036903092404827476,,0.0035287542268633842
8802,0.0004105073749087751,,0.003867394058033824
8803,0.00037198010249994695,,0.005640963092446327
8804,0.00045052298810333014,,0.003997360356152058
8805,0.00039391539758071303,,0.0034865960478782654
8806,0.00053798733279109,,0.005424700677394867
8807,0.00039240854675881565,,0.00488656759262085
8808,0.00046563055366277695,,0.004558661952614784
8809,0.0003652400919236243,,0.004946587607264519
8810,0.00039410521276295185,,0.004864600021392107
8811,0.0003726845607161522,,0.004039918538182974
8812,0.0004001965280622244,,0.003539513796567917
8813,0.0004191377083770931,,0.003730602329596877
8814,0.0008715459844097495,,0.016037369146943092
8815,0.0004528511199168861,,0.004776517860591412
8816,0.000478191243018955,,0.003423808142542839
8817,0.0010290245991200209,,0.004049506038427353
8818,0.0003475389676168561,,0.0024022809229791164
8819,0.0003836152027361095,,0.00404474139213562
8820,0.00036742660449817777,,0.003518155310302973
8821,0.0006162655772641301,,0.003782467683777213
8822,0.00041391755803488195,,0.003925052471458912
8823,0.00043464452028274536,,0.003103642724454403
8824,0.0004051364376209676,,0.004093437921255827
8825,0.00040935748256742954,,0.005064455792307854
8826,0.00035434006713330746,,0.004638355690985918
8827,0.0009109289385378361,,0.003428701777011156
8828,0.00042000156827270985,,0.006059284787625074
8829,0.0003834604285657406,,0.0032812105491757393
8830,0.00043833954259753227,,0.0050649442709982395
8831,0.00035339975147508085,,0.0030153831467032433
8832,0.0004067418340127915,,0.0051611242815852165
8833,0.00039013870991766453,,0.00302832736633718
8834,0.00037392217200249434,,0.0039109112694859505
8835,0.0004471290740184486,,0.003923005424439907
8836,0.00038772972766309977,,0.0031874922569841146
8837,0.00042485908488743007,,0.0037717444356530905
8838,0.00038567278534173965,,0.004277094732969999
8839,0.00041182347922585905,,0.0044121164828538895
8840,0.0003497301950119436,,0.0036336141638457775
8841,0.0003929828235413879,,0.0042334310710430145
8842,0.0004333933466114104,,0.00365025969222188
8843,0.00043414579704403877,,0.0041144308634102345
8844,0.0004641806590370834,,0.005180988926440477
8845,0.00037110582343302667,,0.0046869912184774876
8846,0.00045393919572234154,,0.004760116338729858
8847,0.0003359655092936009,,0.0029359888285398483
8848,0.00038397684693336487,,0.004315750673413277
8849,0.00040064830682240427,,0.005279576871544123
8850,0.0003896470589097589,,0.004363293759524822
8851,0.0003675071056932211,,0.005291945766657591
8852,0.0004071875009685755,,0.004423934500664473
8853,0.0004642584826797247,,0.004290460143238306
8854,0.00042494022636674345,,0.004992022644728422
8855,0.0003450035583227873,,0.003653324441984296
8856,0.0003641107468865812,,0.004819206427782774
8857,0.00037184436223469675,,0.005272567272186279
8858,0.00039600994205102324,,0.004587898962199688
8859,0.0004119382647331804,,0.006862327456474304
8860,0.00035529443994164467,,0.002843974158167839
8861,0.00038097245851531625,,0.005283809266984463
8862,0.0003898329450748861,,0.00569716515019536
8863,0.00034591517760418355,,0.004801639821380377
8864,0.0004861896741203964,,0.007698878645896912
8865,0.0003456235281191766,,0.0038568591699004173
8866,0.0004003885551355779,,0.0054673547856509686
8867,0.00046787247993052006,,0.009292598813772202
8868,0.00046885618939995766,,0.004581433720886707
8869,0.0004259083652868867,,0.0075964718125760555
8870,0.0005494330544024706,,0.005626759026199579
8871,0.00038180447882041335,,0.005436587613075972
8872,0.000401219236664474,,0.007639054674655199
8873,0.0003938153968192637,,0.004435762297362089
8874,0.0004438409523572773,,0.010066717863082886
8875,0.000384599989047274,,0.0060568684712052345
8876,0.0004534437321126461,,0.007104814983904362
8877,0.00043673274922184646,,0.008334889076650143
8878,0.00034996389877051115,,0.003433712525293231
8879,0.00044042067020200193,,0.006336964666843414
8880,0.0004172989574726671,,0.006981525104492903
8881,0.0003754370263777673,,0.004995973315089941
8882,0.00037743127904832363,,0.00528683140873909
8883,0.0004474265733733773,,0.003368660109117627
8884,0.00039441371336579323,,0.00545093696564436
8885,0.00039894127985462546,,0.003207135945558548
8886,0.0003952335100620985,,0.004109628964215517
8887,0.0003877017879858613,,0.0052239298820495605
8888,0.00038491550367325544,,0.0034751517232507467
8889,0.0004422788042575121,,0.0038384771905839443
8890,0.00044161159894429147,,0.003833911381661892
8891,0.00040085436194203794,,0.004401565995067358
8892,0.0004917400656268001,,0.004177723545581102
8893,0.0005024747224524617,,0.005970913451164961
8894,0.0005289718392305076,,0.012676321901381016
8895,0.000438288610894233,,0.003538997145369649
8896,0.00042237687739543617,,0.005861019715666771
8897,0.00040025319322012365,,0.004409321583807468
8898,0.0005154017126187682,,0.009087486192584038
8899,0.00040458841249346733,,0.0034878761507570744
8900,0.00041058004717342556,,0.004413592629134655
8901,0.0008621644228696823,,0.005671329330652952
8902,0.0004314255784265697,,0.004661321174353361
8903,0.00041789707029238343,,0.004636019468307495
8904,0.0003958528395742178,,0.003997961990535259
8905,0.0004569405864458531,,0.003401785623282194
8906,0.0003958097076974809,,0.004834176506847143
8907,0.0004150092136114836,,0.0064233653247356415
8908,0.00041388976387679577,,0.004545198287814856
8909,0.0003817817778326571,,0.005910104606300592
8910,0.00046627101255580783,,0.006521881558001041
8911,0.00042515070526860654,,0.003178148530423641
8912,0.00042308797128498554,,0.006675978656858206
8913,0.00038350315298885107,,0.004345315042883158
8914,0.00045570306247100234,,0.009259306825697422
8915,0.0003593828878365457,,0.0037762881256639957
8916,0.0003447071649134159,,0.003295229049399495
8917,0.00040582206565886736,,0.005856770556420088
8918,0.00038408287218771875,,0.003390165977180004
8919,0.0004086950793862343,,0.004172069951891899
8920,0.00098543765489012,,0.004736028145998716
8921,0.0004674491938203573,,0.00403173454105854
8922,0.00037460829480551183,,0.005376663524657488
8923,0.0003255372284911573,,0.0038240051362663507
8924,0.0004190137260593474,,0.004205985926091671
8925,0.00042993592796847224,,0.0043350267224013805
8926,0.0004318734572734684,,0.006451236084103584
8927,0.0004050953721161932,,0.00355701195076108
8928,0.0004524810938164592,,0.007266879081726074
8929,0.000837888044770807,,0.004463497083634138
8930,0.000540693465154618,,0.005655436310917139
8931,0.00038122659316286445,,0.0035019984934479
8932,0.0004465404199436307,,0.006742611061781645
8933,0.0003689186414703727,,0.003882450982928276
8934,0.000432307249866426,,0.004707619547843933
8935,0.00038884300738573074,,0.004975649528205395
8936,0.0003896255511790514,,0.004032698459923267
8937,0.00042358096106909215,,0.0056814104318618774
8938,0.00040245475247502327,,0.0032696668058633804
8939,0.0003741793043445796,,0.0036017028614878654
8940,0.00038193509681150317,,0.004065262619405985
8941,0.0004180974792689085,,0.003933890722692013
8942,0.0004325552727095783,,0.004725477658212185
8943,0.00043836640543304384,,0.0030833568889647722
8944,0.0005520145641639829,,0.0033519200515002012
8945,0.0004083403619006276,,0.0054183704778552055
8946,0.00041142324334941804,,0.004504228010773659
8947,0.0006731243338435888,,0.006364406086504459
8948,0.0004423860809765756,,0.007324158679693937
8949,0.0003317651280667633,,0.005149822682142258
8950,0.0003868647327180952,,0.006145544350147247
8951,0.0005970913916826248,,0.012718087062239647
8952,0.0003774708602577448,,0.005642463453114033
8953,0.00036061444552615285,,0.0036195844877511263
8954,0.0004063309170305729,,0.00448479363694787
8955,0.00041747867362573743,,0.004119007382541895
8956,0.0003750334435608238,,0.00362370815128088
8957,0.00037429737858474255,,0.004917895421385765
8958,0.0004483707598410547,,0.004703035578131676
8959,0.0004880663473159075,,0.0038247692864388227
8960,0.0003546657972037792,,0.003489323891699314
8961,0.00041808118112385273,,0.004736333154141903
8962,0.00040796358371153474,,0.004304122645407915
8963,0.00036520761204883456,,0.00458357622846961
8964,0.00045682076597586274,,0.004346110858023167
8965,0.000919765792787075,,0.009679428301751614
8966,0.0003823070728685707,,0.0041237701661884785
8967,0.00044694350799545646,,0.004592154640704393
8968,0.0003776423109229654,,0.005030116997659206
8969,0.0003969627432525158,,0.002854506950825453
8970,0.0003658082277979702,,0.004937631543725729
8971,0.00038712029345333576,,0.004314495716243982
8972,0.00044472477748058736,,0.00463871331885457
8973,0.0009103732882067561,,0.004449787549674511
8974,0.00038977497024461627,,0.0034093698486685753
8975,0.0003740161773748696,,0.005950943101197481
8976,0.0004448411928024143,,0.005466707516461611
8977,0.00041959434747695923,,0.0033958442509174347
8978,0.00033389482996426523,,0.005085796117782593
8979,0.00040145544335246086,,0.003943451214581728
8980,0.0004085388209205121,,0.005105588585138321
8981,0.00040104397339746356,,0.005430568940937519
8982,0.0004103393293917179,,0.0046855248510837555
8983,0.0003820597776211798,,0.004850811790674925
8984,0.0003780890256166458,,0.0031049936078488827
8985,0.0007823732448741794,,0.020208226516842842
8986,0.0004040011845063418,,0.002725235652178526
8987,0.00039176931022666395,,0.003427936229854822
8988,0.00041777745354920626,,0.004250949248671532
8989,0.0006380518898367882,,0.01397914718836546
8990,0.00045426504220813513,,0.00530048506334424
8991,0.0006162301870062947,,0.011517253704369068
8992,0.0006724460981786251,,0.012970572337508202
8993,0.0003934388514608145,,0.0041977115906775
8994,0.00042365945409983397,,0.004133503884077072
8995,0.0005911728367209435,,0.013075398281216621
8996,0.0005690971156582236,,0.0048742592334747314
8997,0.0004205040168017149,,0.0034258475061506033
8998,0.00046842306619510055,,0.009878396056592464
8999,0.0005845596897415817,,0.005435634404420853
9000,0.00041549879824742675,0.00038323784149623866,0.003758718492463231
9001,0.0004666043387260288,,0.0037042228505015373
9002,0.0004418223979882896,,0.004654412157833576
9003,0.00043233612086623907,,0.0035922066308557987
9004,0.0003866888291668147,,0.00293817650526762
9005,0.00040731264743953943,,0.0036882718559354544
9006,0.00037626581615768373,,0.004610302858054638
9007,0.0004938273341394961,,0.006160632241517305
9008,0.00044696981785818934,,0.003783942200243473
9009,0.0004184745193924755,,0.004025712143629789
9010,0.00036935528623871505,,0.005434648133814335
9011,0.00035905916593037546,,0.003349901642650366
9012,0.00044065824477002025,,0.0055821361020207405
9013,0.0009629674023017287,,0.005603298079222441
9014,0.0003921370371244848,,0.003615227760747075
9015,0.00040921015897765756,,0.006691500544548035
9016,0.00043466611532494426,,0.005027757491916418
9017,0.00044259201968088746,,0.007310503628104925
9018,0.0003858224372379482,,0.004811234772205353
9019,0.0003675767220556736,,0.0026218995917588472
9020,0.0004280813445802778,,0.006095492746680975
9021,0.0004467248800210655,,0.004773678258061409
9022,0.00042535015381872654,,0.0037939082831144333
9023,0.0004151955363340676,,0.005304864142090082
9024,0.00040030607488006353,,0.003932113293558359
9025,0.00039586631464771926,,0.003520442871376872
9026,0.00044728335342369974,,0.004432018846273422
9027,0.00038954312913119793,,0.0034425626508891582
9028,0.0004040112253278494,,0.005708675365895033
9029,0.0006725408602505922,,0.004990991670638323
9030,0.0008576521649956703,,0.016537396237254143
9031,0.0004047469119541347,,0.004529241472482681
9032,0.00041846116073429585,,0.005272003822028637
9033,0.0006954723503440619,,0.020328786224126816
9034,0.00040633341995999217,,0.004319663159549236
9035,0.00038655311800539494,,0.0040352181531488895
9036,0.0005059487302787602,,0.005691219121217728
9037,0.0005078723188489676,,0.004660479258745909
9038,0.0003876335103996098,,0.0035072099417448044
9039,0.0006084901979193091,,0.017216641455888748
9040,0.0010629993630573153,,0.004007249139249325
9041,0.0005943655269220471,,0.012436428107321262
9042,0.0003784347791224718,,0.004004505928605795
9043,0.0004040342173539102,,0.003260822733864188
9044,0.00041480871732346714,,0.004030731972306967
9045,0.0004582759866025299,,0.009632598608732224
9046,0.0006568910321220756,,0.005269270855933428
9047,0.00040116324089467525,,0.0038322322070598602
9048,0.000736439717002213,,0.016057772561907768
9049,0.0004658690595533699,,0.003394759725779295
9050,0.0004137502983212471,,0.00435118842869997
9051,0.0004298730054870248,,0.00428854301571846
9052,0.00040114563307724893,,0.004351433832198381
9053,0.0003984312934335321,,0.004595837090164423
9054,0.0003764915745705366,,0.003401618218049407
9055,0.0009674867615103722,,0.0046312217600643635
9056,0.0005211223615333438,,0.005398453213274479
9057,0.0004499373026192188,,0.0031727340538054705
9058,0.0004968419671058655,,0.0068404534831643105
9059,0.0003653814783319831,,0.0036189421080052853
9060,0.00042423902777954936,,0.003951186314225197
9061,0.00043973157880827785,,0.0046378010883927345
9062,0.0004223521682433784,,0.0058324309065938
9063,0.0005923946155235171,,0.01297430507838726
9064,0.000493838801048696,,0.004406058229506016
9065,0.00035567855229601264,,0.004061679355800152
9066,0.00048676488222554326,,0.005487808026373386
9067,0.00042455754010006785,,0.0034790809731930494
9068,0.0004040822386741638,,0.0034575622994452715
9069,0.0003914303088095039,,0.003049938241019845
9070,0.0003923759504687041,,0.0027399880345910788
9071,0.00041876346222124994,,0.003135865554213524
9072,0.00048275600420311093,,0.0042867944575846195
9073,0.0004486029502004385,,0.0038603204302489758
9074,0.00042564462637528777,,0.00369933876208961
9075,0.00043615984031930566,,0.003963292110711336
9076,0.0008103886502794921,,0.016487037762999535
9077,0.00040210140286944807,,0.003249811939895153
9078,0.00041355425491929054,,0.005880566313862801
9079,0.0004178822855465114,,0.004246966447681189
9080,0.0003777184465434402,,0.00574641115963459
9081,0.00036900193663313985,,0.005118060391396284
9082,0.00043765350710600615,,0.00580679951235652
9083,0.0008266833610832691,,0.004388371016830206
9084,0.00043876556446775794,,0.0063654594123363495
9085,0.0004322276799939573,,0.0057145063765347
9086,0.000426138227339834,,0.004928275942802429
9087,0.00040285856812261045,,0.0047526173293590546
9088,0.0004573800542857498,,0.005299765150994062
9089,0.0005253853742033243,,0.004431812092661858
9090,0.00046952866250649095,,0.0057068984024226665
9091,0.00041418493492528796,,0.0038547508884221315
9092,0.0004379856982268393,,0.003808694425970316
9093,0.00042445067083463073,,0.004275653976947069
9094,0.0005445892456918955,,0.004181017633527517
9095,0.0005340501083992422,,0.012109965085983276
9096,0.0007218889659270644,,0.006699951831251383
9097,0.00034035491989925504,,0.0032998130191117525
9098,0.00041160680120810866,,0.00501224072650075
9099,0.00038693053647875786,,0.004590166267007589
9100,0.00036978034768253565,,0.0037980389315634966
9101,0.00038429064443334937,,0.0034119891934096813
9102,0.00037273106863722205,,0.0033711653668433428
9103,0.00044162533595226705,,0.0046107410453259945
9104,0.00041992226033471525,,0.0029187651816755533
9105,0.0004234262742102146,,0.0036361354868859053
9106,0.00036933436058461666,,0.004379235673695803
9107,0.0007415879517793655,,0.011123409494757652
9108,0.0003881279262714088,,0.003969041630625725
9109,0.0004199896357022226,,0.005511834751814604
9110,0.00031166107510216534,,0.002896591555327177
9111,0.00039326580008491874,,0.005203419364988804
9112,0.0004346145724412054,,0.004716792143881321
9113,0.00043499082676135004,,0.005223908461630344
9114,0.0004107762360945344,,0.00431422796100378
9115,0.0004465491510927677,,0.004706325475126505
9116,0.0004064359818585217,,0.0052506038919091225
9117,0.00038506858982145786,,0.004493165295571089
9118,0.0003972125705331564,,0.005323673132807016
9119,0.00045441294787451625,,0.006308635231107473
9120,0.0003946287033613771,,0.0034848919603973627
9121,0.00041717453859746456,,0.004463069140911102
9122,0.0003995120932813734,,0.00464644143357873
9123,0.0003867206396535039,,0.0034497410524636507
9124,0.000416381168179214,,0.005322800949215889
9125,0.0004408951790537685,,0.0037903825286775827
9126,0.00041705064359121025,,0.0050881486386060715
9127,0.00035271182423457503,,0.003684296505525708
9128,0.0004031006246805191,,0.004104170016944408
9129,0.00041586789302527905,,0.00609976751729846
9130,0.00039379516965709627,,0.0033683322835713625
9131,0.0004152643959969282,,0.004711896181106567
9132,0.0005694045685231686,,0.007546523120254278
9133,0.0008204180630855262,,0.004809016361832619
9134,0.0003881428565364331,,0.003653214778751135
9135,0.0004241759888827801,,0.003386171068996191
9136,0.0004513620806392282,,0.006504205986857414
9137,0.0004463381483219564,,0.00506009254604578
9138,0.0004108823777642101,,0.0036842406261712313
9139,0.0004429933032952249,,0.005471355281770229
9140,0.0003987416566815227,,0.004676897544413805
9141,0.0004055282042827457,,0.004824384581297636
9142,0.0003898416762240231,,0.007024471182376146
9143,0.0003858203999698162,,0.0031714257784187794
9144,0.00039004668360576034,,0.0052148266695439816
9145,0.0004233837826177478,,0.005408271215856075
9146,0.00043492711847648025,,0.003810608759522438
9147,0.00039764514076523483,,0.00551424827426672
9148,0.0003731569740921259,,0.0024306413251906633
9149,0.000414928887039423,,0.005245497450232506
9150,0.0004473581211641431,,0.0038539841771125793
9151,0.0005350434803403914,,0.003069676924496889
9152,0.00048442574916407466,,0.0057002282701432705
9153,0.00034681716351769865,,0.0035695412661880255
9154,0.00036871572956442833,,0.004333731718361378
9155,0.00038243847666308284,,0.004541957750916481
9156,0.0004147205036133528,,0.005003553349524736
9157,0.0004199054092168808,,0.005867655389010906
9158,0.0007626225706189871,,0.016278384253382683
9159,0.000414220237871632,,0.005620038136839867
9160,0.0003724823473021388,,0.003393132472410798
9161,0.0004152038018219173,,0.003935010172426701
9162,0.0003747321607079357,,0.004648956004530191
9163,0.00038884460809640586,,0.0036003028508275747
9164,0.0004440927295945585,,0.004624457098543644
9165,0.00042194908019155264,,0.005941416136920452
9166,0.0004152901819907129,,0.003614139975979924
9167,0.0003655116306617856,,0.004092439077794552
9168,0.0003292705805506557,,0.0034803191665560007
9169,0.0003817900433205068,,0.004817357286810875
9170,0.0003824711311608553,,0.0035492172464728355
9171,0.0004890491836704314,,0.011015317402780056
9172,0.0004056458710692823,,0.0049627600237727165
9173,0.00042404732084833086,,0.004414222668856382
9174,0.00038617890095338225,,0.004527879413217306
9175,0.000512593484017998,,0.012773011811077595
9176,0.00035785752697847784,,0.003329852130264044
9177,0.0004272348596714437,,0.006311703007668257
9178,0.00038976717041805387,,0.0050123161636292934
9179,0.00042552012018859386,,0.006018671207129955
9180,0.0003601296339184046,,0.003849299158900976
9181,0.00039213773561641574,,0.005060850642621517
9182,0.00039014796493574977,,0.005151589401066303
9183,0.0003953479172196239,,0.003325446043163538
9184,0.0004185602010693401,,0.004956152755767107
9185,0.00041144233546219766,,0.005783613305538893
9186,0.0003922374453395605,,0.005235368385910988
9187,0.00036803516559302807,,0.0050436751917004585
9188,0.0005467011942528188,,0.004331591073423624
9189,0.0003892731328960508,,0.004228588193655014
9190,0.00041372032137587667,,0.005328226834535599
9191,0.0003887214115820825,,0.005154214333742857
9192,0.00038245422183535993,,0.003193947020918131
9193,0.0004518910718616098,,0.009881393052637577
9194,0.00043191781151108444,,0.005338710267096758
9195,0.00035657413536682725,,0.004293578211218119
9196,0.0003560741897672415,,0.0036672470159828663
9197,0.00041004334343597293,,0.005918045993894339
9198,0.00039299449417740107,,0.0037887883372604847
9199,0.00040546327363699675,,0.006538928020745516
9200,0.00039795806515030563,,0.00478966161608696
9201,0.0004811063117813319,,0.006386630702763796
9202,0.00037525672814808786,,0.0034943493083119392
9203,0.0003769962931983173,,0.003432017983868718
9204,0.0004001546185463667,,0.005322809796780348
9205,0.0003995974257122725,,0.004142751917243004
9206,0.00042430375469848514,,0.004728776402771473
9207,0.0003827294276561588,,0.0028995503671467304
9208,0.0003750591422431171,,0.0030797531362622976
9209,0.00040911370888352394,,0.004777748137712479
9210,0.0005362741067074239,,0.0057591767981648445
9211,0.0005119764246046543,,0.0051078591495752335
9212,0.0007382739568129182,,0.0037300444673746824
9213,0.0003944891504943371,,0.004911527503281832
9214,0.0003783126303460449,,0.006599117070436478
9215,0.0003899002622347325,,0.004299201536923647
9216,0.0003622111980803311,,0.00496187899261713
9217,0.0004006999952252954,,0.003943423740565777
9218,0.000376146228518337,,0.0038707589264959097
9219,0.0008964695734903216,,0.005244081374257803
9220,0.0003721188404597342,,0.003126222174614668
9221,0.00042666448280215263,,0.005279578268527985
9222,0.00047467724652960896,,0.00310447346419096
9223,0.00039579597068950534,,0.003928687889128923
9224,0.00039030375774018466,,0.0035358062013983727
9225,0.00038594866055063903,,0.003559649921953678
9226,0.0003573547292035073,,0.0034147535916417837
9227,0.0004314366669859737,,0.004212064202874899
9228,0.00038854553713463247,,0.003952561877667904
9229,0.0008596463012509048,,0.004813189618289471
9230,0.00040203117532655597,,0.0033710759598761797
9231,0.00039739831117913127,,0.00294040166772902
9232,0.0005170301301404834,,0.007421495392918587
9233,0.00039254053262993693,,0.0052313110791146755
9234,0.0004177538794465363,,0.004691313020884991
9235,0.00044626410817727447,,0.004454937297850847
9236,0.00045716887689195573,,0.004257773980498314
9237,0.00034653395414352417,,0.0034066373482346535
9238,0.00036536873085424304,,0.003916915040463209
9239,0.0004422238562256098,,0.0048105111345648766
9240,0.00039020818076096475,,0.004024938214570284
9241,0.000439406925579533,,0.003660096088424325
9242,0.0004215987282805145,,0.0028825404588133097
9243,0.00043215014738962054,,0.0035119098611176014
9244,0.00045816064812242985,,0.008811418898403645
9245,0.0004309968207962811,,0.004324220586568117
9246,0.00037311535561457276,,0.003075061598792672
9247,0.00041883322410285473,,0.0033755823969841003
9248,0.0004348143411334604,,0.0038972822949290276
9249,0.0004133215988986194,,0.003284661564975977
9250,0.0003536264121066779,,0.0036559919826686382
9251,0.0003379973059054464,,0.0037901971954852343
9252,0.0003870974469464272,,0.003822265425696969
9253,0.00035817999741993845,,0.0036732456646859646
9254,0.000369687972124666,,0.0026198429986834526
9255,0.00044092125608585775,,0.003952851053327322
9256,0.0004038092156406492,,0.003278306918218732
9257,0.000458882306702435,,0.00372578133828938
9258,0.0004279850982129574,,0.0034340948332101107
9259,0.0003802334831561893,,0.0027873346116393805
9260,0.00045456289080902934,,0.0052580153569579124
9261,0.0004157023213338107,,0.002988191554322839
9262,0.00036439456744119525,,0.0031348750926554203
9263,0.0004124605911783874,,0.0034236526116728783
9264,0.00039531741640530527,,0.004150763154029846
9265,0.00041274301474913955,,0.004146690014749765
9266,0.0003928637015633285,,0.0030119416769593954
9267,0.0003703642578329891,,0.00330820819362998
9268,0.00038295768899843097,,0.0036427283193916082
9269,0.0003863096353597939,,0.0037631646264344454
9270,0.0003618036862462759,,0.003411349141970277
9271,0.0003503854386508465,,0.003059890354052186
9272,0.0004029073752462864,,0.0035528794396668673
9273,0.0009975384455174208,,0.003250464564189315
9274,0.0003533759154379368,,0.0035075631458312273
9275,0.0003765601140912622,,0.004413553513586521
9276,0.0004255500389263034,,0.0035784512292593718
9277,0.00044726437772624195,,0.003968897741287947
9278,0.00042984035098925233,,0.004911006893962622
9279,0.00043617788469418883,,0.004570911172777414
9280,0.0003912502434104681,,0.003931340761482716
9281,0.0004237265675328672,,0.005183029919862747
9282,0.00041621143463999033,,0.0042002140544354916
9283,0.0005847372813150287,,0.012291626073420048
9284,0.0004072645679116249,,0.005015591159462929
9285,0.0003248474677093327,,0.00376721890643239
9286,0.0003862754674628377,,0.005632739048451185
9287,0.0003692074678838253,,0.004191405139863491
9288,0.0004457289760466665,,0.0088476138189435
9289,0.0005210487288422883,,0.005992088932543993
9290,0.0007859367178753018,,0.00634996360167861
9291,0.0003932594263460487,,0.005103325936943293
9292,0.00035506620770320296,,0.003977037034928799
9293,0.00040693985647521913,,0.005184519104659557
9294,0.000433680834248662,,0.005421841517090797
9295,0.0004207197926007211,,0.004467571619898081
9296,0.0004502536612562835,,0.004820581059902906
9297,0.00041681071161292493,,0.004325450863689184
9298,0.00045407674042508006,,0.005446374882012606
9299,0.0004033790610264987,,0.0034528998658061028
9300,0.0004010040429420769,,0.005505773704499006
9301,0.0003782853891607374,,0.005280082114040852
9302,0.00038725868216715753,,0.0049668182618916035
9303,0.00043567034299485385,,0.006469646003097296
9304,0.0004148944281041622,,0.003889394924044609
9305,0.0004474803281482309,,0.005353821907192469
9306,0.0003991290577687323,,0.004506646655499935
9307,0.0004040631465613842,,0.003643374191597104
9308,0.00047462512156926095,,0.006387737113982439
9309,0.00043350248597562313,,0.003823306644335389
9310,0.0003512561961542815,,0.004013459198176861
9311,0.00046828153426758945,,0.006503098178654909
9312,0.00037469700328074396,,0.0034510279074311256
9313,0.00039189818198792636,,0.007261773105710745
9314,0.0009194047888740897,,0.007057607639580965
9315,0.0005503998836502433,,0.010248624719679356
9316,0.0008002911927178502,,0.010381433181464672
9317,0.00034973217407241464,,0.0033191607799381018
9318,0.00037319347029551864,,0.004294147714972496
9319,0.0004194783978164196,,0.0060364315286278725
9320,0.00036426339647732675,,0.0035094988998025656
9321,0.00041225302265957,,0.005705183371901512
9322,0.00038109926390461624,,0.005245285574346781
9323,0.0004286324547138065,,0.006605200935155153
9324,0.00035345295327715576,,0.00641226302832365
9325,0.0004268870106898248,,0.004378569312393665
9326,0.0004211060586385429,,0.004978979006409645
9327,0.0003846079926006496,,0.005779401399195194
9328,0.0003818871919065714,,0.0030467770993709564
9329,0.000415693037211895,,0.004553865175694227
9330,0.0010212294291704893,,0.005106757394969463
9331,0.0003810518537648022,,0.003589772153645754
9332,0.0009037922136485577,,0.005454244092106819
9333,0.0004301618901081383,,0.003426968352869153
9334,0.0004724272293969989,,0.003999738954007626
9335,0.00040524377254769206,,0.00540541298687458
9336,0.00032906606793403625,,0.003567689098417759
9337,0.0007071594591252506,,0.013025068677961826
9338,0.0003804833395406604,,0.004914230201393366
9339,0.00041242290171794593,,0.0037900027818977833
9340,0.0004133962211199105,,0.003572458866983652
9341,0.0004900906351394951,,0.0050727915950119495
9342,0.0003964807838201523,,0.00423783203586936
9343,0.00038305571069940925,,0.003676578402519226
9344,0.0004890045383945107,,0.013418745249509811
9345,0.00034279649844393134,,0.0026206367183476686
9346,0.000901529099792242,,0.009577132761478424
9347,0.00038260905421338975,,0.0032188945915549994
9348,0.0004226696619298309,,0.004850560799241066
9349,0.00034272734774276614,,0.003703017020598054
9350,0.0004001717024948448,,0.003178683342412114
9351,0.00042276663589291275,,0.004595337901264429
9352,0.0003557243035174906,,0.002908224705606699
9353,0.00038669290370307863,,0.003333254484459758
9354,0.0005555613897740841,,0.005807426758110523
9355,0.0003586420789361,,0.0027976026758551598
9356,0.00041498508653603494,,0.004056090489029884
9357,0.00043243038817308843,,0.00471475999802351
9358,0.00047474581515416503,,0.007832035422325134
9359,0.00039962795563042164,,0.0038141803815960884
9360,0.00037946365773677826,,0.003081460017710924
9361,0.000388710992410779,,0.0025639752857387066
9362,0.0009140914189629257,,0.01069347932934761
9363,0.00037556368624791503,,0.004217520821839571
9364,0.0003861712757498026,,0.0037668528966605663
9365,0.0004244545416440815,,0.003489738330245018
9366,0.0003563484060578048,,0.0033704533707350492
9367,0.0004063171800225973,,0.004375122953206301
9368,0.00041657238034531474,,0.0038005721289664507
9369,0.0006253214087337255,,0.0034638994839042425
9370,0.0006007517222315073,,0.00827663391828537
9371,0.0003809998743236065,,0.0033887240570038557
9372,0.00038104900158941746,,0.0039387596771121025
9373,0.0004067442496307194,,0.0040253582410514355
9374,0.0003892015083692968,,0.0031279742252081633
9375,0.0004004639049526304,,0.0037992631550878286
9376,0.000332412077113986,,0.002640860853716731
9377,0.00039159305742941797,,0.004247711971402168
9378,0.00038817874155938625,,0.002708994084969163
9379,0.0004166548606008291,,0.004284854978322983
9380,0.0004242605937179178,,0.004797460976988077
9381,0.00039580167504027486,,0.004002082161605358
9382,0.00036280747735872865,,0.003284376347437501
9383,0.0004125742707401514,,0.004218426067382097
9384,0.0009405839955434203,,0.0030702129006385803
9385,0.00037127509131096303,,0.0032134265638887882
9386,0.0003956113359890878,,0.004602332599461079
9387,0.000386370113119483,,0.004307097289711237
9388,0.0003767849993892014,,0.0034522225614637136
9389,0.00038940104423090816,,0.004352642223238945
9390,0.0003652851446531713,,0.0033918749541044235
9391,0.000745366676710546,,0.014224929735064507
9392,0.00036771775921806693,,0.0034646454732865095
9393,0.0004582828260026872,,0.00431120814755559
9394,0.000374274211935699,,0.004604935646057129
9395,0.00038254036917351186,,0.003393706399947405
9396,0.0004203767457511276,,0.0050803557969629765
9397,0.0004136865900363773,,0.004268480930477381
9398,0.0004424598009791225,,0.005357219837605953
9399,0.00041507353307679296,,0.005108608398586512
9400,0.00039928811020217836,,0.004391368944197893
9401,0.0004458122421056032,,0.005517820827662945
9402,0.0003900707233697176,,0.004496199544519186
9403,0.0004049672279506922,,0.004341220948845148
9404,0.00042669122922234237,,0.0058409543707966805
9405,0.00034319315454922616,,0.003581240540370345
9406,0.0004087421693839133,,0.004883672576397657
9407,0.00039775794721208513,,0.008646691218018532
9408,0.0003820504934992641,,0.005170480348169804
9409,0.00040953262941911817,,0.004085999447852373
9410,0.0003758533566724509,,0.0047193001955747604
9411,0.000439661176642403,,0.005033459048718214
9412,0.0003156054299324751,,0.004310517571866512
9413,0.00036635942524299026,,0.0038205976597964764
9414,0.00034726265585049987,,0.003437180072069168
9415,0.00037966715171933174,,0.004119278863072395
9416,0.0004908755654469132,,0.01277963537722826
9417,0.00039279647171497345,,0.005262980703264475
9418,0.0003928669902961701,,0.004292957950383425
9419,0.0004285067261662334,,0.009419680573046207
9420,0.0008946560556069016,,0.004172828979790211
9421,0.0003854258102364838,,0.0042998576536774635
9422,0.00032385947997681797,,0.003212954383343458
9423,0.0004555181076284498,,0.005344636272639036
9424,0.000373878690879792,,0.004338651895523071
9425,0.0003587556420825422,,0.0051650917157530785
9426,0.0003871787921525538,,0.0030435766093432903
9427,0.0003954386047553271,,0.004019295796751976
9428,0.00038220183341763914,,0.003729203250259161
9429,0.0004478846676647663,,0.005491622723639011
9430,0.00044657924445346,,0.005466610658913851
9431,0.00036544736940413713,,0.0026894565671682358
9432,0.00047431615530513227,,0.006435228977352381
9433,0.0004177499795332551,,0.0041989656165242195
9434,0.0003795755037572235,,0.003293450688943267
9435,0.0004007220850326121,,0.0035625146701931953
9436,0.00040027458453550935,,0.0040311492048203945
9437,0.00036272150464355946,,0.00349651207216084
9438,0.00040408107452094555,,0.003305548569187522
9439,0.0009360576514154673,,0.003963120747357607
9440,0.000360408506821841,,0.002662691054865718
9441,0.00039497006218880415,,0.0037701723631471395
9442,0.0009198572370223701,,0.004904923029243946
9443,0.000431447580922395,,0.0030697393231093884
9444,0.0007929217536002398,,0.018669050186872482
9445,0.0004063599626533687,,0.0031260207761079073
9446,0.0003588914987631142,,0.002778209513053298
9447,0.0003696950734592974,,0.004015697166323662
9448,0.0009590864065103233,,0.0030291571747511625
9449,0.0004518275964073837,,0.0034002349711954594
9450,0.00035024620592594147,,0.00498303072527051
9451,0.0004366380162537098,,0.0034030266106128693
9452,0.0004092107992619276,,0.004607880488038063
9453,0.0004622918495442718,,0.00410306453704834
9454,0.00037162238731980324,,0.004545415285974741
9455,0.00044292755774222314,,0.005368200596421957
9456,0.00041365885408595204,,0.004189059138298035
9457,0.0003673376049846411,,0.0050459206104278564
9458,0.0003833131631836295,,0.0032838736660778522
9459,0.0003733300545718521,,0.00436376454308629
9460,0.0004278174019418657,,0.004151715897023678
9461,0.0002901166444644332,,0.002952370559796691
9462,0.0003840663412120193,,0.004758316092193127
9463,0.00036883162101730704,,0.0037188020069152117
9464,0.0003851401270367205,,0.0036328602582216263
9465,0.0004685759195126593,,0.006812132429331541
9466,0.0003515105927363038,,0.0044417669996619225
9467,0.00040973114664666355,,0.004200398456305265
9468,0.0003653880557976663,,0.003644769312813878
9469,0.0006660834769718349,,0.010741887614130974
9470,0.00032756634755060077,,0.003418477950617671
9471,0.00040477397851645947,,0.0029595941305160522
9472,0.00044014304876327515,,0.004309607204049826
9473,0.0003594711306504905,,0.003257756121456623
9474,0.00043093907879665494,,0.003895362140610814
9475,0.00037007941864430904,,0.0034534786827862263
9476,0.00042124505853280425,,0.006028092000633478
9477,0.0003754223871510476,,0.0029680286534130573
9478,0.00038454169407486916,,0.0064261313527822495
9479,0.0006966873770579696,,0.010409710928797722
9480,0.000479761918541044,,0.01294541172683239
9481,0.00040777563117444515,,0.006160499528050423
9482,0.00048413174226880074,,0.006100434344261885
9483,0.0003861854784190655,,0.003349520731717348
9484,0.00041001031058840454,,0.006460414733737707
9485,0.0003822423459496349,,0.004407677333801985
9486,0.00038022708031348884,,0.004483569413423538
9487,0.0003780426341108978,,0.005005053244531155
9488,0.0006174786249175668,,0.007648768834769726
9489,0.0005682965274900198,,0.004202697891741991
9490,0.00035544787533581257,,0.003829922527074814
9491,0.0006868896307423711,,0.006978596560657024
9492,0.0004210722108837217,,0.0037324654404073954
9493,0.00036489544436335564,,0.0031749848276376724
9494,0.00042024903814308345,,0.003348864149302244
9495,0.0004041586653329432,,0.003210006281733513
9496,0.0009504167828708887,,0.004565406125038862
9497,0.0003898905124515295,,0.003721914952620864
9498,0.0004231839848216623,,0.0035851304419338703
9499,0.0004032582510262728,,0.005115374457091093
9500,0.00039196782745420933,0.0003934334572186701,0.003814985742792487
9501,0.0004615623038262129,,0.005905489437282085
9502,0.0003427466726861894,,0.005454532336443663
9503,0.00034667440922930837,,0.002942642429843545
9504,0.000630744150839746,,0.017829878255724907
9505,0.00042837377986870706,,0.0036834310740232468
9506,0.0004336665151640773,,0.003443720517680049
9507,0.0004146390128880739,,0.004116359632462263
9508,0.0004662198480218649,,0.0037196576595306396
9509,0.00040997349424287677,,0.004107597749680281
9510,0.00042355875484645367,,0.002910062437877059
9511,0.0004152855253778398,,0.0035798437893390656
9512,0.0003652088053058833,,0.0038100455421954393
9513,0.000428563158493489,,0.006306956056505442
9514,0.0003488828369881958,,0.0036478673573583364
9515,0.00039915682282298803,,0.003985587041825056
9516,0.00041469233110547066,,0.0039581190794706345
9517,0.00040509551763534546,,0.004908150527626276
9518,0.0004192133783362806,,0.004442428704351187
9519,0.00038221688009798527,,0.0036989685613662004
9520,0.000966025865636766,,0.01444118469953537
9521,0.00042537134140729904,,0.006097119301557541
9522,0.00037509200046770275,,0.003797841025516391
9523,0.0007279347628355026,,0.022532138973474503
9524,0.0004339790320955217,,0.005779534112662077
9525,0.00041709569632075727,,0.003904543584212661
9526,0.00036171835381537676,,0.003847323125228286
9527,0.0003747250302694738,,0.004000626038759947
9528,0.00042757135815918446,,0.003782812971621752
9529,0.00037296622758731246,,0.0037655383348464966
9530,0.0004318885912653059,,0.004900909494608641
9531,0.00048324509407393634,,0.00616185599938035
9532,0.0004396893782541156,,0.00486458046361804
9533,0.0004278562846593559,,0.0040290080942213535
9534,0.0003703236288856715,,0.0031832510139793158
9535,0.0003922308678738773,,0.0044447616674005985
9536,0.0004514743050094694,,0.004439723212271929
9537,0.00038105552084743977,,0.0038673034869134426
9538,0.00035067027783952653,,0.0032759157475084066
9539,0.0005142394220456481,,0.007483999244868755
9540,0.000415366783272475,,0.004555143881589174
9541,0.0005067227757535875,,0.006767860148102045
9542,0.0003822948201559484,,0.004733379930257797
9543,0.0004770964733324945,,0.005532003473490477
9544,0.00040080046164803207,,0.005265491083264351
9545,0.00038242212031036615,,0.00401370320469141
9546,0.0003970808757003397,,0.005218929145485163
9547,0.0003628409467637539,,0.004289062228053808
9548,0.0003712629550136626,,0.0070478105917572975
9549,0.0003996221348643303,,0.004453256726264954
9550,0.00038744002813473344,,0.003724614391103387
9551,0.000399392272811383,,0.0033989206422120333
9552,0.00043800019193440676,,0.004557374399155378
9553,0.0004239293630234897,,0.003783790161833167
9554,0.0003918414004147053,,0.004805590491741896
9555,0.0003876909031532705,,0.004592932760715485
9556,0.0006503121112473309,,0.012252477928996086
9557,0.0003634123131632805,,0.004622225649654865
9558,0.0003883506578858942,,0.005127164535224438
9559,0.00044153688941150904,,0.00912868045270443
9560,0.0003428486525081098,,0.0034881597384810448
9561,0.00041111683822236955,,0.004989356733858585
9562,0.0003724366833921522,,0.0045569404028356075
9563,0.00039241660851985216,,0.0050222850404679775
9564,0.00043791087227873504,,0.005481397267431021
9565,0.0003921277238987386,,0.004686989355832338
9566,0.0008239156450144947,,0.016644613817334175
9567,0.0004896518075838685,,0.009700692258775234
9568,0.00035895718610845506,,0.004902814514935017
9569,0.00044821109622716904,,0.005715397652238607
9570,0.00036144856130704284,,0.00414913147687912
9571,0.00043370446655899286,,0.0054717822931706905
9572,0.00041266356129199266,,0.004476104397326708
9573,0.0004136851930525154,,0.00518398080021143
9574,0.00043932718108408153,,0.005004165694117546
9575,0.0003995060396846384,,0.0050378902815282345
9576,0.00045159325236454606,,0.004771082196384668
9577,0.00032076018396764994,,0.004507227335125208
9578,0.0006217900081537664,,0.007051845546811819
9579,0.00036330168950371444,,0.004587103612720966
9580,0.00040658595389686525,,0.0029201775323599577
9581,0.00044269798672758043,,0.004594618454575539
9582,0.00040484173223376274,,0.004929226823151112
9583,0.0008631552918814123,,0.003663873765617609
9584,0.00048020738177001476,,0.006100108847022057
9585,0.00040099676698446274,,0.003483720123767853
9586,0.00042919855332002044,,0.007020223420113325
9587,0.0004576690844260156,,0.0053539518266916275
9588,0.0003776589292101562,,0.003016089089214802
9589,0.0003982614725828171,,0.006183237303048372
9590,0.00039829392335377634,,0.0026710897218436003
9591,0.00041755131678655744,,0.004942710045725107
9592,0.0005620950250886381,,0.013895183801651001
9593,0.00038940529339015484,,0.0041689565405249596
9594,0.00036194658605381846,,0.004059686325490475
9595,0.0003517595469020307,,0.0034745067823678255
9596,0.0004158603260293603,,0.004820583388209343
9597,0.00038968538865447044,,0.004633049014955759
9598,0.00041588544263504446,,0.004989981651306152
9599,0.00037282216362655163,,0.0038015665486454964
9600,0.00036238919710740447,,0.003217582358047366
9601,0.0003311503678560257,,0.0035023437812924385
9602,0.00033302916563116014,,0.0033554204273968935
9603,0.00041012506699189544,,0.004071575123816729
9604,0.0004495250468607992,,0.0033510038629174232
9605,0.00043493829434737563,,0.004510350991040468
9606,0.00042752292938530445,,0.004652501083910465
9607,0.00030893197981640697,,0.003142619039863348
9608,0.0003716810024343431,,0.0038194458466023207
9609,0.0003583365469239652,,0.003681131871417165
9610,0.0004277521511539817,,0.005456689279526472
9611,0.00037698735832236707,,0.003073635045439005
9612,0.000378390250261873,,0.003515515010803938
9613,0.00041360207251273096,,0.003203508211299777
9614,0.00043327335151843727,,0.003097829408943653
9615,0.00036687811370939016,,0.003915806300938129
9616,0.0003769199247471988,,0.004497144836932421
9617,0.00033146003261208534,,0.0030958575662225485
9618,0.0003981832414865494,,0.004153616726398468
9619,0.00035537220537662506,,0.0028155148029327393
9620,0.00038466532714664936,,0.003892709733918309
9621,0.00036631777766160667,,0.004258607514202595
9622,0.00036706263199448586,,0.0026841273065656424
9623,0.00047870338312350214,,0.003990293480455875
9624,0.00041196923120878637,,0.0032115161884576082
9625,0.0003731226024683565,,0.004000902641564608
9626,0.00031531511922366917,,0.002461075084283948
9627,0.0004052818985655904,,0.003761433996260166
9628,0.00038065886474214494,,0.003699281020089984
9629,0.00037459656596183777,,0.0032441075891256332
9630,0.0004066932888235897,,0.002835656516253948
9631,0.0003765476285479963,,0.0038164809811860323
9632,0.00040057109436020255,,0.003448841627687216
9633,0.00039221247425302863,,0.0031238587107509375
9634,0.0003903395845554769,,0.003776218742132187
9635,0.000465539051219821,,0.008892931044101715
9636,0.000370924302842468,,0.0038595988880842924
9637,0.0003756301011890173,,0.0036133695393800735
9638,0.00039091409416869283,,0.004728130530565977
9639,0.00048726139357313514,,0.013722367584705353
9640,0.0003454623220022768,,0.0025941221974790096
9641,0.0003806428285315633,,0.004431142006069422
9642,0.0004243140574544668,,0.004731230903416872
9643,0.0004336259444244206,,0.0038643679581582546
9644,0.0004884832305833697,,0.004678092896938324
9645,0.0004083765670657158,,0.005048269405961037
9646,0.0006249143043532968,,0.006366801913827658
9647,0.00039481950807385147,,0.003621916053816676
9648,0.000453716580523178,,0.005375919863581657
9649,0.00044382986379787326,,0.005224801599979401
9650,0.00041087850695475936,,0.0032020974904298782
9651,0.0006404441082850099,,0.009833796881139278
9652,0.00036267060204409063,,0.0036899305414408445
9653,0.0003958437591791153,,0.004103121813386679
9654,0.000361575250281021,,0.004794364329427481
9655,0.00035042103263549507,,0.003280217992141843
9656,0.0004097408091183752,,0.003532754722982645
9657,0.00052478420548141,,0.005770405754446983
9658,0.000424668425694108,,0.008481844328343868
9659,0.00038295675767585635,,0.004525126423686743
9660,0.00038520718226209283,,0.004338124301284552
9661,0.0003791577182710171,,0.004887045361101627
9662,0.0004361769533716142,,0.006268464960157871
9663,0.0004118332581128925,,0.0036681999918073416
9664,0.00041045225225389004,,0.004064708948135376
9665,0.00039965001633390784,,0.004345985129475594
9666,0.00033605791395530105,,0.0037272891495376825
9667,0.0003946227370761335,,0.0030943083111196756
9668,0.00037964992225170135,,0.004013529047369957
9669,0.00039669196121394634,,0.004139850381761789
9670,0.0003879727446474135,,0.0034912768751382828
9671,0.00037252239417284727,,0.0037173330783843994
9672,0.00044256271212361753,,0.009872348047792912
9673,0.00032669163192622364,,0.003923945594578981
9674,0.00039255115552805364,,0.004136889707297087
9675,0.0003937759902328253,,0.004276372957974672
9676,0.0003379560948815197,,0.0024951701052486897
9677,0.00033675142913125455,,0.0036658202297985554
9678,0.0003557566669769585,,0.0037045152857899666
9679,0.00037135122693143785,,0.0032396106980741024
9680,0.00034080722252838314,,0.004671663045883179
9681,0.00039692531572654843,,0.003978164400905371
9682,0.00033598937443457544,,0.004062207415699959
9683,0.00040003721369430423,,0.004914080258458853
9684,0.00034605892142280936,,0.004001598805189133
9685,0.00042933307122439146,,0.0063055516220629215
9686,0.0003574201255105436,,0.00318740657530725
9687,0.00039021135307848454,,0.004925910849124193
9688,0.00042044345173053443,,0.004409092012792826
9689,0.0004022828652523458,,0.003971454221755266
9690,0.0003986030933447182,,0.003879072144627571
9691,0.0003915152919944376,,0.003877562005072832
9692,0.00036637307493947446,,0.005383498501032591
9693,0.00035951854079030454,,0.004353438038378954
9694,0.00035134312929585576,,0.004067553672939539
9695,0.00034078184398822486,,0.004610266070812941
9696,0.0003465253976173699,,0.0031367563642561436
9697,0.0004142581019550562,,0.005938710179179907
9698,0.00036068385816179216,,0.002951762406155467
9699,0.00035390403354540467,,0.00410472834482789
9700,0.0003677451459225267,,0.003713359823450446
9701,0.00039419904351234436,,0.006083295214921236
9702,0.00046313158236443996,,0.01103183627128601
9703,0.00040249931043945253,,0.00290149194188416
9704,0.000392648798879236,,0.0038414672017097473
9705,0.00037078437162563205,,0.003854217939078808
9706,0.0003268699801992625,,0.0044395835138857365
9707,0.0003350570914335549,,0.0033662861678749323
9708,0.0004578513035085052,,0.0034049986861646175
9709,0.00036858656676486135,,0.003956791013479233
9710,0.0003941148170270026,,0.00397157296538353
9711,0.0003404563758522272,,0.0043443045578897
9712,0.00044768204679712653,,0.005066107027232647
9713,0.000386813742807135,,0.0035008529666811228
9714,0.0004305205075070262,,0.004925618413835764
9715,0.0003812701324932277,,0.0040586343966424465
9716,0.0003665875119622797,,0.003478675615042448
9717,0.0003772179479710758,,0.005262298509478569
9718,0.0007806813227944076,,0.017381319776177406
9719,0.00038921411032788455,,0.005533104762434959
9720,0.0003889624204020947,,0.0044624088332057
9721,0.0003628807608038187,,0.003060043789446354
9722,0.0004459060146473348,,0.004404677543789148
9723,0.00040117345633916557,,0.005346686579287052
9724,0.0003511777031235397,,0.004497062880545855
9725,0.00037610583240166306,,0.00631941482424736
9726,0.00036040734266862273,,0.005649829749017954
9727,0.0004277668776921928,,0.0056665213778615
9728,0.00045812642201781273,,0.004758720751851797
9729,0.0003571415727492422,,0.004621039144694805
9730,0.0004131715395487845,,0.006541332229971886
9731,0.0003536079020705074,,0.004111550282686949
9732,0.0003660444635897875,,0.0035120192915201187
9733,0.0008570614736527205,,0.006377584766596556
9734,0.0003762705600820482,,0.0036095157265663147
9735,0.00042764359386637807,,0.004222157411277294
9736,0.00036519119748845696,,0.00414184620603919
9737,0.0003666980192065239,,0.0031601525843143463
9738,0.00038120889803394675,,0.003927310928702354
9739,0.00035822641802951694,,0.003547950414940715
9740,0.0003446723276283592,,0.0038878433406352997
9741,0.00041023766971193254,,0.006532107014209032
9742,0.0003709374868776649,,0.00385137926787138
9743,0.00037504895590245724,,0.0057619186118245125
9744,0.0010070445714518428,,0.00963454321026802
9745,0.00038881725049577653,,0.0037247599102556705
9746,0.00046209010179154575,,0.005599452648311853
9747,0.0003760592080652714,,0.005015025846660137
9748,0.0003601759090088308,,0.004089775960892439
9749,0.00048416759818792343,,0.00404493510723114
9750,0.0004289841454010457,,0.00461243512108922
9751,0.0003386621829122305,,0.0035360557958483696
9752,0.0003745520953088999,,0.004276809748262167
9753,0.0003895446134265512,,0.003729077521711588
9754,0.0003764141583815217,,0.004817980341613293
9755,0.0004160423413850367,,0.0033719376660883427
9756,0.00044558855006471276,,0.0038808181416243315
9757,0.00035865092650055885,,0.003465876914560795
9758,0.00040746264858171344,,0.00931366067379713
9759,0.00041300986777059734,,0.004400709643959999
9760,0.0003534361894708127,,0.003966537304222584
9761,0.00033281531068496406,,0.004584900103509426
9762,0.000336532189976424,,0.0034016158897429705
9763,0.0003829324268735945,,0.004112862516194582
9764,0.00039841941907070577,,0.005016705486923456
9765,0.0004025589441880584,,0.0034660405945032835
9766,0.000392988498788327,,0.0043430388905107975
9767,0.00035432641743682325,,0.004355222452431917
9768,0.0003351721097715199,,0.003470554482191801
9769,0.0003773794451262802,,0.0038008582778275013
9770,0.00039652976556681097,,0.004179675597697496
9771,0.00035635370295494795,,0.0034167144913226366
9772,0.0003828125190921128,,0.004016206134110689
9773,0.00044290427467785776,,0.004685650579631329
9774,0.00040671564056538045,,0.003849087515845895
9775,0.0009069644729606807,,0.00327409990131855
9776,0.0003531856636982411,,0.003319353796541691
9777,0.0003702486865222454,,0.0030761174857616425
9778,0.0005585139151662588,,0.005670749582350254
9779,0.0003823762235697359,,0.003789031645283103
9780,0.000357691606041044,,0.004376706201583147
9781,0.0004175393842160702,,0.004648429341614246
9782,0.0003426558687351644,,0.003313991241157055
9783,0.000361556769348681,,0.0029100102838128805
9784,0.00042752991430461407,,0.006786697544157505
9785,0.00036896608071401715,,0.0031199760269373655
9786,0.0003579934127628803,,0.0039588031359016895
9787,0.0004060339124407619,,0.0052710603922605515
9788,0.00030263568623922765,,0.0024801711551845074
9789,0.0003807335742749274,,0.0030579501762986183
9790,0.0003799085970968008,,0.004871060606092215
9791,0.00032331960392184556,,0.0026132205966860056
9792,0.00037529016844928265,,0.0037126848474144936
9793,0.00039507332257926464,,0.0032974102068692446
9794,0.00034905661595985293,,0.004129317123442888
9795,0.00030569316004402936,,0.0032493064645677805
9796,0.0003637302143033594,,0.0033343855757266283
9797,0.0003687264397740364,,0.003132724668830633
9798,0.0003591853310354054,,0.003671198384836316
9799,0.0003768200986087322,,0.0037042617332190275
9800,0.00035641444264911115,,0.005281902849674225
9801,0.0003780950792133808,,0.0042695654556155205
9802,0.00037363515002653003,,0.0037798178382217884
9803,0.00035343001945875585,,0.005631319712847471
9804,0.00035653854138217866,,0.003284237813204527
9805,0.0003841301368083805,,0.004075607750564814
9806,0.00037155940663069487,,0.00455467076972127
9807,0.0003479657170828432,,0.003174547338858247
9808,0.00038519836380146444,,0.004716512281447649
9809,0.00040231557795777917,,0.004110974725335836
9810,0.00035003735683858395,,0.0034560502972453833
9811,0.00036772224120795727,,0.003395929466933012
9812,0.0004181467811577022,,0.0036716905888170004
9813,0.00035247032064944506,,0.0041021318174898624
9814,0.0004736602713819593,,0.005841522477567196
9815,0.00040091003756970167,,0.003978947643190622
9816,0.0003753957280423492,,0.006665418855845928
9817,0.0004121952806599438,,0.004028066527098417
9818,0.000412605470046401,,0.004979394841939211
9819,0.0003375959931872785,,0.005786172579973936
9820,0.0003571058623492718,,0.0034137836191803217
9821,0.00037321457057259977,,0.006210073828697205
9822,0.0004129341687075794,,0.004931793548166752
9823,0.00033677276223897934,,0.004087348468601704
9824,0.00038558634696528316,,0.007797800935804844
9825,0.00033377588260918856,,0.0031225746497511864
9826,0.0003959631430916488,,0.006341245025396347
9827,0.00044877000618726015,,0.0043100472539663315
9828,0.0004415272851474583,,0.005956511944532394
9829,0.000388668617233634,,0.006521865725517273
9830,0.0003128176904283464,,0.003988450858741999
9831,0.0004295774851925671,,0.005879290867596865
9832,0.00039735212340019643,,0.004661588929593563
9833,0.0004030512645840645,,0.005973851773887873
9834,0.0003901395248249173,,0.004601271823048592
9835,0.00038643632433377206,,0.004472412634640932
9836,0.0009409987833350897,,0.007472673896700144
9837,0.0003502662293612957,,0.002764676930382848
9838,0.0003707717405632138,,0.004789208993315697
9839,0.00038167028105817735,,0.0066998787224292755
9840,0.0003794465446844697,,0.004023585934191942
9841,0.0003632117295637727,,0.0050796507857739925
9842,0.0004209380131214857,,0.004843288101255894
9843,0.0003565945662558079,,0.0038218158297240734
9844,0.00042122858576476574,,0.006009194068610668
9845,0.0003481169114820659,,0.00445298058912158
9846,0.0005293393624015152,,0.007376536261290312
9847,0.000411115208407864,,0.005246609449386597
9848,0.0003815367235802114,,0.003211301751434803
9849,0.00042069051414728165,,0.004858019296079874
9850,0.00042806993587873876,,0.00444085244089365
9851,0.0003105542273260653,,0.003146157367154956
9852,0.0003710421151481569,,0.005510835442692041
9853,0.0003700355882756412,,0.003969562705606222
9854,0.00044354767305776477,,0.00595635874196887
9855,0.0003648892743512988,,0.004481644835323095
9856,0.00035263405879959464,,0.0036789497826248407
9857,0.00035322527401149273,,0.0033998985309153795
9858,0.00038093383773230016,,0.0043112304992973804
9859,0.00034925335785374045,,0.0031484912615269423
9860,0.0004032971046399325,,0.004608298186212778
9861,0.00041245820466428995,,0.0038888424169272184
9862,0.00040072062984108925,,0.0034325632732361555
9863,0.00033531952067278326,,0.0031939279288053513
9864,0.00038036471232771873,,0.0028852210380136967
9865,0.0004545302945189178,,0.004308437462896109
9866,0.0007042891229502857,,0.006461799144744873
9867,0.0003838305128738284,,0.002756597241386771
9868,0.00034322013380005956,,0.003160391468554735
9869,0.00037741538835689425,,0.003353575011715293
9870,0.00044594472274184227,,0.005277518182992935
9871,0.00034513697028160095,,0.002678175922483206
9872,0.0003279301745351404,,0.0035504091065376997
9873,0.0004214093496557325,,0.003940654918551445
9874,0.0006800299743190408,,0.00480938283726573
9875,0.0003632955194916576,,0.0026796814054250717
9876,0.0003808023757301271,,0.0030625760555267334
9877,0.00034254201455041766,,0.003024004865437746
9878,0.00036880694096907973,,0.002685891930013895
9879,0.0004017121100332588,,0.0035900126677006483
9880,0.0003943567571695894,,0.004289740230888128
9881,0.00039054706576280296,,0.002978626172989607
9882,0.0003710739256348461,,0.004755552392452955
9883,0.00036953995004296303,,0.0029690817464143038
9884,0.00036446889862418175,,0.004207851830869913
9885,0.000393084337702021,,0.005266204942017794
9886,0.00040148882544599473,,0.0041989595629274845
9887,0.0003995305742137134,,0.007734146434813738
9888,0.00039137928979471326,,0.0033650773111730814
9889,0.0004109439323656261,,0.0064981174655258656
9890,0.00038239950663410127,,0.005034245550632477
9891,0.0003829622582998127,,0.004558646585792303
9892,0.00036807096330448985,,0.005500183440744877
9893,0.00037247873842716217,,0.0030512704979628325
9894,0.0007672066567465663,,0.01609713025391102
9895,0.0003520261961966753,,0.003094172803685069
9896,0.00044976279605180025,,0.010683947242796421
9897,0.00047542419633828104,,0.005335649009793997
9898,0.0004318764840718359,,0.004419579170644283
9899,0.00034795221290551126,,0.004632080905139446
9900,0.00041812643758021295,,0.006013786885887384
9901,0.0004014870501123369,,0.003382432507351041
9902,0.0006767128361389041,,0.01422850601375103
9903,0.00034273252822458744,,0.0037405381444841623
9904,0.00034087232779711485,,0.0029715984128415585
9905,0.00037172279553487897,,0.003521075937896967
9906,0.0003345586301293224,,0.003136811312288046
9907,0.0004205197037663311,,0.003930762875825167
9908,0.00032423518132418394,,0.0037627648562192917
9909,0.0003922391915693879,,0.003433113917708397
9910,0.00040231342427432537,,0.0035035188775509596
9911,0.00037131839781068265,,0.0035633163060992956
9912,0.00041745149064809084,,0.00428381934762001
9913,0.00033981556771323085,,0.003899483708664775
9914,0.00034909043461084366,,0.0035988506861031055
9915,0.000347163004335016,,0.0034509245306253433
9916,0.00038410996785387397,,0.0035259134601801634
9917,0.0004094995965715498,,0.0037869601510465145
9918,0.0003172258147969842,,0.0030156730208545923
9919,0.00035818744800053537,,0.005376592744141817
9920,0.00043421483132988214,,0.004183555021882057
9921,0.00032688744249753654,,0.0026690529193729162
9922,0.00041437821346335113,,0.00328288646414876
9923,0.00034510024124756455,,0.003911198116838932
9924,0.0004084802931174636,,0.0038874971214681864
9925,0.0004453138681128621,,0.004976026713848114
9926,0.0003728229203261435,,0.003749614814296365
9927,0.00039757927879691124,,0.0036144331097602844
9928,0.0003713197656907141,,0.004458975978195667
9929,0.0010310402140021324,,0.012077974155545235
9930,0.000356721633579582,,0.003664877964183688
9931,0.0003727121220435947,,0.003827370936051011
9932,0.0003642687515821308,,0.004530846606940031
9933,0.0004003854119218886,,0.004954228177666664
9934,0.0003962958580814302,,0.004992267582565546
9935,0.000353955605532974,,0.004585811402648687
9936,0.00043019925942644477,,0.004425314255058765
9937,0.00040788305341266096,,0.0035950911697000265
9938,0.00036619530874304473,,0.004573601298034191
9939,0.00037839365541003644,,0.004218695219606161
9940,0.0004422281344886869,,0.004748726263642311
9941,0.0003245436819270253,,0.003071703016757965
9942,0.00037292297929525375,,0.003737543011084199
9943,0.0004273333470337093,,0.0051931701600551605
9944,0.0003632974694482982,,0.003509641159325838
9945,0.00039068982005119324,,0.0035481401719152927
9946,0.0003974244464188814,,0.005581515841186047
9947,0.0003787756431847811,,0.004078473895788193
9948,0.0003960896283388138,,0.005976272746920586
9949,0.0003670285805128515,,0.004052251111716032
9950,0.0004761905875056982,,0.005779980681836605
9951,0.00038367154775187373,,0.005274516064673662
9952,0.0003682390961330384,,0.0034532733261585236
9953,0.0004038868355564773,,0.005421322770416737
9954,0.0005202619358897209,,0.00896644126623869
9955,0.0003485170309431851,,0.0044657280668616295
9956,0.00036918785190209746,,0.004608264192938805
9957,0.00037561109638772905,,0.004838354419916868
9958,0.0004254565283190459,,0.0042268321849405766
9959,0.00041070696897804737,,0.004663950297981501
9960,0.0003548267704900354,,0.0044645583257079124
9961,0.00046556955203413963,,0.006711425259709358
9962,0.000363746949005872,,0.00334625574760139
9963,0.000310206669382751,,0.002913541393354535
9964,0.0005505586741492152,,0.007188258692622185
9965,0.0003228351997677237,,0.0031461315229535103
9966,0.0004222315619699657,,0.004449582193046808
9967,0.00035250961082056165,,0.00342528335750103
9968,0.0003230321453884244,,0.0034368622582405806
9969,0.0004228064208291471,,0.004056548234075308
9970,0.0003841106954496354,,0.004071728326380253
9971,0.00039484770968556404,,0.0044985502026975155
9972,0.00041010353015735745,,0.004007367417216301
9973,0.0003368404577486217,,0.003083347575739026
9974,0.000363888539141044,,0.004470115527510643
9975,0.0003882641321979463,,0.005822841543704271
9976,0.0003633985761553049,,0.004004560876637697
9977,0.00037711072945967317,,0.004654567688703537
9978,0.0004008015093859285,,0.0032886704429984093
9979,0.00037131219869479537,,0.0033901871647685766
9980,0.00035532284528017044,,0.0032468214631080627
9981,0.00033894958323799074,,0.0032298036385327578
9982,0.00033212220296263695,,0.0031742462888360023
9983,0.0003072544641327113,,0.0026831156574189663
9984,0.0003893391112796962,,0.0037535226438194513
9985,0.0004095794865861535,,0.00489169592037797
9986,0.00033150039962492883,,0.0030835166107863188
9987,0.0003274268819950521,,0.003993573132902384
9988,0.00035164301516488194,,0.0047900741919875145
9989,0.00037026646896265447,,0.004308934789150953
9990,0.0003790670889429748,,0.007003297563642263
9991,0.0003891959204338491,,0.0031673009507358074
9992,0.0003530207904987037,,0.0042310007847845554
9993,0.00039444270078092813,,0.003549217479303479
9994,0.00037695918581448495,,0.0041391123086214066
9995,0.0003810398920904845,,0.004065940622240305
9996,0.0003728026058524847,,0.0033275240566581488
9997,0.00034065759973600507,,0.004395881202071905
9998,0.00035364110954105854,,0.003178388811647892
9999,0.00037252073525451124,,0.003585216123610735
10000,0.0003081851755268872,0.0003441537118142481,0.0023589597549289465
