update,train_loss,val_loss,gradient_norm
1,0.9986060261726379,1.002621350200677,0.019773133099079132
2,0.9998400211334229,,0.020879307761788368
3,0.9849002361297607,,0.02025700733065605
4,1.000422477722168,,0.018830912187695503
5,0.9863020777702332,,0.01811913773417473
6,1.003498911857605,,0.015448873862624168
7,1.0043797492980957,,0.01830156520009041
8,0.9992662072181702,,0.017557978630065918
9,0.9987356066703796,,0.017609305679798126
10,1.0020322799682617,,0.01920175924897194
11,0.998228132724762,,0.016950266435742378
12,0.994937002658844,,0.01880139671266079
13,0.9954521059989929,,0.01939266175031662
14,0.9928622841835022,,0.02330421656370163
15,1.0026394128799438,,0.01818600483238697
16,1.010057806968689,,0.020854389294981956
17,1.004947543144226,,0.01920013688504696
18,0.9843748211860657,,0.02210892364382744
19,0.9790911674499512,,0.023302538320422173
20,0.9947665333747864,,0.019879549741744995
21,0.9950025677680969,,0.023252390325069427
22,0.9715676307678223,,0.022318372502923012
23,0.9607029557228088,,0.024073485285043716
24,0.998504638671875,,0.02580161765217781
25,0.9723058342933655,,0.026167914271354675
26,0.9731685519218445,,0.030440056696534157
27,0.9778907895088196,,0.03045441024005413
28,0.9795174598693848,,0.03778249770402908
29,0.9806993007659912,,0.03974660858511925
30,0.9691475033760071,,0.04775317758321762
31,0.9711597561836243,,0.04773881286382675
32,0.9672200083732605,,0.0580122247338295
33,0.9571031928062439,,0.06629106402397156
34,0.9553802609443665,,0.08062617480754852
35,0.9408926367759705,,0.10129065066576004
36,0.9402298331260681,,0.12123814225196838
37,0.9108457565307617,,0.15124163031578064
38,0.9004135727882385,,0.1956883668899536
39,0.8809368014335632,,0.28378674387931824
40,0.8297894597053528,,0.386116623878479
41,0.8030386567115784,,0.4860019087791443
42,0.7706721425056458,,0.6240421533584595
43,0.763774573802948,,1.0982279777526855
44,0.7555530071258545,,2.0136826038360596
45,0.7251628041267395,,2.4726717472076416
46,0.7356033325195312,,2.261335611343384
47,0.7168949246406555,,3.21575927734375
48,0.6875209808349609,,2.4398581981658936
49,0.7031585574150085,,3.3466856479644775
50,0.6641713380813599,,3.0036892890930176
51,0.6623653173446655,,3.5411643981933594
52,0.649871289730072,,2.9301633834838867
53,0.6484171748161316,,2.6786224842071533
54,0.6159289479255676,,2.2989580631256104
55,0.6186968088150024,,2.7495522499084473
56,0.5902578234672546,,2.512540578842163
57,0.620013952255249,,2.4674177169799805
58,0.5765082240104675,,1.869360089302063
59,0.5862649083137512,,2.757472276687622
60,0.5775684118270874,,2.4360034465789795
61,0.5780218839645386,,2.3234660625457764
62,0.5574215054512024,,2.2070562839508057
63,0.5619681477546692,,1.7743397951126099
64,0.5432519912719727,,2.1487014293670654
65,0.5478463768959045,,1.814038872718811
66,0.5479447245597839,,2.014594793319702
67,0.5378398299217224,,2.1725685596466064
68,0.5153147578239441,,2.1013314723968506
69,0.5248720049858093,,1.9844319820404053
70,0.5186963677406311,,2.3723320960998535
71,0.5079056620597839,,2.0615074634552
72,0.5051547884941101,,2.5548300743103027
73,0.5064823031425476,,2.374351739883423
74,0.4954872131347656,,2.897413492202759
75,0.4806901216506958,,2.1036150455474854
76,0.47831928730010986,,3.331714153289795
77,0.4768497049808502,,2.5061588287353516
78,0.46248045563697815,,3.441373825073242
79,0.45754972100257874,,2.8927059173583984
80,0.4485512971878052,,3.1355652809143066
81,0.4499587118625641,,2.7842540740966797
82,0.4551255404949188,,2.340482234954834
83,0.44345057010650635,,2.9839611053466797
84,0.4332159459590912,,2.1556625366210938
85,0.4276098310947418,,2.9229586124420166
86,0.4419291913509369,,2.631683588027954
87,0.4363727867603302,,2.4152889251708984
88,0.4256342947483063,,2.479457378387451
89,0.40212973952293396,,1.9065333604812622
90,0.4194500148296356,,2.83192777633667
91,0.38969746232032776,,2.2951297760009766
92,0.38531866669654846,,2.3894050121307373
93,0.3962234556674957,,2.6407546997070312
94,0.404219388961792,,2.365602731704712
95,0.3825322091579437,,2.6321985721588135
96,0.3719700574874878,,2.102614402770996
97,0.3927237093448639,,3.047755241394043
98,0.39833974838256836,,2.026149272918701
99,0.38829120993614197,,3.036771059036255
100,0.37884941697120667,,2.2422938346862793
101,0.3674342632293701,,2.666973352432251
102,0.33532747626304626,,2.3337554931640625
103,0.3579675257205963,,2.3238322734832764
104,0.3473704755306244,,2.100978374481201
105,0.3505612909793854,,2.5019142627716064
106,0.35607895255088806,,2.097153902053833
107,0.3497471809387207,,3.2024126052856445
108,0.364516943693161,,2.571514129638672
109,0.34668734669685364,,2.6209287643432617
110,0.33551838994026184,,2.787097930908203
111,0.3196110427379608,,2.1073248386383057
112,0.3493783473968506,,2.992581367492676
113,0.3359995186328888,,2.1205735206604004
114,0.3397464454174042,,3.1420843601226807
115,0.33927032351493835,,2.4723448753356934
116,0.32086268067359924,,3.1943581104278564
117,0.34398117661476135,,2.7930595874786377
118,0.32158806920051575,,3.1925554275512695
119,0.3182462453842163,,2.6483120918273926
120,0.30149808526039124,,2.6895265579223633
121,0.3026033639907837,,2.3118929862976074
122,0.30807408690452576,,2.875474214553833
123,0.31675881147384644,,2.1273882389068604
124,0.3004361689090729,,2.9574921131134033
125,0.30732229351997375,,2.1357829570770264
126,0.3082748353481293,,3.226017951965332
127,0.29264599084854126,,2.924393892288208
128,0.31273576617240906,,2.298886299133301
129,0.31043070554733276,,2.7681355476379395
130,0.30529317259788513,,2.1217801570892334
131,0.3060981333255768,,2.7461442947387695
132,0.2893591821193695,,2.0419650077819824
133,0.2918083369731903,,2.5915889739990234
134,0.3024967312812805,,2.60317325592041
135,0.2816941440105438,,2.1003363132476807
136,0.2687114477157593,,2.2961676120758057
137,0.2712343633174896,,2.0576717853546143
138,0.2881339192390442,,2.9140429496765137
139,0.28323855996131897,,2.362671375274658
140,0.28664636611938477,,1.8347219228744507
141,0.27124473452568054,,3.3046693801879883
142,0.27104195952415466,,2.3279755115509033
143,0.2900054156780243,,3.0400238037109375
144,0.27964308857917786,,3.0311813354492188
145,0.25088322162628174,,2.1251213550567627
146,0.2664977014064789,,2.6761724948883057
147,0.27197542786598206,,2.6222622394561768
148,0.2379763275384903,,1.9269160032272339
149,0.2651403248310089,,3.155599355697632
150,0.24264971911907196,,2.336904764175415
151,0.24368029832839966,,2.7165329456329346
152,0.24732153117656708,,2.240661144256592
153,0.2536409795284271,,2.6610684394836426
154,0.26259276270866394,,2.1172707080841064
155,0.24496376514434814,,2.5702435970306396
156,0.2416067123413086,,1.9034069776535034
157,0.24017949402332306,,2.9844658374786377
158,0.23288901150226593,,2.056624412536621
159,0.24813216924667358,,2.6840927600860596
160,0.24419955909252167,,2.672802448272705
161,0.251048743724823,,2.1593902111053467
162,0.23292911052703857,,2.3659145832061768
163,0.2329004853963852,,1.9105885028839111
164,0.22210945188999176,,2.4236559867858887
165,0.2479911595582962,,2.0277140140533447
166,0.2205314189195633,,2.308100700378418
167,0.2144336849451065,,1.8766876459121704
168,0.24210558831691742,,2.2203664779663086
169,0.21876072883605957,,2.187424421310425
170,0.23419487476348877,,2.0599002838134766
171,0.21888263523578644,,2.336426019668579
172,0.1995764970779419,,1.8081629276275635
173,0.2141718864440918,,2.300725221633911
174,0.23637104034423828,,1.959237813949585
175,0.23266136646270752,,2.4791674613952637
176,0.2169966846704483,,2.3295507431030273
177,0.22832410037517548,,2.103567600250244
178,0.222520112991333,,2.3721487522125244
179,0.20895183086395264,,2.01045298576355
180,0.22187161445617676,,2.4832212924957275
181,0.21210549771785736,,2.3384158611297607
182,0.22529037296772003,,1.9226877689361572
183,0.23005414009094238,,2.6967339515686035
184,0.2081574648618698,,2.0177204608917236
185,0.18980824947357178,,2.011836290359497
186,0.19131344556808472,,2.066730260848999
187,0.20850951969623566,,2.112865924835205
188,0.222908154129982,,1.9369792938232422
189,0.19708187878131866,,2.1795525550842285
190,0.1936449557542801,,1.6485041379928589
191,0.19621746242046356,,2.369148015975952
192,0.20117957890033722,,1.5845527648925781
193,0.20207123458385468,,2.2029356956481934
194,0.19761641323566437,,1.9162328243255615
195,0.21250073611736298,,2.258772850036621
196,0.19765447080135345,,1.6490528583526611
197,0.2112153172492981,,2.616835832595825
198,0.19014589488506317,,1.7039631605148315
199,0.21404683589935303,,3.043670892715454
200,0.21023178100585938,,2.397437572479248
201,0.21167659759521484,,2.5591089725494385
202,0.20406341552734375,,2.463660478591919
203,0.17822431027889252,,2.2502167224884033
204,0.18371637165546417,,2.272972345352173
205,0.19650471210479736,,2.014080047607422
206,0.18540805578231812,,2.0196080207824707
207,0.19797736406326294,,1.6802546977996826
208,0.18055309355258942,,1.947670578956604
209,0.1811952143907547,,1.6032212972640991
210,0.1873740553855896,,1.8534008264541626
211,0.179445281624794,,1.5318115949630737
212,0.18623793125152588,,2.156674861907959
213,0.18390905857086182,,1.9130730628967285
214,0.1730320006608963,,2.1446306705474854
215,0.16995681822299957,,1.9775434732437134
216,0.18553954362869263,,1.9868606328964233
217,0.19221484661102295,,1.8452504873275757
218,0.17820756137371063,,1.632727861404419
219,0.18091924488544464,,2.052175998687744
220,0.18956780433654785,,1.3101606369018555
221,0.18791623413562775,,2.0596487522125244
222,0.17037351429462433,,1.8377275466918945
223,0.17734204232692719,,1.7135009765625
224,0.18346555531024933,,1.8893355131149292
225,0.1671740561723709,,1.3504451513290405
226,0.1800299435853958,,2.220597743988037
227,0.1544959545135498,,1.7517367601394653
228,0.17255206406116486,,2.1764419078826904
229,0.17302800714969635,,1.8137739896774292
230,0.16168943047523499,,2.1543006896972656
231,0.17395539581775665,,1.6371431350708008
232,0.1517246812582016,,1.7776836156845093
233,0.15701796114444733,,1.4306085109710693
234,0.1623285561800003,,1.8553518056869507
235,0.14048084616661072,,1.433008074760437
236,0.17532771825790405,,1.9602992534637451
237,0.16261623799800873,,1.6483575105667114
238,0.1844063252210617,,1.7869418859481812
239,0.1602521687746048,,1.6093796491622925
240,0.17244260013103485,,1.911263108253479
241,0.15714161098003387,,1.4446083307266235
242,0.16479554772377014,,2.0677056312561035
243,0.14267416298389435,,1.6247906684875488
244,0.14769451320171356,,1.6986160278320312
245,0.15960490703582764,,1.6270478963851929
246,0.16816993057727814,,1.899069905281067
247,0.15701931715011597,,1.5966485738754272
248,0.15270812809467316,,1.6375690698623657
249,0.17986206710338593,,2.214398145675659
250,0.17148633301258087,,1.5030938386917114
251,0.13878391683101654,,1.8817399740219116
252,0.16134624183177948,,1.6758168935775757
253,0.16689909994602203,,1.9684662818908691
254,0.15899024903774261,,1.5854281187057495
255,0.15825575590133667,,1.8911045789718628
256,0.1623975783586502,,1.7454123497009277
257,0.141191303730011,,1.5773859024047852
258,0.16386881470680237,,2.0696280002593994
259,0.16432099044322968,,1.5322965383529663
260,0.14585497975349426,,2.068828821182251
261,0.15200822055339813,,1.7662477493286133
262,0.14824984967708588,,1.8613070249557495
263,0.14902375638484955,,1.7237926721572876
264,0.1687452793121338,,1.9066033363342285
265,0.14844678342342377,,1.7937772274017334
266,0.14932219684123993,,1.906028151512146
267,0.13348929584026337,,1.452187180519104
268,0.1467253416776657,,2.505341053009033
269,0.15006645023822784,,1.8755537271499634
270,0.1590317040681839,,2.089116096496582
271,0.14559237658977509,,1.9464401006698608
272,0.1411774903535843,,2.025468111038208
273,0.1569356471300125,,2.165977716445923
274,0.16547924280166626,,1.7928813695907593
275,0.1442856788635254,,2.0055086612701416
276,0.15192042291164398,,1.5816770792007446
277,0.16011206805706024,,1.9402029514312744
278,0.13167241215705872,,1.4136182069778442
279,0.12222552299499512,,1.3734384775161743
280,0.15369321405887604,,1.9782545566558838
281,0.14617131650447845,,1.3291211128234863
282,0.1545347273349762,,2.4370086193084717
283,0.15174983441829681,,1.9259735345840454
284,0.1457177847623825,,2.226604461669922
285,0.14433617889881134,,2.001896619796753
286,0.14786945283412933,,2.085461139678955
287,0.15080170333385468,,1.7479890584945679
288,0.15492846071720123,,2.0740838050842285
289,0.1468430608510971,,1.5741591453552246
290,0.14409394562244415,,1.9232158660888672
291,0.1427542269229889,,1.5734010934829712
292,0.16963356733322144,,1.8499763011932373
293,0.17136694490909576,,1.8944765329360962
294,0.13597391545772552,,1.8448781967163086
295,0.13685591518878937,,1.9600337743759155
296,0.14473283290863037,,1.5808134078979492
297,0.15459559857845306,,1.469204068183899
298,0.15272313356399536,,1.8015395402908325
299,0.13793429732322693,,1.3726426362991333
300,0.14440377056598663,,2.2602851390838623
301,0.13001002371311188,,1.826245665550232
302,0.15451957285404205,,2.380187511444092
303,0.13887406885623932,,2.0023462772369385
304,0.13894657790660858,,1.8152377605438232
305,0.13157036900520325,,1.648437261581421
306,0.14155323803424835,,1.880325436592102
307,0.13415242731571198,,1.6089125871658325
308,0.12406160682439804,,1.4553037881851196
309,0.1500127911567688,,1.7562506198883057
310,0.14239244163036346,,1.3313586711883545
311,0.13421757519245148,,1.6655880212783813
312,0.13409431278705597,,1.3559027910232544
313,0.13723380863666534,,1.7636414766311646
314,0.13029375672340393,,1.5276145935058594
315,0.13131554424762726,,1.506731390953064
316,0.13654278218746185,,1.375261902809143
317,0.1292905956506729,,1.5357098579406738
318,0.13371455669403076,,1.3706828355789185
319,0.13454006612300873,,1.4464943408966064
320,0.1082928478717804,,1.2604384422302246
321,0.13745445013046265,,1.3971889019012451
322,0.1373881995677948,,1.3282933235168457
323,0.13423658907413483,,1.5920995473861694
324,0.11709269881248474,,1.354429006576538
325,0.13840852677822113,,1.5557861328125
326,0.13368530571460724,,1.6071548461914062
327,0.12361359596252441,,1.470311164855957
328,0.13238555192947388,,1.5256600379943848
329,0.13562414050102234,,1.2192726135253906
330,0.13406915962696075,,1.610625147819519
331,0.13449877500534058,,1.3918609619140625
332,0.1250002533197403,,1.2304474115371704
333,0.13102732598781586,,1.7092419862747192
334,0.1315498799085617,,1.3003634214401245
335,0.13746683299541473,,1.349664568901062
336,0.13784877955913544,,1.5139539241790771
337,0.1320592164993286,,1.4755038022994995
338,0.13292570412158966,,1.4891163110733032
339,0.13554929196834564,,1.6349362134933472
340,0.14305660128593445,,1.5669804811477661
341,0.13283534348011017,,1.4215525388717651
342,0.1368439942598343,,1.4111156463623047
343,0.12971903383731842,,1.2717459201812744
344,0.13685549795627594,,1.8353840112686157
345,0.12644654512405396,,1.4526278972625732
346,0.13135357201099396,,1.8383997678756714
347,0.14296989142894745,,1.6507513523101807
348,0.14540784060955048,,1.5265750885009766
349,0.12319055199623108,,1.6118171215057373
350,0.12661874294281006,,1.4342164993286133
351,0.12428479641675949,,1.5716149806976318
352,0.12288732081651688,,1.401974081993103
353,0.13120493292808533,,1.5289524793624878
354,0.11744392663240433,,1.3450500965118408
355,0.12738393247127533,,1.4801411628723145
356,0.14235509932041168,,1.6418602466583252
357,0.13834713399410248,,1.4854968786239624
358,0.12107477337121964,,1.3989171981811523
359,0.11761534214019775,,1.3033223152160645
360,0.1268392950296402,,1.2721766233444214
361,0.12580212950706482,,1.5665485858917236
362,0.11892334371805191,,1.4133379459381104
363,0.12865100800991058,,1.6836892366409302
364,0.12306001037359238,,1.3996355533599854
365,0.12928827106952667,,1.9636045694351196
366,0.1296788901090622,,1.5949000120162964
367,0.12221109122037888,,1.8653385639190674
368,0.12674392759799957,,1.8202427625656128
369,0.1315174251794815,,1.3800615072250366
370,0.12856894731521606,,1.465861439704895
371,0.1286570429801941,,1.4586983919143677
372,0.13130977749824524,,1.4790867567062378
373,0.12780117988586426,,1.6877777576446533
374,0.12864460051059723,,1.2162680625915527
375,0.12590345740318298,,1.9529938697814941
376,0.11886445432901382,,1.5278741121292114
377,0.11878078430891037,,1.4772915840148926
378,0.1302911341190338,,1.9404897689819336
379,0.11967494338750839,,1.3588200807571411
380,0.13882316648960114,,1.6214202642440796
381,0.14417685568332672,,1.4914546012878418
382,0.11650008708238602,,1.4814578294754028
383,0.13263347744941711,,1.5501834154129028
384,0.12048064917325974,,1.493190050125122
385,0.1494065374135971,,1.9580402374267578
386,0.12548746168613434,,1.6122815608978271
387,0.10273971408605576,,1.2330483198165894
388,0.1350237876176834,,1.9117960929870605
389,0.12264201790094376,,1.2693957090377808
390,0.11896417289972305,,1.7683850526809692
391,0.1255396455526352,,1.3375155925750732
392,0.10490422695875168,,1.6017603874206543
393,0.12795187532901764,,1.455200433731079
394,0.12281598895788193,,1.4288089275360107
395,0.11033463478088379,,1.3680927753448486
396,0.1290416121482849,,1.7138890027999878
397,0.12422619014978409,,1.3455206155776978
398,0.11834606528282166,,1.4995332956314087
399,0.11085215955972672,,1.3268940448760986
400,0.1099511981010437,,1.355898380279541
401,0.12981079518795013,,1.261311411857605
402,0.11615252494812012,,1.4735556840896606
403,0.10303890705108643,,1.1065911054611206
404,0.12805050611495972,,1.586099624633789
405,0.12557761371135712,,1.4209398031234741
406,0.10950794816017151,,1.2227531671524048
407,0.11786144226789474,,1.6360714435577393
408,0.12956081330776215,,1.2283366918563843
409,0.12246719002723694,,1.5169529914855957
410,0.11217883974313736,,1.5296781063079834
411,0.1151876375079155,,1.0885437726974487
412,0.12041127681732178,,1.586098074913025
413,0.10556770116090775,,1.3608192205429077
414,0.12328002601861954,,1.6594668626785278
415,0.12225320190191269,,1.505075454711914
416,0.1201268658041954,,1.453131914138794
417,0.1282576471567154,,1.5838439464569092
418,0.11412528902292252,,1.3987138271331787
419,0.11762220412492752,,1.502553939819336
420,0.12647418677806854,,1.2822166681289673
421,0.1260298639535904,,1.5859357118606567
422,0.13952207565307617,,1.8263059854507446
423,0.11564256995916367,,1.2114707231521606
424,0.11986114829778671,,1.615679383277893
425,0.1261756867170334,,1.4101309776306152
426,0.1408039927482605,,1.8076205253601074
427,0.11237017065286636,,1.6770306825637817
428,0.10978592187166214,,1.1176197528839111
429,0.13393867015838623,,1.9023038148880005
430,0.11464392393827438,,1.4307304620742798
431,0.12443670630455017,,1.9737248420715332
432,0.13346317410469055,,1.681257724761963
433,0.13544093072414398,,1.9797933101654053
434,0.10587938874959946,,1.664960265159607
435,0.10856956988573074,,1.6826610565185547
436,0.11357118934392929,,1.4452959299087524
437,0.126912459731102,,1.7901524305343628
438,0.11868089437484741,,1.3725043535232544
439,0.1140986979007721,,1.6907122135162354
440,0.11366183310747147,,1.37753427028656
441,0.10734773427248001,,1.787032127380371
442,0.12020819634199142,,1.582675576210022
443,0.13413117825984955,,2.0593020915985107
444,0.11896214634180069,,1.7942609786987305
445,0.1365489810705185,,1.5457576513290405
446,0.11619967222213745,,1.6520620584487915
447,0.10510113090276718,,1.1527373790740967
448,0.10422488301992416,,1.4268114566802979
449,0.10952017456293106,,1.0746885538101196
450,0.11798363924026489,,1.2348960638046265
451,0.11699075251817703,,1.4369491338729858
452,0.1144605278968811,,1.159425973892212
453,0.1109030470252037,,1.2712241411209106
454,0.11242244392633438,,1.3910558223724365
455,0.10702858120203018,,1.193868637084961
456,0.10254602879285812,,1.2581266164779663
457,0.11410775035619736,,1.37136971950531
458,0.12275740504264832,,1.3079416751861572
459,0.11902741342782974,,1.9543659687042236
460,0.10992789268493652,,1.2646667957305908
461,0.11141512542963028,,1.849256157875061
462,0.11653339862823486,,1.4478819370269775
463,0.11941402405500412,,1.4954804182052612
464,0.11661207675933838,,1.4902069568634033
465,0.10366746038198471,,1.2837179899215698
466,0.10603431612253189,,1.4901374578475952
467,0.0977715477347374,,1.138250708580017
468,0.11498681455850601,,1.4012538194656372
469,0.11884859949350357,,1.498591423034668
470,0.11629822105169296,,1.360101580619812
471,0.1072034239768982,,1.2965039014816284
472,0.11377785354852676,,1.5190327167510986
473,0.12475550174713135,,1.3877394199371338
474,0.10581042617559433,,1.1669257879257202
475,0.11102787405252457,,1.2567068338394165
476,0.12888668477535248,,1.5038604736328125
477,0.1015845239162445,,1.3221490383148193
478,0.10644928365945816,,1.3625237941741943
479,0.10729318857192993,,1.732893466949463
480,0.10331792384386063,,1.1799427270889282
481,0.12245932966470718,,2.0272786617279053
482,0.11244169622659683,,1.4813498258590698
483,0.1092253252863884,,1.5069067478179932
484,0.09912079572677612,,1.3249776363372803
485,0.11137659102678299,,1.524996042251587
486,0.09478011727333069,,1.5300828218460083
487,0.11263658851385117,,1.2977871894836426
488,0.1053224578499794,,1.5206975936889648
489,0.11009260267019272,,1.289810061454773
490,0.13114775717258453,,1.5509791374206543
491,0.09709223359823227,,1.2769732475280762
492,0.11578506231307983,,1.387832522392273
493,0.11433117836713791,,1.5140501260757446
494,0.10965994745492935,,1.330952763557434
495,0.12068289518356323,,1.4588569402694702
496,0.1111970916390419,,1.393829107284546
497,0.10074064880609512,,1.2357879877090454
498,0.10478448122739792,,1.303005337715149
499,0.10918771475553513,,1.3398780822753906
500,0.11409022659063339,0.11536282660088669,1.1881359815597534
501,0.11216839402914047,,1.6125266551971436
502,0.11965448409318924,,1.0859968662261963
503,0.12209413200616837,,1.784134030342102
504,0.11217731982469559,,1.4789440631866455
505,0.10513677448034286,,1.630767822265625
506,0.11733128875494003,,1.544968605041504
507,0.12221735715866089,,1.4655275344848633
508,0.10289222747087479,,1.3303955793380737
509,0.12325147539377213,,1.38983154296875
510,0.11652937531471252,,1.6668118238449097
511,0.10351065546274185,,1.1804566383361816
512,0.1028413251042366,,1.548346996307373
513,0.11706792563199997,,1.4027719497680664
514,0.10084424167871475,,1.5792571306228638
515,0.10630086809396744,,1.33594810962677
516,0.10337331146001816,,1.722180724143982
517,0.11370664834976196,,1.5012290477752686
518,0.11185267567634583,,1.5886198282241821
519,0.10882100462913513,,1.3377796411514282
520,0.10413104295730591,,1.6766265630722046
521,0.10733675956726074,,1.4323235750198364
522,0.10265636444091797,,1.4129948616027832
523,0.11210592836141586,,1.7289484739303589
524,0.10259570926427841,,1.2853254079818726
525,0.12627966701984406,,1.5325802564620972
526,0.11801767349243164,,1.5414210557937622
527,0.11782064288854599,,1.467401385307312
528,0.10499586910009384,,1.4094454050064087
529,0.11107330769300461,,1.5337032079696655
530,0.11069560050964355,,1.547623634338379
531,0.1195395365357399,,1.5644944906234741
532,0.10838845372200012,,1.2916474342346191
533,0.1106635108590126,,1.4397962093353271
534,0.10725001245737076,,1.2496598958969116
535,0.11284556984901428,,1.5050235986709595
536,0.09502822160720825,,1.0902984142303467
537,0.10607001185417175,,1.368775725364685
538,0.11136216670274734,,1.2287172079086304
539,0.11030375957489014,,1.6023385524749756
540,0.1177879273891449,,1.2920074462890625
541,0.11400685459375381,,1.3443979024887085
542,0.11834633350372314,,1.3167774677276611
543,0.11060722917318344,,1.5508376359939575
544,0.10486552864313126,,1.3622699975967407
545,0.09799765795469284,,1.3223782777786255
546,0.11403649300336838,,1.5222928524017334
547,0.10516078025102615,,1.132145881652832
548,0.11583182215690613,,1.568943738937378
549,0.10861236602067947,,1.1867023706436157
550,0.10726729035377502,,1.5541759729385376
551,0.09679179638624191,,1.3191258907318115
552,0.11702749133110046,,1.6320091485977173
553,0.1139124259352684,,1.5298786163330078
554,0.10618650913238525,,1.4197263717651367
555,0.10597774386405945,,1.3922371864318848
556,0.11855816841125488,,1.2239488363265991
557,0.11528027802705765,,1.358408808708191
558,0.1052451953291893,,1.3471674919128418
559,0.11960548162460327,,1.5516688823699951
560,0.11015816777944565,,1.2726070880889893
561,0.1076306477189064,,1.7052435874938965
562,0.09276670962572098,,1.2323137521743774
563,0.10507029294967651,,1.6896830797195435
564,0.10929148644208908,,1.6570087671279907
565,0.11106756329536438,,1.5191361904144287
566,0.10233283787965775,,1.3476898670196533
567,0.08385884016752243,,1.2278534173965454
568,0.09400058537721634,,1.222621202468872
569,0.11346467584371567,,1.192543864250183
570,0.10816524177789688,,1.2339622974395752
571,0.1061244010925293,,1.153883695602417
572,0.10124961286783218,,1.2341793775558472
573,0.10136395692825317,,1.1656155586242676
574,0.09719398617744446,,1.1744017601013184
575,0.10382764786481857,,1.1740350723266602
576,0.10913773626089096,,1.2140882015228271
577,0.10631901025772095,,1.1556185483932495
578,0.11453358083963394,,1.146889328956604
579,0.1142219826579094,,1.4454576969146729
580,0.09593913704156876,,1.2010927200317383
581,0.10110893845558167,,1.308347225189209
582,0.1085398867726326,,1.1965975761413574
583,0.1135297641158104,,1.436095952987671
584,0.09337711334228516,,1.2746082544326782
585,0.09673374146223068,,1.2207244634628296
586,0.11497581750154495,,1.450477957725525
587,0.10594800859689713,,1.1531000137329102
588,0.1051718071103096,,1.3897784948349
589,0.10464686900377274,,1.109895944595337
590,0.11418294906616211,,1.494173526763916
591,0.10128670185804367,,1.3115848302841187
592,0.107052743434906,,1.334116816520691
593,0.12088825553655624,,1.3591121435165405
594,0.0976446345448494,,1.257120132446289
595,0.10569850355386734,,1.3365204334259033
596,0.11127099394798279,,1.3279669284820557
597,0.10223975032567978,,1.3772320747375488
598,0.11366396397352219,,1.1906553506851196
599,0.10355439782142639,,1.6829496622085571
600,0.09677233546972275,,1.3737928867340088
601,0.1154683530330658,,1.4986674785614014
602,0.09881949424743652,,1.431445598602295
603,0.10606899112462997,,1.3927595615386963
604,0.10194101929664612,,1.3334236145019531
605,0.10375499725341797,,1.3217982053756714
606,0.09628701955080032,,1.398195505142212
607,0.1038186177611351,,1.3150469064712524
608,0.11107582598924637,,1.3562225103378296
609,0.11034867912530899,,1.3872259855270386
610,0.10569997876882553,,1.4550368785858154
611,0.10440202802419662,,1.2851691246032715
612,0.1051238551735878,,1.6107735633850098
613,0.1052718535065651,,1.286556363105774
614,0.11342930793762207,,1.5484782457351685
615,0.10923393815755844,,1.4649556875228882
616,0.09856919199228287,,1.453009843826294
617,0.10365942865610123,,1.2496986389160156
618,0.09003803879022598,,1.244296669960022
619,0.11599281430244446,,1.3345075845718384
620,0.10807278007268906,,1.1965820789337158
621,0.10255029052495956,,1.15769624710083
622,0.09504059702157974,,1.1273508071899414
623,0.10071376711130142,,0.9034505486488342
624,0.10691192001104355,,1.267251968383789
625,0.10869750380516052,,0.9329316020011902
626,0.09793706983327866,,1.3259116411209106
627,0.09795748442411423,,1.045798897743225
628,0.09362495690584183,,1.4893683195114136
629,0.10778939723968506,,1.3358958959579468
630,0.0952286645770073,,1.3459566831588745
631,0.11339887231588364,,1.3920719623565674
632,0.09080663323402405,,1.3715624809265137
633,0.10637522488832474,,1.2582998275756836
634,0.09602371603250504,,1.3781641721725464
635,0.10663086175918579,,1.333680272102356
636,0.10594538599252701,,1.4181151390075684
637,0.10087227821350098,,1.374657392501831
638,0.10067793726921082,,1.140234112739563
639,0.08326127380132675,,1.2436296939849854
640,0.10319691151380539,,1.3273600339889526
641,0.09717867523431778,,1.3090251684188843
642,0.09442905336618423,,1.313597321510315
643,0.09171701222658157,,1.225430965423584
644,0.10879731923341751,,1.2672699689865112
645,0.10381957143545151,,1.2103101015090942
646,0.09577324986457825,,1.3543031215667725
647,0.09159988164901733,,1.2666468620300293
648,0.08951195329427719,,1.196256160736084
649,0.10299503803253174,,1.3901124000549316
650,0.0865674689412117,,1.0535194873809814
651,0.1016852930188179,,1.4734688997268677
652,0.10655531287193298,,1.522765040397644
653,0.0972466990351677,,1.2663383483886719
654,0.09401077032089233,,1.254442572593689
655,0.10442503541707993,,1.4054466485977173
656,0.0995878279209137,,1.1780078411102295
657,0.0966312512755394,,1.3545476198196411
658,0.09606999158859253,,1.1406620740890503
659,0.10863109678030014,,1.4332914352416992
660,0.0981430783867836,,1.2054139375686646
661,0.09508989006280899,,1.512984275817871
662,0.08418416976928711,,1.2461140155792236
663,0.1087586060166359,,1.255257487297058
664,0.09380736947059631,,1.1142854690551758
665,0.10305886715650558,,1.179056167602539
666,0.0956457257270813,,1.2570265531539917
667,0.09082458168268204,,1.033335566520691
668,0.11607568711042404,,1.2295644283294678
669,0.10199498385190964,,1.319922685623169
670,0.09587061405181885,,1.1439281702041626
671,0.0916476622223854,,1.3667969703674316
672,0.09608116000890732,,1.0190134048461914
673,0.10691959410905838,,1.7233641147613525
674,0.10288283973932266,,1.4464061260223389
675,0.09051617234945297,,1.233748197555542
676,0.09720116853713989,,1.104425311088562
677,0.10626252740621567,,1.5778642892837524
678,0.08982809633016586,,1.2699593305587769
679,0.09629655629396439,,1.4627864360809326
680,0.09791816025972366,,1.3883949518203735
681,0.09176511317491531,,1.2481379508972168
682,0.09886253625154495,,1.3677997589111328
683,0.09758319705724716,,1.4391975402832031
684,0.09029579162597656,,1.473655343055725
685,0.099910207092762,,1.1980559825897217
686,0.10315030068159103,,1.3403874635696411
687,0.09637781232595444,,1.1670618057250977
688,0.10871836543083191,,1.5565155744552612
689,0.08949854969978333,,1.2039167881011963
690,0.1153600811958313,,1.5366836786270142
691,0.10568555444478989,,1.5605875253677368
692,0.09010913223028183,,0.9403149485588074
693,0.09259093552827835,,1.3969502449035645
694,0.10365036129951477,,1.054146409034729
695,0.08591436594724655,,1.6952117681503296
696,0.09230855107307434,,1.419683814048767
697,0.09621693938970566,,1.4175969362258911
698,0.09619182348251343,,1.359641194343567
699,0.08423078805208206,,1.2599031925201416
700,0.09447666257619858,,1.2343389987945557
701,0.08668986707925797,,1.0796679258346558
702,0.10409677028656006,,1.4997708797454834
703,0.0890115275979042,,1.177888035774231
704,0.0960206687450409,,1.2471424341201782
705,0.10405442863702774,,1.39812433719635
706,0.09994194656610489,,1.1758533716201782
707,0.0933123528957367,,1.274044394493103
708,0.09762588888406754,,1.108607292175293
709,0.10145808011293411,,1.3329559564590454
710,0.1142144575715065,,1.5959336757659912
711,0.09766820818185806,,1.3013757467269897
712,0.0895998403429985,,1.153230905532837
713,0.09490139037370682,,1.1513272523880005
714,0.0997203066945076,,1.1452865600585938
715,0.09527025371789932,,1.1929818391799927
716,0.10043283551931381,,1.2246979475021362
717,0.10207477957010269,,1.37418794631958
718,0.0908617377281189,,1.1964201927185059
719,0.09155667573213577,,0.9572719931602478
720,0.0964190661907196,,1.3747450113296509
721,0.09642505645751953,,1.1602885723114014
722,0.10047110915184021,,1.835037112236023
723,0.09179383516311646,,1.3449969291687012
724,0.09951737523078918,,1.4908723831176758
725,0.09914986044168472,,1.5046290159225464
726,0.10951220989227295,,1.4079031944274902
727,0.10307147353887558,,1.4194928407669067
728,0.1083608940243721,,1.268303394317627
729,0.07979374378919601,,1.2586430311203003
730,0.09073945879936218,,1.1175285577774048
731,0.08707254379987717,,1.0814939737319946
732,0.09495284408330917,,1.1944925785064697
733,0.09129631519317627,,1.1740169525146484
734,0.09696181863546371,,1.200234055519104
735,0.09676998853683472,,1.0884678363800049
736,0.09963861107826233,,1.2317028045654297
737,0.09579586237668991,,1.3376009464263916
738,0.09528389573097229,,1.2352240085601807
739,0.08781570196151733,,1.3474138975143433
740,0.09739566594362259,,1.350817084312439
741,0.09096723794937134,,1.3461354970932007
742,0.09632158279418945,,1.213019847869873
743,0.10127807408571243,,1.6118979454040527
744,0.09818024188280106,,1.31338632106781
745,0.0982094407081604,,1.489575743675232
746,0.09188733249902725,,1.240976095199585
747,0.09178990125656128,,1.3767956495285034
748,0.10449405759572983,,1.3698097467422485
749,0.09376446157693863,,1.43294095993042
750,0.09758197516202927,,1.2711408138275146
751,0.09389141201972961,,1.3959596157073975
752,0.09922060370445251,,1.417867660522461
753,0.09860694408416748,,1.321635365486145
754,0.09591421484947205,,1.310508131980896
755,0.0902324691414833,,1.3825042247772217
756,0.0949895903468132,,1.45893132686615
757,0.09763231873512268,,1.455052137374878
758,0.0960347130894661,,1.330167531967163
759,0.08771417289972305,,1.4071154594421387
760,0.08801433444023132,,1.413521409034729
761,0.10435938090085983,,1.1812736988067627
762,0.09462639689445496,,1.3637806177139282
763,0.10179463773965836,,1.4242005348205566
764,0.10082421451807022,,1.2081658840179443
765,0.09256366640329361,,1.4408186674118042
766,0.09322115778923035,,1.2586973905563354
767,0.10749191045761108,,1.291761040687561
768,0.08606310933828354,,1.232094407081604
769,0.08871161192655563,,1.2711429595947266
770,0.10914408415555954,,1.4669355154037476
771,0.09379652887582779,,1.0312451124191284
772,0.0947907343506813,,1.2601875066757202
773,0.08573663979768753,,1.046164870262146
774,0.099070705473423,,1.3177971839904785
775,0.09224354475736618,,1.083640217781067
776,0.0862405076622963,,1.1507394313812256
777,0.10238376259803772,,1.3087223768234253
778,0.09590814262628555,,1.2401121854782104
779,0.09779852628707886,,1.1692699193954468
780,0.10478663444519043,,1.172852873802185
781,0.09403664618730545,,1.1193585395812988
782,0.10238593816757202,,1.3366971015930176
783,0.09427370876073837,,1.082060694694519
784,0.090982586145401,,1.457835078239441
785,0.08605622500181198,,1.2830662727355957
786,0.09772515296936035,,1.3649016618728638
787,0.09056147187948227,,1.247260570526123
788,0.09269269555807114,,1.4549105167388916
789,0.10863371938467026,,1.3911644220352173
790,0.09967588633298874,,1.3751016855239868
791,0.09286972135305405,,1.4260061979293823
792,0.0825563594698906,,1.3156136274337769
793,0.09342827647924423,,1.2407981157302856
794,0.0964600071310997,,1.3601099252700806
795,0.09115391224622726,,1.245267391204834
796,0.10287097841501236,,1.2544143199920654
797,0.10396828502416611,,1.284759283065796
798,0.09414460510015488,,1.374253749847412
799,0.0748382955789566,,1.0039286613464355
800,0.09728128463029861,,1.3845895528793335
801,0.08827665448188782,,1.1704964637756348
802,0.08232951909303665,,1.3120254278182983
803,0.09418178349733353,,1.1750906705856323
804,0.09545310586690903,,1.2989462614059448
805,0.08971154689788818,,1.1557832956314087
806,0.08681940287351608,,1.1451678276062012
807,0.08992815017700195,,1.0759681463241577
808,0.08567636460065842,,1.1475529670715332
809,0.08366242051124573,,1.1199628114700317
810,0.07586582750082016,,1.0539624691009521
811,0.08615563064813614,,1.3335076570510864
812,0.09539113193750381,,1.3571947813034058
813,0.08624345809221268,,1.251974105834961
814,0.09028098732233047,,1.198471188545227
815,0.07652786374092102,,1.1925846338272095
816,0.09298309683799744,,1.0059329271316528
817,0.08911412209272385,,1.3864026069641113
818,0.09516865760087967,,1.1757053136825562
819,0.0720968171954155,,1.0825148820877075
820,0.09244022518396378,,1.2806366682052612
821,0.0830012634396553,,1.217132568359375
822,0.08943546563386917,,1.075960397720337
823,0.09189534187316895,,1.2289520502090454
824,0.09064813703298569,,1.159442663192749
825,0.0957922637462616,,0.9805775284767151
826,0.09114890545606613,,1.3488993644714355
827,0.07693128287792206,,0.9618213176727295
828,0.09730204194784164,,1.4446343183517456
829,0.08116243779659271,,0.9748501777648926
830,0.08945108205080032,,1.342966914176941
831,0.0864536240696907,,1.2928348779678345
832,0.0906943678855896,,1.0879477262496948
833,0.09124722331762314,,1.4671077728271484
834,0.0900120735168457,,1.0304139852523804
835,0.09250148385763168,,1.4479994773864746
836,0.08787363767623901,,1.22743558883667
837,0.08984452486038208,,1.1992050409317017
838,0.08240548521280289,,1.137235403060913
839,0.08274881541728973,,1.117508888244629
840,0.09340062737464905,,1.1991924047470093
841,0.08714690804481506,,1.2036129236221313
842,0.0880846157670021,,1.0925301313400269
843,0.09384473413228989,,1.1219563484191895
844,0.10166633874177933,,1.284149408340454
845,0.08074279874563217,,1.1220580339431763
846,0.08690464496612549,,1.0328067541122437
847,0.0817757099866867,,1.1463518142700195
848,0.07881011813879013,,0.9571318030357361
849,0.10297134518623352,,1.5882779359817505
850,0.08301326632499695,,1.0719947814941406
851,0.09731024503707886,,1.4236873388290405
852,0.08916071802377701,,1.2994633913040161
853,0.0929047092795372,,1.426964282989502
854,0.09907735139131546,,1.2933098077774048
855,0.09073568135499954,,1.400943398475647
856,0.09725791215896606,,1.1965081691741943
857,0.0939880982041359,,1.2781270742416382
858,0.0852305069565773,,1.198574185371399
859,0.09774457663297653,,1.3706841468811035
860,0.09020090103149414,,1.1270383596420288
861,0.08693882077932358,,1.5448627471923828
862,0.08931688219308853,,1.3351651430130005
863,0.08264435082674026,,1.3521796464920044
864,0.10361265391111374,,1.2808420658111572
865,0.08662807196378708,,1.1408942937850952
866,0.09191691875457764,,1.2016184329986572
867,0.08339184522628784,,1.1512783765792847
868,0.09340401738882065,,1.0987142324447632
869,0.075285904109478,,1.2081929445266724
870,0.09369752556085587,,1.0843900442123413
871,0.09192073345184326,,1.430830955505371
872,0.10284426808357239,,1.3350133895874023
873,0.09286896139383316,,1.046484351158142
874,0.08315620571374893,,1.205944299697876
875,0.08671001344919205,,1.088088870048523
876,0.08958981186151505,,1.2050997018814087
877,0.08536621183156967,,1.1593327522277832
878,0.08727636188268661,,1.088473916053772
879,0.10466533154249191,,1.2168850898742676
880,0.08885269612073898,,1.241187572479248
881,0.08319615572690964,,1.281741738319397
882,0.0858929380774498,,1.3280888795852661
883,0.09322822093963623,,1.132624864578247
884,0.0760226920247078,,1.1098233461380005
885,0.08637147396802902,,1.2370022535324097
886,0.08566354960203171,,1.2421777248382568
887,0.09486299753189087,,1.1812480688095093
888,0.11210343986749649,,1.4727667570114136
889,0.10058185458183289,,1.2101019620895386
890,0.1100819930434227,,1.7341620922088623
891,0.0914551392197609,,1.2592649459838867
892,0.09474144130945206,,1.2505112886428833
893,0.0885605439543724,,1.2705868482589722
894,0.08905291557312012,,1.1838001012802124
895,0.08997005969285965,,1.3993676900863647
896,0.08166421204805374,,1.1277201175689697
897,0.07581501454114914,,1.095201849937439
898,0.0903477892279625,,1.2105375528335571
899,0.09671389311552048,,1.119139552116394
900,0.08337961882352829,,1.0831152200698853
901,0.08264496922492981,,1.0921239852905273
902,0.08800426125526428,,1.2782032489776611
903,0.07729292660951614,,1.1591417789459229
904,0.08444622159004211,,1.0887771844863892
905,0.09558791667222977,,1.3110793828964233
906,0.08506854623556137,,1.2889738082885742
907,0.09459614753723145,,1.3366456031799316
908,0.08416769653558731,,1.220742106437683
909,0.07705313712358475,,1.1583646535873413
910,0.08275512605905533,,1.157992959022522
911,0.11022821813821793,,1.681685447692871
912,0.089301697909832,,1.1558772325515747
913,0.08999442309141159,,1.4227898120880127
914,0.09179198741912842,,1.228294849395752
915,0.08376970887184143,,1.1504873037338257
916,0.0887083187699318,,1.2929434776306152
917,0.0920477882027626,,1.3736039400100708
918,0.08130119740962982,,1.3216863870620728
919,0.09891761094331741,,1.4425787925720215
920,0.09243777394294739,,1.3697232007980347
921,0.09006265550851822,,1.2847779989242554
922,0.09459146857261658,,1.5715465545654297
923,0.09884914755821228,,1.4509367942810059
924,0.0827116146683693,,1.4906014204025269
925,0.08826687932014465,,1.478875994682312
926,0.08214341849088669,,1.4399607181549072
927,0.08306972682476044,,1.118126392364502
928,0.10429877042770386,,1.4741990566253662
929,0.08295954018831253,,1.1204169988632202
930,0.09520507603883743,,1.4883878231048584
931,0.08673718571662903,,1.352437138557434
932,0.09301585704088211,,1.3710651397705078
933,0.09243270754814148,,1.2746063470840454
934,0.0839671716094017,,1.3575206995010376
935,0.08248445391654968,,1.1619291305541992
936,0.08398240059614182,,1.0815194845199585
937,0.08078894019126892,,1.3594237565994263
938,0.08647071570158005,,1.1511424779891968
939,0.08655091375112534,,1.2161426544189453
940,0.08631277084350586,,1.2864594459533691
941,0.0873272716999054,,1.2916646003723145
942,0.08354032039642334,,1.1848207712173462
943,0.09122630208730698,,1.1781290769577026
944,0.09617992490530014,,1.362015962600708
945,0.0855330303311348,,1.0783135890960693
946,0.08249443024396896,,1.2215486764907837
947,0.0901716873049736,,1.416703462600708
948,0.0832933858036995,,1.2517813444137573
949,0.08569129556417465,,1.0921909809112549
950,0.09081610292196274,,1.3144588470458984
951,0.0959978699684143,,1.4035682678222656
952,0.08250845968723297,,1.0674667358398438
953,0.10035323351621628,,1.2198139429092407
954,0.08755046874284744,,1.2767465114593506
955,0.08955156058073044,,1.1370725631713867
956,0.09140462428331375,,1.517042636871338
957,0.07928556948900223,,0.9943764805793762
958,0.09470351785421371,,1.4937219619750977
959,0.09153959900140762,,1.2475202083587646
960,0.08046736568212509,,1.2887107133865356
961,0.07653427124023438,,1.3076978921890259
962,0.08428563922643661,,1.2230815887451172
963,0.09461576491594315,,1.433855652809143
964,0.08018456399440765,,1.2636781930923462
965,0.07049349695444107,,1.114459753036499
966,0.07925441861152649,,1.202743411064148
967,0.0750247910618782,,1.1001956462860107
968,0.09302318096160889,,1.2995835542678833
969,0.09269041568040848,,1.312461256980896
970,0.09123096615076065,,1.131807565689087
971,0.09710285812616348,,1.2143462896347046
972,0.10234960168600082,,1.1430507898330688
973,0.09248685836791992,,1.2472091913223267
974,0.09038946032524109,,1.2752025127410889
975,0.08313556760549545,,1.0644030570983887
976,0.07281223684549332,,1.0647836923599243
977,0.07364729791879654,,0.8674615025520325
978,0.08617039769887924,,1.2554963827133179
979,0.08328079432249069,,1.2966701984405518
980,0.0829974114894867,,1.0878039598464966
981,0.09338966757059097,,1.2934420108795166
982,0.08446525782346725,,1.27435302734375
983,0.08474064618349075,,1.3418391942977905
984,0.07784886658191681,,1.2080602645874023
985,0.08506819605827332,,1.2303167581558228
986,0.08305265754461288,,0.9736912846565247
987,0.08341166377067566,,1.3302268981933594
988,0.08233901858329773,,1.0504144430160522
989,0.08206810802221298,,1.330621361732483
990,0.0755695328116417,,1.1130279302597046
991,0.09098268300294876,,1.420029878616333
992,0.07288925349712372,,1.0941416025161743
993,0.0816887617111206,,1.5027430057525635
994,0.07820155471563339,,1.0682822465896606
995,0.08663173764944077,,1.5528197288513184
996,0.08487679809331894,,1.395386815071106
997,0.07600456476211548,,1.322458267211914
998,0.09289716929197311,,1.3441821336746216
999,0.09311410039663315,,1.4825632572174072
1000,0.09176116436719894,0.08603526949750673,1.2671833038330078
1001,0.08264264464378357,,1.403043508529663
1002,0.08697085827589035,,1.298125982284546
1003,0.09128743410110474,,1.4908380508422852
1004,0.0850885808467865,,1.3347088098526
1005,0.07457250356674194,,1.2206920385360718
1006,0.0910271406173706,,1.3162444829940796
1007,0.08231037110090256,,1.4217798709869385
1008,0.08231685310602188,,1.2179648876190186
1009,0.08507833629846573,,1.3615748882293701
1010,0.09212420135736465,,1.3646255731582642
1011,0.06983409076929092,,1.2315980195999146
1012,0.08399064093828201,,1.370457649230957
1013,0.09628617018461227,,1.3154646158218384
1014,0.08091716468334198,,1.0684173107147217
1015,0.08373281359672546,,1.151593565940857
1016,0.09172093868255615,,0.9634764194488525
1017,0.09277388453483582,,1.2867281436920166
1018,0.07428417354822159,,1.1626049280166626
1019,0.08839323371648788,,1.1946972608566284
1020,0.0828213021159172,,1.2348287105560303
1021,0.07892563939094543,,1.0206822156906128
1022,0.07087741792201996,,1.0992037057876587
1023,0.07897923141717911,,1.3165696859359741
1024,0.07801946252584457,,1.0550428628921509
1025,0.07957867532968521,,1.1323763132095337
1026,0.0820668563246727,,1.3111720085144043
1027,0.08395697921514511,,1.1575560569763184
1028,0.09238802641630173,,1.3895963430404663
1029,0.08498713374137878,,1.212600588798523
1030,0.08042159676551819,,1.392837405204773
1031,0.07923340052366257,,1.1986234188079834
1032,0.0890297219157219,,1.3959356546401978
1033,0.09031989425420761,,1.262101650238037
1034,0.06533894687891006,,0.9390075206756592
1035,0.08084360510110855,,1.2841908931732178
1036,0.0855889618396759,,1.2697006464004517
1037,0.0808337852358818,,1.3364859819412231
1038,0.06507771462202072,,0.9158062934875488
1039,0.08357033133506775,,1.3005847930908203
1040,0.07058753073215485,,1.1569535732269287
1041,0.07603557407855988,,1.1068899631500244
1042,0.07802050560712814,,1.3000731468200684
1043,0.0810166597366333,,1.1057921648025513
1044,0.0846477672457695,,1.3803207874298096
1045,0.07330591231584549,,1.017085313796997
1046,0.06465603411197662,,1.095902442932129
1047,0.08772137016057968,,1.2368969917297363
1048,0.07452952861785889,,1.1746193170547485
1049,0.09392154961824417,,1.176464557647705
1050,0.0796288549900055,,1.06074857711792
1051,0.0885755643248558,,1.2959333658218384
1052,0.08300912380218506,,1.2269750833511353
1053,0.08354735374450684,,1.216843605041504
1054,0.08595490455627441,,1.3013547658920288
1055,0.06762286275625229,,0.9113783836364746
1056,0.0857224389910698,,1.2562532424926758
1057,0.08210930228233337,,1.1984275579452515
1058,0.07606862485408783,,1.2809616327285767
1059,0.07115668803453445,,1.0160765647888184
1060,0.08150771260261536,,1.4036478996276855
1061,0.0954798236489296,,1.30622398853302
1062,0.07422325015068054,,1.4486702680587769
1063,0.09066420793533325,,1.2885628938674927
1064,0.07749318331480026,,1.2896935939788818
1065,0.07892709225416183,,1.27079439163208
1066,0.08748000860214233,,1.41635000705719
1067,0.083018459379673,,1.2841747999191284
1068,0.0687548816204071,,1.1020708084106445
1069,0.07733199745416641,,1.0334210395812988
1070,0.07303590327501297,,1.0699599981307983
1071,0.07526426762342453,,1.1822597980499268
1072,0.09825881570577621,,0.9311087131500244
1073,0.07941851764917374,,1.1816505193710327
1074,0.07088891416788101,,0.8871641755104065
1075,0.08305848389863968,,1.3127726316452026
1076,0.08269122987985611,,0.9182440638542175
1077,0.08697160333395004,,1.3225935697555542
1078,0.08409500122070312,,1.1218410730361938
1079,0.09091067314147949,,1.4013155698776245
1080,0.07474089413881302,,1.0147616863250732
1081,0.07643777877092361,,1.4869781732559204
1082,0.08616375178098679,,1.547250509262085
1083,0.076838418841362,,1.2554042339324951
1084,0.09108752012252808,,1.432653546333313
1085,0.07597199082374573,,1.3025283813476562
1086,0.09157076478004456,,1.4174785614013672
1087,0.08121081441640854,,1.2183901071548462
1088,0.06774844974279404,,0.945460319519043
1089,0.0885685458779335,,1.27370023727417
1090,0.08474621176719666,,1.424440622329712
1091,0.08212431520223618,,1.225677251815796
1092,0.08317288011312485,,1.29646897315979
1093,0.08149135857820511,,1.3784157037734985
1094,0.07594653218984604,,1.14739990234375
1095,0.07400541752576828,,1.128018856048584
1096,0.08290097117424011,,1.2926828861236572
1097,0.0847003161907196,,1.3136684894561768
1098,0.08675042539834976,,1.2535206079483032
1099,0.07380933314561844,,1.1851234436035156
1100,0.07645050436258316,,1.0647485256195068
1101,0.07491546124219894,,1.0109127759933472
1102,0.0725897029042244,,1.115415334701538
1103,0.07683906704187393,,0.9901946187019348
1104,0.07417350262403488,,1.036613941192627
1105,0.07121628522872925,,0.9151737689971924
1106,0.07879147678613663,,1.2076114416122437
1107,0.07878118008375168,,1.2158154249191284
1108,0.07951635122299194,,0.9224590063095093
1109,0.07994233816862106,,1.235627293586731
1110,0.07376045733690262,,1.1153160333633423
1111,0.07452517002820969,,1.0025954246520996
1112,0.0704365074634552,,1.2060452699661255
1113,0.07127757370471954,,0.939421534538269
1114,0.0730869323015213,,1.1601730585098267
1115,0.08777160197496414,,1.2422471046447754
1116,0.07318461686372757,,1.2560114860534668
1117,0.08224766701459885,,1.2361657619476318
1118,0.09647727757692337,,1.3376641273498535
1119,0.07570365071296692,,1.0292223691940308
1120,0.08154848217964172,,1.2910140752792358
1121,0.07248499989509583,,1.0401009321212769
1122,0.08701980859041214,,1.212090015411377
1123,0.08959970623254776,,1.3356831073760986
1124,0.08069682866334915,,1.4040464162826538
1125,0.07822433114051819,,1.2776557207107544
1126,0.08111103624105453,,1.3669406175613403
1127,0.07262832671403885,,1.134784460067749
1128,0.07605337351560593,,1.3450390100479126
1129,0.06429178267717361,,1.1084717512130737
1130,0.07977622747421265,,1.2697232961654663
1131,0.0735950917005539,,1.2112467288970947
1132,0.07715105265378952,,1.256292462348938
1133,0.08032649010419846,,1.1667587757110596
1134,0.09164944291114807,,1.5841516256332397
1135,0.08847387880086899,,1.4512275457382202
1136,0.07744184881448746,,1.4374881982803345
1137,0.08455285429954529,,1.4143012762069702
1138,0.09404613822698593,,1.5417016744613647
1139,0.07018791884183884,,1.1737245321273804
1140,0.07927155494689941,,1.2952438592910767
1141,0.0656508132815361,,1.1088991165161133
1142,0.07619073241949081,,1.2487947940826416
1143,0.06994610279798508,,1.1364378929138184
1144,0.07186403125524521,,0.9639900326728821
1145,0.07330118864774704,,1.372833490371704
1146,0.07736103236675262,,1.046180009841919
1147,0.08046374469995499,,1.345366358757019
1148,0.07651390880346298,,1.1984477043151855
1149,0.0854439064860344,,1.3477904796600342
1150,0.08355344086885452,,1.25576913356781
1151,0.08291950076818466,,1.4186389446258545
1152,0.0728640928864479,,1.18351149559021
1153,0.07827843725681305,,1.4021100997924805
1154,0.07508771866559982,,1.1737080812454224
1155,0.07301247119903564,,1.1583750247955322
1156,0.07596325129270554,,1.2330286502838135
1157,0.06825313717126846,,1.226590633392334
1158,0.08356659859418869,,1.417458415031433
1159,0.07550136744976044,,1.14154052734375
1160,0.07888449728488922,,1.3812395334243774
1161,0.06983977556228638,,1.1557241678237915
1162,0.0685400739312172,,1.1406899690628052
1163,0.07161126285791397,,1.532119870185852
1164,0.08578889816999435,,1.2781414985656738
1165,0.07650890946388245,,1.1390761137008667
1166,0.07019395381212234,,1.1535807847976685
1167,0.07343310117721558,,1.200805902481079
1168,0.07042577862739563,,0.9779568314552307
1169,0.07124514132738113,,1.1156816482543945
1170,0.07992091774940491,,1.4398518800735474
1171,0.07573558390140533,,1.1298234462738037
1172,0.0861043632030487,,1.3981750011444092
1173,0.08357582241296768,,1.2802114486694336
1174,0.06846319884061813,,1.249474048614502
1175,0.07437901198863983,,1.3978664875030518
1176,0.0749589204788208,,1.2499451637268066
1177,0.07212803512811661,,1.3149632215499878
1178,0.07327568531036377,,1.1197556257247925
1179,0.06987816095352173,,1.2248719930648804
1180,0.0831708088517189,,1.2113345861434937
1181,0.07615169137716293,,1.3557437658309937
1182,0.06710807234048843,,1.0224601030349731
1183,0.08371744304895401,,1.3179068565368652
1184,0.07577057182788849,,1.199596643447876
1185,0.08167284727096558,,1.4631582498550415
1186,0.07025504112243652,,1.1132925748825073
1187,0.08252786099910736,,1.3633441925048828
1188,0.06554540246725082,,1.1203758716583252
1189,0.0662781298160553,,1.2162652015686035
1190,0.06786857545375824,,1.1367366313934326
1191,0.07470192760229111,,1.066245198249817
1192,0.08386728167533875,,1.4473357200622559
1193,0.07675392180681229,,1.2069690227508545
1194,0.07478057593107224,,1.444748044013977
1195,0.0895853117108345,,1.3846468925476074
1196,0.07563154399394989,,1.4797303676605225
1197,0.08045022934675217,,1.3039844036102295
1198,0.07949339598417282,,1.4473074674606323
1199,0.0678044855594635,,1.3216392993927002
1200,0.062924824655056,,1.164570689201355
1201,0.06837239116430283,,1.1367368698120117
1202,0.07576074451208115,,1.4901812076568604
1203,0.07420160621404648,,1.1945456266403198
1204,0.07739304006099701,,1.3779244422912598
1205,0.07699061185121536,,1.2424229383468628
1206,0.07549392431974411,,1.3952568769454956
1207,0.07879199832677841,,1.3524614572525024
1208,0.08454056829214096,,1.346852421760559
1209,0.06753060221672058,,1.1653156280517578
1210,0.07080840319395065,,1.302675485610962
1211,0.07926201820373535,,1.3046022653579712
1212,0.07334624975919724,,1.188806176185608
1213,0.075126051902771,,1.0705760717391968
1214,0.0755934938788414,,1.3194462060928345
1215,0.06745805591344833,,1.1250624656677246
1216,0.07826617360115051,,1.4905002117156982
1217,0.07302844524383545,,1.3307340145111084
1218,0.08987333625555038,,1.4581542015075684
1219,0.0687829926609993,,1.316436767578125
1220,0.08534278720617294,,1.340084433555603
1221,0.07503387331962585,,1.3178305625915527
1222,0.06965527683496475,,1.1771514415740967
1223,0.078983373939991,,1.4416464567184448
1224,0.07856394350528717,,1.1264150142669678
1225,0.07002609968185425,,1.3164809942245483
1226,0.06523283571004868,,1.0455424785614014
1227,0.0603378526866436,,1.2054564952850342
1228,0.06789567321538925,,1.1094633340835571
1229,0.07475648820400238,,1.2422802448272705
1230,0.07648712396621704,,1.3497897386550903
1231,0.057345494627952576,,0.9255810379981995
1232,0.0736454650759697,,1.2741189002990723
1233,0.062349025160074234,,0.8584383130073547
1234,0.06305914372205734,,1.0108920335769653
1235,0.06894806772470474,,1.134788155555725
1236,0.06627101451158524,,1.0707899332046509
1237,0.08025407046079636,,1.3661292791366577
1238,0.07999178767204285,,1.2598402500152588
1239,0.06983085721731186,,1.2288758754730225
1240,0.06993929296731949,,1.142879605293274
1241,0.0641261413693428,,1.0278798341751099
1242,0.0796595886349678,,1.3296077251434326
1243,0.06571170687675476,,1.150844693183899
1244,0.0750841274857521,,1.093270182609558
1245,0.07587077468633652,,1.3141835927963257
1246,0.06175100430846214,,1.064900279045105
1247,0.07155214250087738,,1.2896238565444946
1248,0.07808378338813782,,1.105924367904663
1249,0.06047828868031502,,1.2238632440567017
1250,0.06407155841588974,,1.212275505065918
1251,0.07608409225940704,,1.267918586730957
1252,0.07523121684789658,,1.2362631559371948
1253,0.075471431016922,,1.1422264575958252
1254,0.07054554671049118,,1.200424075126648
1255,0.07452203333377838,,1.2053940296173096
1256,0.07751722633838654,,1.3334444761276245
1257,0.08126019686460495,,1.3297433853149414
1258,0.07557490468025208,,1.251952886581421
1259,0.07328477501869202,,1.188132643699646
1260,0.07118222862482071,,1.3367924690246582
1261,0.06809975206851959,,1.118527889251709
1262,0.06404989957809448,,1.0473660230636597
1263,0.0748719647526741,,1.0701037645339966
1264,0.06636939197778702,,1.0904196500778198
1265,0.06539484113454819,,1.0530754327774048
1266,0.06187356635928154,,1.0647250413894653
1267,0.07096906006336212,,1.1110745668411255
1268,0.07582515478134155,,1.1342943906784058
1269,0.07755545526742935,,1.350165843963623
1270,0.06712378561496735,,1.1240652799606323
1271,0.07971566170454025,,1.3045099973678589
1272,0.07584597915410995,,1.2671524286270142
1273,0.06730575114488602,,1.1734789609909058
1274,0.07301362603902817,,1.1200257539749146
1275,0.07163351774215698,,1.2708181142807007
1276,0.06316832453012466,,1.0318142175674438
1277,0.059488821774721146,,1.2447468042373657
1278,0.0749117061495781,,1.0973668098449707
1279,0.0712650790810585,,1.2372530698776245
1280,0.06522514671087265,,1.069320559501648
1281,0.06548938900232315,,1.1340497732162476
1282,0.07377899438142776,,1.1613069772720337
1283,0.06761539727449417,,0.950406551361084
1284,0.06265547126531601,,1.0309391021728516
1285,0.06124463677406311,,0.9525186419487
1286,0.08901087194681168,,1.516114592552185
1287,0.07320880144834518,,1.1950926780700684
1288,0.06690753996372223,,1.2701847553253174
1289,0.06811928749084473,,1.2284820079803467
1290,0.07486611604690552,,1.5651320219039917
1291,0.06955622881650925,,1.3033790588378906
1292,0.06779801845550537,,1.2575372457504272
1293,0.07422298192977905,,1.3707118034362793
1294,0.0765867605805397,,1.1962254047393799
1295,0.07311201840639114,,1.4343681335449219
1296,0.07306099683046341,,1.2663921117782593
1297,0.07084774225950241,,1.414281964302063
1298,0.0685717761516571,,1.2679060697555542
1299,0.07155602425336838,,1.2877388000488281
1300,0.06672809273004532,,1.2449606657028198
1301,0.06446059793233871,,1.0129879713058472
1302,0.07266833633184433,,1.1160348653793335
1303,0.07642011344432831,,1.3839393854141235
1304,0.060559242963790894,,1.1393979787826538
1305,0.07202945649623871,,1.5921735763549805
1306,0.07748277485370636,,1.2506769895553589
1307,0.07701261341571808,,1.5307562351226807
1308,0.07338011264801025,,1.400930643081665
1309,0.0717051550745964,,1.2323795557022095
1310,0.06922484934329987,,1.2302130460739136
1311,0.06198229268193245,,1.1760776042938232
1312,0.06898164004087448,,1.2012866735458374
1313,0.07471613585948944,,1.2429181337356567
1314,0.06764509528875351,,1.354196310043335
1315,0.07639595866203308,,1.293292760848999
1316,0.07223334908485413,,1.4242016077041626
1317,0.06939393281936646,,1.2884831428527832
1318,0.0772031769156456,,1.09514319896698
1319,0.08455312252044678,,1.4897345304489136
1320,0.06193548068404198,,1.1711207628250122
1321,0.0655326098203659,,1.1487255096435547
1322,0.07018755376338959,,1.3468931913375854
1323,0.0709783062338829,,1.2984590530395508
1324,0.07571785151958466,,1.4501723051071167
1325,0.06504637748003006,,1.388235092163086
1326,0.07881578058004379,,1.345743179321289
1327,0.07800189405679703,,1.3591220378875732
1328,0.06530637294054031,,1.2718850374221802
1329,0.06683254987001419,,1.1564747095108032
1330,0.0701901838183403,,1.0629878044128418
1331,0.07928148657083511,,1.3775057792663574
1332,0.05264948308467865,,1.163724660873413
1333,0.07474305480718613,,1.1224596500396729
1334,0.07360442727804184,,1.1587425470352173
1335,0.07319053262472153,,1.3068435192108154
1336,0.06713268905878067,,1.020941138267517
1337,0.07047083973884583,,1.2990596294403076
1338,0.07094954699277878,,1.1934069395065308
1339,0.07240208238363266,,1.494881510734558
1340,0.07754788547754288,,1.5319509506225586
1341,0.07475873082876205,,1.5225385427474976
1342,0.06973932683467865,,1.4268437623977661
1343,0.06402197480201721,,1.4029064178466797
1344,0.0675443634390831,,1.250012755393982
1345,0.07067453116178513,,1.4019441604614258
1346,0.06901350617408752,,1.2325072288513184
1347,0.06288861483335495,,1.229002594947815
1348,0.07551845908164978,,1.3450080156326294
1349,0.07165750861167908,,1.3670158386230469
1350,0.06310969591140747,,1.2802674770355225
1351,0.06633413583040237,,1.3592674732208252
1352,0.06803858280181885,,1.2449851036071777
1353,0.07372390478849411,,1.5353739261627197
1354,0.0542614571750164,,1.0650910139083862
1355,0.06882280856370926,,1.2702629566192627
1356,0.06898387521505356,,1.220285177230835
1357,0.07942130416631699,,1.4679850339889526
1358,0.06126868352293968,,1.2406442165374756
1359,0.06481441110372543,,1.2865403890609741
1360,0.08200389891862869,,1.3419471979141235
1361,0.07560637593269348,,1.2104047536849976
1362,0.0741339698433876,,1.2753276824951172
1363,0.07064799219369888,,1.2928369045257568
1364,0.06402625888586044,,1.2001941204071045
1365,0.06522790342569351,,1.1942493915557861
1366,0.0758979544043541,,1.0868992805480957
1367,0.061920877546072006,,1.2727978229522705
1368,0.06317397207021713,,1.0902929306030273
1369,0.06732629984617233,,1.2556108236312866
1370,0.06210073456168175,,1.173208236694336
1371,0.0646933764219284,,1.0175397396087646
1372,0.0646330788731575,,1.3262088298797607
1373,0.056106533855199814,,1.0465561151504517
1374,0.07122088223695755,,1.4747992753982544
1375,0.0648590624332428,,1.1568281650543213
1376,0.07407399266958237,,1.3199750185012817
1377,0.06808621436357498,,1.290788173675537
1378,0.06148853898048401,,1.1535236835479736
1379,0.08291038125753403,,1.5916152000427246
1380,0.0753277912735939,,1.5086325407028198
1381,0.07356032729148865,,1.3719886541366577
1382,0.07781179994344711,,1.4563441276550293
1383,0.06927528977394104,,1.3500813245773315
1384,0.06748653948307037,,1.4056522846221924
1385,0.0704328715801239,,1.113494634628296
1386,0.0792444571852684,,1.5164494514465332
1387,0.06773685663938522,,1.2590110301971436
1388,0.06315393000841141,,1.273267388343811
1389,0.08230068534612656,,1.2966136932373047
1390,0.06387213617563248,,1.3550955057144165
1391,0.06984470039606094,,1.2858176231384277
1392,0.05940921977162361,,1.04654061794281
1393,0.07077622413635254,,1.4525798559188843
1394,0.059805840253829956,,1.1604161262512207
1395,0.06569293886423111,,1.4082401990890503
1396,0.06946531683206558,,1.1841238737106323
1397,0.06452402472496033,,1.1755675077438354
1398,0.07235737890005112,,1.4128367900848389
1399,0.06737452745437622,,1.3432892560958862
1400,0.06994066387414932,,1.2950109243392944
1401,0.0726819559931755,,1.3986327648162842
1402,0.08025337755680084,,1.448665976524353
1403,0.06465046852827072,,1.1881153583526611
1404,0.07416535168886185,,1.4211736917495728
1405,0.06546733528375626,,1.4725525379180908
1406,0.05900487303733826,,1.2773346900939941
1407,0.06204289570450783,,1.17926824092865
1408,0.0654478669166565,,1.1955442428588867
1409,0.07039157301187515,,1.3170734643936157
1410,0.05831420421600342,,1.081674337387085
1411,0.07865796238183975,,1.6375572681427002
1412,0.06865265220403671,,1.1476209163665771
1413,0.06936005502939224,,1.5575790405273438
1414,0.06874064356088638,,1.1679637432098389
1415,0.08008473366498947,,1.5351877212524414
1416,0.06475739926099777,,1.240460991859436
1417,0.066797636449337,,1.3903181552886963
1418,0.059244200587272644,,1.2556860446929932
1419,0.06970943510532379,,1.255886197090149
1420,0.06414248794317245,,1.3509926795959473
1421,0.05989435315132141,,1.3522989749908447
1422,0.06182548403739929,,1.2676361799240112
1423,0.06326056271791458,,1.3486336469650269
1424,0.07797106355428696,,1.2676297426223755
1425,0.07160450518131256,,1.3145989179611206
1426,0.06855824589729309,,1.326143503189087
1427,0.0626278668642044,,1.0662651062011719
1428,0.07061075419187546,,1.4666736125946045
1429,0.06858804076910019,,1.1855586767196655
1430,0.06770286709070206,,1.5050374269485474
1431,0.06725787371397018,,1.204779863357544
1432,0.06973590701818466,,1.1415194272994995
1433,0.06354514509439468,,1.264449954032898
1434,0.05795256793498993,,0.9847593903541565
1435,0.0662652775645256,,1.3388997316360474
1436,0.07075855880975723,,1.2818950414657593
1437,0.063504658639431,,1.3873478174209595
1438,0.055123358964920044,,1.2075799703598022
1439,0.07269731163978577,,1.4499586820602417
1440,0.06263405084609985,,1.3602334260940552
1441,0.06923485547304153,,1.2128422260284424
1442,0.08251525461673737,,1.4385665655136108
1443,0.0625239759683609,,1.3043276071548462
1444,0.0660906508564949,,1.3435602188110352
1445,0.05931822955608368,,1.1563079357147217
1446,0.05735873058438301,,1.2363797426223755
1447,0.06139080598950386,,1.2516155242919922
1448,0.06347943097352982,,1.3109792470932007
1449,0.06691385060548782,,1.2342382669448853
1450,0.07205567508935928,,1.3782302141189575
1451,0.06970161944627762,,1.2967344522476196
1452,0.06216020509600639,,1.3961434364318848
1453,0.06450741738080978,,1.4638683795928955
1454,0.06524891406297684,,1.3825838565826416
1455,0.06345855444669724,,1.3234022855758667
1456,0.06626645475625992,,1.3201119899749756
1457,0.07216129451990128,,1.2822036743164062
1458,0.06582023948431015,,1.445565104484558
1459,0.06496565788984299,,1.2714184522628784
1460,0.07047373801469803,,1.3237138986587524
1461,0.06224812939763069,,1.345811367034912
1462,0.06639523059129715,,1.1937823295593262
1463,0.06332091242074966,,1.3453503847122192
1464,0.07614218443632126,,1.4265005588531494
1465,0.06131705641746521,,1.2236647605895996
1466,0.0709180012345314,,1.495694637298584
1467,0.07006573677062988,,1.3569689989089966
1468,0.06708630174398422,,1.3374853134155273
1469,0.07098697125911713,,1.3716764450073242
1470,0.06638781726360321,,1.3002996444702148
1471,0.06796128302812576,,1.516187310218811
1472,0.0777086541056633,,1.477300763130188
1473,0.059926193207502365,,1.4389890432357788
1474,0.06985441595315933,,1.4808149337768555
1475,0.0669696107506752,,1.4782021045684814
1476,0.07501976937055588,,1.3779194355010986
1477,0.06640008836984634,,1.3458553552627563
1478,0.074774831533432,,1.4498952627182007
1479,0.07400152832269669,,1.5016717910766602
1480,0.060940295457839966,,1.3588474988937378
1481,0.060938138514757156,,1.3280166387557983
1482,0.07264547795057297,,1.2498691082000732
1483,0.06459305435419083,,1.5341567993164062
1484,0.05861605331301689,,1.1811234951019287
1485,0.0715768113732338,,1.349674105644226
1486,0.06265538930892944,,1.3198357820510864
1487,0.07146622985601425,,1.2512538433074951
1488,0.06639040261507034,,1.4583499431610107
1489,0.06545992940664291,,1.2702913284301758
1490,0.0672524943947792,,1.428220272064209
1491,0.06974870711565018,,1.4848968982696533
1492,0.058978643268346786,,1.1384696960449219
1493,0.06951345503330231,,1.3196486234664917
1494,0.05689488351345062,,1.1704559326171875
1495,0.05978471040725708,,1.1024984121322632
1496,0.06061236932873726,,1.2642428874969482
1497,0.06725617498159409,,1.1750874519348145
1498,0.059848278760910034,,1.363186240196228
1499,0.06250495463609695,,1.3997540473937988
1500,0.06041615083813667,0.0652098460203623,1.1349953413009644
1501,0.06496300548315048,,1.2887226343154907
1502,0.06554027646780014,,1.2949703931808472
1503,0.06342378258705139,,1.2884163856506348
1504,0.07114868611097336,,1.4392282962799072
1505,0.06252094358205795,,1.274138331413269
1506,0.06877141445875168,,1.2854304313659668
1507,0.06713603436946869,,1.2341071367263794
1508,0.06594514846801758,,1.478518009185791
1509,0.05507531389594078,,1.0058144330978394
1510,0.06681200116872787,,1.3365119695663452
1511,0.060930922627449036,,1.0964562892913818
1512,0.0693177729845047,,1.1560245752334595
1513,0.07111676782369614,,1.3674145936965942
1514,0.07673997431993484,,1.0595616102218628
1515,0.0724722146987915,,1.6815719604492188
1516,0.06413877755403519,,1.3702704906463623
1517,0.06737998872995377,,1.6766215562820435
1518,0.06427639722824097,,1.3260308504104614
1519,0.0646037831902504,,1.345678687095642
1520,0.07298639416694641,,1.4185941219329834
1521,0.057229455560445786,,1.3265328407287598
1522,0.0665450170636177,,1.3107826709747314
1523,0.0743786171078682,,1.30330491065979
1524,0.06439366936683655,,1.290676474571228
1525,0.07149790972471237,,1.4885555505752563
1526,0.06805505603551865,,1.3707506656646729
1527,0.06574027985334396,,1.4425628185272217
1528,0.05966182425618172,,1.2391183376312256
1529,0.07591679692268372,,1.382143497467041
1530,0.058819591999053955,,1.2012311220169067
1531,0.07024320960044861,,1.5324739217758179
1532,0.060970377177000046,,1.2097485065460205
1533,0.06275004893541336,,1.0967015027999878
1534,0.06045078858733177,,1.2666091918945312
1535,0.0637550875544548,,1.1132936477661133
1536,0.06287743896245956,,1.1669152975082397
1537,0.07177751511335373,,1.3298768997192383
1538,0.06777196377515793,,1.235345482826233
1539,0.06565062701702118,,1.1659661531448364
1540,0.057628531008958817,,0.9444676637649536
1541,0.062008440494537354,,0.992225170135498
1542,0.05887661501765251,,1.1236311197280884
1543,0.06910122185945511,,1.274357795715332
1544,0.06731770932674408,,1.2519639730453491
1545,0.07836202532052994,,1.1367424726486206
1546,0.057660579681396484,,1.2964122295379639
1547,0.08699307590723038,,1.284383773803711
1548,0.05751756951212883,,1.5056211948394775
1549,0.06636583060026169,,1.5310355424880981
1550,0.054532941430807114,,1.3215749263763428
1551,0.06513220816850662,,1.5185203552246094
1552,0.05089971795678139,,1.0003639459609985
1553,0.05504345893859863,,1.2959074974060059
1554,0.061735689640045166,,1.2589534521102905
1555,0.05394216999411583,,1.0890898704528809
1556,0.068925641477108,,1.3516044616699219
1557,0.05958189442753792,,1.288960576057434
1558,0.054556816816329956,,1.0466874837875366
1559,0.06537382304668427,,1.202407717704773
1560,0.05804729461669922,,1.2166343927383423
1561,0.06489522010087967,,1.2281132936477661
1562,0.0521513968706131,,1.0805978775024414
1563,0.06798060983419418,,1.3132555484771729
1564,0.06204630061984062,,1.2694286108016968
1565,0.057881876826286316,,1.1448837518692017
1566,0.06812164932489395,,1.4035342931747437
1567,0.05892219766974449,,1.1194642782211304
1568,0.05534890666604042,,1.1196584701538086
1569,0.0748770609498024,,1.3866807222366333
1570,0.06778710335493088,,1.1039799451828003
1571,0.059991732239723206,,1.3499839305877686
1572,0.06589745730161667,,1.2457131147384644
1573,0.06855367869138718,,1.4827102422714233
1574,0.04825551435351372,,0.9940659403800964
1575,0.05798262730240822,,1.183305025100708
1576,0.05944529548287392,,1.331821322441101
1577,0.059708308428525925,,1.2673847675323486
1578,0.06532296538352966,,1.4656356573104858
1579,0.060774993151426315,,1.3269797563552856
1580,0.060319919139146805,,1.3862051963806152
1581,0.07107149809598923,,1.5151125192642212
1582,0.06900018453598022,,1.304417371749878
1583,0.05668281391263008,,1.2804982662200928
1584,0.06226884946227074,,1.2917981147766113
1585,0.06775777041912079,,1.3455274105072021
1586,0.06693468987941742,,1.4844846725463867
1587,0.05772162601351738,,1.2102630138397217
1588,0.05120354890823364,,1.1323952674865723
1589,0.0577327162027359,,1.2508275508880615
1590,0.06467165797948837,,1.1803810596466064
1591,0.06754139065742493,,1.6553784608840942
1592,0.06967410445213318,,1.3983628749847412
1593,0.06499512493610382,,1.4782559871673584
1594,0.059422772377729416,,1.3767808675765991
1595,0.06755559146404266,,1.2119141817092896
1596,0.05997534096240997,,1.3294222354888916
1597,0.06361009925603867,,1.370361566543579
1598,0.06902826577425003,,1.4167214632034302
1599,0.06892158091068268,,1.4193183183670044
1600,0.06785091757774353,,1.3814823627471924
1601,0.07383598387241364,,1.163082242012024
1602,0.06302947551012039,,1.3641794919967651
1603,0.05719178915023804,,1.0617671012878418
1604,0.06663951277732849,,1.5288761854171753
1605,0.06661416590213776,,1.3832552433013916
1606,0.05174756050109863,,1.1733720302581787
1607,0.06048375740647316,,1.2543449401855469
1608,0.06845355033874512,,1.3432203531265259
1609,0.0597461573779583,,1.2692430019378662
1610,0.0586751364171505,,1.253073811531067
1611,0.055201366543769836,,1.1474930047988892
1612,0.05892351642251015,,1.1493690013885498
1613,0.06645245105028152,,1.3867361545562744
1614,0.05813055858016014,,1.3061734437942505
1615,0.049769818782806396,,1.3016307353973389
1616,0.05707309767603874,,1.3940449953079224
1617,0.06325936317443848,,1.3185696601867676
1618,0.04884907975792885,,1.1655892133712769
1619,0.05710098147392273,,1.477967381477356
1620,0.06964664906263351,,1.4717962741851807
1621,0.056719835847616196,,1.431807041168213
1622,0.058140482753515244,,1.2200205326080322
1623,0.06139405444264412,,1.2968332767486572
1624,0.059958722442388535,,1.1002477407455444
1625,0.05754199996590614,,1.355513334274292
1626,0.06007175147533417,,1.2125627994537354
1627,0.06161929666996002,,1.4206244945526123
1628,0.05768199637532234,,1.2935971021652222
1629,0.06536471098661423,,1.647279977798462
1630,0.0615655779838562,,1.3773863315582275
1631,0.07343222200870514,,1.5877375602722168
1632,0.06459924578666687,,1.3111757040023804
1633,0.06990107893943787,,1.5238945484161377
1634,0.05991997942328453,,1.4008673429489136
1635,0.06581413000822067,,1.5077235698699951
1636,0.0627656951546669,,1.31299889087677
1637,0.0754227414727211,,1.4784830808639526
1638,0.06066377833485603,,1.3782892227172852
1639,0.060743749141693115,,1.419938325881958
1640,0.06252343952655792,,1.4705771207809448
1641,0.06083172559738159,,1.4671016931533813
1642,0.059748630970716476,,1.363799810409546
1643,0.06914480775594711,,1.338305115699768
1644,0.05998222902417183,,1.257777452468872
1645,0.06030048057436943,,1.5162538290023804
1646,0.05827781558036804,,1.2953506708145142
1647,0.04831628501415253,,1.266849160194397
1648,0.06024841591715813,,1.3905521631240845
1649,0.06472455710172653,,1.6264084577560425
1650,0.0575922466814518,,1.247296690940857
1651,0.05708647891879082,,1.2921533584594727
1652,0.060719650238752365,,1.4393666982650757
1653,0.05508313700556755,,1.1122909784317017
1654,0.05431787669658661,,1.4482290744781494
1655,0.054306045174598694,,1.411973237991333
1656,0.0548483282327652,,1.2939437627792358
1657,0.05361168086528778,,1.0510878562927246
1658,0.06872737407684326,,1.6686687469482422
1659,0.0502578504383564,,1.2944926023483276
1660,0.052818071097135544,,1.1181706190109253
1661,0.07524410635232925,,1.5659018754959106
1662,0.05618781968951225,,1.2743905782699585
1663,0.06141483783721924,,1.29995858669281
1664,0.057635869830846786,,1.2959644794464111
1665,0.058522794395685196,,1.330047845840454
1666,0.05757253244519234,,1.247459888458252
1667,0.06037384271621704,,1.5654041767120361
1668,0.06560804694890976,,1.5924516916275024
1669,0.06046492978930473,,1.2449874877929688
1670,0.06863287091255188,,1.4919276237487793
1671,0.05259186401963234,,1.313521146774292
1672,0.06444499641656876,,1.3220077753067017
1673,0.06580080837011337,,1.3993815183639526
1674,0.062462080270051956,,1.3985847234725952
1675,0.05772937834262848,,1.3490954637527466
1676,0.06523564457893372,,1.3126283884048462
1677,0.062069058418273926,,1.4354015588760376
1678,0.05754755809903145,,1.4231793880462646
1679,0.05805819109082222,,1.346145749092102
1680,0.06434737890958786,,1.5107957124710083
1681,0.05136847496032715,,1.265622615814209
1682,0.06591997295618057,,1.3671667575836182
1683,0.06272640079259872,,1.2792603969573975
1684,0.060260970145463943,,1.439903736114502
1685,0.04992253705859184,,1.205735206604004
1686,0.06566839665174484,,1.536813735961914
1687,0.06328912079334259,,1.5115970373153687
1688,0.06392776966094971,,1.6950236558914185
1689,0.06840658187866211,,1.3943568468093872
1690,0.04989585280418396,,1.2200472354888916
1691,0.058851633220911026,,1.4114197492599487
1692,0.05692817643284798,,1.6498781442642212
1693,0.066679947078228,,1.54115629196167
1694,0.05445563793182373,,1.4844163656234741
1695,0.06701704114675522,,1.282225251197815
1696,0.06694412976503372,,1.7867939472198486
1697,0.048349786549806595,,1.3366796970367432
1698,0.05919601023197174,,1.4295929670333862
1699,0.05833357572555542,,1.443446159362793
1700,0.06161024793982506,,1.2513706684112549
1701,0.06057285889983177,,1.5068938732147217
1702,0.05910692736506462,,1.3119758367538452
1703,0.059380292892456055,,1.4260168075561523
1704,0.06167784333229065,,1.2398730516433716
1705,0.06191237270832062,,1.457905888557434
1706,0.05927816033363342,,1.2091468572616577
1707,0.05235159769654274,,1.1903743743896484
1708,0.054469212889671326,,1.138282060623169
1709,0.05948483943939209,,1.221896767616272
1710,0.05168970301747322,,1.2303160429000854
1711,0.047112662345170975,,1.066340446472168
1712,0.05716708302497864,,1.1383017301559448
1713,0.05540822446346283,,1.3093926906585693
1714,0.050052035599946976,,1.1637413501739502
1715,0.060211777687072754,,1.4558353424072266
1716,0.05281119421124458,,1.119738221168518
1717,0.05106630548834801,,1.4282824993133545
1718,0.06118685379624367,,1.5644645690917969
1719,0.06632423400878906,,1.5686156749725342
1720,0.05869808420538902,,1.3646715879440308
1721,0.0646984651684761,,1.5068848133087158
1722,0.062342118471860886,,1.379190444946289
1723,0.06141821667551994,,1.6146373748779297
1724,0.07281353324651718,,1.5126457214355469
1725,0.06242132559418678,,1.5605463981628418
1726,0.0633845403790474,,1.4732308387756348
1727,0.05927898362278938,,1.4929921627044678
1728,0.06100395321846008,,1.462913990020752
1729,0.0554690845310688,,1.5126551389694214
1730,0.06274265050888062,,1.2317860126495361
1731,0.05752704665064812,,1.2864172458648682
1732,0.06079799309372902,,1.304518222808838
1733,0.057729896157979965,,1.2205349206924438
1734,0.07068481296300888,,1.326841950416565
1735,0.060966599732637405,,1.5148723125457764
1736,0.0715075209736824,,1.4385002851486206
1737,0.05839549005031586,,1.312646508216858
1738,0.057678211480379105,,1.5560190677642822
1739,0.05557388439774513,,1.063252568244934
1740,0.053649190813302994,,1.414438247680664
1741,0.05321788415312767,,1.2930740118026733
1742,0.047752976417541504,,1.2829852104187012
1743,0.06332819163799286,,1.4566487073898315
1744,0.05654061958193779,,1.4225138425827026
1745,0.06291423738002777,,1.5013177394866943
1746,0.04903140664100647,,1.3165967464447021
1747,0.045872870832681656,,1.249561071395874
1748,0.057094454765319824,,1.2833689451217651
1749,0.05636060610413551,,1.4699712991714478
1750,0.056356143206357956,,1.2812107801437378
1751,0.062390074133872986,,1.6273353099822998
1752,0.056311290711164474,,1.2530537843704224
1753,0.05763201788067818,,1.5384728908538818
1754,0.05913949012756348,,1.4974411725997925
1755,0.056594204157590866,,1.316047191619873
1756,0.05368320643901825,,1.384083867073059
1757,0.059202611446380615,,1.362291932106018
1758,0.061324428766965866,,1.5343230962753296
1759,0.06505436450242996,,1.2749924659729004
1760,0.06565172225236893,,1.5274970531463623
1761,0.06042783334851265,,1.35446035861969
1762,0.05775595083832741,,1.3587870597839355
1763,0.05754313990473747,,1.1903250217437744
1764,0.065061055123806,,1.645564079284668
1765,0.04728000983595848,,1.1361840963363647
1766,0.059975478798151016,,1.5433989763259888
1767,0.05666380003094673,,1.3029472827911377
1768,0.05040028691291809,,1.485740303993225
1769,0.06596449762582779,,1.3640342950820923
1770,0.0543581061065197,,1.4504997730255127
1771,0.0543421171605587,,1.2149097919464111
1772,0.0653299018740654,,1.3592106103897095
1773,0.04641294106841087,,1.1154788732528687
1774,0.05811072885990143,,1.3401074409484863
1775,0.060435518622398376,,1.4761301279067993
1776,0.053900789469480515,,1.310627818107605
1777,0.05378684401512146,,1.3137933015823364
1778,0.049498409032821655,,1.3681176900863647
1779,0.05088048055768013,,1.2646492719650269
1780,0.05112607404589653,,1.2299813032150269
1781,0.04894918575882912,,1.300579309463501
1782,0.054669152945280075,,1.0638933181762695
1783,0.05231985077261925,,1.5426019430160522
1784,0.05049709975719452,,1.3171254396438599
1785,0.05220480635762215,,1.3992382287979126
1786,0.059851497411727905,,1.5523186922073364
1787,0.06293592602014542,,1.479103446006775
1788,0.05406462028622627,,1.234244465827942
1789,0.04986901208758354,,1.2925639152526855
1790,0.04548877477645874,,1.2503554821014404
1791,0.05811850726604462,,1.5441087484359741
1792,0.051163118332624435,,1.292164921760559
1793,0.04819078370928764,,1.2228764295578003
1794,0.0570092499256134,,1.1339610815048218
1795,0.05928962305188179,,1.4983199834823608
1796,0.05633782222867012,,1.3334053754806519
1797,0.05797174200415611,,1.499780535697937
1798,0.05523492023348808,,1.3632237911224365
1799,0.052296221256256104,,1.1237057447433472
1800,0.054567184299230576,,1.3250888586044312
1801,0.05681423470377922,,1.3046208620071411
1802,0.060527507215738297,,1.4208635091781616
1803,0.06264355778694153,,1.3848727941513062
1804,0.05273589491844177,,1.3556183576583862
1805,0.05010245740413666,,1.161845326423645
1806,0.058480411767959595,,1.4247976541519165
1807,0.05967599153518677,,1.404033899307251
1808,0.05299274995923042,,1.2000175714492798
1809,0.05321109667420387,,1.3593363761901855
1810,0.052851054817438126,,1.2461555004119873
1811,0.0638834610581398,,1.7133930921554565
1812,0.05240887776017189,,1.2146366834640503
1813,0.04642772674560547,,1.3377126455307007
1814,0.05181403085589409,,1.1649858951568604
1815,0.060078393667936325,,1.3508892059326172
1816,0.053723543882369995,,1.42058265209198
1817,0.0472862683236599,,0.9570117592811584
1818,0.053882256150245667,,1.5153650045394897
1819,0.044509608298540115,,1.034611701965332
1820,0.06591981649398804,,1.7489616870880127
1821,0.04729575291275978,,1.3374834060668945
1822,0.05238701403141022,,1.1955796480178833
1823,0.059967491775751114,,1.545220136642456
1824,0.056494612246751785,,1.4612852334976196
1825,0.05338031053543091,,1.360757827758789
1826,0.05270228162407875,,1.3859155178070068
1827,0.05299025774002075,,1.330837368965149
1828,0.05561939999461174,,1.4013546705245972
1829,0.050875842571258545,,1.2731205224990845
1830,0.05720561742782593,,1.327480435371399
1831,0.04775184020400047,,1.0992674827575684
1832,0.05518975481390953,,1.5108661651611328
1833,0.046937037259340286,,1.217453122138977
1834,0.058333735913038254,,1.7321985960006714
1835,0.05174044892191887,,1.3925297260284424
1836,0.04832121729850769,,1.4628899097442627
1837,0.055279690772295,,1.3520689010620117
1838,0.04869082570075989,,1.267775535583496
1839,0.04575371742248535,,1.0828832387924194
1840,0.06532526761293411,,1.4767756462097168
1841,0.052652984857559204,,1.309157371520996
1842,0.060901936143636703,,1.3306488990783691
1843,0.058099862188100815,,1.3860931396484375
1844,0.05932364985346794,,1.485633373260498
1845,0.049195483326911926,,1.2942665815353394
1846,0.05879998579621315,,1.495916724205017
1847,0.059996336698532104,,1.370609998703003
1848,0.0540141761302948,,1.3369041681289673
1849,0.05500887706875801,,1.3438478708267212
1850,0.055391356348991394,,1.3422363996505737
1851,0.04818908870220184,,1.3396413326263428
1852,0.05906461179256439,,1.3958138227462769
1853,0.07041735202074051,,1.616105318069458
1854,0.051186453551054,,1.3383091688156128
1855,0.05376863852143288,,1.1710948944091797
1856,0.05519231781363487,,1.4969922304153442
1857,0.056456759572029114,,1.1309646368026733
1858,0.05497802793979645,,1.3589646816253662
1859,0.05268325284123421,,1.3177289962768555
1860,0.05633194372057915,,1.4784530401229858
1861,0.05887053534388542,,1.328696608543396
1862,0.054682690650224686,,1.2390094995498657
1863,0.051241714507341385,,1.2571592330932617
1864,0.05185304209589958,,1.2666361331939697
1865,0.05832545459270477,,1.4078071117401123
1866,0.05343617871403694,,1.300551176071167
1867,0.050351712852716446,,1.2127045392990112
1868,0.05569182336330414,,1.2409747838974
1869,0.05442337691783905,,1.2802776098251343
1870,0.06152667477726936,,1.5518078804016113
1871,0.051474664360284805,,1.35100519657135
1872,0.05146854743361473,,1.4148015975952148
1873,0.04554223641753197,,1.1174784898757935
1874,0.05816247686743736,,1.7478399276733398
1875,0.055291492491960526,,1.297761082649231
1876,0.05132865905761719,,1.6225625276565552
1877,0.056800272315740585,,1.760366678237915
1878,0.05358657240867615,,1.4793107509613037
1879,0.052775438874959946,,1.4830018281936646
1880,0.05533869192004204,,1.4844822883605957
1881,0.0475846566259861,,1.3074265718460083
1882,0.06018765643239021,,1.3099365234375
1883,0.05147363245487213,,1.4707475900650024
1884,0.048014696687459946,,1.407942295074463
1885,0.054512638598680496,,1.473881483078003
1886,0.05481619015336037,,1.2126240730285645
1887,0.049181174486875534,,1.2175832986831665
1888,0.04140523076057434,,1.306410551071167
1889,0.06330451369285583,,1.3603025674819946
1890,0.061972726136446,,1.2931627035140991
1891,0.056675639003515244,,1.491876244544983
1892,0.048142511397600174,,1.0472195148468018
1893,0.0492948479950428,,1.1990612745285034
1894,0.057288821786642075,,1.2162905931472778
1895,0.05344038084149361,,1.3106745481491089
1896,0.04931929334998131,,1.3975651264190674
1897,0.054827407002449036,,1.3828977346420288
1898,0.0648532286286354,,1.5303643941879272
1899,0.055905625224113464,,1.6116669178009033
1900,0.06122085824608803,,1.313747525215149
1901,0.05073770880699158,,1.5970004796981812
1902,0.04777754470705986,,1.2559242248535156
1903,0.05482042208313942,,1.68648099899292
1904,0.057957109063863754,,1.5408011674880981
1905,0.05315500125288963,,1.5135149955749512
1906,0.05366402864456177,,1.47394597530365
1907,0.06263052672147751,,1.635206937789917
1908,0.05359819158911705,,1.4608677625656128
1909,0.049279291182756424,,1.3064733743667603
1910,0.05560828372836113,,1.4207566976547241
1911,0.041845981031656265,,1.2392693758010864
1912,0.04962803050875664,,1.3719440698623657
1913,0.046795498579740524,,1.1503887176513672
1914,0.05433522164821625,,1.4420373439788818
1915,0.05154663324356079,,1.2759437561035156
1916,0.05859702453017235,,1.6041349172592163
1917,0.057982493191957474,,1.2651194334030151
1918,0.046973228454589844,,1.4999771118164062
1919,0.0521104596555233,,1.3847287893295288
1920,0.05203475430607796,,1.4959462881088257
1921,0.04957638308405876,,1.5242044925689697
1922,0.047709062695503235,,1.2025468349456787
1923,0.055647581815719604,,1.7298169136047363
1924,0.05479096248745918,,1.3950217962265015
1925,0.055533405393362045,,1.7233730554580688
1926,0.05634547397494316,,1.6959742307662964
1927,0.04321498051285744,,1.104182481765747
1928,0.050520699471235275,,1.457832932472229
1929,0.04249013960361481,,1.2120424509048462
1930,0.05347215011715889,,1.3599958419799805
1931,0.04190220311284065,,1.3341931104660034
1932,0.05768079683184624,,1.3534283638000488
1933,0.060615431517362595,,1.7261017560958862
1934,0.05167947709560394,,1.468629002571106
1935,0.04848407581448555,,1.2850600481033325
1936,0.0531587116420269,,1.4480111598968506
1937,0.05141972377896309,,1.3472110033035278
1938,0.0526098757982254,,1.3839091062545776
1939,0.054928142577409744,,1.5884307622909546
1940,0.04890779033303261,,1.1263550519943237
1941,0.05409399792551994,,1.5333253145217896
1942,0.047515880316495895,,1.3480952978134155
1943,0.04901893436908722,,1.5083593130111694
1944,0.04792866110801697,,1.3217816352844238
1945,0.05486394837498665,,1.5953911542892456
1946,0.05465922877192497,,1.5124905109405518
1947,0.0585959367454052,,1.4602233171463013
1948,0.04533909633755684,,1.1748461723327637
1949,0.055100876837968826,,1.3525919914245605
1950,0.044847238808870316,,1.2669745683670044
1951,0.05332515016198158,,1.332890272140503
1952,0.05520304664969444,,1.3780834674835205
1953,0.06092078983783722,,1.3190215826034546
1954,0.05732192099094391,,1.2843557596206665
1955,0.049466341733932495,,1.2880216836929321
1956,0.047660041600465775,,1.343991994857788
1957,0.053300827741622925,,1.3495947122573853
1958,0.05226442217826843,,1.376164436340332
1959,0.045485515147447586,,1.268930435180664
1960,0.04938920959830284,,1.3190289735794067
1961,0.0461457334458828,,1.1668906211853027
1962,0.07104019075632095,,1.3851069211959839
1963,0.058168988674879074,,1.2571841478347778
1964,0.05411994084715843,,1.4796209335327148
1965,0.05017383024096489,,1.3376340866088867
1966,0.05691368505358696,,1.366607904434204
1967,0.052576493471860886,,1.4141664505004883
1968,0.050981294363737106,,1.2717304229736328
1969,0.04772976413369179,,1.2533936500549316
1970,0.05165195092558861,,1.2945153713226318
1971,0.05640938878059387,,1.5165244340896606
1972,0.04573074355721474,,1.10419499874115
1973,0.04974362254142761,,1.2867836952209473
1974,0.05874970927834511,,1.3127772808074951
1975,0.0530582033097744,,1.375731348991394
1976,0.04783131554722786,,1.1943591833114624
1977,0.04974949732422829,,1.4009491205215454
1978,0.049686312675476074,,1.1106247901916504
1979,0.0415535531938076,,1.2661725282669067
1980,0.056829631328582764,,1.3068270683288574
1981,0.05823221430182457,,1.4898730516433716
1982,0.04133559763431549,,1.308307409286499
1983,0.05494542419910431,,1.3529226779937744
1984,0.04646033048629761,,1.3956596851348877
1985,0.044584620743989944,,0.9936367869377136
1986,0.046357110142707825,,1.4429947137832642
1987,0.0628727599978447,,1.3339217901229858
1988,0.054860811680555344,,1.3242911100387573
1989,0.04678646847605705,,1.2555325031280518
1990,0.05093718692660332,,1.1416256427764893
1991,0.04840531945228577,,1.4749547243118286
1992,0.04836191609501839,,1.295682668685913
1993,0.04603709653019905,,1.2243081331253052
1994,0.05801356956362724,,1.254106044769287
1995,0.04776792228221893,,1.4694572687149048
1996,0.0514778234064579,,1.2774401903152466
1997,0.05057486891746521,,1.23402738571167
1998,0.044911738485097885,,1.2629642486572266
1999,0.04910638555884361,,1.3724524974822998
2000,0.04611155390739441,0.053334624742908565,1.14947509765625
2001,0.054840486496686935,,1.5236120223999023
2002,0.049266278743743896,,1.273322582244873
2003,0.06296773254871368,,1.6753846406936646
2004,0.039735544472932816,,1.1422228813171387
2005,0.05461379885673523,,1.6890217065811157
2006,0.04445633292198181,,1.0160924196243286
2007,0.04996319115161896,,1.7294328212738037
2008,0.043479934334754944,,1.4292593002319336
2009,0.052796587347984314,,1.6718248128890991
2010,0.048521559685468674,,1.5894757509231567
2011,0.059644605964422226,,1.507529377937317
2012,0.051193803548812866,,1.4335662126541138
2013,0.05409972742199898,,1.5763529539108276
2014,0.04964950308203697,,1.3756009340286255
2015,0.04277270659804344,,1.4562461376190186
2016,0.058499664068222046,,1.4808731079101562
2017,0.05717301741242409,,1.690529227256775
2018,0.05280351638793945,,1.5718104839324951
2019,0.053142283111810684,,1.4407155513763428
2020,0.043974075466394424,,1.3722665309906006
2021,0.049552399665117264,,1.3957486152648926
2022,0.04671205207705498,,1.1964547634124756
2023,0.05076692998409271,,1.410122036933899
2024,0.041100818663835526,,1.0560582876205444
2025,0.05182063579559326,,1.3630837202072144
2026,0.05408008024096489,,1.236130714416504
2027,0.04810908064246178,,1.381261944770813
2028,0.05960024893283844,,1.455849289894104
2029,0.05705266818404198,,1.433159589767456
2030,0.04169098660349846,,1.2841256856918335
2031,0.059368494898080826,,1.4280340671539307
2032,0.05820249021053314,,1.443231463432312
2033,0.041979704052209854,,1.2644767761230469
2034,0.04714268445968628,,1.174669623374939
2035,0.04477309063076973,,1.266843557357788
2036,0.05174148082733154,,1.2051130533218384
2037,0.05305444821715355,,1.280308723449707
2038,0.04688872769474983,,1.3534674644470215
2039,0.044369280338287354,,0.9711868762969971
2040,0.06202556565403938,,1.5666996240615845
2041,0.0455438606441021,,1.128570795059204
2042,0.05792498216032982,,1.74982488155365
2043,0.04747183993458748,,1.5126984119415283
2044,0.04242365434765816,,1.2681289911270142
2045,0.052054513245821,,1.3851301670074463
2046,0.046323079615831375,,1.423564076423645
2047,0.06693684309720993,,1.416784405708313
2048,0.05308176949620247,,1.4574871063232422
2049,0.05397959426045418,,1.4906506538391113
2050,0.052175749093294144,,1.534480333328247
2051,0.05983688309788704,,1.478822112083435
2052,0.04984693229198456,,1.3393813371658325
2053,0.05241120234131813,,1.3859668970108032
2054,0.06386388838291168,,1.4637651443481445
2055,0.044073641300201416,,1.2536426782608032
2056,0.05437358841300011,,1.210700273513794
2057,0.04956068471074104,,1.2751519680023193
2058,0.044344011694192886,,1.2164052724838257
2059,0.041180625557899475,,1.1017793416976929
2060,0.043448951095342636,,1.282639503479004
2061,0.03744703158736229,,1.1507459878921509
2062,0.045930832624435425,,1.2783106565475464
2063,0.04538395628333092,,1.1189345121383667
2064,0.050242941826581955,,1.3145184516906738
2065,0.051957275718450546,,1.080566167831421
2066,0.04087754711508751,,1.2195342779159546
2067,0.042155638337135315,,1.2622826099395752
2068,0.05424593761563301,,1.3532671928405762
2069,0.05131606385111809,,1.501488208770752
2070,0.042950745671987534,,1.142336130142212
2071,0.05013541504740715,,1.6386383771896362
2072,0.050633545964956284,,1.3898513317108154
2073,0.053136274218559265,,1.4432224035263062
2074,0.04674302414059639,,1.3327844142913818
2075,0.037624504417181015,,1.178936243057251
2076,0.04890666902065277,,1.3530573844909668
2077,0.04151323437690735,,1.18509042263031
2078,0.040845390409231186,,1.069775938987732
2079,0.05229802057147026,,1.1756024360656738
2080,0.039208393543958664,,1.2511333227157593
2081,0.05349839851260185,,1.1746495962142944
2082,0.04857470467686653,,1.4827929735183716
2083,0.04844504967331886,,1.2287521362304688
2084,0.055397212505340576,,1.6023638248443604
2085,0.03956224396824837,,1.114861011505127
2086,0.05272356793284416,,1.4064487218856812
2087,0.04563537612557411,,1.0935769081115723
2088,0.043865788727998734,,1.450276494026184
2089,0.05339221656322479,,1.51199209690094
2090,0.04329843446612358,,1.4557794332504272
2091,0.05799240991473198,,1.5174522399902344
2092,0.0432860404253006,,1.2993911504745483
2093,0.04277072474360466,,1.3846962451934814
2094,0.042974431067705154,,1.2214010953903198
2095,0.05318152904510498,,1.5317384004592896
2096,0.052401214838027954,,1.45872163772583
2097,0.04788244888186455,,1.3860273361206055
2098,0.05334236100316048,,1.4380558729171753
2099,0.052289750427007675,,1.4709306955337524
2100,0.039930421859025955,,1.2730927467346191
2101,0.04845502972602844,,1.5172775983810425
2102,0.05426836013793945,,1.512945532798767
2103,0.05757824704051018,,1.5452908277511597
2104,0.04806375131011009,,1.2346197366714478
2105,0.049934644252061844,,1.37382173538208
2106,0.048853129148483276,,1.1790200471878052
2107,0.05275891348719597,,1.481276035308838
2108,0.05017920210957527,,1.381993293762207
2109,0.05203856900334358,,1.4340022802352905
2110,0.04626932740211487,,1.302490234375
2111,0.05345673859119415,,1.3885319232940674
2112,0.05027389898896217,,1.4777165651321411
2113,0.04976775869727135,,1.3239809274673462
2114,0.04819134995341301,,1.4507887363433838
2115,0.05174452066421509,,1.5311028957366943
2116,0.04611794278025627,,1.2994099855422974
2117,0.05054530128836632,,1.336674451828003
2118,0.05246618762612343,,1.55914306640625
2119,0.05225271359086037,,1.4868216514587402
2120,0.05581459403038025,,1.4072380065917969
2121,0.0496511347591877,,1.338955283164978
2122,0.04476698860526085,,1.1644734144210815
2123,0.040382564067840576,,1.2847485542297363
2124,0.041693832725286484,,1.1732758283615112
2125,0.050577666610479355,,1.2823048830032349
2126,0.039468925446271896,,1.3295973539352417
2127,0.04553510248661041,,1.2595562934875488
2128,0.05130759999155998,,1.5646276473999023
2129,0.04212565720081329,,1.094274878501892
2130,0.04061942920088768,,1.4382981061935425
2131,0.05002817511558533,,1.269337773323059
2132,0.03922828286886215,,1.1651769876480103
2133,0.050789445638656616,,1.5978786945343018
2134,0.0461961030960083,,1.4303438663482666
2135,0.04974615201354027,,1.4171737432479858
2136,0.048548173159360886,,1.505065679550171
2137,0.0478401817381382,,1.4347299337387085
2138,0.04068218544125557,,1.283251166343689
2139,0.046841759234666824,,1.3756378889083862
2140,0.04440261796116829,,1.3209367990493774
2141,0.048585087060928345,,1.3999011516571045
2142,0.04418805614113808,,1.2774958610534668
2143,0.04348244145512581,,1.3580652475357056
2144,0.04286717250943184,,1.2777413129806519
2145,0.05006787180900574,,1.323952555656433
2146,0.05440600588917732,,1.2147279977798462
2147,0.05434774234890938,,1.5783801078796387
2148,0.045134495943784714,,1.0515695810317993
2149,0.05208754912018776,,1.6726042032241821
2150,0.04134846851229668,,1.3471320867538452
2151,0.05048474296927452,,1.4776268005371094
2152,0.0473373644053936,,1.4188401699066162
2153,0.04877271130681038,,1.3113104104995728
2154,0.043280523270368576,,1.3311794996261597
2155,0.04327388480305672,,1.2417607307434082
2156,0.04479053243994713,,1.4981580972671509
2157,0.04229508712887764,,1.2070127725601196
2158,0.04892021417617798,,1.748347520828247
2159,0.04898565635085106,,1.3449947834014893
2160,0.04136533662676811,,1.3231401443481445
2161,0.05572386085987091,,1.653149962425232
2162,0.04476705193519592,,1.3212672472000122
2163,0.044838156551122665,,1.526750087738037
2164,0.04824872314929962,,1.3042380809783936
2165,0.04360080137848854,,1.6065763235092163
2166,0.058170828968286514,,1.796963095664978
2167,0.0479096882045269,,1.347383737564087
2168,0.0440058596432209,,1.3339152336120605
2169,0.04457196220755577,,1.2727248668670654
2170,0.050534188747406006,,1.513332486152649
2171,0.04244492948055267,,1.4372607469558716
2172,0.0565282441675663,,1.3343143463134766
2173,0.05794384703040123,,1.828199863433838
2174,0.04584847018122673,,1.462331771850586
2175,0.03775724768638611,,1.2843985557556152
2176,0.0490911491215229,,1.5828418731689453
2177,0.042300160974264145,,1.3058116436004639
2178,0.05828537419438362,,1.3811662197113037
2179,0.04369716718792915,,1.2752243280410767
2180,0.05307916924357414,,1.457716941833496
2181,0.042085256427526474,,1.39003324508667
2182,0.03469344601035118,,1.1046385765075684
2183,0.041971709579229355,,1.1028110980987549
2184,0.04693001136183739,,1.1676980257034302
2185,0.03693236783146858,,1.2514523267745972
2186,0.051375288516283035,,1.1552845239639282
2187,0.043369684368371964,,1.4497324228286743
2188,0.050148725509643555,,1.2831789255142212
2189,0.049706410616636276,,1.535661220550537
2190,0.05449289083480835,,1.7854567766189575
2191,0.041575219482183456,,1.2124041318893433
2192,0.055033084005117416,,1.5036444664001465
2193,0.04871285334229469,,1.429659366607666
2194,0.0540488176047802,,1.5201232433319092
2195,0.049404487013816833,,1.598678469657898
2196,0.047064438462257385,,1.3428360223770142
2197,0.04438123106956482,,1.535646677017212
2198,0.047392118722200394,,1.5272125005722046
2199,0.04588152468204498,,1.2580751180648804
2200,0.049301628023386,,1.511792540550232
2201,0.048076774924993515,,1.3487802743911743
2202,0.05771268531680107,,1.5928022861480713
2203,0.0548497699201107,,1.4748482704162598
2204,0.03701521083712578,,1.1608779430389404
2205,0.05171629786491394,,1.367911458015442
2206,0.05078229308128357,,1.3314789533615112
2207,0.04724382236599922,,1.5624492168426514
2208,0.050562113523483276,,1.514347791671753
2209,0.052391838282346725,,1.523420810699463
2210,0.047035809606313705,,1.377881646156311
2211,0.04966536536812782,,1.3240442276000977
2212,0.04538564756512642,,1.379548192024231
2213,0.05281500890851021,,1.5070587396621704
2214,0.04320381581783295,,1.2189691066741943
2215,0.04676620289683342,,1.327735424041748
2216,0.03945072367787361,,1.0317946672439575
2217,0.04539414122700691,,1.4409229755401611
2218,0.040052954107522964,,1.1103863716125488
2219,0.05488789081573486,,1.481041669845581
2220,0.045420438051223755,,1.209336757659912
2221,0.050461310893297195,,1.3717914819717407
2222,0.04596935585141182,,1.26560378074646
2223,0.0497291274368763,,1.2230890989303589
2224,0.04479750618338585,,1.2931731939315796
2225,0.041326433420181274,,1.094220757484436
2226,0.0463455505669117,,1.4300415515899658
2227,0.04743555560708046,,1.1815112829208374
2228,0.04691508784890175,,1.554825782775879
2229,0.04994584992527962,,1.391046166419983
2230,0.043460726737976074,,1.441144347190857
2231,0.0461970753967762,,1.38540518283844
2232,0.04691062495112419,,1.4274189472198486
2233,0.0459786057472229,,1.393308401107788
2234,0.049241695553064346,,1.464393973350525
2235,0.038746219128370285,,1.3935881853103638
2236,0.05113228037953377,,1.4774229526519775
2237,0.046437446027994156,,1.3660593032836914
2238,0.04519691690802574,,1.2499936819076538
2239,0.03663410618901253,,1.1496317386627197
2240,0.049314096570014954,,1.3185527324676514
2241,0.04435097798705101,,1.2522553205490112
2242,0.0401112362742424,,1.2782965898513794
2243,0.05406130477786064,,1.1651746034622192
2244,0.03985094651579857,,1.282283902168274
2245,0.044947486370801926,,1.1982208490371704
2246,0.04467485472559929,,1.5509330034255981
2247,0.04457004740834236,,1.3795937299728394
2248,0.052422333508729935,,1.3781861066818237
2249,0.045117978006601334,,1.4220783710479736
2250,0.04981810972094536,,1.2791675329208374
2251,0.052514344453811646,,1.4450398683547974
2252,0.04175029695034027,,1.3881701231002808
2253,0.04656035080552101,,1.252842903137207
2254,0.04182322323322296,,1.1950849294662476
2255,0.0470288060605526,,1.3325505256652832
2256,0.04377485439181328,,1.1100077629089355
2257,0.04756668210029602,,1.4710862636566162
2258,0.045569490641355515,,1.1727707386016846
2259,0.05595211312174797,,1.6472816467285156
2260,0.046334367245435715,,1.3138442039489746
2261,0.041230469942092896,,1.3467189073562622
2262,0.041240911930799484,,1.4492640495300293
2263,0.04327462986111641,,1.2884567975997925
2264,0.056230004876852036,,1.657808780670166
2265,0.049997057765722275,,1.3941447734832764
2266,0.04954243078827858,,1.5169814825057983
2267,0.04768906533718109,,1.3778589963912964
2268,0.05062029883265495,,1.5590018033981323
2269,0.051350440829992294,,1.3265128135681152
2270,0.042204733937978745,,1.1498708724975586
2271,0.03747956082224846,,1.3425180912017822
2272,0.042986929416656494,,1.1910582780838013
2273,0.04713250696659088,,1.4783899784088135
2274,0.044646475464105606,,1.172571063041687
2275,0.0402136854827404,,1.3001911640167236
2276,0.05478530749678612,,1.4472270011901855
2277,0.048040468245744705,,1.539186954498291
2278,0.052583348006010056,,1.3170305490493774
2279,0.04311450943350792,,1.4430713653564453
2280,0.04965987429022789,,1.4862505197525024
2281,0.04412947595119476,,1.3370630741119385
2282,0.0523938350379467,,1.4685815572738647
2283,0.037279851734638214,,1.253701090812683
2284,0.056984636932611465,,1.5557318925857544
2285,0.041090600192546844,,1.2209542989730835
2286,0.041582562029361725,,1.2849607467651367
2287,0.03740452229976654,,1.1437585353851318
2288,0.04827651381492615,,1.2321054935455322
2289,0.057995203882455826,,1.6357734203338623
2290,0.04109148681163788,,1.2089042663574219
2291,0.045803338289260864,,1.4466696977615356
2292,0.045200198888778687,,1.251625657081604
2293,0.044585034251213074,,1.5462937355041504
2294,0.039318155497312546,,1.4114280939102173
2295,0.04421257972717285,,1.252380609512329
2296,0.05420197173953056,,1.657794713973999
2297,0.043434832245111465,,1.1450303792953491
2298,0.04989282414317131,,1.7283539772033691
2299,0.04892675206065178,,1.5658894777297974
2300,0.04278022423386574,,1.44573175907135
2301,0.05181417241692543,,1.485474705696106
2302,0.04345342144370079,,1.3467780351638794
2303,0.03830086067318916,,1.402322769165039
2304,0.04737986624240875,,1.5871145725250244
2305,0.03710176795721054,,1.0706168413162231
2306,0.05162704363465309,,1.448448657989502
2307,0.03521207347512245,,1.0578020811080933
2308,0.05201787129044533,,1.5438790321350098
2309,0.043292973190546036,,1.2402117252349854
2310,0.0373370461165905,,1.4350850582122803
2311,0.048028428107500076,,1.2240208387374878
2312,0.04484294727444649,,1.4119887351989746
2313,0.04486043378710747,,1.449623942375183
2314,0.03346093371510506,,1.3290586471557617
2315,0.04183386266231537,,1.3232574462890625
2316,0.03744136914610863,,1.2398587465286255
2317,0.05698898434638977,,1.730305790901184
2318,0.05335567891597748,,1.3145369291305542
2319,0.05435604974627495,,1.765507698059082
2320,0.050611332058906555,,1.727325201034546
2321,0.048072800040245056,,1.500495195388794
2322,0.0494208037853241,,1.544362187385559
2323,0.0445367656648159,,1.3498938083648682
2324,0.04210498556494713,,1.4223841428756714
2325,0.036480020731687546,,1.1998958587646484
2326,0.04666955769062042,,1.3259849548339844
2327,0.05481502786278725,,1.4464223384857178
2328,0.05399300530552864,,1.7360590696334839
2329,0.04273061826825142,,1.4319064617156982
2330,0.036840543150901794,,1.2542928457260132
2331,0.041960183531045914,,1.2946563959121704
2332,0.043593138456344604,,1.481668472290039
2333,0.04667619988322258,,1.1662641763687134
2334,0.04872271046042442,,1.4299267530441284
2335,0.042287033051252365,,1.1262127161026
2336,0.04261092469096184,,1.2404555082321167
2337,0.04571496322751045,,1.23262619972229
2338,0.04876921698451042,,1.341199278831482
2339,0.04505601525306702,,1.519787073135376
2340,0.034943655133247375,,1.061780571937561
2341,0.04318719729781151,,1.5248699188232422
2342,0.03154502436518669,,1.0694115161895752
2343,0.05237969383597374,,1.4997434616088867
2344,0.05243190750479698,,1.502771019935608
2345,0.044587165117263794,,1.4393978118896484
2346,0.044477686285972595,,1.154172420501709
2347,0.039557959884405136,,1.3207005262374878
2348,0.041526153683662415,,1.2506611347198486
2349,0.04466932639479637,,1.4039303064346313
2350,0.03886514529585838,,1.207212209701538
2351,0.04293959215283394,,1.3565877676010132
2352,0.04211537539958954,,1.0724118947982788
2353,0.046802107244729996,,1.506874918937683
2354,0.04243169352412224,,1.225866675376892
2355,0.045178160071372986,,1.6097666025161743
2356,0.04882173240184784,,1.664065957069397
2357,0.03810910880565643,,1.3736634254455566
2358,0.051763009279966354,,1.5791409015655518
2359,0.0484086275100708,,1.4307187795639038
2360,0.04536556825041771,,1.490105152130127
2361,0.04165938124060631,,1.5188968181610107
2362,0.03773675113916397,,1.4035894870758057
2363,0.04090504348278046,,1.3894171714782715
2364,0.04529503360390663,,1.2823067903518677
2365,0.042715463787317276,,1.2787009477615356
2366,0.04369714856147766,,1.2168070077896118
2367,0.04726024344563484,,1.49433434009552
2368,0.04019257053732872,,1.4243131875991821
2369,0.04136907681822777,,1.2903310060501099
2370,0.052328139543533325,,1.4827083349227905
2371,0.04262086749076843,,1.4137057065963745
2372,0.04590557888150215,,1.512988567352295
2373,0.04096375033259392,,1.3647589683532715
2374,0.044402237981557846,,1.245568871498108
2375,0.0446273572742939,,1.508530616760254
2376,0.046689122915267944,,1.4517070055007935
2377,0.04347527027130127,,1.4054522514343262
2378,0.045173611491918564,,1.2074384689331055
2379,0.04059344530105591,,1.2622565031051636
2380,0.0482918955385685,,1.3023957014083862
2381,0.03743322566151619,,1.2956327199935913
2382,0.03574090078473091,,1.1539885997772217
2383,0.04131288453936577,,1.2604594230651855
2384,0.04422018304467201,,1.4520515203475952
2385,0.03640170395374298,,1.0938355922698975
2386,0.04339320585131645,,1.5253905057907104
2387,0.04031713306903839,,1.3230483531951904
2388,0.05172339081764221,,1.6411868333816528
2389,0.04542762041091919,,1.5321632623672485
2390,0.051173578947782516,,1.753281593322754
2391,0.044345542788505554,,1.3654377460479736
2392,0.04073610529303551,,1.4360543489456177
2393,0.039448224008083344,,1.2472461462020874
2394,0.050113558769226074,,1.517430305480957
2395,0.03455189988017082,,1.2326159477233887
2396,0.05428627133369446,,1.761813759803772
2397,0.051726773381233215,,1.5345505475997925
2398,0.03946007043123245,,1.273655891418457
2399,0.04107828065752983,,1.3910406827926636
2400,0.03738873079419136,,1.1301275491714478
2401,0.04538588598370552,,1.4707680940628052
2402,0.04152701795101166,,1.3726160526275635
2403,0.04916131868958473,,1.514696717262268
2404,0.04477159306406975,,1.2933998107910156
2405,0.053015533834695816,,1.615151286125183
2406,0.038019243627786636,,1.1460723876953125
2407,0.04712440073490143,,1.5741310119628906
2408,0.0397748202085495,,1.2637794017791748
2409,0.040725599974393845,,1.518686056137085
2410,0.043809402734041214,,1.2402276992797852
2411,0.05025258660316467,,1.3904191255569458
2412,0.050833310931921005,,1.6274946928024292
2413,0.04259762167930603,,1.4210143089294434
2414,0.03886951506137848,,1.2327606678009033
2415,0.043725356459617615,,1.3131167888641357
2416,0.037556473165750504,,1.1228282451629639
2417,0.04686987027525902,,1.265740990638733
2418,0.04217465594410896,,1.3315988779067993
2419,0.043121565133333206,,1.1468989849090576
2420,0.04608319327235222,,1.5197919607162476
2421,0.04275035858154297,,1.3630181550979614
2422,0.050341058522462845,,1.6304517984390259
2423,0.04797321557998657,,1.4902678728103638
2424,0.03893835470080376,,1.3174872398376465
2425,0.0453469455242157,,1.4142532348632812
2426,0.046242814511060715,,1.3926886320114136
2427,0.03924529254436493,,1.4479880332946777
2428,0.05179368332028389,,1.3707962036132812
2429,0.04172716662287712,,1.2670804262161255
2430,0.04067005217075348,,1.446946144104004
2431,0.037586554884910583,,1.1363213062286377
2432,0.036805976182222366,,1.2070382833480835
2433,0.038710903376340866,,1.1309490203857422
2434,0.04348849132657051,,1.5128726959228516
2435,0.048347536474466324,,1.3518781661987305
2436,0.05196380987763405,,1.6219496726989746
2437,0.0489962100982666,,1.3595566749572754
2438,0.04403260722756386,,1.400997281074524
2439,0.0431920550763607,,1.4135174751281738
2440,0.04578840732574463,,1.6051379442214966
2441,0.05632391571998596,,1.7142722606658936
2442,0.040002066642045975,,1.4093239307403564
2443,0.04653637111186981,,1.4496692419052124
2444,0.03582625463604927,,1.3019953966140747
2445,0.042816609144210815,,1.394027590751648
2446,0.04106968268752098,,1.369194507598877
2447,0.04250719025731087,,1.3156864643096924
2448,0.04375579580664635,,1.4079786539077759
2449,0.04120213910937309,,1.2160449028015137
2450,0.04037640616297722,,1.332532286643982
2451,0.03544643521308899,,1.1572551727294922
2452,0.04154933616518974,,1.275316596031189
2453,0.0418366938829422,,1.1391688585281372
2454,0.046340446919202805,,1.3744624853134155
2455,0.04335099831223488,,1.343203067779541
2456,0.03981607034802437,,1.1979302167892456
2457,0.05204319581389427,,1.4604346752166748
2458,0.04150360822677612,,1.3685781955718994
2459,0.05020587518811226,,1.5084830522537231
2460,0.0493907667696476,,1.4978015422821045
2461,0.04377084970474243,,1.2525042295455933
2462,0.04168172553181648,,1.3156222105026245
2463,0.038314301520586014,,1.2034809589385986
2464,0.04115953668951988,,1.2651948928833008
2465,0.03803889453411102,,1.1774280071258545
2466,0.0427643358707428,,1.3109500408172607
2467,0.036019645631313324,,1.1611441373825073
2468,0.04307271167635918,,1.2982983589172363
2469,0.04142118990421295,,1.3855345249176025
2470,0.03483443334698677,,1.191342830657959
2471,0.038685478270053864,,1.3305596113204956
2472,0.04392627254128456,,1.3948471546173096
2473,0.04169953241944313,,1.2241454124450684
2474,0.038129422813653946,,1.1273478269577026
2475,0.03480731323361397,,1.148090124130249
2476,0.05213843286037445,,1.5927776098251343
2477,0.04261545464396477,,1.4052886962890625
2478,0.04031677916646004,,1.123388409614563
2479,0.04590332508087158,,1.3448952436447144
2480,0.04003971442580223,,1.2627307176589966
2481,0.03763410076498985,,1.04038405418396
2482,0.04584138095378876,,1.2658735513687134
2483,0.0343811959028244,,1.0095010995864868
2484,0.040214113891124725,,1.3234635591506958
2485,0.04726956784725189,,1.2230454683303833
2486,0.05041845515370369,,1.3033314943313599
2487,0.042392853647470474,,1.3916560411453247
2488,0.03869946673512459,,1.186657428741455
2489,0.04465537890791893,,1.4204919338226318
2490,0.042865972965955734,,1.1494438648223877
2491,0.03922666981816292,,1.4671125411987305
2492,0.04434965178370476,,1.2608622312545776
2493,0.04725447669625282,,1.6495436429977417
2494,0.04885752871632576,,1.56606125831604
2495,0.0464690737426281,,1.331691861152649
2496,0.04261881485581398,,1.4367730617523193
2497,0.038054727017879486,,1.286529779434204
2498,0.03908791020512581,,1.5276771783828735
2499,0.043153066188097,,1.3848764896392822
2500,0.04618462920188904,0.04276107646598788,1.4261188507080078
2501,0.04182978346943855,,1.2841191291809082
2502,0.04921133816242218,,1.4949109554290771
2503,0.043589998036623,,1.4008361101150513
2504,0.04859142005443573,,1.439247965812683
2505,0.0519622303545475,,1.8418426513671875
2506,0.04430196061730385,,1.2456965446472168
2507,0.03936087340116501,,1.4927842617034912
2508,0.04862171784043312,,1.5461640357971191
2509,0.04571998119354248,,1.4623453617095947
2510,0.041638877242803574,,1.2985095977783203
2511,0.04736802354454994,,1.5444844961166382
2512,0.041176773607730865,,1.4760640859603882
2513,0.043294504284858704,,1.4809402227401733
2514,0.041546132415533066,,1.3714905977249146
2515,0.045532017946243286,,1.5134873390197754
2516,0.034330036491155624,,1.3265522718429565
2517,0.044830322265625,,1.4601082801818848
2518,0.040850576013326645,,1.3386313915252686
2519,0.04067040607333183,,1.2724063396453857
2520,0.031105266883969307,,1.3104867935180664
2521,0.03727412968873978,,1.2865772247314453
2522,0.040904369205236435,,1.5950134992599487
2523,0.04583044722676277,,1.308967113494873
2524,0.04540203884243965,,1.4238853454589844
2525,0.046091776341199875,,1.3941479921340942
2526,0.03993920609354973,,1.3235195875167847
2527,0.046384524554014206,,1.371188759803772
2528,0.040456969290971756,,1.3739900588989258
2529,0.046950072050094604,,1.4797290563583374
2530,0.047053541988134384,,1.5168217420578003
2531,0.04310069978237152,,1.1474956274032593
2532,0.037237152457237244,,1.3076072931289673
2533,0.036153193563222885,,1.140357255935669
2534,0.04848800227046013,,1.6038280725479126
2535,0.05059590935707092,,1.5145515203475952
2536,0.03511421009898186,,1.3460267782211304
2537,0.03824397921562195,,1.405177354812622
2538,0.05077385902404785,,1.6292524337768555
2539,0.04051950201392174,,1.2289211750030518
2540,0.0412428118288517,,1.143784761428833
2541,0.034472476691007614,,1.1835651397705078
2542,0.03421400114893913,,1.050182580947876
2543,0.03518611937761307,,1.0318381786346436
2544,0.04441177845001221,,1.1970973014831543
2545,0.042388830333948135,,1.30454683303833
2546,0.04407062754034996,,1.1707215309143066
2547,0.04568633809685707,,1.3578197956085205
2548,0.05007462576031685,,1.34846031665802
2549,0.04523174464702606,,1.8957021236419678
2550,0.043964218348264694,,1.7321926355361938
2551,0.039087969809770584,,1.365719199180603
2552,0.04105983301997185,,1.569913625717163
2553,0.04984017089009285,,1.6120808124542236
2554,0.04440930485725403,,1.3188886642456055
2555,0.04100164398550987,,1.703230381011963
2556,0.04412534832954407,,1.3412693738937378
2557,0.04077104479074478,,1.4611928462982178
2558,0.04415248706936836,,1.6687893867492676
2559,0.04412565007805824,,1.4074739217758179
2560,0.03927163779735565,,1.5053256750106812
2561,0.03698208928108215,,1.3342758417129517
2562,0.04353097453713417,,1.3700928688049316
2563,0.045309778302907944,,1.5139703750610352
2564,0.05245222523808479,,1.4948090314865112
2565,0.034965988248586655,,1.2905921936035156
2566,0.04554204270243645,,1.3799973726272583
2567,0.04961508512496948,,1.600361943244934
2568,0.05243031680583954,,1.5827974081039429
2569,0.04162367060780525,,1.2004239559173584
2570,0.04256920889019966,,1.4842212200164795
2571,0.048053253442049026,,1.3659671545028687
2572,0.0339956171810627,,1.1860790252685547
2573,0.04049364849925041,,1.2071980237960815
2574,0.04103394225239754,,1.171337366104126
2575,0.03912809118628502,,1.2189785242080688
2576,0.044348035007715225,,1.3807886838912964
2577,0.038821637630462646,,1.2967723608016968
2578,0.033841196447610855,,1.1002107858657837
2579,0.045704007148742676,,1.2917366027832031
2580,0.04017383232712746,,1.2519958019256592
2581,0.040740057826042175,,1.297354817390442
2582,0.04362914338707924,,1.2216287851333618
2583,0.041738782078027725,,1.6417789459228516
2584,0.04691815748810768,,1.5015984773635864
2585,0.04597320035099983,,1.7451634407043457
2586,0.046485718339681625,,1.8745253086090088
2587,0.04178681597113609,,1.4151471853256226
2588,0.041877102106809616,,1.5098291635513306
2589,0.04420718178153038,,1.5556083917617798
2590,0.048990655690431595,,1.4939111471176147
2591,0.04077848792076111,,1.4289932250976562
2592,0.03392821177840233,,1.3284587860107422
2593,0.04334493353962898,,1.567160964012146
2594,0.032397639006376266,,1.2309820652008057
2595,0.04512326419353485,,1.5147777795791626
2596,0.03717124089598656,,1.2661421298980713
2597,0.04340982809662819,,1.3686515092849731
2598,0.04358014464378357,,1.308471441268921
2599,0.04833158478140831,,1.5333702564239502
2600,0.03527991473674774,,1.1170357465744019
2601,0.040755946189165115,,1.4327642917633057
2602,0.04083141312003136,,1.3280311822891235
2603,0.037347111850976944,,1.3388200998306274
2604,0.050275642424821854,,1.5488862991333008
2605,0.04377853870391846,,1.427259922027588
2606,0.04353299364447594,,1.4316060543060303
2607,0.040888462215662,,1.3646494150161743
2608,0.04276874288916588,,1.2635997533798218
2609,0.03528483957052231,,1.2443532943725586
2610,0.04397694766521454,,1.3277934789657593
2611,0.04601382836699486,,1.4089763164520264
2612,0.039350476115942,,1.169409990310669
2613,0.03942311927676201,,1.5114821195602417
2614,0.03682273253798485,,1.190459132194519
2615,0.03974320366978645,,1.688498616218567
2616,0.04797399044036865,,1.3256504535675049
2617,0.037592265754938126,,1.368700623512268
2618,0.03418451175093651,,1.259097695350647
2619,0.04164773225784302,,1.3100225925445557
2620,0.038483500480651855,,1.364365816116333
2621,0.04299810156226158,,1.450359582901001
2622,0.049183670431375504,,1.5000964403152466
2623,0.03473082557320595,,1.2725359201431274
2624,0.04640429839491844,,1.3069939613342285
2625,0.038449935615062714,,1.3767452239990234
2626,0.04119953140616417,,1.2685649394989014
2627,0.03504982218146324,,1.4117006063461304
2628,0.04257054999470711,,1.3717231750488281
2629,0.039008330553770065,,1.3943676948547363
2630,0.04915468767285347,,1.4923676252365112
2631,0.046666041016578674,,1.5452228784561157
2632,0.0362689383327961,,1.4873360395431519
2633,0.03760030120611191,,1.4185594320297241
2634,0.047305215150117874,,1.3866112232208252
2635,0.03802724555134773,,1.3148455619812012
2636,0.04227433726191521,,1.5315933227539062
2637,0.03626251220703125,,1.2203694581985474
2638,0.036936234682798386,,1.2711617946624756
2639,0.04416346922516823,,1.5211466550827026
2640,0.048835933208465576,,1.3007190227508545
2641,0.04695028439164162,,1.6569888591766357
2642,0.04075455293059349,,1.2344106435775757
2643,0.03586042299866676,,1.2648099660873413
2644,0.03920679911971092,,1.4019567966461182
2645,0.03957656770944595,,1.5086150169372559
2646,0.049101125448942184,,1.6169912815093994
2647,0.046005476266145706,,1.5143051147460938
2648,0.044798482209444046,,1.5453180074691772
2649,0.04563364014029503,,1.50757896900177
2650,0.04432060196995735,,1.4739457368850708
2651,0.0309432540088892,,1.143290638923645
2652,0.042974803596735,,1.3847451210021973
2653,0.045834388583898544,,1.4190080165863037
2654,0.03802284598350525,,1.4764034748077393
2655,0.042410094290971756,,1.0853331089019775
2656,0.03291710838675499,,1.422652244567871
2657,0.04136103764176369,,1.3640092611312866
2658,0.04550635814666748,,1.6022779941558838
2659,0.033708300441503525,,1.3496546745300293
2660,0.033729370683431625,,1.3994265794754028
2661,0.04789348319172859,,1.6455156803131104
2662,0.0408259816467762,,1.3975282907485962
2663,0.028902867808938026,,0.9927411079406738
2664,0.04212535545229912,,1.3086597919464111
2665,0.044087931513786316,,1.5502591133117676
2666,0.04840244725346565,,1.354278802871704
2667,0.043064188212156296,,1.6438199281692505
2668,0.035204365849494934,,1.2384727001190186
2669,0.049971435219049454,,1.7106878757476807
2670,0.04486948251724243,,1.6681935787200928
2671,0.03592851385474205,,1.2402021884918213
2672,0.04634838178753853,,1.5976371765136719
2673,0.04628472402691841,,1.4662491083145142
2674,0.03882070258259773,,1.2814286947250366
2675,0.04258010908961296,,1.6388574838638306
2676,0.04106594994664192,,1.3928660154342651
2677,0.04212350770831108,,1.376161813735962
2678,0.046968769282102585,,1.159480094909668
2679,0.04096665605902672,,1.439750075340271
2680,0.03639214485883713,,1.2073580026626587
2681,0.047456372529268265,,1.4992939233779907
2682,0.04439524933695793,,1.4716836214065552
2683,0.04503258690237999,,1.407417893409729
2684,0.04271068051457405,,1.4913935661315918
2685,0.048544760793447495,,1.3848514556884766
2686,0.041431549936532974,,1.278580665588379
2687,0.040265608578920364,,1.3522214889526367
2688,0.05007520318031311,,1.4535996913909912
2689,0.033009231090545654,,1.2494175434112549
2690,0.040097594261169434,,1.3391870260238647
2691,0.04140051454305649,,1.3893158435821533
2692,0.05456764996051788,,1.6845804452896118
2693,0.044540468603372574,,1.177207350730896
2694,0.03768809512257576,,1.4166624546051025
2695,0.04296378791332245,,1.3298426866531372
2696,0.036837387830019,,1.522140383720398
2697,0.03961503505706787,,1.350131630897522
2698,0.04410812258720398,,1.5015326738357544
2699,0.04499154910445213,,1.5691050291061401
2700,0.0365762859582901,,1.1908442974090576
2701,0.03325929120182991,,1.304154634475708
2702,0.03182823583483696,,1.245591163635254
2703,0.04050854966044426,,1.2192401885986328
2704,0.03883218392729759,,1.3903708457946777
2705,0.03659513592720032,,1.0883357524871826
2706,0.040769062936306,,1.4315299987792969
2707,0.04029282182455063,,1.23548424243927
2708,0.04330354556441307,,1.3641220331192017
2709,0.036952514201402664,,1.2334593534469604
2710,0.03676803037524223,,1.2409330606460571
2711,0.03635333478450775,,1.4373399019241333
2712,0.035229798406362534,,1.0261002779006958
2713,0.04802260175347328,,1.715432047843933
2714,0.03803033009171486,,1.333842396736145
2715,0.038398582488298416,,1.5934613943099976
2716,0.036942873150110245,,1.368543028831482
2717,0.03537465259432793,,1.302018404006958
2718,0.033473171293735504,,1.3027833700180054
2719,0.04028794541954994,,1.460771083831787
2720,0.03976518288254738,,1.4773454666137695
2721,0.04071052744984627,,1.471389889717102
2722,0.047031205147504807,,1.5546844005584717
2723,0.04272441193461418,,1.3146560192108154
2724,0.03190556541085243,,1.1412838697433472
2725,0.04363156855106354,,1.5377027988433838
2726,0.04222160577774048,,1.6399649381637573
2727,0.04245895519852638,,1.496416449546814
2728,0.039494600147008896,,1.4455515146255493
2729,0.03692462295293808,,1.3454424142837524
2730,0.047611698508262634,,1.8263508081436157
2731,0.042033251374959946,,1.58645498752594
2732,0.047878336161375046,,1.5492713451385498
2733,0.04651061072945595,,1.4403523206710815
2734,0.04230208322405815,,1.4052808284759521
2735,0.04018399491906166,,1.306272268295288
2736,0.03964562341570854,,1.5080682039260864
2737,0.03627163544297218,,1.2212995290756226
2738,0.04539501667022705,,1.5727299451828003
2739,0.04491603747010231,,1.4273380041122437
2740,0.04292739927768707,,1.505208134651184
2741,0.03481954336166382,,1.4991811513900757
2742,0.03948367014527321,,1.4368443489074707
2743,0.04121988266706467,,1.4035911560058594
2744,0.03615903854370117,,1.3644635677337646
2745,0.03452279046177864,,1.3268619775772095
2746,0.037442829459905624,,1.5355061292648315
2747,0.03613836690783501,,1.2933154106140137
2748,0.04075556620955467,,1.5555278062820435
2749,0.03901241347193718,,1.350825548171997
2750,0.04614391550421715,,1.4267562627792358
2751,0.035354603081941605,,1.32602059841156
2752,0.03969145193696022,,1.290968656539917
2753,0.0371561236679554,,1.2828176021575928
2754,0.03987563028931618,,1.4421606063842773
2755,0.034625597298145294,,1.1738084554672241
2756,0.03726897016167641,,1.2837326526641846
2757,0.04177677631378174,,1.2161732912063599
2758,0.03869040682911873,,1.3295584917068481
2759,0.04493270814418793,,1.2756414413452148
2760,0.0331156849861145,,1.2203352451324463
2761,0.03348388522863388,,1.1653209924697876
2762,0.0422300286591053,,1.4305616617202759
2763,0.039565037935972214,,1.39134681224823
2764,0.039728011935949326,,1.1461259126663208
2765,0.04040680453181267,,1.4949711561203003
2766,0.04113693907856941,,1.1575071811676025
2767,0.04563761129975319,,1.5415992736816406
2768,0.050164323300123215,,1.4475651979446411
2769,0.04188278317451477,,1.649314284324646
2770,0.043235715478658676,,1.5174164772033691
2771,0.03336875140666962,,1.2533841133117676
2772,0.02853614091873169,,1.3250755071640015
2773,0.0392259918153286,,1.3895570039749146
2774,0.0368308387696743,,1.4002914428710938
2775,0.03867775946855545,,1.4862639904022217
2776,0.03646068647503853,,1.244398832321167
2777,0.04489971324801445,,1.3625507354736328
2778,0.03285495191812515,,1.1497737169265747
2779,0.03944316878914833,,1.1403080224990845
2780,0.037880416959524155,,1.4999526739120483
2781,0.03705678507685661,,1.252339243888855
2782,0.04315384104847908,,1.4525994062423706
2783,0.035573020577430725,,1.3284683227539062
2784,0.04142606630921364,,1.5149954557418823
2785,0.044462334364652634,,1.4420263767242432
2786,0.036393437534570694,,1.3157798051834106
2787,0.03457251191139221,,1.2117544412612915
2788,0.03548204526305199,,1.2640355825424194
2789,0.04469633102416992,,1.3944436311721802
2790,0.04088268056511879,,1.4043176174163818
2791,0.03686246648430824,,1.2853350639343262
2792,0.039093468338251114,,1.3579696416854858
2793,0.036088813096284866,,1.4011578559875488
2794,0.04043596610426903,,1.4093742370605469
2795,0.04300398752093315,,1.3800643682479858
2796,0.042438115924596786,,1.489990472793579
2797,0.03950819745659828,,1.0896788835525513
2798,0.04373050853610039,,1.440261960029602
2799,0.03809292986989021,,1.1004414558410645
2800,0.043152064085006714,,1.676218867301941
2801,0.03809535875916481,,1.4016965627670288
2802,0.03532382473349571,,1.4815552234649658
2803,0.036861296743154526,,1.2447696924209595
2804,0.037739772349596024,,1.488722801208496
2805,0.04000600799918175,,1.261569857597351
2806,0.04947267100214958,,1.7915886640548706
2807,0.03657970950007439,,1.1473703384399414
2808,0.049171313643455505,,1.656656265258789
2809,0.037774015218019485,,1.2061870098114014
2810,0.03311555087566376,,1.237493634223938
2811,0.0387558788061142,,1.289626955986023
2812,0.03832167387008667,,1.2139235734939575
2813,0.043073177337646484,,1.2952154874801636
2814,0.044376399368047714,,1.4695295095443726
2815,0.03688569739460945,,1.216665506362915
2816,0.03290294483304024,,1.3134649991989136
2817,0.03937825560569763,,1.2316200733184814
2818,0.040397871285676956,,1.418297290802002
2819,0.032308343797922134,,1.1811927556991577
2820,0.0419999323785305,,1.5510205030441284
2821,0.04543688893318176,,1.4890172481536865
2822,0.039310093969106674,,1.3828574419021606
2823,0.03904387354850769,,1.336129069328308
2824,0.04190285503864288,,1.3933730125427246
2825,0.032333191484212875,,1.1631563901901245
2826,0.03735651820898056,,1.265670895576477
2827,0.03724370151758194,,1.1747568845748901
2828,0.03147338703274727,,1.3011162281036377
2829,0.041229259222745895,,1.3794519901275635
2830,0.03730987757444382,,1.463155746459961
2831,0.044294774532318115,,1.3809151649475098
2832,0.03314724937081337,,1.4398223161697388
2833,0.03872346132993698,,1.3042277097702026
2834,0.04113870486617088,,1.3881336450576782
2835,0.04288400337100029,,1.1455408334732056
2836,0.03866541013121605,,1.4047796726226807
2837,0.04268798604607582,,1.5085067749023438
2838,0.039230022579431534,,1.5957037210464478
2839,0.038481779396533966,,1.364187240600586
2840,0.04359470680356026,,1.6259626150131226
2841,0.04100220277905464,,1.381232500076294
2842,0.050458874553442,,1.4285202026367188
2843,0.04020203277468681,,1.3752187490463257
2844,0.03789166733622551,,1.3447352647781372
2845,0.03557677939534187,,1.3042553663253784
2846,0.04402831569314003,,1.2936983108520508
2847,0.04486990347504616,,1.4979314804077148
2848,0.035781897604465485,,1.26134192943573
2849,0.040897078812122345,,1.413995623588562
2850,0.03496856614947319,,1.3002699613571167
2851,0.03625643625855446,,1.3068394660949707
2852,0.0325389988720417,,1.1243467330932617
2853,0.039045318961143494,,1.5138952732086182
2854,0.03960913047194481,,1.4510891437530518
2855,0.040259890258312225,,1.6467746496200562
2856,0.03892948850989342,,1.308095932006836
2857,0.046241167932748795,,1.7237054109573364
2858,0.037885021418333054,,1.320438265800476
2859,0.036674998700618744,,1.2995343208312988
2860,0.04546952247619629,,1.5221290588378906
2861,0.03862559795379639,,1.3169548511505127
2862,0.035343531519174576,,1.1954652070999146
2863,0.041374027729034424,,1.477763295173645
2864,0.037723004817962646,,1.2944841384887695
2865,0.041931163519620895,,1.1499403715133667
2866,0.04332542419433594,,1.589339017868042
2867,0.04310324415564537,,1.2452901601791382
2868,0.044282928109169006,,1.6733466386795044
2869,0.035834308713674545,,1.2304346561431885
2870,0.0424422025680542,,1.636008858680725
2871,0.04388921335339546,,1.6999849081039429
2872,0.045779626816511154,,1.5819334983825684
2873,0.03447447717189789,,1.4325978755950928
2874,0.034056395292282104,,1.3186426162719727
2875,0.03988971933722496,,1.3297263383865356
2876,0.04549722373485565,,1.5421686172485352
2877,0.0313117541372776,,1.1130919456481934
2878,0.03775710240006447,,1.491413950920105
2879,0.03982759639620781,,1.4836407899856567
2880,0.03717944398522377,,1.342651128768921
2881,0.042215172201395035,,1.345001459121704
2882,0.04301038384437561,,1.4103704690933228
2883,0.03325944021344185,,1.2432193756103516
2884,0.039288509637117386,,1.399163007736206
2885,0.0421755425632,,1.5376343727111816
2886,0.04136808216571808,,1.2679563760757446
2887,0.037304263561964035,,1.2484573125839233
2888,0.030192850157618523,,1.077772855758667
2889,0.034320153295993805,,1.078835129737854
2890,0.03452618792653084,,1.128820538520813
2891,0.033929165452718735,,1.206517219543457
2892,0.03493330255150795,,1.039892315864563
2893,0.03844072297215462,,1.5618360042572021
2894,0.03640452027320862,,1.279271125793457
2895,0.042235687375068665,,1.6758233308792114
2896,0.03875957801938057,,1.5283689498901367
2897,0.03654676303267479,,1.4198365211486816
2898,0.032410722225904465,,1.2898112535476685
2899,0.03005857951939106,,1.1022340059280396
2900,0.03897987678647041,,1.3770153522491455
2901,0.03436267748475075,,1.2453511953353882
2902,0.03488432243466377,,1.3157981634140015
2903,0.0286563690751791,,1.1080336570739746
2904,0.04031020775437355,,1.4368342161178589
2905,0.04642781615257263,,1.4911575317382812
2906,0.028841068968176842,,1.1102098226547241
2907,0.04397587105631828,,1.2839919328689575
2908,0.03961896523833275,,1.6059072017669678
2909,0.03599345311522484,,1.2881083488464355
2910,0.04027676582336426,,1.474602460861206
2911,0.04057407006621361,,1.2071752548217773
2912,0.034186530858278275,,1.4310137033462524
2913,0.03539726138114929,,1.258753776550293
2914,0.04573826864361763,,1.8406612873077393
2915,0.03522396460175514,,1.3555303812026978
2916,0.04879482090473175,,1.703801155090332
2917,0.03488999232649803,,1.4477407932281494
2918,0.028857111930847168,,1.2910056114196777
2919,0.03685951977968216,,1.4852944612503052
2920,0.04188987985253334,,1.4303152561187744
2921,0.03590237721800804,,1.2083760499954224
2922,0.0425155907869339,,1.314405083656311
2923,0.039666853845119476,,1.367087483406067
2924,0.03757016360759735,,1.1816539764404297
2925,0.042047593742609024,,1.6526167392730713
2926,0.043290216475725174,,1.4158668518066406
2927,0.041223395615816116,,1.5313529968261719
2928,0.04306181147694588,,1.402197241783142
2929,0.046315450221300125,,1.598379135131836
2930,0.03693418204784393,,1.4820915460586548
2931,0.034841544926166534,,1.4390966892242432
2932,0.038370463997125626,,1.3893516063690186
2933,0.03994100168347359,,1.6159688234329224
2934,0.03813585266470909,,1.3712009191513062
2935,0.03580595180392265,,1.3628700971603394
2936,0.036217425018548965,,1.421100378036499
2937,0.038381338119506836,,1.1762311458587646
2938,0.036526866257190704,,1.314976453781128
2939,0.033778246492147446,,1.1556103229522705
2940,0.041842009872198105,,1.5803970098495483
2941,0.031112579628825188,,1.1741254329681396
2942,0.036768924444913864,,1.3269262313842773
2943,0.03887215629220009,,1.438322901725769
2944,0.046427588909864426,,1.4877433776855469
2945,0.044249266386032104,,1.6204864978790283
2946,0.0403582938015461,,1.1412471532821655
2947,0.04096299782395363,,1.7110644578933716
2948,0.03491790220141411,,1.6033753156661987
2949,0.0402265302836895,,1.3408631086349487
2950,0.041840847581624985,,1.8118774890899658
2951,0.03429477661848068,,1.2181916236877441
2952,0.04199117049574852,,1.5379031896591187
2953,0.052480097860097885,,1.7644107341766357
2954,0.03482994809746742,,1.326331615447998
2955,0.030315326526761055,,1.3485519886016846
2956,0.04353008791804314,,1.5555410385131836
2957,0.037341225892305374,,1.3771001100540161
2958,0.03893345221877098,,1.2254704236984253
2959,0.03656435385346413,,1.2761147022247314
2960,0.0378488190472126,,1.2746734619140625
2961,0.0428830087184906,,1.4646446704864502
2962,0.036253493279218674,,1.2914961576461792
2963,0.03782123327255249,,1.452919840812683
2964,0.03578094020485878,,1.3600469827651978
2965,0.036994028836488724,,1.2846169471740723
2966,0.0460466705262661,,1.5203489065170288
2967,0.039660144597291946,,1.3049441576004028
2968,0.041180144995450974,,1.387029767036438
2969,0.032960470765829086,,1.193961262702942
2970,0.03525182977318764,,1.2805535793304443
2971,0.04761402681469917,,1.6107796430587769
2972,0.034161072224378586,,1.193859577178955
2973,0.03791995719075203,,1.479439377784729
2974,0.03383434936404228,,1.3343266248703003
2975,0.039900537580251694,,1.2904598712921143
2976,0.0386018343269825,,1.3343074321746826
2977,0.03343074396252632,,1.1934946775436401
2978,0.038272660225629807,,1.5038886070251465
2979,0.03989453613758087,,1.3234888315200806
2980,0.029925115406513214,,1.3044917583465576
2981,0.040805280208587646,,1.3947960138320923
2982,0.035745907574892044,,1.2602629661560059
2983,0.03643513098359108,,1.518066644668579
2984,0.033761102706193924,,1.053849458694458
2985,0.03138764575123787,,1.3837311267852783
2986,0.03954532369971275,,1.3144861459732056
2987,0.03430851921439171,,1.309579849243164
2988,0.034977953881025314,,1.3638108968734741
2989,0.03742171451449394,,1.3201276063919067
2990,0.0428316704928875,,1.444767951965332
2991,0.0315399169921875,,1.086565375328064
2992,0.046089056879282,,1.692330002784729
2993,0.03667299821972847,,1.1926159858703613
2994,0.035834092646837234,,1.4991710186004639
2995,0.03468303754925728,,1.1907645463943481
2996,0.034358780831098557,,1.2974151372909546
2997,0.04400040581822395,,1.6345316171646118
2998,0.043477412313222885,,1.4862167835235596
2999,0.0361335426568985,,1.5308573246002197
3000,0.0334913469851017,0.03989447509305447,1.2509043216705322
3001,0.04258982464671135,,1.4880471229553223
3002,0.037848129868507385,,1.453904151916504
3003,0.038358498364686966,,1.4441481828689575
3004,0.027741877362132072,,1.1121041774749756
3005,0.04165537655353546,,1.3299646377563477
3006,0.04106077924370766,,1.456080436706543
3007,0.03449825569987297,,1.3720874786376953
3008,0.04231734946370125,,1.0766534805297852
3009,0.04344162344932556,,1.7263613939285278
3010,0.04128692299127579,,1.3880584239959717
3011,0.02959488332271576,,1.3157864809036255
3012,0.03752715513110161,,1.243567705154419
3013,0.03416451811790466,,1.2911343574523926
3014,0.03196761757135391,,1.2418885231018066
3015,0.04099990800023079,,1.3819665908813477
3016,0.031219443306326866,,1.1743402481079102
3017,0.039212871342897415,,1.5347094535827637
3018,0.0366470031440258,,1.1821911334991455
3019,0.03135238587856293,,1.3445948362350464
3020,0.039204906672239304,,1.4200642108917236
3021,0.034157171845436096,,1.1295390129089355
3022,0.0345369316637516,,1.3451671600341797
3023,0.037969920784235,,1.1592729091644287
3024,0.037286028265953064,,1.4036816358566284
3025,0.03101287968456745,,1.151279091835022
3026,0.032547954469919205,,1.3218941688537598
3027,0.032232239842414856,,1.407894492149353
3028,0.029455089941620827,,1.1789482831954956
3029,0.0332634299993515,,1.2895143032073975
3030,0.037323709577322006,,1.2184216976165771
3031,0.03890802338719368,,1.329733967781067
3032,0.039484813809394836,,1.2663320302963257
3033,0.029060015454888344,,0.9607404470443726
3034,0.03358091786503792,,1.2249321937561035
3035,0.03307275474071503,,1.1303856372833252
3036,0.03884785994887352,,1.269889235496521
3037,0.03987157344818115,,1.1017454862594604
3038,0.03300783038139343,,1.3418277502059937
3039,0.035818129777908325,,1.4230259656906128
3040,0.03221018984913826,,1.1566797494888306
3041,0.03330718353390694,,1.2313306331634521
3042,0.02816537767648697,,1.1412564516067505
3043,0.03222314640879631,,1.1094367504119873
3044,0.029465923085808754,,1.1639976501464844
3045,0.04079721122980118,,1.1746916770935059
3046,0.040502797812223434,,1.695801019668579
3047,0.03819594904780388,,1.4537256956100464
3048,0.03759544715285301,,1.4983307123184204
3049,0.036816034466028214,,1.438295841217041
3050,0.041483063250780106,,1.5316822528839111
3051,0.04086342453956604,,1.4261977672576904
3052,0.037835586816072464,,1.5034795999526978
3053,0.0383584201335907,,1.5006074905395508
3054,0.037495214492082596,,1.6240394115447998
3055,0.03404317423701286,,1.2969439029693604
3056,0.033195849508047104,,1.2920598983764648
3057,0.03676066920161247,,1.3670859336853027
3058,0.0344579853117466,,1.514151692390442
3059,0.03623201698064804,,1.221523642539978
3060,0.039264652878046036,,1.462539553642273
3061,0.03573641553521156,,1.3451149463653564
3062,0.04622688889503479,,1.5783827304840088
3063,0.035904888063669205,,1.5478131771087646
3064,0.03886741027235985,,1.2495558261871338
3065,0.034465909004211426,,1.2267781496047974
3066,0.03711645305156708,,1.4501752853393555
3067,0.03179899975657463,,1.0800782442092896
3068,0.043029528111219406,,1.6259840726852417
3069,0.04839519038796425,,1.497882604598999
3070,0.03681129589676857,,1.3808417320251465
3071,0.04131636023521423,,1.4867701530456543
3072,0.03178989887237549,,1.3642282485961914
3073,0.038964126259088516,,1.6178025007247925
3074,0.03334331512451172,,1.2292917966842651
3075,0.034938130527734756,,1.420483112335205
3076,0.038027260452508926,,1.4260615110397339
3077,0.03540646284818649,,1.341985821723938
3078,0.03249412402510643,,1.0093026161193848
3079,0.04771990701556206,,1.6753007173538208
3080,0.03852159157395363,,1.2152925729751587
3081,0.03561931475996971,,1.5543380975723267
3082,0.03497238829731941,,1.2007333040237427
3083,0.02965291403234005,,1.3248685598373413
3084,0.04285719618201256,,1.5269376039505005
3085,0.03765249624848366,,1.3521535396575928
3086,0.0447663813829422,,1.6275265216827393
3087,0.030186915770173073,,1.167224645614624
3088,0.03273458406329155,,1.4634854793548584
3089,0.040190573781728745,,1.5922181606292725
3090,0.033291153609752655,,1.1119369268417358
3091,0.036776814609766006,,1.6658686399459839
3092,0.030582206323742867,,1.2406436204910278
3093,0.039005473256111145,,1.2353966236114502
3094,0.03072960674762726,,1.28984797000885
3095,0.03395996615290642,,1.181420922279358
3096,0.03872830048203468,,1.6737302541732788
3097,0.038739267736673355,,1.35148024559021
3098,0.042011331766843796,,1.576163649559021
3099,0.032995838671922684,,1.2952173948287964
3100,0.029908599331974983,,1.3149420022964478
3101,0.034925419837236404,,1.2509328126907349
3102,0.04714270308613777,,1.4092472791671753
3103,0.0314292274415493,,1.1651747226715088
3104,0.041783664375543594,,1.1296111345291138
3105,0.040825460106134415,,1.4335075616836548
3106,0.037253547459840775,,1.4194109439849854
3107,0.039819683879613876,,1.5164166688919067
3108,0.03994598612189293,,1.3438830375671387
3109,0.03775421902537346,,1.3481557369232178
3110,0.039278995245695114,,1.4165065288543701
3111,0.03379489481449127,,1.2610328197479248
3112,0.03675443306565285,,1.2540411949157715
3113,0.035943470895290375,,1.2847241163253784
3114,0.037174541503190994,,1.236066222190857
3115,0.04505671188235283,,1.4751399755477905
3116,0.03689868375658989,,1.3078622817993164
3117,0.036804597824811935,,1.28886878490448
3118,0.04074404016137123,,1.5271928310394287
3119,0.04266728460788727,,1.7543896436691284
3120,0.03393671289086342,,1.4700219631195068
3121,0.03635160252451897,,1.238305687904358
3122,0.03870236873626709,,1.4497538805007935
3123,0.04066211357712746,,1.365931510925293
3124,0.03616232052445412,,1.2656468152999878
3125,0.03911696746945381,,1.386959433555603
3126,0.03084016777575016,,1.2436878681182861
3127,0.02511339820921421,,0.9825154542922974
3128,0.0338694266974926,,1.443284511566162
3129,0.032349489629268646,,1.2359671592712402
3130,0.035793498158454895,,1.3169045448303223
3131,0.04473039507865906,,1.5130798816680908
3132,0.039397597312927246,,1.2940683364868164
3133,0.034833669662475586,,1.3959882259368896
3134,0.030566608533263206,,1.195895791053772
3135,0.039706166833639145,,1.5547854900360107
3136,0.03920956701040268,,1.5335613489151
3137,0.033939629793167114,,1.4798104763031006
3138,0.04093152657151222,,1.6749545335769653
3139,0.04671700671315193,,1.4701745510101318
3140,0.04120524972677231,,1.825914740562439
3141,0.03832824155688286,,1.4922845363616943
3142,0.03748561814427376,,1.4481902122497559
3143,0.04210751876235008,,1.5990679264068604
3144,0.04075333848595619,,1.2866510152816772
3145,0.04457103833556175,,1.4055789709091187
3146,0.03449844568967819,,1.2956949472427368
3147,0.036210253834724426,,1.5064224004745483
3148,0.04565400257706642,,1.582136631011963
3149,0.04314826801419258,,1.492018699645996
3150,0.03301424905657768,,1.1573611497879028
3151,0.044544149190187454,,1.5516366958618164
3152,0.03010840155184269,,1.1475508213043213
3153,0.04048807919025421,,1.3955633640289307
3154,0.03901664912700653,,1.4341604709625244
3155,0.03344297036528587,,1.2758445739746094
3156,0.029588589444756508,,1.2026971578598022
3157,0.03281146660447121,,1.4554957151412964
3158,0.03040407784283161,,1.0065709352493286
3159,0.04318655654788017,,1.5281217098236084
3160,0.0349799282848835,,1.2870241403579712
3161,0.036229655146598816,,1.5404629707336426
3162,0.03326241672039032,,1.4299428462982178
3163,0.031505513936281204,,1.076870083808899
3164,0.03183147683739662,,1.313308835029602
3165,0.03983565792441368,,1.313810110092163
3166,0.0392022542655468,,1.4075316190719604
3167,0.03628646954894066,,1.134260892868042
3168,0.035936664789915085,,1.2840659618377686
3169,0.03282007947564125,,1.14824640750885
3170,0.039142314344644547,,1.589650273323059
3171,0.03869953006505966,,1.3606932163238525
3172,0.037147339433431625,,1.5064715147018433
3173,0.03527173027396202,,1.440874457359314
3174,0.04135344922542572,,1.6105422973632812
3175,0.028295546770095825,,1.1495873928070068
3176,0.038335997611284256,,1.2641862630844116
3177,0.037827543914318085,,1.4806007146835327
3178,0.03353314474225044,,1.25498628616333
3179,0.03370976820588112,,1.267469882965088
3180,0.034123584628105164,,1.3124279975891113
3181,0.03888514265418053,,1.386593222618103
3182,0.03226384148001671,,1.2468011379241943
3183,0.0379863940179348,,1.5046077966690063
3184,0.03391048684716225,,1.2432243824005127
3185,0.037723321467638016,,1.340767502784729
3186,0.029888704419136047,,1.1117953062057495
3187,0.037662506103515625,,1.1944258213043213
3188,0.03603307530283928,,1.1441237926483154
3189,0.03623801842331886,,1.2296489477157593
3190,0.028032386675477028,,1.0930110216140747
3191,0.03663058206439018,,1.3060197830200195
3192,0.03417527675628662,,1.2915445566177368
3193,0.034545283764600754,,1.1049340963363647
3194,0.038103893399238586,,1.3503986597061157
3195,0.03884470462799072,,1.240211844444275
3196,0.038840848952531815,,1.7154929637908936
3197,0.04154549166560173,,1.4580888748168945
3198,0.030338317155838013,,1.5040260553359985
3199,0.033860791474580765,,1.2292871475219727
3200,0.03423579782247543,,1.4876604080200195
3201,0.043276697397232056,,1.4677621126174927
3202,0.04086483642458916,,1.4205131530761719
3203,0.04504501819610596,,1.4210293292999268
3204,0.03805911913514137,,1.433408498764038
3205,0.034530144184827805,,1.4321640729904175
3206,0.03172414377331734,,1.304085612297058
3207,0.03463681414723396,,1.4758410453796387
3208,0.03654935583472252,,1.3078815937042236
3209,0.030824923887848854,,1.564176082611084
3210,0.03466128930449486,,1.3258978128433228
3211,0.03436465188860893,,1.4333218336105347
3212,0.040457308292388916,,1.5160491466522217
3213,0.03559679910540581,,1.2907025814056396
3214,0.03205408155918121,,1.2761497497558594
3215,0.037112023681402206,,1.2739709615707397
3216,0.03419121354818344,,1.323352336883545
3217,0.03808465972542763,,1.2291404008865356
3218,0.02992940880358219,,1.2257885932922363
3219,0.032448358833789825,,1.1394351720809937
3220,0.03807299584150314,,1.308194875717163
3221,0.031387072056531906,,1.0558425188064575
3222,0.03749619051814079,,1.315693974494934
3223,0.03710262104868889,,1.1651321649551392
3224,0.03620653599500656,,1.268746018409729
3225,0.04026135802268982,,1.2861884832382202
3226,0.03803865611553192,,1.2833938598632812
3227,0.04118627682328224,,1.3145314455032349
3228,0.03685735538601875,,1.3210294246673584
3229,0.03777383640408516,,1.3018995523452759
3230,0.04497862234711647,,1.5229943990707397
3231,0.033237770199775696,,1.3609905242919922
3232,0.03509974107146263,,1.346074104309082
3233,0.03581193462014198,,1.471591591835022
3234,0.03322841227054596,,1.4141286611557007
3235,0.03421381860971451,,1.3229402303695679
3236,0.04453211650252342,,1.695759892463684
3237,0.03684857115149498,,1.380699634552002
3238,0.03316830098628998,,1.373800277709961
3239,0.0396459735929966,,1.3506156206130981
3240,0.031029576435685158,,1.3405559062957764
3241,0.03759480640292168,,1.3202508687973022
3242,0.03516528382897377,,1.4099799394607544
3243,0.03490402176976204,,1.345178484916687
3244,0.043507128953933716,,1.928411841392517
3245,0.032372426241636276,,1.2654556035995483
3246,0.03553684800863266,,1.378210186958313
3247,0.037401024252176285,,1.2157251834869385
3248,0.03051220439374447,,1.3368991613388062
3249,0.0382506288588047,,1.4387073516845703
3250,0.04283205047249794,,1.520339846611023
3251,0.03259928524494171,,1.505902647972107
3252,0.03163240849971771,,1.2524864673614502
3253,0.03218533843755722,,1.13021981716156
3254,0.03288435935974121,,1.0535497665405273
3255,0.0414775088429451,,1.5893100500106812
3256,0.02774978242814541,,1.1176143884658813
3257,0.03414184972643852,,1.2594538927078247
3258,0.025470906868577003,,1.0961813926696777
3259,0.029762009158730507,,1.1550719738006592
3260,0.04061758518218994,,1.3307300806045532
3261,0.03405417129397392,,1.20781672000885
3262,0.03397861495614052,,1.2111570835113525
3263,0.031847041100263596,,1.2408881187438965
3264,0.024797899648547173,,1.1142690181732178
3265,0.03346402570605278,,1.1946666240692139
3266,0.03965136781334877,,1.2726850509643555
3267,0.035178374499082565,,1.1978673934936523
3268,0.0419028215110302,,1.435653805732727
3269,0.03780136629939079,,1.0793768167495728
3270,0.03271382674574852,,1.2815040349960327
3271,0.032862160354852676,,1.1128778457641602
3272,0.03215302154421806,,1.4124598503112793
3273,0.03659424930810928,,1.3193596601486206
3274,0.033784300088882446,,1.4610048532485962
3275,0.03558865189552307,,1.3991000652313232
3276,0.03257511928677559,,1.2646430730819702
3277,0.035565685480833054,,1.3444654941558838
3278,0.03426386043429375,,1.2759498357772827
3279,0.03546060994267464,,1.3445775508880615
3280,0.03444428741931915,,1.2255890369415283
3281,0.03628959879279137,,1.2297652959823608
3282,0.03867943957448006,,1.5614267587661743
3283,0.0415290929377079,,1.2774850130081177
3284,0.029701443389058113,,1.154600977897644
3285,0.03747007995843887,,1.4693905115127563
3286,0.033936791121959686,,1.1335148811340332
3287,0.03429681807756424,,1.4447492361068726
3288,0.030510785058140755,,1.0161106586456299
3289,0.03912707045674324,,1.5527372360229492
3290,0.03616087883710861,,1.4204485416412354
3291,0.039757829159498215,,1.7870546579360962
3292,0.041745901107788086,,1.773478388786316
3293,0.0405716709792614,,1.5409555435180664
3294,0.042688559740781784,,1.660883903503418
3295,0.04077012464404106,,1.729773759841919
3296,0.03119795210659504,,1.3126591444015503
3297,0.025836370885372162,,1.2586253881454468
3298,0.03178352490067482,,1.0970512628555298
3299,0.03455735370516777,,1.2309235334396362
3300,0.03536077216267586,,1.3513370752334595
3301,0.038650017231702805,,1.293355941772461
3302,0.025839244946837425,,1.042573094367981
3303,0.039400819689035416,,1.276963472366333
3304,0.03330500051379204,,1.422929048538208
3305,0.029066234827041626,,1.1005669832229614
3306,0.043171387165784836,,1.8089900016784668
3307,0.03695939853787422,,1.4295628070831299
3308,0.042355287820100784,,1.456618309020996
3309,0.03277566656470299,,1.3159780502319336
3310,0.03350336477160454,,1.3383158445358276
3311,0.030251113697886467,,1.09190034866333
3312,0.03499479964375496,,1.395745873451233
3313,0.034793972969055176,,1.2672475576400757
3314,0.028233394026756287,,1.3608499765396118
3315,0.032405633479356766,,1.507688283920288
3316,0.03564690798521042,,1.4421831369400024
3317,0.04337566718459129,,1.4124075174331665
3318,0.03270191326737404,,1.2187144756317139
3319,0.04198741912841797,,1.4852224588394165
3320,0.029707856476306915,,1.1457750797271729
3321,0.04549812152981758,,1.4052414894104004
3322,0.03784644976258278,,1.4337587356567383
3323,0.026306936517357826,,1.0348490476608276
3324,0.028193702921271324,,1.2424094676971436
3325,0.026462500914931297,,1.1044566631317139
3326,0.037427086383104324,,1.2922399044036865
3327,0.037413664162158966,,1.2202234268188477
3328,0.03266539052128792,,1.2277432680130005
3329,0.036516543477773666,,1.2157601118087769
3330,0.02802169881761074,,1.2688349485397339
3331,0.03886989876627922,,1.3218404054641724
3332,0.035069018602371216,,1.3558640480041504
3333,0.033253058791160583,,1.325991153717041
3334,0.031976547092199326,,1.2019935846328735
3335,0.033923085778951645,,1.5212640762329102
3336,0.03833466395735741,,1.312806248664856
3337,0.03181430324912071,,1.5018168687820435
3338,0.029816895723342896,,1.3580344915390015
3339,0.028321431949734688,,1.0743166208267212
3340,0.03532227501273155,,1.4735298156738281
3341,0.02559896558523178,,0.9603999257087708
3342,0.03318023681640625,,1.2545037269592285
3343,0.027496187016367912,,1.1861352920532227
3344,0.040711067616939545,,1.6925984621047974
3345,0.03187866136431694,,1.3146330118179321
3346,0.03751387819647789,,1.3748522996902466
3347,0.044891949743032455,,1.3531684875488281
3348,0.030966835096478462,,1.2261197566986084
3349,0.032430339604616165,,1.372248888015747
3350,0.031154973432421684,,1.2788010835647583
3351,0.03587089851498604,,1.357423186302185
3352,0.03540815785527229,,1.4559338092803955
3353,0.03197347745299339,,1.23760986328125
3354,0.039493344724178314,,1.5186561346054077
3355,0.0337216854095459,,1.2801949977874756
3356,0.03893361985683441,,1.5001091957092285
3357,0.040123049169778824,,1.5554616451263428
3358,0.02970610000193119,,1.2506617307662964
3359,0.03179529309272766,,1.4270830154418945
3360,0.02689097821712494,,1.235280990600586
3361,0.03491012379527092,,1.433359146118164
3362,0.0344894640147686,,1.2967936992645264
3363,0.026785874739289284,,1.1366713047027588
3364,0.033351436257362366,,1.0991584062576294
3365,0.040109530091285706,,1.5591024160385132
3366,0.029203956946730614,,1.1864928007125854
3367,0.03249155357480049,,1.3057409524917603
3368,0.03985431417822838,,1.6137617826461792
3369,0.033405229449272156,,1.3560395240783691
3370,0.03095339424908161,,1.1242449283599854
3371,0.032648585736751556,,1.4826418161392212
3372,0.04260775074362755,,1.198976993560791
3373,0.034337375313043594,,1.5027540922164917
3374,0.03429899737238884,,1.321417212486267
3375,0.03592056408524513,,1.4799532890319824
3376,0.0367046557366848,,1.663114070892334
3377,0.03455083817243576,,1.1768237352371216
3378,0.0324627049267292,,1.4008986949920654
3379,0.026663079857826233,,1.1190210580825806
3380,0.03215840831398964,,1.150083065032959
3381,0.03418853506445885,,1.3399049043655396
3382,0.030502615496516228,,0.974774956703186
3383,0.03994850441813469,,1.6487904787063599
3384,0.03967364877462387,,1.1472580432891846
3385,0.0401381254196167,,1.6363154649734497
3386,0.03486447408795357,,1.382330060005188
3387,0.03188168630003929,,1.4319398403167725
3388,0.03316136449575424,,1.444718599319458
3389,0.03809025138616562,,1.3472161293029785
3390,0.04352302476763725,,1.533960223197937
3391,0.03529418632388115,,1.1932885646820068
3392,0.029501790180802345,,1.147193431854248
3393,0.03458142653107643,,1.2797901630401611
3394,0.033628810197114944,,1.3285983800888062
3395,0.03338247537612915,,1.1241401433944702
3396,0.02995389513671398,,1.1400625705718994
3397,0.034232247620821,,1.2377760410308838
3398,0.029447918757796288,,1.1426640748977661
3399,0.03484341502189636,,1.0934793949127197
3400,0.03259587660431862,,1.2235181331634521
3401,0.03891748562455177,,1.286189079284668
3402,0.0384744331240654,,1.490657925605774
3403,0.02916843257844448,,1.150412678718567
3404,0.03538193553686142,,1.329079270362854
3405,0.029781853780150414,,1.1161057949066162
3406,0.030378179624676704,,1.202650785446167
3407,0.03122451901435852,,1.276369333267212
3408,0.03354045748710632,,1.306692361831665
3409,0.03267680108547211,,1.215132474899292
3410,0.03954468294978142,,1.2590034008026123
3411,0.033240869641304016,,1.0546205043792725
3412,0.03571607917547226,,1.3521246910095215
3413,0.03407083824276924,,1.2885457277297974
3414,0.034786224365234375,,1.41600501537323
3415,0.0370587520301342,,1.3898463249206543
3416,0.031688496470451355,,1.3695545196533203
3417,0.029344214126467705,,1.0997681617736816
3418,0.03498421609401703,,1.386830449104309
3419,0.029788412153720856,,1.3072607517242432
3420,0.028622077777981758,,1.1669052839279175
3421,0.025969596579670906,,1.13554048538208
3422,0.028429798781871796,,1.1143568754196167
3423,0.03453784063458443,,1.2058491706848145
3424,0.03414018824696541,,1.2118324041366577
3425,0.03950788825750351,,1.273443579673767
3426,0.03574104979634285,,1.3341515064239502
3427,0.036798153072595596,,1.4489821195602417
3428,0.02790013514459133,,1.1005098819732666
3429,0.0333467461168766,,1.2625983953475952
3430,0.03848457708954811,,1.2329930067062378
3431,0.035092517733573914,,1.3275229930877686
3432,0.03836293891072273,,1.2977752685546875
3433,0.03703096881508827,,1.450356125831604
3434,0.03268209472298622,,1.4061692953109741
3435,0.027485353872179985,,1.1127196550369263
3436,0.038309596478939056,,1.5854275226593018
3437,0.037307482212781906,,1.3696905374526978
3438,0.0380987711250782,,1.4456933736801147
3439,0.03866972029209137,,1.4085497856140137
3440,0.0304925125092268,,1.121301531791687
3441,0.02777216024696827,,1.255700707435608
3442,0.03195172920823097,,1.1953060626983643
3443,0.029009133577346802,,1.1797089576721191
3444,0.037617143243551254,,1.192025065422058
3445,0.02876478247344494,,1.2522330284118652
3446,0.026267588138580322,,0.924706220626831
3447,0.032399725168943405,,1.3177297115325928
3448,0.041260819882154465,,1.424247145652771
3449,0.033776070922613144,,1.1634801626205444
3450,0.035771120339632034,,1.3361856937408447
3451,0.0345333106815815,,1.4795584678649902
3452,0.036547478288412094,,1.5642009973526
3453,0.032326068729162216,,1.1657050848007202
3454,0.03420967236161232,,1.3882193565368652
3455,0.034422408789396286,,1.2247297763824463
3456,0.036603715270757675,,1.3785223960876465
3457,0.03739682957530022,,1.305639386177063
3458,0.038949377834796906,,1.4164462089538574
3459,0.03127116337418556,,1.3198089599609375
3460,0.03679658845067024,,1.2541159391403198
3461,0.04548102617263794,,1.5998934507369995
3462,0.027813827618956566,,1.1139966249465942
3463,0.04388046637177467,,1.5243732929229736
3464,0.03203580155968666,,1.3066843748092651
3465,0.032957062125205994,,1.2141079902648926
3466,0.03178431838750839,,1.1870731115341187
3467,0.030094193294644356,,1.200678825378418
3468,0.03873049467802048,,1.437039852142334
3469,0.03390925005078316,,1.2612322568893433
3470,0.0378231406211853,,1.30750572681427
3471,0.030821939930319786,,1.303558349609375
3472,0.0334235243499279,,1.168646216392517
3473,0.03592916205525398,,1.5162549018859863
3474,0.033601101487874985,,1.3325114250183105
3475,0.02919473685324192,,1.2264635562896729
3476,0.032308876514434814,,1.2373394966125488
3477,0.02890372835099697,,1.1850452423095703
3478,0.03894415870308876,,1.5370473861694336
3479,0.031794700771570206,,1.3700028657913208
3480,0.0300024151802063,,1.2096813917160034
3481,0.029170813038945198,,1.0474510192871094
3482,0.03282457962632179,,1.4889322519302368
3483,0.03863290324807167,,1.4441795349121094
3484,0.04273664951324463,,1.617445945739746
3485,0.03769269958138466,,1.3592467308044434
3486,0.031032003462314606,,1.2793112993240356
3487,0.03373083472251892,,1.3389519453048706
3488,0.031222080811858177,,1.1487735509872437
3489,0.03301899507641792,,1.285573959350586
3490,0.03269673138856888,,1.3182718753814697
3491,0.0361444465816021,,1.3231834173202515
3492,0.03653336688876152,,1.6253489255905151
3493,0.03557455167174339,,1.4958473443984985
3494,0.03235533833503723,,1.3421255350112915
3495,0.033202219754457474,,1.3630810976028442
3496,0.031652625650167465,,1.2064337730407715
3497,0.0286650862544775,,1.2508448362350464
3498,0.02850055880844593,,1.1246283054351807
3499,0.03588487580418587,,1.5031315088272095
3500,0.030719997361302376,0.0348221982649751,1.174523115158081
3501,0.04281610623002052,,1.4479042291641235
3502,0.02534629963338375,,1.376210331916809
3503,0.03531021624803543,,1.252976417541504
3504,0.03025725483894348,,1.472008466720581
3505,0.030570263043045998,,1.365891456604004
3506,0.03014834225177765,,1.068174958229065
3507,0.02935468591749668,,1.4297847747802734
3508,0.0336097814142704,,1.1705182790756226
3509,0.044232044368982315,,1.6701866388320923
3510,0.0309203639626503,,1.2631187438964844
3511,0.038154203444719315,,1.539870023727417
3512,0.03244705870747566,,1.4033805131912231
3513,0.02929285354912281,,1.1579058170318604
3514,0.02678028494119644,,1.2511398792266846
3515,0.035331953316926956,,1.3495800495147705
3516,0.028483593836426735,,1.23794424533844
3517,0.02945590764284134,,1.1747905015945435
3518,0.03139616921544075,,1.2935351133346558
3519,0.03774762153625488,,1.295863389968872
3520,0.03876293823122978,,1.5036832094192505
3521,0.02769467793405056,,1.162977933883667
3522,0.03433260694146156,,1.3476078510284424
3523,0.029236068949103355,,1.1244319677352905
3524,0.029214942827820778,,1.375966191291809
3525,0.03129662945866585,,1.194846749305725
3526,0.04223685339093208,,1.5293771028518677
3527,0.028422601521015167,,1.148873209953308
3528,0.02566286362707615,,1.1850351095199585
3529,0.03220884129405022,,1.1263880729675293
3530,0.037320274859666824,,1.5289638042449951
3531,0.03565264120697975,,1.3341240882873535
3532,0.036112427711486816,,1.4859675168991089
3533,0.028085581958293915,,1.0069748163223267
3534,0.034582607448101044,,1.5097993612289429
3535,0.03500130772590637,,1.3953657150268555
3536,0.02802891843020916,,1.2458792924880981
3537,0.03950333222746849,,1.3551524877548218
3538,0.027524849399924278,,1.2047350406646729
3539,0.02814812958240509,,1.1485763788223267
3540,0.029085615649819374,,1.243254542350769
3541,0.026479752734303474,,1.0094434022903442
3542,0.031004520133137703,,1.3046002388000488
3543,0.03372398391366005,,1.2435201406478882
3544,0.0309684369713068,,1.4304009675979614
3545,0.031140774488449097,,1.2439143657684326
3546,0.02934919483959675,,1.121946096420288
3547,0.0358390249311924,,1.3241581916809082
3548,0.03282494843006134,,1.137647271156311
3549,0.03536808118224144,,1.3743444681167603
3550,0.03239898383617401,,1.0608385801315308
3551,0.030320921912789345,,1.2588427066802979
3552,0.027338409796357155,,1.2038811445236206
3553,0.032402459532022476,,1.2302807569503784
3554,0.02827606350183487,,1.1707615852355957
3555,0.02959720976650715,,1.1138839721679688
3556,0.02788018435239792,,1.0918325185775757
3557,0.029572343453764915,,1.057552695274353
3558,0.03131331875920296,,1.2272419929504395
3559,0.0386715903878212,,1.27321457862854
3560,0.029246024787425995,,1.1773301362991333
3561,0.03473866358399391,,1.1652699708938599
3562,0.03321448341012001,,1.3167963027954102
3563,0.039746105670928955,,1.4521589279174805
3564,0.03504195064306259,,1.223331093788147
3565,0.02861548215150833,,1.2722617387771606
3566,0.03167557343840599,,1.2790573835372925
3567,0.038235943764448166,,1.5598517656326294
3568,0.02947072684764862,,1.0406681299209595
3569,0.028232119977474213,,1.2126736640930176
3570,0.03087451495230198,,1.143966555595398
3571,0.03553135320544243,,1.3193943500518799
3572,0.03996247425675392,,1.3535985946655273
3573,0.03264664486050606,,1.347509503364563
3574,0.031090304255485535,,1.0597492456436157
3575,0.03192104771733284,,1.312936544418335
3576,0.023539813235402107,,0.9654977321624756
3577,0.028170356526970863,,1.1768419742584229
3578,0.037405770272016525,,1.2779395580291748
3579,0.035481616854667664,,1.338422179222107
3580,0.03262057527899742,,1.2797410488128662
3581,0.032109811902046204,,1.0477066040039062
3582,0.028790295124053955,,1.2321107387542725
3583,0.025451190769672394,,0.9364745616912842
3584,0.03562340885400772,,1.525219202041626
3585,0.030169645324349403,,1.1659252643585205
3586,0.02887125313282013,,1.3188327550888062
3587,0.027966147288680077,,1.1110824346542358
3588,0.03029557876288891,,1.3552364110946655
3589,0.03404940664768219,,1.2702786922454834
3590,0.03877371549606323,,1.5778754949569702
3591,0.033757567405700684,,1.2509311437606812
3592,0.030112234875559807,,1.3800138235092163
3593,0.03977717459201813,,1.5815186500549316
3594,0.03243758901953697,,1.4180960655212402
3595,0.028884626924991608,,1.261633276939392
3596,0.03487171605229378,,1.3428508043289185
3597,0.02991686947643757,,1.3406118154525757
3598,0.031993355602025986,,1.1819143295288086
3599,0.02972581796348095,,1.2942664623260498
3600,0.029718950390815735,,1.2356326580047607
3601,0.028029615059494972,,1.035611867904663
3602,0.024891657754778862,,1.2150598764419556
3603,0.032101456075906754,,1.3339272737503052
3604,0.029839279130101204,,1.2569595575332642
3605,0.03444230929017067,,1.2850579023361206
3606,0.029625937342643738,,1.43569815158844
3607,0.03415399044752121,,1.3247863054275513
3608,0.0400688461959362,,1.6665384769439697
3609,0.03267447277903557,,1.3576375246047974
3610,0.0341348834335804,,1.3444699048995972
3611,0.028994567692279816,,1.2245416641235352
3612,0.030986690893769264,,1.1574538946151733
3613,0.0341176837682724,,1.2188634872436523
3614,0.026995087042450905,,1.1769582033157349
3615,0.025408966466784477,,1.0979642868041992
3616,0.03514711931347847,,1.2002458572387695
3617,0.037900228053331375,,1.2685843706130981
3618,0.025770986452698708,,0.9979215860366821
3619,0.042141739279031754,,1.3496124744415283
3620,0.03670312836766243,,1.4441025257110596
3621,0.035899121314287186,,1.3886797428131104
3622,0.032930683344602585,,1.2332940101623535
3623,0.024901291355490685,,1.2069602012634277
3624,0.028471169993281364,,1.2413729429244995
3625,0.03303370624780655,,1.2632226943969727
3626,0.023003213107585907,,1.1269395351409912
3627,0.040506988763809204,,1.5576814413070679
3628,0.033751342445611954,,1.2748562097549438
3629,0.029117032885551453,,0.9799907207489014
3630,0.028566502034664154,,1.1762945652008057
3631,0.031960587948560715,,1.2285093069076538
3632,0.03628242760896683,,1.2864247560501099
3633,0.028051583096385002,,1.1465256214141846
3634,0.03002004511654377,,1.1955050230026245
3635,0.03299814462661743,,1.3108793497085571
3636,0.03201185166835785,,1.28597891330719
3637,0.031900618225336075,,1.199604868888855
3638,0.026980718597769737,,1.1280556917190552
3639,0.03709280118346214,,1.5145148038864136
3640,0.032446179538965225,,1.1736551523208618
3641,0.024619556963443756,,1.1684274673461914
3642,0.029323481023311615,,1.0418540239334106
3643,0.03328203782439232,,1.334449291229248
3644,0.036246154457330704,,1.2136056423187256
3645,0.03652429208159447,,1.4662439823150635
3646,0.032549720257520676,,1.2118802070617676
3647,0.03360135108232498,,1.4901881217956543
3648,0.027354257181286812,,1.1872996091842651
3649,0.024607742205262184,,1.240160584449768
3650,0.030412783846259117,,1.1569972038269043
3651,0.035138532519340515,,1.4994548559188843
3652,0.03895979002118111,,1.5321097373962402
3653,0.033675216138362885,,1.3671592473983765
3654,0.027782192453742027,,1.1794475317001343
3655,0.02575244940817356,,1.1166512966156006
3656,0.02786599099636078,,1.163828730583191
3657,0.03290267661213875,,1.1190645694732666
3658,0.028388559818267822,,1.2083958387374878
3659,0.031133733689785004,,1.3632557392120361
3660,0.03428245708346367,,1.238234043121338
3661,0.03210444375872612,,1.3535264730453491
3662,0.03505401685833931,,1.3113126754760742
3663,0.0356222540140152,,1.4203695058822632
3664,0.031097978353500366,,1.0405540466308594
3665,0.045512765645980835,,1.7342203855514526
3666,0.034703489392995834,,1.3509418964385986
3667,0.036430392414331436,,1.532514214515686
3668,0.03537031263113022,,1.5130387544631958
3669,0.030979515984654427,,1.3770114183425903
3670,0.03480580449104309,,1.4008060693740845
3671,0.02912077121436596,,1.33184015750885
3672,0.033456236124038696,,1.2315119504928589
3673,0.03450149670243263,,1.3830660581588745
3674,0.02727094478905201,,1.0664700269699097
3675,0.03203054517507553,,1.2372556924819946
3676,0.03563446179032326,,1.3700224161148071
3677,0.03229761868715286,,1.4148303270339966
3678,0.03076736070215702,,1.2668958902359009
3679,0.03279748558998108,,1.3754850625991821
3680,0.03655227646231651,,1.4074040651321411
3681,0.027025436982512474,,1.1467636823654175
3682,0.036117661744356155,,1.3115878105163574
3683,0.03404559940099716,,1.480143666267395
3684,0.024569883942604065,,1.0541249513626099
3685,0.03270243853330612,,1.2763592004776
3686,0.031254835426807404,,1.2504432201385498
3687,0.032073792070150375,,1.2512253522872925
3688,0.03350372612476349,,1.341007947921753
3689,0.03078322671353817,,1.2469117641448975
3690,0.028859836980700493,,1.3212006092071533
3691,0.02364613674581051,,1.0830597877502441
3692,0.025017941370606422,,1.242621898651123
3693,0.03532294183969498,,1.4214093685150146
3694,0.0338951051235199,,1.3588407039642334
3695,0.027737855911254883,,1.1077126264572144
3696,0.039599452167749405,,1.452618956565857
3697,0.03439133241772652,,1.5351078510284424
3698,0.026756489649415016,,1.0327345132827759
3699,0.03893110901117325,,1.5594850778579712
3700,0.029761234298348427,,1.1399251222610474
3701,0.03695211187005043,,1.4458646774291992
3702,0.03317554295063019,,1.3365734815597534
3703,0.03514455631375313,,1.5117710828781128
3704,0.02955867163836956,,1.271937608718872
3705,0.03128104284405708,,1.4957040548324585
3706,0.02694774605333805,,1.2406076192855835
3707,0.02830454520881176,,1.3126142024993896
3708,0.03638060390949249,,1.344626784324646
3709,0.02834056317806244,,1.165221929550171
3710,0.03112250566482544,,1.203555703163147
3711,0.03184783458709717,,1.2676619291305542
3712,0.026317715644836426,,1.117734670639038
3713,0.030918627977371216,,1.3056153059005737
3714,0.03746344521641731,,1.4259719848632812
3715,0.03425782546401024,,1.3562718629837036
3716,0.026884762570261955,,1.103480339050293
3717,0.03529845178127289,,1.2794406414031982
3718,0.026942504569888115,,1.2012590169906616
3719,0.030989592894911766,,1.0219688415527344
3720,0.028690582141280174,,1.121876835823059
3721,0.029418863356113434,,0.9998543858528137
3722,0.030884429812431335,,1.204934000968933
3723,0.03059842437505722,,1.188761591911316
3724,0.03477258235216141,,1.1056331396102905
3725,0.034592628479003906,,1.3584861755371094
3726,0.02401748299598694,,1.0195773839950562
3727,0.03342292457818985,,1.2985148429870605
3728,0.027165783569216728,,1.0912907123565674
3729,0.032752860337495804,,1.2634618282318115
3730,0.03922343626618385,,1.3953286409378052
3731,0.029994867742061615,,1.15046226978302
3732,0.03413141891360283,,1.4112673997879028
3733,0.029349207878112793,,1.1087892055511475
3734,0.03798966854810715,,1.6074861288070679
3735,0.034925248473882675,,1.2407827377319336
3736,0.03425055369734764,,1.3759175539016724
3737,0.023997506126761436,,1.1920158863067627
3738,0.036605577915906906,,1.5520787239074707
3739,0.0367203988134861,,1.295486330986023
3740,0.023059966042637825,,1.04849374294281
3741,0.03208222612738609,,1.1443464756011963
3742,0.030773557722568512,,1.1699323654174805
3743,0.025382155552506447,,1.0261616706848145
3744,0.027649177238345146,,1.0597835779190063
3745,0.028339920565485954,,1.065978765487671
3746,0.03325876221060753,,1.4346319437026978
3747,0.03717831149697304,,1.1674916744232178
3748,0.027649179100990295,,1.1129246950149536
3749,0.028655344620347023,,1.0366390943527222
3750,0.0301615372300148,,1.23228120803833
3751,0.035057660192251205,,1.353796362876892
3752,0.03771430253982544,,1.4477788209915161
3753,0.02613929845392704,,1.1393159627914429
3754,0.03026898019015789,,1.3205219507217407
3755,0.035982150584459305,,1.5466066598892212
3756,0.02491321600973606,,1.066461443901062
3757,0.029502077028155327,,1.087346076965332
3758,0.03134572505950928,,1.287515640258789
3759,0.026617439463734627,,1.02312433719635
3760,0.02830246090888977,,1.0771323442459106
3761,0.03104916214942932,,1.3182075023651123
3762,0.032077040523290634,,1.3451082706451416
3763,0.032879311591386795,,1.2578072547912598
3764,0.03316622972488403,,1.4375673532485962
3765,0.03318684920668602,,1.3746342658996582
3766,0.026428498327732086,,1.0483837127685547
3767,0.0282015111297369,,1.2811882495880127
3768,0.02830209583044052,,1.1120513677597046
3769,0.03690226748585701,,1.3231606483459473
3770,0.030925439670681953,,1.1838903427124023
3771,0.029562421143054962,,1.103023886680603
3772,0.0372384637594223,,1.4479001760482788
3773,0.026107599958777428,,1.2498579025268555
3774,0.029378553852438927,,1.3924145698547363
3775,0.03033384680747986,,1.3178746700286865
3776,0.027806585654616356,,1.0835925340652466
3777,0.033902544528245926,,1.35213303565979
3778,0.029627332463860512,,1.0225772857666016
3779,0.033219147473573685,,1.5439684391021729
3780,0.04120807349681854,,1.4220960140228271
3781,0.028452159836888313,,1.329982042312622
3782,0.03201616182923317,,1.3558826446533203
3783,0.033896304666996,,1.2684575319290161
3784,0.03335652872920036,,1.3529691696166992
3785,0.037055451422929764,,1.4559009075164795
3786,0.03353771194815636,,1.5291861295700073
3787,0.026773124933242798,,1.1222221851348877
3788,0.040410805493593216,,1.3933537006378174
3789,0.03181294724345207,,1.3707363605499268
3790,0.029622303321957588,,1.267533779144287
3791,0.031242160126566887,,1.4776244163513184
3792,0.03433507680892944,,1.3550186157226562
3793,0.03171343356370926,,1.3271057605743408
3794,0.028106190264225006,,1.4071052074432373
3795,0.031863678246736526,,1.3814427852630615
3796,0.03402608260512352,,1.2719684839248657
3797,0.032085370272397995,,1.2552638053894043
3798,0.03222019225358963,,1.2338588237762451
3799,0.024058334529399872,,1.0301579236984253
3800,0.03891988843679428,,1.4293659925460815
3801,0.03130420669913292,,1.2324525117874146
3802,0.031517039984464645,,1.3283936977386475
3803,0.02951737307012081,,1.1494195461273193
3804,0.028950119391083717,,1.2892420291900635
3805,0.03190091624855995,,1.1693156957626343
3806,0.03144066408276558,,1.2413878440856934
3807,0.026758039370179176,,1.1741293668746948
3808,0.02964012138545513,,1.1937367916107178
3809,0.04055562987923622,,1.77009117603302
3810,0.02990049682557583,,1.1154093742370605
3811,0.03593776747584343,,1.4152545928955078
3812,0.028555460274219513,,1.3069530725479126
3813,0.031562626361846924,,1.4554370641708374
3814,0.02771291695535183,,1.28917396068573
3815,0.029507309198379517,,1.2307928800582886
3816,0.030938642099499702,,1.340293049812317
3817,0.03078358806669712,,1.2982364892959595
3818,0.02771083079278469,,1.0994185209274292
3819,0.02926609478890896,,1.3445466756820679
3820,0.02600487507879734,,1.1697295904159546
3821,0.03243451192975044,,1.2692790031433105
3822,0.02995580993592739,,1.1466838121414185
3823,0.026655321940779686,,1.1028300523757935
3824,0.038167256861925125,,1.3439172506332397
3825,0.02822083793580532,,1.1267340183258057
3826,0.029890315607190132,,1.111186146736145
3827,0.029661046341061592,,1.1213903427124023
3828,0.03039502166211605,,1.359453797340393
3829,0.027836190536618233,,1.0800293684005737
3830,0.035001348704099655,,1.2876160144805908
3831,0.027290860190987587,,1.2759698629379272
3832,0.0309732798486948,,1.5234153270721436
3833,0.03053353913128376,,1.5322635173797607
3834,0.03128719702363014,,1.2187782526016235
3835,0.030135763809084892,,1.2277358770370483
3836,0.02736504375934601,,1.2671501636505127
3837,0.032866161316633224,,1.1045159101486206
3838,0.04425891861319542,,1.922753930091858
3839,0.02906779944896698,,1.125507116317749
3840,0.03930988907814026,,1.8955706357955933
3841,0.032211992889642715,,1.3401589393615723
3842,0.03199669346213341,,1.4035288095474243
3843,0.025133782997727394,,1.2181154489517212
3844,0.03551042452454567,,1.6871217489242554
3845,0.03285225108265877,,1.3946268558502197
3846,0.030911261215806007,,1.4060722589492798
3847,0.03614654019474983,,1.484503984451294
3848,0.025429265573620796,,1.188942551612854
3849,0.03163667395710945,,1.3559809923171997
3850,0.030435211956501007,,1.3628300428390503
3851,0.02831263840198517,,1.261969804763794
3852,0.025522038340568542,,1.0572031736373901
3853,0.03223447874188423,,1.2637345790863037
3854,0.026503972709178925,,1.2790156602859497
3855,0.03286688029766083,,1.3824936151504517
3856,0.0246621984988451,,1.1066309213638306
3857,0.027676476165652275,,1.112862467765808
3858,0.03459170460700989,,1.3933361768722534
3859,0.03940177336335182,,1.4101403951644897
3860,0.03352079167962074,,1.2332234382629395
3861,0.02481495402753353,,1.1354715824127197
3862,0.026708995923399925,,1.1337714195251465
3863,0.027478815987706184,,1.2198703289031982
3864,0.03019881807267666,,1.1823920011520386
3865,0.03038492612540722,,1.1903914213180542
3866,0.03329344466328621,,1.3659782409667969
3867,0.02828645519912243,,1.1694904565811157
3868,0.023891208693385124,,1.2256600856781006
3869,0.03311605378985405,,1.1863702535629272
3870,0.03469474986195564,,1.368504524230957
3871,0.02894286811351776,,1.1984082460403442
3872,0.032458748668432236,,1.6061331033706665
3873,0.03087436594069004,,1.3654435873031616
3874,0.028488168492913246,,1.3627045154571533
3875,0.031238563358783722,,1.3242967128753662
3876,0.025385545566678047,,1.2169075012207031
3877,0.03205552324652672,,1.3754260540008545
3878,0.0332338884472847,,1.3330072164535522
3879,0.03476177528500557,,1.2712918519973755
3880,0.03558990731835365,,1.6045548915863037
3881,0.031225787475705147,,1.2435382604599
3882,0.026785405352711678,,1.1161549091339111
3883,0.03456781059503555,,1.2071906328201294
3884,0.029050759971141815,,1.2196956872940063
3885,0.028942430391907692,,1.1818598508834839
3886,0.029047131538391113,,1.224252462387085
3887,0.03392293304204941,,1.2812511920928955
3888,0.034228697419166565,,1.379158616065979
3889,0.04187701269984245,,1.542220115661621
3890,0.027806973084807396,,1.0844721794128418
3891,0.02838951349258423,,1.267850399017334
3892,0.03278973698616028,,1.3925817012786865
3893,0.02729669027030468,,1.1367589235305786
3894,0.02955489419400692,,1.4447064399719238
3895,0.02915923111140728,,1.2846766710281372
3896,0.02925092913210392,,1.4254802465438843
3897,0.02787228859961033,,1.3011091947555542
3898,0.028321972116827965,,1.4050613641738892
3899,0.02937573753297329,,1.194054365158081
3900,0.02554941736161709,,1.2874141931533813
3901,0.030305100604891777,,1.34510338306427
3902,0.02272016741335392,,1.2841614484786987
3903,0.025638429448008537,,1.3178271055221558
3904,0.03283655270934105,,1.3604826927185059
3905,0.03272132948040962,,1.3481637239456177
3906,0.02813977748155594,,1.3712235689163208
3907,0.028997676447033882,,1.0662925243377686
3908,0.02993541955947876,,1.3146699666976929
3909,0.030130604282021523,,1.2709976434707642
3910,0.03134718909859657,,1.3072117567062378
3911,0.030202597379684448,,1.2648597955703735
3912,0.02886946313083172,,1.257539987564087
3913,0.03415336087346077,,1.2973612546920776
3914,0.03251504525542259,,1.3249907493591309
3915,0.03228342905640602,,1.1363400220870972
3916,0.030302854254841805,,1.3007856607437134
3917,0.03881213441491127,,1.4371086359024048
3918,0.026299118995666504,,1.1903777122497559
3919,0.035310883074998856,,1.3954273462295532
3920,0.030347729101777077,,1.2447021007537842
3921,0.028101539239287376,,1.2881885766983032
3922,0.021768657490611076,,1.0939068794250488
3923,0.02558503858745098,,1.2332842350006104
3924,0.028902946040034294,,1.2076139450073242
3925,0.03473219648003578,,1.2583767175674438
3926,0.026196563616394997,,1.070224404335022
3927,0.02772117592394352,,1.2598103284835815
3928,0.02901269495487213,,1.1940032243728638
3929,0.026866672560572624,,1.2009097337722778
3930,0.029495174065232277,,1.1986899375915527
3931,0.024048002436757088,,1.1193236112594604
3932,0.029803747311234474,,1.2838751077651978
3933,0.023429781198501587,,1.0641993284225464
3934,0.030524222180247307,,1.1901482343673706
3935,0.03313782811164856,,1.1879901885986328
3936,0.027446134015917778,,1.2116992473602295
3937,0.03165900707244873,,1.2807716131210327
3938,0.032364118844270706,,1.4270808696746826
3939,0.028609441593289375,,1.2764012813568115
3940,0.03302391991019249,,1.1066818237304688
3941,0.027083277702331543,,1.1944580078125
3942,0.02374952845275402,,1.0324443578720093
3943,0.03497641161084175,,1.3152111768722534
3944,0.028803221881389618,,1.1714330911636353
3945,0.028892191126942635,,1.1402791738510132
3946,0.032248858362436295,,1.1208953857421875
3947,0.03121274895966053,,1.4259282350540161
3948,0.0339953787624836,,1.350621223449707
3949,0.03553837165236473,,1.3594660758972168
3950,0.029060231521725655,,1.2476589679718018
3951,0.03051157295703888,,1.259384274482727
3952,0.027166394516825676,,1.2795008420944214
3953,0.0280953049659729,,1.2394402027130127
3954,0.030414951965212822,,1.2215726375579834
3955,0.030608011409640312,,1.3025097846984863
3956,0.029248664155602455,,1.1022402048110962
3957,0.03215498477220535,,1.0868555307388306
3958,0.030574200674891472,,1.2680919170379639
3959,0.02505733259022236,,0.9889789819717407
3960,0.029471253976225853,,1.5297343730926514
3961,0.03273075446486473,,1.2214009761810303
3962,0.0400935560464859,,1.563949465751648
3963,0.023664912208914757,,1.0566041469573975
3964,0.02923481911420822,,1.3432245254516602
3965,0.03155640512704849,,1.26485013961792
3966,0.028859801590442657,,1.3844513893127441
3967,0.026880569756031036,,1.0202027559280396
3968,0.0336785726249218,,1.6110557317733765
3969,0.02547101490199566,,1.1042934656143188
3970,0.033552709966897964,,1.517055869102478
3971,0.03520466759800911,,1.6338995695114136
3972,0.032779108732938766,,1.3681316375732422
3973,0.03228484466671944,,1.2925044298171997
3974,0.02692529745399952,,1.1335657835006714
3975,0.03253408148884773,,1.3514848947525024
3976,0.026539355516433716,,0.9809443354606628
3977,0.025147221982479095,,1.2270268201828003
3978,0.028128551319241524,,1.1605489253997803
3979,0.03484688326716423,,1.6883862018585205
3980,0.0335492268204689,,1.520413875579834
3981,0.028597930446267128,,1.6109637022018433
3982,0.030996138229966164,,1.4791885614395142
3983,0.026185626164078712,,1.253317952156067
3984,0.030180254951119423,,1.3807861804962158
3985,0.02863183058798313,,1.3273507356643677
3986,0.03112797439098358,,1.4510509967803955
3987,0.03051658719778061,,1.2965223789215088
3988,0.03238014131784439,,1.298580527305603
3989,0.0297349002212286,,1.4128435850143433
3990,0.031845565885305405,,1.421538233757019
3991,0.0283183753490448,,1.2697397470474243
3992,0.030138181522488594,,1.243708610534668
3993,0.03141922131180763,,1.431069254875183
3994,0.03599616885185242,,1.4128470420837402
3995,0.035252682864665985,,1.5305204391479492
3996,0.037877604365348816,,1.4584572315216064
3997,0.036674726754426956,,1.4749679565429688
3998,0.03155673295259476,,1.2226121425628662
3999,0.03795678913593292,,1.4907838106155396
4000,0.0246395543217659,0.031697524276641305,1.105194330215454
4001,0.02568538673222065,,1.175138235092163
4002,0.03572125360369682,,1.375792145729065
4003,0.03347237408161163,,1.2070066928863525
4004,0.03254429250955582,,1.4495769739151
4005,0.03050667606294155,,1.3090397119522095
4006,0.029085621237754822,,1.1208765506744385
4007,0.0401734784245491,,1.5017266273498535
4008,0.02968604676425457,,1.3874690532684326
4009,0.026264136657118797,,1.2738730907440186
4010,0.030294237658381462,,1.2973120212554932
4011,0.029736004769802094,,1.2672019004821777
4012,0.03309260681271553,,1.3237993717193604
4013,0.02830786257982254,,1.3509166240692139
4014,0.02874784730374813,,1.2150686979293823
4015,0.027742229402065277,,1.1390830278396606
4016,0.030241912230849266,,1.2826910018920898
4017,0.02851242385804653,,1.1088532209396362
4018,0.03435481712222099,,1.448244333267212
4019,0.024632612243294716,,1.1452765464782715
4020,0.033897411078214645,,1.4342427253723145
4021,0.03196028992533684,,1.2641899585723877
4022,0.030438078567385674,,1.2218294143676758
4023,0.03466455638408661,,1.3362079858779907
4024,0.03664255142211914,,1.6959906816482544
4025,0.024520309641957283,,1.0596119165420532
4026,0.03262697532773018,,1.7435263395309448
4027,0.031429849565029144,,1.3271609544754028
4028,0.034894902259111404,,1.5132789611816406
4029,0.03489593043923378,,1.5298221111297607
4030,0.029059039428830147,,1.176988124847412
4031,0.029823465272784233,,1.361179232597351
4032,0.034408945590257645,,1.3666987419128418
4033,0.03122931718826294,,1.3232340812683105
4034,0.03116605617105961,,1.2538940906524658
4035,0.02998162806034088,,1.1486533880233765
4036,0.03176615759730339,,1.3284879922866821
4037,0.028731292113661766,,1.2377548217773438
4038,0.026176363229751587,,1.025756597518921
4039,0.02562500350177288,,0.9944939613342285
4040,0.023129871115088463,,0.942280650138855
4041,0.024899428710341454,,1.0685224533081055
4042,0.022468751296401024,,1.0309919118881226
4043,0.02594991959631443,,1.0529297590255737
4044,0.030070027336478233,,1.2441432476043701
4045,0.028246542438864708,,1.1387946605682373
4046,0.027024758979678154,,1.174381971359253
4047,0.023981615900993347,,0.9708954095840454
4048,0.025907613337039948,,1.0941925048828125
4049,0.025797471404075623,,1.0953311920166016
4050,0.026969820261001587,,1.050777792930603
4051,0.02324584312736988,,1.1333452463150024
4052,0.029659271240234375,,1.1134934425354004
4053,0.0324578732252121,,1.5637420415878296
4054,0.02840770222246647,,1.127814531326294
4055,0.029607290402054787,,1.2578604221343994
4056,0.0246994961053133,,1.0888818502426147
4057,0.025153011083602905,,1.1557222604751587
4058,0.02702522464096546,,1.233609676361084
4059,0.03262271359562874,,1.224798321723938
4060,0.025986215099692345,,1.3271794319152832
4061,0.025095246732234955,,1.0584933757781982
4062,0.03409455716609955,,1.386766791343689
4063,0.027551136910915375,,1.3556510210037231
4064,0.03364323452115059,,1.29354989528656
4065,0.035094425082206726,,1.6739236116409302
4066,0.02466573379933834,,1.1864447593688965
4067,0.03085685707628727,,1.2921289205551147
4068,0.03518824651837349,,1.4210208654403687
4069,0.03361208364367485,,1.22036874294281
4070,0.03260579705238342,,1.3355268239974976
4071,0.023203790187835693,,1.1579195261001587
4072,0.03444914147257805,,1.3759245872497559
4073,0.032454464584589005,,1.2358558177947998
4074,0.032079875469207764,,1.3311368227005005
4075,0.031199121847748756,,1.297664999961853
4076,0.029693173244595528,,1.5056971311569214
4077,0.023750649765133858,,1.059086561203003
4078,0.03499894216656685,,1.364850640296936
4079,0.022592484951019287,,1.1719571352005005
4080,0.027135446667671204,,1.3131592273712158
4081,0.029717056080698967,,1.24307382106781
4082,0.03486413136124611,,1.2307732105255127
4083,0.024458855390548706,,1.2168298959732056
4084,0.03501199185848236,,1.4543025493621826
4085,0.028267627581954002,,1.4593541622161865
4086,0.030400877818465233,,1.372363805770874
4087,0.02933802641928196,,1.2930407524108887
4088,0.03628097102046013,,1.4491854906082153
4089,0.036803606897592545,,1.5415947437286377
4090,0.03999056667089462,,1.501055121421814
4091,0.0326836071908474,,1.432383418083191
4092,0.024195032194256783,,0.9864651560783386
4093,0.03184409439563751,,1.3709192276000977
4094,0.03263663128018379,,1.4378443956375122
4095,0.027349239215254784,,1.3851045370101929
4096,0.03022114932537079,,1.2935938835144043
4097,0.025750339031219482,,1.2409820556640625
4098,0.028071051463484764,,1.2583404779434204
4099,0.028756974264979362,,1.398486614227295
4100,0.02967836707830429,,1.2733193635940552
4101,0.027720138430595398,,1.3537567853927612
4102,0.029131613671779633,,1.0833266973495483
4103,0.03361450508236885,,1.515801191329956
4104,0.028589898720383644,,1.3235613107681274
4105,0.030492782592773438,,1.4380744695663452
4106,0.026993082836270332,,1.2703626155853271
4107,0.027376040816307068,,1.2527697086334229
4108,0.028080806136131287,,1.2540364265441895
4109,0.033421266824007034,,1.4952247142791748
4110,0.03616667166352272,,1.1426215171813965
4111,0.03212391957640648,,1.400628685951233
4112,0.03287425637245178,,1.3924100399017334
4113,0.03217121958732605,,1.4360743761062622
4114,0.02844083309173584,,1.349399447441101
4115,0.02665504813194275,,1.1433180570602417
4116,0.02851342223584652,,1.3965905904769897
4117,0.026462292298674583,,1.1266800165176392
4118,0.03122042678296566,,1.3361375331878662
4119,0.025163136422634125,,1.0359388589859009
4120,0.026736492291092873,,1.327892541885376
4121,0.025400400161743164,,1.1662157773971558
4122,0.02677156776189804,,1.0795742273330688
4123,0.021005941554903984,,1.0402735471725464
4124,0.028508871793746948,,1.0456411838531494
4125,0.03147004544734955,,1.2592291831970215
4126,0.032224323600530624,,1.063059687614441
4127,0.030958304181694984,,1.416982889175415
4128,0.02527007646858692,,1.0086755752563477
4129,0.02750791423022747,,1.2658519744873047
4130,0.030692769214510918,,1.298316478729248
4131,0.027250176295638084,,1.1278725862503052
4132,0.030581487342715263,,1.3414103984832764
4133,0.03458438441157341,,1.2273213863372803
4134,0.02918010950088501,,1.255652666091919
4135,0.03213110193610191,,1.1307016611099243
4136,0.030294356867671013,,1.4487013816833496
4137,0.03190105780959129,,1.2130235433578491
4138,0.026905914768576622,,1.1420655250549316
4139,0.03357004374265671,,1.2355012893676758
4140,0.031978219747543335,,1.395466685295105
4141,0.030797705054283142,,1.1587859392166138
4142,0.03628753498196602,,1.4388699531555176
4143,0.029018020257353783,,1.018699288368225
4144,0.028804617002606392,,1.4950441122055054
4145,0.023444311693310738,,0.8835875988006592
4146,0.03380019962787628,,1.5465322732925415
4147,0.026051245629787445,,1.1570539474487305
4148,0.029980957508087158,,1.4416457414627075
4149,0.03672804310917854,,1.3966771364212036
4150,0.032273393124341965,,1.6905032396316528
4151,0.028798028826713562,,1.3298146724700928
4152,0.026949621737003326,,1.1699426174163818
4153,0.026005132123827934,,1.180850625038147
4154,0.028947075828909874,,1.1339002847671509
4155,0.030908986926078796,,1.3257362842559814
4156,0.02416142262518406,,1.0443917512893677
4157,0.031418491154909134,,1.3092622756958008
4158,0.027155635878443718,,1.163730263710022
4159,0.031971611082553864,,1.5338889360427856
4160,0.030412515625357628,,1.215490460395813
4161,0.02938532643020153,,1.339208960533142
4162,0.033274468034505844,,1.4061000347137451
4163,0.028413401916623116,,1.3939355611801147
4164,0.028841717168688774,,1.1428154706954956
4165,0.024435484781861305,,1.2559126615524292
4166,0.02896084450185299,,1.2735017538070679
4167,0.030562734231352806,,1.425665020942688
4168,0.025567682459950447,,1.3144949674606323
4169,0.024471094831824303,,1.1538726091384888
4170,0.03388093411922455,,1.350136637687683
4171,0.025914141908288002,,1.2157882452011108
4172,0.024940522387623787,,1.0211517810821533
4173,0.0368606261909008,,1.4386048316955566
4174,0.024531200528144836,,1.0616029500961304
4175,0.027838870882987976,,1.1945792436599731
4176,0.035524431616067886,,1.5698353052139282
4177,0.029983699321746826,,1.3638911247253418
4178,0.026251481845974922,,1.2719507217407227
4179,0.02851717360317707,,1.2314363718032837
4180,0.03369683399796486,,1.2948038578033447
4181,0.02921709604561329,,1.4507681131362915
4182,0.02518901787698269,,1.116802453994751
4183,0.029062358662486076,,1.4197450876235962
4184,0.03488313779234886,,1.4935628175735474
4185,0.030773108825087547,,1.2731629610061646
4186,0.024668611586093903,,1.1424864530563354
4187,0.032288044691085815,,1.1562341451644897
4188,0.030493849888443947,,1.4480055570602417
4189,0.02860165573656559,,1.316384196281433
4190,0.03305697441101074,,1.4225287437438965
4191,0.0312967486679554,,1.548284888267517
4192,0.02899845689535141,,1.3578295707702637
4193,0.031915828585624695,,1.2995433807373047
4194,0.03275071084499359,,1.660778522491455
4195,0.026639027521014214,,1.1209814548492432
4196,0.03171655908226967,,1.4669384956359863
4197,0.030462011694908142,,1.4862124919891357
4198,0.026539279147982597,,1.4039361476898193
4199,0.03205487132072449,,1.5685062408447266
4200,0.0300611425191164,,1.3237978219985962
4201,0.029839659109711647,,1.23810875415802
4202,0.03498392179608345,,1.484674096107483
4203,0.02568020112812519,,1.2180825471878052
4204,0.025554025545716286,,1.1761844158172607
4205,0.027733488008379936,,1.2094478607177734
4206,0.03232945501804352,,1.3067831993103027
4207,0.02658175118267536,,1.137792944908142
4208,0.030058471485972404,,1.334468126296997
4209,0.032074738293886185,,1.2134093046188354
4210,0.029805151745676994,,1.2856955528259277
4211,0.026726150885224342,,1.1899656057357788
4212,0.028380250558257103,,1.1553665399551392
4213,0.029898079112172127,,1.2420282363891602
4214,0.0302457083016634,,1.3141002655029297
4215,0.03288636729121208,,1.165457010269165
4216,0.028765715658664703,,1.261321783065796
4217,0.028141984716057777,,1.0755960941314697
4218,0.029526477679610252,,1.280954360961914
4219,0.02385362796485424,,1.0194473266601562
4220,0.03516362980008125,,1.5109962224960327
4221,0.030783213675022125,,1.3658207654953003
4222,0.024666475132107735,,1.0845760107040405
4223,0.033388663083314896,,1.4997057914733887
4224,0.026174435392022133,,1.0862033367156982
4225,0.030862657353281975,,1.461543321609497
4226,0.02497222274541855,,1.184786319732666
4227,0.03661635145545006,,1.4788098335266113
4228,0.0290920902043581,,1.385602355003357
4229,0.031878210604190826,,1.2357761859893799
4230,0.027488423511385918,,1.2245420217514038
4231,0.027772659435868263,,1.1585220098495483
4232,0.027681700885295868,,1.1740391254425049
4233,0.023086437955498695,,0.9349728226661682
4234,0.02840377390384674,,1.2081477642059326
4235,0.03165929764509201,,1.371982216835022
4236,0.03027130663394928,,1.2855846881866455
4237,0.02767828106880188,,1.1332578659057617
4238,0.029706349596381187,,1.1313284635543823
4239,0.030443647876381874,,1.1646885871887207
4240,0.028944246470928192,,1.220948576927185
4241,0.027743101119995117,,1.2091801166534424
4242,0.024898676201701164,,1.1114130020141602
4243,0.026371220126748085,,1.0288618803024292
4244,0.02567688561975956,,1.0272409915924072
4245,0.03126657381653786,,1.2997609376907349
4246,0.02567094750702381,,1.1580455303192139
4247,0.032715898007154465,,1.3578323125839233
4248,0.029069622978568077,,1.2730377912521362
4249,0.02620680071413517,,1.231676697731018
4250,0.027064448222517967,,1.178409218788147
4251,0.02550031989812851,,1.227095127105713
4252,0.024102913215756416,,0.9998806715011597
4253,0.025620058178901672,,1.1276181936264038
4254,0.0250838790088892,,1.0742087364196777
4255,0.024610720574855804,,1.0547674894332886
4256,0.022874511778354645,,0.9962882995605469
4257,0.02340405248105526,,1.0001776218414307
4258,0.023586608469486237,,1.1017837524414062
4259,0.026975149288773537,,1.0647860765457153
4260,0.028079358860850334,,1.4385913610458374
4261,0.025264889001846313,,1.0210223197937012
4262,0.028457248583436012,,1.417325496673584
4263,0.02881135791540146,,1.3112313747406006
4264,0.024251746013760567,,1.2943894863128662
4265,0.029893765226006508,,1.3814822435379028
4266,0.025612637400627136,,1.2039594650268555
4267,0.03361893817782402,,1.279358148574829
4268,0.028186282142996788,,1.4615174531936646
4269,0.02912275679409504,,1.232271432876587
4270,0.0362098328769207,,1.5802335739135742
4271,0.02828683890402317,,1.2327128648757935
4272,0.032889027148485184,,1.4073554277420044
4273,0.026932718232274055,,1.0631918907165527
4274,0.024633482098579407,,1.1425482034683228
4275,0.027456650510430336,,1.2164685726165771
4276,0.03149545565247536,,1.3297088146209717
4277,0.035821206867694855,,1.3698316812515259
4278,0.02369963936507702,,1.2400208711624146
4279,0.03180290758609772,,1.3108596801757812
4280,0.02692074328660965,,1.2647182941436768
4281,0.02511187456548214,,1.070472002029419
4282,0.03163508325815201,,1.3015388250350952
4283,0.02731652371585369,,1.2570821046829224
4284,0.030812496319413185,,1.1717547178268433
4285,0.027253760024905205,,1.3306983709335327
4286,0.026506662368774414,,1.1002399921417236
4287,0.030445106327533722,,1.364803671836853
4288,0.0237912405282259,,1.112231969833374
4289,0.02741747535765171,,1.1618742942810059
4290,0.031751200556755066,,1.4195269346237183
4291,0.02402856945991516,,1.0798529386520386
4292,0.02922135591506958,,1.3717772960662842
4293,0.029008133336901665,,1.232176661491394
4294,0.022326737642288208,,0.938149631023407
4295,0.025538848713040352,,1.0908749103546143
4296,0.02635733038187027,,1.1656221151351929
4297,0.029772281646728516,,1.0975896120071411
4298,0.026746533811092377,,1.2322392463684082
4299,0.028693052008748055,,1.2008697986602783
4300,0.024126127362251282,,1.095089316368103
4301,0.03133213520050049,,1.2309895753860474
4302,0.02980612777173519,,1.2167094945907593
4303,0.02773178555071354,,1.2815766334533691
4304,0.02693513035774231,,1.0321028232574463
4305,0.028482483699917793,,1.4428681135177612
4306,0.026326211169362068,,1.2058995962142944
4307,0.031373281031847,,1.3514231443405151
4308,0.02737550623714924,,1.363526463508606
4309,0.02851136587560177,,1.0526471138000488
4310,0.025334322825074196,,1.1501350402832031
4311,0.02951357327401638,,1.2380397319793701
4312,0.022260917350649834,,1.1590161323547363
4313,0.023361781612038612,,1.0834088325500488
4314,0.02920624054968357,,1.263487696647644
4315,0.027725109830498695,,1.262129306793213
4316,0.0295576099306345,,1.1839317083358765
4317,0.027378275990486145,,1.251283049583435
4318,0.023053040727972984,,1.0105851888656616
4319,0.028680557385087013,,1.2811228036880493
4320,0.022811628878116608,,1.029558777809143
4321,0.03495660424232483,,1.3034493923187256
4322,0.021979324519634247,,1.0071351528167725
4323,0.02460753358900547,,1.1075249910354614
4324,0.026252685114741325,,1.1236056089401245
4325,0.02733408659696579,,1.1429564952850342
4326,0.030139191076159477,,1.0507844686508179
4327,0.027857230976223946,,1.2328475713729858
4328,0.023927992209792137,,0.9948862791061401
4329,0.03383677452802658,,1.4415788650512695
4330,0.03310377150774002,,1.5253795385360718
4331,0.03319142013788223,,1.297675371170044
4332,0.030874354764819145,,1.3826048374176025
4333,0.027213573455810547,,1.1128489971160889
4334,0.031350936740636826,,1.475115418434143
4335,0.03153039887547493,,1.3023589849472046
4336,0.02690897136926651,,1.2558377981185913
4337,0.03176267817616463,,1.368473768234253
4338,0.028478579595685005,,1.2431179285049438
4339,0.024413498118519783,,1.1048040390014648
4340,0.030302608385682106,,1.414178729057312
4341,0.029474111273884773,,1.1913081407546997
4342,0.03266457840800285,,1.3345954418182373
4343,0.027248939499258995,,1.4023383855819702
4344,0.03149549663066864,,1.3582464456558228
4345,0.0321798212826252,,1.3892314434051514
4346,0.03101787157356739,,1.3536369800567627
4347,0.03286996856331825,,1.402084231376648
4348,0.03958794102072716,,1.321604609489441
4349,0.02637237310409546,,1.1586672067642212
4350,0.02929011546075344,,1.2904831171035767
4351,0.03381967917084694,,1.4062739610671997
4352,0.028600215911865234,,1.1775541305541992
4353,0.02536906488239765,,1.338181972503662
4354,0.030799701809883118,,1.1801347732543945
4355,0.031838107854127884,,1.315112590789795
4356,0.028956159949302673,,1.2941313982009888
4357,0.027728090062737465,,1.3631060123443604
4358,0.02623855322599411,,1.1398178339004517
4359,0.02735554240643978,,1.301095724105835
4360,0.02293822355568409,,1.1069598197937012
4361,0.03330882266163826,,1.2772988080978394
4362,0.02699265442788601,,1.1924338340759277
4363,0.027592062950134277,,1.1754316091537476
4364,0.028827914968132973,,1.2230771780014038
4365,0.024860382080078125,,1.0310733318328857
4366,0.023531243205070496,,1.039504051208496
4367,0.026160812005400658,,1.2927072048187256
4368,0.03395645320415497,,1.1801186800003052
4369,0.03135049715638161,,1.3594882488250732
4370,0.031566668301820755,,1.2521822452545166
4371,0.032167669385671616,,1.4092894792556763
4372,0.04208282753825188,,1.7116774320602417
4373,0.0357586145401001,,1.3126881122589111
4374,0.029913565143942833,,1.3480536937713623
4375,0.02591036446392536,,1.1420519351959229
4376,0.029549462720751762,,1.4389042854309082
4377,0.02554565854370594,,1.017916202545166
4378,0.02541196160018444,,1.3143031597137451
4379,0.028748219832777977,,1.3205240964889526
4380,0.030190831050276756,,1.461052656173706
4381,0.030796101316809654,,1.2951871156692505
4382,0.029442915692925453,,1.2919108867645264
4383,0.028995225206017494,,1.1546525955200195
4384,0.025656776502728462,,1.178734302520752
4385,0.02539132349193096,,1.056688904762268
4386,0.024440540000796318,,1.1370419263839722
4387,0.02920219860970974,,1.3474236726760864
4388,0.03294534608721733,,1.3195101022720337
4389,0.02400018274784088,,0.969204843044281
4390,0.02988261915743351,,1.322649359703064
4391,0.03032231144607067,,1.1992236375808716
4392,0.028803544119000435,,1.3563206195831299
4393,0.02821318805217743,,1.1871006488800049
4394,0.026182351633906364,,1.2446942329406738
4395,0.027672531083226204,,1.1681057214736938
4396,0.026445938274264336,,1.2636908292770386
4397,0.026681022718548775,,1.2729462385177612
4398,0.02139628678560257,,0.9546307921409607
4399,0.026609793305397034,,1.2203480005264282
4400,0.029886817559599876,,1.1845186948776245
4401,0.02629975788295269,,1.1353847980499268
4402,0.027535518631339073,,1.1376373767852783
4403,0.023713544011116028,,0.9490935206413269
4404,0.025435587391257286,,1.0194013118743896
4405,0.024290991947054863,,1.0563135147094727
4406,0.023202694952487946,,1.0520975589752197
4407,0.028798535466194153,,1.1564682722091675
4408,0.035818666219711304,,1.6945732831954956
4409,0.030231652781367302,,1.3903062343597412
4410,0.023799434304237366,,1.2049795389175415
4411,0.029585516080260277,,1.2340877056121826
4412,0.027115948498249054,,1.0723860263824463
4413,0.03295889124274254,,1.3438488245010376
4414,0.021562019363045692,,1.113659143447876
4415,0.025424957275390625,,1.1457468271255493
4416,0.02601117081940174,,1.1657214164733887
4417,0.02938953973352909,,1.3522207736968994
4418,0.028536034747958183,,1.2728354930877686
4419,0.02732405625283718,,1.2082632780075073
4420,0.031333815306425095,,1.3585801124572754
4421,0.027272135019302368,,1.2518912553787231
4422,0.02479681186378002,,1.2169238328933716
4423,0.02547253668308258,,1.1990901231765747
4424,0.029085546731948853,,1.2998288869857788
4425,0.02779056690633297,,1.2680542469024658
4426,0.030330725014209747,,1.2775031328201294
4427,0.027060700580477715,,1.3758779764175415
4428,0.027905309572815895,,1.2011879682540894
4429,0.022553272545337677,,1.1009844541549683
4430,0.01969635859131813,,0.8842099905014038
4431,0.02710808254778385,,1.2460029125213623
4432,0.023995496332645416,,1.0994311571121216
4433,0.03043953888118267,,1.333095669746399
4434,0.025811785832047462,,1.1373820304870605
4435,0.028721913695335388,,1.350293517112732
4436,0.032293565571308136,,1.137953758239746
4437,0.028040623292326927,,1.3164527416229248
4438,0.0269282516092062,,1.0772647857666016
4439,0.02434588223695755,,1.1465131044387817
4440,0.022009598091244698,,1.0158069133758545
4441,0.027081407606601715,,1.1831492185592651
4442,0.03203446790575981,,1.3182545900344849
4443,0.029286988079547882,,1.1806353330612183
4444,0.02805660106241703,,1.0986942052841187
4445,0.026048028841614723,,1.2649081945419312
4446,0.028029533103108406,,1.1390478610992432
4447,0.026613900437951088,,1.146353840827942
4448,0.02751546911895275,,1.1205965280532837
4449,0.03179887309670448,,1.2672499418258667
4450,0.026459425687789917,,1.2811753749847412
4451,0.023289332166314125,,1.0589964389801025
4452,0.02607777714729309,,1.3146146535873413
4453,0.028176672756671906,,1.0880507230758667
4454,0.033330101519823074,,1.4545612335205078
4455,0.024735892191529274,,1.1280368566513062
4456,0.03453074023127556,,1.577820062637329
4457,0.028548216447234154,,1.2027257680892944
4458,0.02527320384979248,,1.1588993072509766
4459,0.028574513271450996,,1.3532335758209229
4460,0.027210652828216553,,1.1524759531021118
4461,0.027341226115822792,,1.2015317678451538
4462,0.03228076174855232,,1.2512073516845703
4463,0.028170859441161156,,1.4106849431991577
4464,0.03194674849510193,,1.3343605995178223
4465,0.02658197283744812,,1.1275920867919922
4466,0.0251920223236084,,1.1809639930725098
4467,0.023418819531798363,,1.0960659980773926
4468,0.026797601953148842,,1.213759422302246
4469,0.027135903015732765,,1.170263648033142
4470,0.030457742512226105,,1.2319456338882446
4471,0.024121737107634544,,1.0526660680770874
4472,0.028258927166461945,,1.093682050704956
4473,0.024624839425086975,,1.1886025667190552
4474,0.025979505851864815,,1.0778809785842896
4475,0.028271472081542015,,1.1712803840637207
4476,0.024258077144622803,,1.160546898841858
4477,0.024631956592202187,,1.0368586778640747
4478,0.031058410182595253,,1.423508644104004
4479,0.028163263574242592,,1.1571859121322632
4480,0.031231334432959557,,1.3631765842437744
4481,0.030546216294169426,,1.2318854331970215
4482,0.026514476165175438,,1.210564136505127
4483,0.028414463624358177,,1.322438359260559
4484,0.023669281974434853,,1.2357014417648315
4485,0.029999390244483948,,1.4136161804199219
4486,0.0224513728171587,,1.037787914276123
4487,0.025704801082611084,,1.1255300045013428
4488,0.027084531262516975,,1.0867383480072021
4489,0.02510172873735428,,1.2043876647949219
4490,0.02748112566769123,,1.123952031135559
4491,0.02422836236655712,,1.2384101152420044
4492,0.02774684876203537,,1.2442790269851685
4493,0.027616633102297783,,1.036022663116455
4494,0.030630534514784813,,1.272853136062622
4495,0.027279837056994438,,1.1116275787353516
4496,0.03234619274735451,,1.2356559038162231
4497,0.028223467990756035,,1.1557646989822388
4498,0.02558322437107563,,1.113110899925232
4499,0.027229713276028633,,1.197034239768982
4500,0.023234732449054718,0.02731156117043274,1.068771481513977
4501,0.02625887654721737,,1.19025719165802
4502,0.01844371296465397,,0.8920971155166626
4503,0.022845158353447914,,0.9544225335121155
4504,0.02947867475450039,,1.09311842918396
4505,0.024603305384516716,,1.0175719261169434
4506,0.03255595266819,,1.2320966720581055
4507,0.028681105002760887,,1.2145812511444092
4508,0.02231229841709137,,0.9990156888961792
4509,0.029617110267281532,,1.1201856136322021
4510,0.03009326197206974,,1.3151624202728271
4511,0.02493956685066223,,0.9121593236923218
4512,0.025534817948937416,,1.2763903141021729
4513,0.024926038458943367,,1.2159329652786255
4514,0.02586200088262558,,1.2676373720169067
4515,0.0242020096629858,,1.1804344654083252
4516,0.028238937258720398,,1.1563820838928223
4517,0.03485061600804329,,1.5895954370498657
4518,0.029371635988354683,,1.4869840145111084
4519,0.029386363923549652,,1.1797935962677002
4520,0.022948933765292168,,1.3074299097061157
4521,0.02389182150363922,,0.9695963859558105
4522,0.029270363971590996,,1.4949239492416382
4523,0.028650052845478058,,1.3909741640090942
4524,0.029502185061573982,,1.3232818841934204
4525,0.030682774260640144,,1.3885774612426758
4526,0.028698543086647987,,1.3048113584518433
4527,0.025644144043326378,,1.186547875404358
4528,0.024639472365379333,,1.1774839162826538
4529,0.02289503999054432,,1.0255467891693115
4530,0.028968943282961845,,1.3639363050460815
4531,0.03114020638167858,,1.1621191501617432
4532,0.023431187495589256,,1.1409716606140137
4533,0.031827960163354874,,1.3044180870056152
4534,0.02401535026729107,,1.1567333936691284
4535,0.03109198808670044,,1.2398794889450073
4536,0.02490253746509552,,1.2764180898666382
4537,0.023296000435948372,,1.0358880758285522
4538,0.02490246295928955,,1.2304776906967163
4539,0.0224944856017828,,0.991957426071167
4540,0.02423267252743244,,1.219268560409546
4541,0.024879639968276024,,1.1620469093322754
4542,0.02729474939405918,,1.1573936939239502
4543,0.028083035722374916,,1.404603123664856
4544,0.02844318561255932,,1.1232004165649414
4545,0.022311629727482796,,1.1763722896575928
4546,0.03367079794406891,,1.4310139417648315
4547,0.02622614987194538,,1.2838143110275269
4548,0.024221843108534813,,1.0834046602249146
4549,0.025737671181559563,,1.3480687141418457
4550,0.02437633089721203,,1.1282844543457031
4551,0.02512255311012268,,1.156198501586914
4552,0.02467249147593975,,1.094456434249878
4553,0.02897079475224018,,1.2564611434936523
4554,0.025276774540543556,,1.0494399070739746
4555,0.027389878407120705,,1.1737459897994995
4556,0.024083957076072693,,1.067721962928772
4557,0.02476753108203411,,1.0625075101852417
4558,0.030302509665489197,,1.1717170476913452
4559,0.025557780638337135,,1.2844455242156982
4560,0.02715367078781128,,1.1358429193496704
4561,0.02900887094438076,,1.3612735271453857
4562,0.030702613294124603,,1.2974828481674194
4563,0.026968568563461304,,1.3794481754302979
4564,0.03555445000529289,,1.5787465572357178
4565,0.024598488584160805,,1.2089264392852783
4566,0.026209905743598938,,1.191171407699585
4567,0.02882196009159088,,1.452924370765686
4568,0.030030174180865288,,1.1780778169631958
4569,0.02968660555779934,,1.4581700563430786
4570,0.02656821720302105,,1.140067219734192
4571,0.030372345820069313,,1.324211597442627
4572,0.021783679723739624,,1.1294625997543335
4573,0.025940025225281715,,1.155010461807251
4574,0.02283441461622715,,1.1095248460769653
4575,0.02719491720199585,,1.1025923490524292
4576,0.028226589784026146,,1.2899363040924072
4577,0.032556354999542236,,1.5059980154037476
4578,0.026545027270913124,,1.1329516172409058
4579,0.022455677390098572,,1.2010242938995361
4580,0.02824564278125763,,1.3156075477600098
4581,0.024530408903956413,,1.0431487560272217
4582,0.031602609902620316,,1.3616158962249756
4583,0.028272347524762154,,1.2595330476760864
4584,0.031128833070397377,,1.37693452835083
4585,0.02700781263411045,,1.1991864442825317
4586,0.024279452860355377,,1.060375690460205
4587,0.02691241167485714,,1.3480404615402222
4588,0.025718247517943382,,1.1396013498306274
4589,0.02874716930091381,,1.2410917282104492
4590,0.025747010484337807,,1.1683694124221802
4591,0.020377665758132935,,1.0392009019851685
4592,0.02373421937227249,,1.0759241580963135
4593,0.019508427008986473,,0.932258129119873
4594,0.033419374376535416,,1.209078311920166
4595,0.02995588816702366,,1.2861720323562622
4596,0.021997304633259773,,0.8877918124198914
4597,0.024235203862190247,,1.1042022705078125
4598,0.021026737987995148,,1.0106244087219238
4599,0.022783448919653893,,1.1321172714233398
4600,0.029562855139374733,,1.1611257791519165
4601,0.025070233270525932,,1.1056604385375977
4602,0.02897987700998783,,1.0347850322723389
4603,0.03261496126651764,,1.5408635139465332
4604,0.027928872033953667,,1.253618836402893
4605,0.019778799265623093,,1.075903296470642
4606,0.02747231535613537,,1.2787692546844482
4607,0.028593845665454865,,1.3914470672607422
4608,0.029863208532333374,,1.1475077867507935
4609,0.02965247817337513,,1.4293221235275269
4610,0.025801951065659523,,1.034084677696228
4611,0.028237005695700645,,1.3455160856246948
4612,0.02832229621708393,,1.3885157108306885
4613,0.02958640456199646,,1.3146964311599731
4614,0.03294237330555916,,1.205306053161621
4615,0.034396372735500336,,1.476484775543213
4616,0.027533939108252525,,1.1066865921020508
4617,0.042803216725587845,,2.0022358894348145
4618,0.023017792031168938,,1.1685295104980469
4619,0.02837228961288929,,1.3198546171188354
4620,0.024578461423516273,,1.1792094707489014
4621,0.024784928187727928,,1.0969250202178955
4622,0.024506650865077972,,1.1648170948028564
4623,0.022114573046565056,,1.0781939029693604
4624,0.021942170336842537,,1.0800142288208008
4625,0.02987241931259632,,1.2431763410568237
4626,0.03052096627652645,,1.2718486785888672
4627,0.025782017037272453,,1.1390024423599243
4628,0.02595841884613037,,1.2062582969665527
4629,0.02555757761001587,,1.0476175546646118
4630,0.023816868662834167,,1.2365449666976929
4631,0.025654075667262077,,1.0792478322982788
4632,0.02952446974813938,,1.4703398942947388
4633,0.028333395719528198,,1.1980600357055664
4634,0.023222044110298157,,1.1201032400131226
4635,0.024411024525761604,,1.115793228149414
4636,0.032925084233284,,1.2525181770324707
4637,0.026757925748825073,,1.174798607826233
4638,0.032059673219919205,,1.3273184299468994
4639,0.026269828900694847,,1.306889533996582
4640,0.02423468790948391,,1.1050010919570923
4641,0.029607824981212616,,1.2517410516738892
4642,0.022359877824783325,,1.1585843563079834
4643,0.02294025756418705,,1.1659678220748901
4644,0.028584079816937447,,1.1206820011138916
4645,0.021473616361618042,,0.9653550386428833
4646,0.028488608077168465,,1.1193187236785889
4647,0.030688315629959106,,1.3166722059249878
4648,0.026631439104676247,,1.1545779705047607
4649,0.031725961714982986,,1.2653980255126953
4650,0.02487623691558838,,1.217932939529419
4651,0.025015078485012054,,1.090475082397461
4652,0.027002284303307533,,1.4058126211166382
4653,0.02557980827987194,,1.0885586738586426
4654,0.032462168484926224,,1.3745369911193848
4655,0.0358879454433918,,1.5571365356445312
4656,0.024131273850798607,,0.9677278399467468
4657,0.026229260489344597,,1.1474324464797974
4658,0.023506829515099525,,1.119436502456665
4659,0.025343699380755424,,1.0996872186660767
4660,0.03333396837115288,,1.223386287689209
4661,0.024185465648770332,,0.9683424234390259
4662,0.03057168237864971,,1.3378663063049316
4663,0.028589703142642975,,1.2657307386398315
4664,0.02649899758398533,,1.3378156423568726
4665,0.025186730548739433,,1.0595684051513672
4666,0.025700798258185387,,1.363816499710083
4667,0.02072164975106716,,0.8747084736824036
4668,0.032168369740247726,,1.3214316368103027
4669,0.026153268292546272,,1.1828972101211548
4670,0.029118210077285767,,1.3242011070251465
4671,0.02635662816464901,,1.2335312366485596
4672,0.026196172460913658,,1.2333577871322632
4673,0.02382560819387436,,0.9848082065582275
4674,0.02479633502662182,,1.335813045501709
4675,0.025752155110239983,,1.168481707572937
4676,0.02758779563009739,,1.258599877357483
4677,0.03018788993358612,,1.5805355310440063
4678,0.02965942583978176,,1.2608990669250488
4679,0.03410160914063454,,1.5224131345748901
4680,0.02415202558040619,,1.3040707111358643
4681,0.03127618506550789,,1.3111133575439453
4682,0.03321650251746178,,1.4635025262832642
4683,0.029821911826729774,,1.285271167755127
4684,0.029022760689258575,,1.243672251701355
4685,0.02437324821949005,,1.1201940774917603
4686,0.03232242912054062,,1.463172197341919
4687,0.023967357352375984,,1.1703226566314697
4688,0.023414505645632744,,1.2854832410812378
4689,0.028881685808300972,,1.268076777458191
4690,0.026529135182499886,,1.2000812292099
4691,0.029059946537017822,,1.2348589897155762
4692,0.023704322054982185,,1.013196587562561
4693,0.019378798082470894,,0.9598268866539001
4694,0.029169363901019096,,1.1198068857192993
4695,0.02570234052836895,,1.243910312652588
4696,0.025623897090554237,,0.9457376599311829
4697,0.023747729137539864,,1.1811760663986206
4698,0.021511586382985115,,0.9496224522590637
4699,0.023286541923880577,,1.0335711240768433
4700,0.0238241758197546,,1.0826998949050903
4701,0.02537907473742962,,1.0652512311935425
4702,0.024244999513030052,,1.0909970998764038
4703,0.028264204040169716,,1.163074254989624
4704,0.02881019562482834,,1.0707271099090576
4705,0.024721629917621613,,1.1150692701339722
4706,0.025779476389288902,,1.0090211629867554
4707,0.029647214338183403,,1.5076390504837036
4708,0.021572591736912727,,0.9861056804656982
4709,0.025980381295084953,,1.188854694366455
4710,0.02211323380470276,,1.2045190334320068
4711,0.0316283255815506,,1.359248399734497
4712,0.03235112875699997,,1.4191545248031616
4713,0.02088426984846592,,1.045845627784729
4714,0.022450126707553864,,1.1339845657348633
4715,0.03214060142636299,,1.3550773859024048
4716,0.023809174075722694,,1.1787675619125366
4717,0.026594126597046852,,1.1014785766601562
4718,0.029209593310952187,,1.3879445791244507
4719,0.022292939946055412,,1.0833775997161865
4720,0.023623496294021606,,1.1834819316864014
4721,0.022490017116069794,,0.9558187127113342
4722,0.02521904744207859,,1.2111369371414185
4723,0.024558551609516144,,1.0759878158569336
4724,0.028129160404205322,,1.234304428100586
4725,0.030400149524211884,,1.133837342262268
4726,0.0328962467610836,,1.2577708959579468
4727,0.022124579176306725,,1.1127458810806274
4728,0.01984471082687378,,0.9068521857261658
4729,0.030264953151345253,,1.3748421669006348
4730,0.03012174554169178,,1.2144585847854614
4731,0.028057651594281197,,1.1211827993392944
4732,0.025603465735912323,,1.020311951637268
4733,0.03160366788506508,,1.3230838775634766
4734,0.02498496137559414,,1.3413581848144531
4735,0.029720433056354523,,1.3235323429107666
4736,0.027845019474625587,,1.4536257982254028
4737,0.02625741809606552,,1.4865953922271729
4738,0.028908872976899147,,1.260792851448059
4739,0.024188734591007233,,1.388922095298767
4740,0.028366409242153168,,1.2149930000305176
4741,0.026587707921862602,,1.3482561111450195
4742,0.02712404727935791,,1.3581130504608154
4743,0.026015937328338623,,1.2192009687423706
4744,0.018994102254509926,,1.0312327146530151
4745,0.024890974164009094,,1.206378698348999
4746,0.031794432550668716,,1.3487144708633423
4747,0.024220073595643044,,1.0869927406311035
4748,0.031180372461676598,,1.2069995403289795
4749,0.030766017735004425,,1.381763219833374
4750,0.022212907671928406,,1.1062190532684326
4751,0.023048965260386467,,1.255190372467041
4752,0.019621266052126884,,0.9833657145500183
4753,0.028857335448265076,,1.4593868255615234
4754,0.024412482976913452,,1.1392189264297485
4755,0.023987622931599617,,1.2281031608581543
4756,0.02849750965833664,,1.322730541229248
4757,0.029118860140442848,,1.3277056217193604
4758,0.032223526388406754,,1.378322958946228
4759,0.02805212326347828,,1.346855640411377
4760,0.027542846277356148,,1.1827943325042725
4761,0.022445304319262505,,1.241507887840271
4762,0.025537358596920967,,1.2507292032241821
4763,0.032851289957761765,,1.5858694314956665
4764,0.02677110582590103,,1.1571120023727417
4765,0.023524442687630653,,1.376068353652954
4766,0.028891777619719505,,1.3766199350357056
4767,0.028360426425933838,,1.4038938283920288
4768,0.025904787704348564,,1.1832834482192993
4769,0.020628873258829117,,1.0576932430267334
4770,0.036597736179828644,,1.4872932434082031
4771,0.028778403997421265,,1.3955578804016113
4772,0.02414732240140438,,1.1068511009216309
4773,0.02587966062128544,,1.3457436561584473
4774,0.026287198066711426,,1.2433751821517944
4775,0.025921674445271492,,1.2030084133148193
4776,0.028762072324752808,,1.2311753034591675
4777,0.02676209807395935,,1.2968467473983765
4778,0.03461750969290733,,1.3294703960418701
4779,0.026341736316680908,,1.3141242265701294
4780,0.03157878294587135,,1.3962863683700562
4781,0.025628404691815376,,1.2112164497375488
4782,0.028868744149804115,,1.354509711265564
4783,0.023569269105792046,,1.0835658311843872
4784,0.028120167553424835,,1.219407558441162
4785,0.022987591102719307,,1.245922327041626
4786,0.02524752914905548,,1.1302670240402222
4787,0.02436635084450245,,1.1123393774032593
4788,0.033704161643981934,,1.455457091331482
4789,0.02816617488861084,,1.2991021871566772
4790,0.026537472382187843,,1.1769955158233643
4791,0.020934855565428734,,0.9728686213493347
4792,0.02927814982831478,,1.2918100357055664
4793,0.018864227458834648,,1.0214707851409912
4794,0.022802839055657387,,1.1792970895767212
4795,0.025241946801543236,,1.1941591501235962
4796,0.029687194153666496,,1.4938923120498657
4797,0.026006782427430153,,1.1965093612670898
4798,0.02868427336215973,,1.3068443536758423
4799,0.02474086731672287,,1.0077545642852783
4800,0.025277985259890556,,1.19920015335083
4801,0.025049278512597084,,1.1904611587524414
4802,0.026523301377892494,,1.1724019050598145
4803,0.02538914419710636,,1.2052147388458252
4804,0.027692586183547974,,1.279823660850525
4805,0.032665155827999115,,1.3051166534423828
4806,0.025006359443068504,,1.2939954996109009
4807,0.02405996061861515,,1.1968839168548584
4808,0.02762218378484249,,1.3606563806533813
4809,0.02704361267387867,,1.2130508422851562
4810,0.02014855295419693,,1.0109909772872925
4811,0.023036981001496315,,1.1321182250976562
4812,0.022974522784352303,,1.064642310142517
4813,0.021511705592274666,,1.1313425302505493
4814,0.02325841225683689,,0.968364953994751
4815,0.02544579654932022,,1.319105863571167
4816,0.024541886523365974,,1.021301031112671
4817,0.024829057976603508,,1.2402616739273071
4818,0.03036154992878437,,1.227567434310913
4819,0.02203158102929592,,1.0581676959991455
4820,0.03238699957728386,,1.4286901950836182
4821,0.025315633043646812,,1.1545228958129883
4822,0.027029985561966896,,1.0979409217834473
4823,0.022462086752057076,,1.101880669593811
4824,0.0217414703220129,,1.0311986207962036
4825,0.025513015687465668,,1.0611013174057007
4826,0.022468991577625275,,1.2108324766159058
4827,0.027024703100323677,,1.1394331455230713
4828,0.027090303599834442,,1.358221173286438
4829,0.028075024485588074,,1.2708711624145508
4830,0.02818790264427662,,1.307755708694458
4831,0.023338206112384796,,1.2488406896591187
4832,0.025737663730978966,,1.1635640859603882
4833,0.0267717894166708,,1.328425407409668
4834,0.02645367942750454,,1.2491692304611206
4835,0.02502203918993473,,1.0873069763183594
4836,0.03188689425587654,,1.4315754175186157
4837,0.02299068123102188,,1.1216446161270142
4838,0.024965887889266014,,1.143735647201538
4839,0.024745004251599312,,1.2175167798995972
4840,0.022962262853980064,,0.9582865238189697
4841,0.03414751961827278,,1.2958245277404785
4842,0.02170516364276409,,0.8687891960144043
4843,0.025660790503025055,,1.1010618209838867
4844,0.023739272728562355,,1.1922770738601685
4845,0.024732589721679688,,1.0978055000305176
4846,0.026542196050286293,,1.403928279876709
4847,0.02373352088034153,,1.1173155307769775
4848,0.030422726646065712,,1.409530758857727
4849,0.024800555780529976,,1.2001994848251343
4850,0.02399613708257675,,1.0764293670654297
4851,0.029469311237335205,,1.3192119598388672
4852,0.023302197456359863,,1.1642886400222778
4853,0.024810954928398132,,1.0859870910644531
4854,0.029475772753357887,,1.3784513473510742
4855,0.02410469949245453,,1.287608027458191
4856,0.024530038237571716,,1.202729344367981
4857,0.024252012372016907,,1.1488831043243408
4858,0.02763178013265133,,1.152119517326355
4859,0.019172320142388344,,1.005257248878479
4860,0.02957162819802761,,1.2572627067565918
4861,0.0211404487490654,,1.0479665994644165
4862,0.03444506227970123,,1.3931190967559814
4863,0.02580745704472065,,1.2214150428771973
4864,0.02792905457317829,,1.0690882205963135
4865,0.022153416648507118,,1.0824999809265137
4866,0.023950546979904175,,0.9945644736289978
4867,0.02179129607975483,,1.098235011100769
4868,0.024983473122119904,,1.1464320421218872
4869,0.028140276670455933,,1.2127288579940796
4870,0.024254007264971733,,0.999949038028717
4871,0.0323985256254673,,1.4127869606018066
4872,0.024314304813742638,,1.1886036396026611
4873,0.027389878407120705,,1.333788514137268
4874,0.027263423427939415,,1.1844305992126465
4875,0.0306948721408844,,1.3468375205993652
4876,0.026374690234661102,,1.0906982421875
4877,0.020323017612099648,,1.079237461090088
4878,0.028252052143216133,,1.2679240703582764
4879,0.025205837562680244,,1.1851526498794556
4880,0.022288275882601738,,0.9019260406494141
4881,0.022637121379375458,,1.0026559829711914
4882,0.027797073125839233,,1.1760205030441284
4883,0.02060588262975216,,0.9913821220397949
4884,0.02524849772453308,,1.0943893194198608
4885,0.028272071853280067,,1.1735776662826538
4886,0.02668444998562336,,1.1195327043533325
4887,0.024408793076872826,,1.1164253950119019
4888,0.033910173922777176,,1.4889127016067505
4889,0.023842938244342804,,1.0506527423858643
4890,0.023463457822799683,,1.2308428287506104
4891,0.026279382407665253,,1.050202488899231
4892,0.024930469691753387,,1.4163557291030884
4893,0.02149922400712967,,1.0668911933898926
4894,0.032024022191762924,,1.4846341609954834
4895,0.025531651452183723,,1.3128490447998047
4896,0.025434741750359535,,1.2104535102844238
4897,0.03058020956814289,,1.4243125915527344
4898,0.029600458219647408,,1.385399341583252
4899,0.022630343213677406,,1.0674960613250732
4900,0.023597054183483124,,1.0663515329360962
4901,0.023290621116757393,,1.165727138519287
4902,0.027519680559635162,,1.1134709119796753
4903,0.02961641363799572,,1.32866370677948
4904,0.024042190983891487,,1.1753289699554443
4905,0.022312650457024574,,0.9999338984489441
4906,0.03094211220741272,,1.3236056566238403
4907,0.022726664319634438,,1.1303775310516357
4908,0.025990962982177734,,1.2624025344848633
4909,0.024962997063994408,,1.1187474727630615
4910,0.027415325865149498,,1.3793054819107056
4911,0.03255822882056236,,1.3316208124160767
4912,0.02663314901292324,,1.223268985748291
4913,0.024052105844020844,,1.0745278596878052
4914,0.02535483054816723,,1.2016006708145142
4915,0.02354598231613636,,1.0324329137802124
4916,0.01981784589588642,,0.9608301520347595
4917,0.02193422056734562,,0.9824573397636414
4918,0.030931591987609863,,1.2422890663146973
4919,0.022438213229179382,,1.1567715406417847
4920,0.024752316996455193,,1.0249626636505127
4921,0.024923279881477356,,1.064647912979126
4922,0.024185864254832268,,0.9836055636405945
4923,0.026535386219620705,,0.9740197658538818
4924,0.021516330540180206,,1.114723801612854
4925,0.030833085998892784,,1.1908094882965088
4926,0.02261192537844181,,1.2319287061691284
4927,0.02689800225198269,,1.2420270442962646
4928,0.023091120645403862,,1.1941404342651367
4929,0.028856994584202766,,1.418453574180603
4930,0.02579781971871853,,1.2880504131317139
4931,0.02733761817216873,,1.3687151670455933
4932,0.030669396743178368,,1.1106033325195312
4933,0.024430641904473305,,1.1217710971832275
4934,0.023357683792710304,,0.9779384136199951
4935,0.026024363934993744,,1.203467607498169
4936,0.02858310379087925,,1.1879940032958984
4937,0.02663072943687439,,1.421671748161316
4938,0.02263203077018261,,1.1028491258621216
4939,0.025100097060203552,,1.096145510673523
4940,0.032146964222192764,,1.4164314270019531
4941,0.022489093244075775,,0.9991398453712463
4942,0.026422204449772835,,1.4184651374816895
4943,0.02968689054250717,,1.275292992591858
4944,0.024948617443442345,,1.30928373336792
4945,0.021752499043941498,,1.1354604959487915
4946,0.03017766773700714,,1.161732792854309
4947,0.03267007693648338,,1.4233821630477905
4948,0.027643738314509392,,1.2263532876968384
4949,0.03070189245045185,,1.3069028854370117
4950,0.02715841494500637,,1.443812370300293
4951,0.026809021830558777,,1.1692477464675903
4952,0.023676574230194092,,1.1523959636688232
4953,0.02358829975128174,,1.1284314393997192
4954,0.02582201175391674,,1.219018816947937
4955,0.02421090565621853,,1.147106647491455
4956,0.021735697984695435,,1.2831778526306152
4957,0.028538107872009277,,1.0335731506347656
4958,0.022981008514761925,,1.3170057535171509
4959,0.02774115838110447,,1.1383081674575806
4960,0.029357826337218285,,1.557957410812378
4961,0.025426113978028297,,1.342355728149414
4962,0.022863134741783142,,1.1864434480667114
4963,0.027819102630019188,,1.2972335815429688
4964,0.029423175379633904,,1.3534626960754395
4965,0.025920437648892403,,1.358150839805603
4966,0.02199467085301876,,1.1494356393814087
4967,0.024837488308548927,,1.0867562294006348
4968,0.030813725665211678,,1.1679649353027344
4969,0.02071527950465679,,1.1475725173950195
4970,0.025541158393025398,,1.1181273460388184
4971,0.02765442430973053,,1.2548470497131348
4972,0.02866479568183422,,1.4995795488357544
4973,0.029621519148349762,,1.3387699127197266
4974,0.028180791065096855,,1.377784013748169
4975,0.025718459859490395,,1.1856868267059326
4976,0.02452818863093853,,0.9225442409515381
4977,0.022539636120200157,,1.2748934030532837
4978,0.02458309382200241,,0.9814586043357849
4979,0.030400851741433144,,1.4460844993591309
4980,0.028964223340153694,,1.416610836982727
4981,0.028347352519631386,,1.378049612045288
4982,0.02485279180109501,,1.3932030200958252
4983,0.024381577968597412,,1.1222342252731323
4984,0.02810175158083439,,1.3200243711471558
4985,0.030847281217575073,,1.443360686302185
4986,0.030340546742081642,,1.3926680088043213
4987,0.02260817587375641,,1.2377896308898926
4988,0.02606557495892048,,1.3164527416229248
4989,0.021084420382976532,,1.1110082864761353
4990,0.02359924651682377,,1.2283904552459717
4991,0.02653656341135502,,1.2930920124053955
4992,0.02284703403711319,,1.2010287046432495
4993,0.02656158246099949,,1.094055414199829
4994,0.03019002079963684,,1.4340132474899292
4995,0.022387037053704262,,0.981219470500946
4996,0.024700453504920006,,1.2170723676681519
4997,0.02028771862387657,,1.1127524375915527
4998,0.026759281754493713,,1.0630987882614136
4999,0.03015216253697872,,1.3404420614242554
5000,0.024371808394789696,0.027230078276750367,0.9690338373184204
5001,0.03220793604850769,,1.4507290124893188
5002,0.020977502688765526,,1.049619197845459
5003,0.021591916680336,,1.0890485048294067
5004,0.027349377050995827,,1.279750943183899
5005,0.023498570546507835,,1.1245036125183105
5006,0.019940294325351715,,1.0194214582443237
5007,0.02152401953935623,,0.97185218334198
5008,0.024508224800229073,,1.1834440231323242
5009,0.023399725556373596,,1.048300862312317
5010,0.027496883645653725,,1.324493408203125
5011,0.025033824145793915,,1.1761808395385742
5012,0.02345775067806244,,1.148674488067627
5013,0.026028187945485115,,1.1597007513046265
5014,0.019750135019421577,,0.9204195737838745
5015,0.024559473618865013,,1.011683702468872
5016,0.025839248672127724,,1.017303228378296
5017,0.028127655386924744,,1.2270808219909668
5018,0.02273523062467575,,0.9493477940559387
5019,0.024470709264278412,,1.1364115476608276
5020,0.02373594604432583,,0.9290164113044739
5021,0.02813698910176754,,1.367989182472229
5022,0.018390091136097908,,0.8899931311607361
5023,0.027366725727915764,,1.2472269535064697
5024,0.022780360653996468,,1.0846383571624756
5025,0.02506878226995468,,0.9731481671333313
5026,0.027230964973568916,,1.2501513957977295
5027,0.025073625147342682,,1.0421959161758423
5028,0.024334440007805824,,1.2574360370635986
5029,0.01961296610534191,,0.9122658967971802
5030,0.021639354526996613,,1.2017453908920288
5031,0.03247751295566559,,1.1332396268844604
5032,0.02897362969815731,,1.3221075534820557
5033,0.0224474910646677,,1.020114541053772
5034,0.024075808003544807,,1.1831631660461426
5035,0.029300019145011902,,1.1305207014083862
5036,0.03481404855847359,,1.7471977472305298
5037,0.03237215802073479,,1.4216026067733765
5038,0.02624133974313736,,1.2288436889648438
5039,0.03092842549085617,,1.3625737428665161
5040,0.02575852908194065,,1.245621681213379
5041,0.023902729153633118,,1.2098861932754517
5042,0.022068694233894348,,1.125261902809143
5043,0.02070697210729122,,1.0108866691589355
5044,0.02238086611032486,,1.1259452104568481
5045,0.023857178166508675,,1.1519635915756226
5046,0.027852965518832207,,1.0617244243621826
5047,0.02810194529592991,,1.3242928981781006
5048,0.025790393352508545,,1.2257314920425415
5049,0.029359949752688408,,1.4229615926742554
5050,0.026300260797142982,,1.1127378940582275
5051,0.02704341895878315,,1.3377835750579834
5052,0.022072808817029,,1.058260202407837
5053,0.026226913556456566,,1.1679054498672485
5054,0.022250287234783173,,1.0897126197814941
5055,0.02643609046936035,,1.2684988975524902
5056,0.023233085870742798,,1.0890456438064575
5057,0.028529314324259758,,1.2037626504898071
5058,0.027370011433959007,,1.364762306213379
5059,0.024219825863838196,,1.1175527572631836
5060,0.027522355318069458,,1.4151850938796997
5061,0.021952426061034203,,1.049547553062439
5062,0.024493396282196045,,1.0620423555374146
5063,0.023653961718082428,,1.1832102537155151
5064,0.02445700578391552,,1.0430850982666016
5065,0.021376999095082283,,1.1059421300888062
5066,0.0263669490814209,,1.2019580602645874
5067,0.021853825077414513,,1.1011762619018555
5068,0.026516461744904518,,1.1432808637619019
5069,0.02278914302587509,,1.1975014209747314
5070,0.03188185766339302,,1.3300135135650635
5071,0.02297588251531124,,1.2472723722457886
5072,0.03125333413481712,,1.399214506149292
5073,0.025953790172934532,,1.446264386177063
5074,0.023668378591537476,,1.2703931331634521
5075,0.02814200334250927,,1.3247734308242798
5076,0.02443222887814045,,1.3327726125717163
5077,0.028958478942513466,,1.4880214929580688
5078,0.0338076688349247,,1.4590219259262085
5079,0.02018875442445278,,1.0276278257369995
5080,0.028086518868803978,,1.2247854471206665
5081,0.028473027050495148,,1.3691498041152954
5082,0.02862989902496338,,1.3429635763168335
5083,0.026084935292601585,,1.2313860654830933
5084,0.024237101897597313,,1.2783215045928955
5085,0.022589661180973053,,1.1508796215057373
5086,0.01714429259300232,,1.028592586517334
5087,0.022420063614845276,,1.0901436805725098
5088,0.023598775267601013,,1.1789069175720215
5089,0.025625944137573242,,1.2199829816818237
5090,0.03034406341612339,,1.2781577110290527
5091,0.026416458189487457,,1.217397928237915
5092,0.028155816718935966,,1.2144074440002441
5093,0.01990373246371746,,1.0288184881210327
5094,0.026614248752593994,,1.14669930934906
5095,0.025840571150183678,,0.9607228636741638
5096,0.028328649699687958,,1.1096824407577515
5097,0.02109653316438198,,0.8971332311630249
5098,0.026622256264090538,,1.1867003440856934
5099,0.02531447447836399,,0.9949744939804077
5100,0.022728636860847473,,1.1177420616149902
5101,0.021028732880949974,,0.9033530354499817
5102,0.024019047617912292,,1.1228833198547363
5103,0.022313356399536133,,1.1338062286376953
5104,0.02609584480524063,,1.2307499647140503
5105,0.025566386058926582,,1.242796778678894
5106,0.021574601531028748,,1.0053333044052124
5107,0.018915215507149696,,1.0682759284973145
5108,0.024329079315066338,,1.1515171527862549
5109,0.023666245862841606,,1.133976697921753
5110,0.02033979445695877,,1.0213172435760498
5111,0.024916762486100197,,1.1970080137252808
5112,0.02836933545768261,,1.4283721446990967
5113,0.023826343938708305,,1.018658995628357
5114,0.02795909158885479,,1.2380788326263428
5115,0.023745685815811157,,1.0188847780227661
5116,0.023932551965117455,,1.1695982217788696
5117,0.024382950738072395,,1.0839791297912598
5118,0.028797423467040062,,1.4301866292953491
5119,0.022381417453289032,,1.2481274604797363
5120,0.027497796341776848,,1.1177085638046265
5121,0.022558316588401794,,1.2146517038345337
5122,0.021415168419480324,,1.0508061647415161
5123,0.024095796048641205,,1.1383837461471558
5124,0.030951635912060738,,1.2910313606262207
5125,0.02303457260131836,,0.9771028161048889
5126,0.024980753660202026,,1.0984960794448853
5127,0.023530224338173866,,0.9882988333702087
5128,0.026597658172249794,,1.1458646059036255
5129,0.02384352497756481,,0.9906871914863586
5130,0.028510214760899544,,1.213626742362976
5131,0.020795021206140518,,1.1012744903564453
5132,0.020727358758449554,,0.9068099856376648
5133,0.023746943101286888,,1.1905183792114258
5134,0.021858692169189453,,0.9853381514549255
5135,0.023570192977786064,,1.1957244873046875
5136,0.026621544733643532,,1.1705297231674194
5137,0.025200145319104195,,1.0759400129318237
5138,0.02570141665637493,,1.1615186929702759
5139,0.023698894307017326,,1.0571982860565186
5140,0.02479357272386551,,0.9887683391571045
5141,0.03005106933414936,,1.3902593851089478
5142,0.022229960188269615,,0.9238189458847046
5143,0.03074279986321926,,1.4991248846054077
5144,0.022885030135512352,,1.0281919240951538
5145,0.0291264820843935,,1.273966908454895
5146,0.03058452345430851,,1.3249564170837402
5147,0.02893747389316559,,1.3727153539657593
5148,0.029478779062628746,,1.2985093593597412
5149,0.02634824626147747,,1.2519519329071045
5150,0.0228009894490242,,1.0872747898101807
5151,0.018411753699183464,,0.8346541523933411
5152,0.02668275125324726,,1.3679089546203613
5153,0.024170206859707832,,1.230893850326538
5154,0.026134049519896507,,1.2578524351119995
5155,0.02600216120481491,,1.1552128791809082
5156,0.023750975728034973,,1.1148889064788818
5157,0.02472679130733013,,1.1218879222869873
5158,0.016641611233353615,,0.9319311380386353
5159,0.02359030582010746,,1.0711091756820679
5160,0.023571187630295753,,1.1743193864822388
5161,0.0255805104970932,,1.2020984888076782
5162,0.026518622413277626,,1.2413220405578613
5163,0.02444330044090748,,1.2348363399505615
5164,0.025109104812145233,,1.0818679332733154
5165,0.02468319982290268,,1.1788729429244995
5166,0.019327085465192795,,0.950183629989624
5167,0.02484682947397232,,1.3200805187225342
5168,0.022408796474337578,,1.0617071390151978
5169,0.028010031208395958,,1.3796863555908203
5170,0.027469858527183533,,1.31228506565094
5171,0.02430777996778488,,1.2646112442016602
5172,0.0268503800034523,,1.2195870876312256
5173,0.0239426102489233,,1.253546118736267
5174,0.02446957863867283,,1.2261875867843628
5175,0.03194747492671013,,1.3120834827423096
5176,0.019336439669132233,,1.0834646224975586
5177,0.02210872434079647,,1.1330106258392334
5178,0.027401834726333618,,1.4354259967803955
5179,0.02511306293308735,,1.2329604625701904
5180,0.02353729121387005,,1.2612988948822021
5181,0.02703421376645565,,1.2730398178100586
5182,0.027256349101662636,,1.3344509601593018
5183,0.026721810922026634,,1.2972866296768188
5184,0.026247382164001465,,1.1506283283233643
5185,0.019424349069595337,,1.012942910194397
5186,0.02470932900905609,,1.0955802202224731
5187,0.028565658256411552,,1.3003641366958618
5188,0.026555955410003662,,1.2833068370819092
5189,0.02468075416982174,,1.1248829364776611
5190,0.024799911305308342,,1.0164005756378174
5191,0.026682721450924873,,1.2477024793624878
5192,0.024298302829265594,,0.9653770327568054
5193,0.02392280101776123,,1.1577731370925903
5194,0.03160111978650093,,1.2333354949951172
5195,0.02874489314854145,,1.3998119831085205
5196,0.027618899941444397,,1.3038957118988037
5197,0.024584896862506866,,1.2448467016220093
5198,0.022554391995072365,,1.1583083868026733
5199,0.02365157939493656,,0.9843726754188538
5200,0.029688069596886635,,1.456614375114441
5201,0.022907210513949394,,1.0943586826324463
5202,0.024410629644989967,,1.2562822103500366
5203,0.03275352343916893,,1.296504259109497
5204,0.02084263600409031,,0.9826599955558777
5205,0.030158819630742073,,1.3525742292404175
5206,0.028261927887797356,,1.2822659015655518
5207,0.0232760738581419,,1.0974180698394775
5208,0.022479623556137085,,0.9440445303916931
5209,0.027566345408558846,,1.3063448667526245
5210,0.02403915859758854,,1.2080724239349365
5211,0.029909683391451836,,1.5707396268844604
5212,0.02835041843354702,,1.4394689798355103
5213,0.02181996963918209,,1.240742564201355
5214,0.01908726431429386,,0.9046926498413086
5215,0.02334660105407238,,1.117597222328186
5216,0.020866742357611656,,0.9897189140319824
5217,0.02447507344186306,,1.1367732286453247
5218,0.029565514996647835,,1.087085247039795
5219,0.021639198064804077,,1.1120089292526245
5220,0.026999155059456825,,1.2389373779296875
5221,0.025977762416005135,,1.3485910892486572
5222,0.02342180907726288,,1.1159800291061401
5223,0.01979011297225952,,1.13124418258667
5224,0.028327248990535736,,1.3306043148040771
5225,0.018275918439030647,,0.9697533845901489
5226,0.02704812027513981,,1.2678323984146118
5227,0.025252630934119225,,1.1206318140029907
5228,0.02173144929111004,,0.9992625117301941
5229,0.024443408474326134,,1.036787986755371
5230,0.021111363545060158,,1.045482873916626
5231,0.025440886616706848,,1.2505842447280884
5232,0.02751818858087063,,1.15312659740448
5233,0.022177478298544884,,0.9355143308639526
5234,0.022219233214855194,,1.0163062810897827
5235,0.023521848022937775,,1.093085527420044
5236,0.02283107303082943,,1.072868824005127
5237,0.01947670616209507,,0.867173969745636
5238,0.029212243854999542,,1.5074782371520996
5239,0.022709518671035767,,1.045189619064331
5240,0.022398367524147034,,1.263873815536499
5241,0.024681732058525085,,1.2512718439102173
5242,0.025069618597626686,,1.2655690908432007
5243,0.02752486616373062,,1.220701813697815
5244,0.02583298645913601,,1.3027644157409668
5245,0.027046585455536842,,1.039610505104065
5246,0.026078348979353905,,1.242053747177124
5247,0.023688772693276405,,1.0397192239761353
5248,0.02605595625936985,,1.2255192995071411
5249,0.026314949616789818,,1.1440526247024536
5250,0.024223558604717255,,1.3695173263549805
5251,0.023173704743385315,,1.1769472360610962
5252,0.022779466584324837,,1.1241346597671509
5253,0.02399488538503647,,1.2348291873931885
5254,0.0271468386054039,,1.0367389917373657
5255,0.02565060369670391,,1.1026251316070557
5256,0.02505476213991642,,1.1108006238937378
5257,0.02689211256802082,,1.1754928827285767
5258,0.026192158460617065,,1.1931853294372559
5259,0.021309733390808105,,1.161258578300476
5260,0.028513150289654732,,1.2870386838912964
5261,0.023779144510626793,,1.1494479179382324
5262,0.024568332359194756,,1.1962180137634277
5263,0.02325623482465744,,1.219021201133728
5264,0.027682073414325714,,1.2612520456314087
5265,0.027580857276916504,,1.3828469514846802
5266,0.027433035895228386,,1.3363142013549805
5267,0.019713401794433594,,0.9066519141197205
5268,0.024960026144981384,,1.1237894296646118
5269,0.022878579795360565,,1.0356796979904175
5270,0.02572893537580967,,1.1295952796936035
5271,0.022684140130877495,,1.1565663814544678
5272,0.028012266382575035,,1.170697569847107
5273,0.020688695833086967,,1.0565376281738281
5274,0.02220011316239834,,1.1127115488052368
5275,0.018115930259227753,,0.8650358319282532
5276,0.025176718831062317,,1.2177884578704834
5277,0.02322554774582386,,1.1535940170288086
5278,0.023407841101288795,,1.05656898021698
5279,0.032969605177640915,,1.5458205938339233
5280,0.023325875401496887,,1.080761194229126
5281,0.027254382148385048,,1.367958903312683
5282,0.02140899933874607,,0.9631996154785156
5283,0.029642721638083458,,1.5413402318954468
5284,0.0253200214356184,,1.2558985948562622
5285,0.02449696697294712,,1.3178080320358276
5286,0.022890837863087654,,1.227134108543396
5287,0.02626735530793667,,1.2271991968154907
5288,0.021282153204083443,,1.133349895477295
5289,0.022616585716605186,,1.2319118976593018
5290,0.025394802913069725,,1.342175006866455
5291,0.02454526536166668,,1.215790033340454
5292,0.029771598055958748,,1.4915449619293213
5293,0.026316864416003227,,1.3078954219818115
5294,0.02001979947090149,,1.1221262216567993
5295,0.027659481391310692,,1.2453473806381226
5296,0.025358794257044792,,1.2619961500167847
5297,0.025827771052718163,,1.185612440109253
5298,0.025068432092666626,,1.3853126764297485
5299,0.02035387046635151,,0.9705703854560852
5300,0.026056012138724327,,1.2267056703567505
5301,0.0279072355479002,,1.4208191633224487
5302,0.02677868865430355,,1.1957168579101562
5303,0.024495616555213928,,1.263386607170105
5304,0.019424492493271828,,1.1845777034759521
5305,0.025011993944644928,,1.0524541139602661
5306,0.025319671258330345,,1.28242027759552
5307,0.026254266500473022,,1.11532723903656
5308,0.022821148857474327,,1.367390513420105
5309,0.02156521938741207,,1.140329360961914
5310,0.026790840551257133,,1.1777136325836182
5311,0.029118383303284645,,1.445724606513977
5312,0.023797720670700073,,1.072857141494751
5313,0.027352331206202507,,1.2686184644699097
5314,0.029284199699759483,,1.4487673044204712
5315,0.031430844217538834,,1.3534061908721924
5316,0.03883020952343941,,1.6925286054611206
5317,0.023587511852383614,,1.215521216392517
5318,0.023301871493458748,,1.0672051906585693
5319,0.02768857032060623,,1.3374985456466675
5320,0.029896900057792664,,1.135033369064331
5321,0.02441421151161194,,1.4386509656906128
5322,0.02939826063811779,,1.688441276550293
5323,0.02391681633889675,,1.0170403718948364
5324,0.026882044970989227,,1.4915647506713867
5325,0.023600861430168152,,1.0905981063842773
5326,0.028086507692933083,,1.2507318258285522
5327,0.02622758410871029,,1.2914999723434448
5328,0.024295227602124214,,1.1338310241699219
5329,0.03368072584271431,,1.4473702907562256
5330,0.025394858792424202,,1.2303600311279297
5331,0.020958542823791504,,1.075560212135315
5332,0.022040143609046936,,1.0314717292785645
5333,0.021440351381897926,,1.0955477952957153
5334,0.02765645831823349,,1.099877953529358
5335,0.022355301305651665,,0.9995530247688293
5336,0.024427073076367378,,1.00189208984375
5337,0.021866604685783386,,1.1223688125610352
5338,0.021984919905662537,,0.9674292206764221
5339,0.01822817511856556,,0.8427796363830566
5340,0.024154743179678917,,1.145700216293335
5341,0.018853096291422844,,0.9265184998512268
5342,0.02752012014389038,,1.1339924335479736
5343,0.028593339025974274,,1.12049400806427
5344,0.022019149735569954,,1.0296298265457153
5345,0.02115160971879959,,0.9343390464782715
5346,0.022638261318206787,,1.007552146911621
5347,0.02164648286998272,,1.1482679843902588
5348,0.022303618490695953,,0.9822967052459717
5349,0.02464204467833042,,1.170599341392517
5350,0.024833090603351593,,1.153333306312561
5351,0.021342849358916283,,1.065888524055481
5352,0.027383150532841682,,1.300313949584961
5353,0.019050996750593185,,0.9677728414535522
5354,0.02721109427511692,,1.3776462078094482
5355,0.020884960889816284,,1.1031872034072876
5356,0.021684156730771065,,1.1345865726470947
5357,0.023416617885231972,,1.1643227338790894
5358,0.027926554903388023,,1.465470314025879
5359,0.020513420924544334,,1.105843424797058
5360,0.02116524428129196,,1.1478660106658936
5361,0.024565687403082848,,1.3347786664962769
5362,0.02497483789920807,,1.0371010303497314
5363,0.026111071929335594,,1.2282664775848389
5364,0.018715789541602135,,0.9693803191184998
5365,0.02321518026292324,,0.9505918025970459
5366,0.02001207135617733,,0.9478595852851868
5367,0.022898854687809944,,0.9187197089195251
5368,0.025727421045303345,,1.108263611793518
5369,0.02509315498173237,,1.1792755126953125
5370,0.02752579003572464,,1.0685986280441284
5371,0.026205720379948616,,1.4706392288208008
5372,0.0307569969445467,,1.369947075843811
5373,0.026916367933154106,,1.251956820487976
5374,0.02472417801618576,,1.2810053825378418
5375,0.027401991188526154,,1.1412875652313232
5376,0.028490619733929634,,1.380603551864624
5377,0.025762299075722694,,1.2650692462921143
5378,0.022653600201010704,,1.0689462423324585
5379,0.026405422016978264,,1.4096617698669434
5380,0.021131785586476326,,1.1085747480392456
5381,0.026332825422286987,,1.2823089361190796
5382,0.03216595947742462,,1.5604429244995117
5383,0.02748962491750717,,1.2792068719863892
5384,0.025887416675686836,,1.2236312627792358
5385,0.023777857422828674,,1.143103837966919
5386,0.022403545677661896,,1.0643656253814697
5387,0.019271723926067352,,0.9740725755691528
5388,0.021040478721261024,,1.0180822610855103
5389,0.024120455607771873,,1.2461533546447754
5390,0.02297714352607727,,1.2350599765777588
5391,0.02274208702147007,,1.0023380517959595
5392,0.027514994144439697,,1.249181866645813
5393,0.01987895928323269,,0.943859875202179
5394,0.02674047090113163,,1.015779733657837
5395,0.021050788462162018,,1.1229572296142578
5396,0.02439582534134388,,1.064875841140747
5397,0.025091493502259254,,1.3937532901763916
5398,0.02653009630739689,,1.3803164958953857
5399,0.02419554628431797,,1.2257812023162842
5400,0.024373911321163177,,1.3689157962799072
5401,0.028819868341088295,,1.3648931980133057
5402,0.025479018688201904,,1.2514255046844482
5403,0.022675536572933197,,1.174606442451477
5404,0.025965308770537376,,1.1444731950759888
5405,0.03252008557319641,,1.5045276880264282
5406,0.01934465765953064,,0.8811971545219421
5407,0.02627011202275753,,1.3311978578567505
5408,0.027963044121861458,,1.3086763620376587
5409,0.028670193627476692,,1.3562307357788086
5410,0.026486797258257866,,1.2038476467132568
5411,0.02579346112906933,,1.2027618885040283
5412,0.02668949030339718,,1.2429438829421997
5413,0.02447533793747425,,1.2029496431350708
5414,0.031045442447066307,,1.5263140201568604
5415,0.019720442593097687,,1.011075496673584
5416,0.02957627736032009,,1.6551512479782104
5417,0.023268261924386024,,1.1923468112945557
5418,0.023767048493027687,,1.2119698524475098
5419,0.025339508429169655,,1.2436028718948364
5420,0.024729043245315552,,1.1390135288238525
5421,0.024107560515403748,,1.2375271320343018
5422,0.01942121423780918,,0.9329460263252258
5423,0.018695062026381493,,1.0349098443984985
5424,0.02062198333442211,,0.9628957509994507
5425,0.022850193083286285,,1.187284231185913
5426,0.03500765562057495,,1.5995161533355713
5427,0.024570705369114876,,1.4417405128479004
5428,0.0271108727902174,,1.272666573524475
5429,0.021603316068649292,,1.1308401823043823
5430,0.018555590882897377,,0.9878823161125183
5431,0.03038143552839756,,1.2508586645126343
5432,0.017587164416909218,,0.9263542890548706
5433,0.02139921672642231,,1.0174140930175781
5434,0.024721160531044006,,1.175153136253357
5435,0.022022895514965057,,1.0490007400512695
5436,0.020686307922005653,,0.9039110541343689
5437,0.019201910123229027,,0.9930023550987244
5438,0.02171372063457966,,0.9140983819961548
5439,0.020166905596852303,,1.0536904335021973
5440,0.022408096119761467,,0.8923175930976868
5441,0.023025749251246452,,1.3180413246154785
5442,0.02139282412827015,,0.9883115291595459
5443,0.028589695692062378,,1.5803922414779663
5444,0.01890060491859913,,0.9898550510406494
5445,0.028803877532482147,,1.4345676898956299
5446,0.02842331863939762,,1.4129894971847534
5447,0.019849954172968864,,0.9927995800971985
5448,0.026256076991558075,,1.1888575553894043
5449,0.025776708498597145,,1.181188941001892
5450,0.025190530344843864,,1.07865309715271
5451,0.022085152566432953,,1.1371135711669922
5452,0.019124798476696014,,0.9615834951400757
5453,0.022441506385803223,,1.0388487577438354
5454,0.021137801930308342,,0.977824866771698
5455,0.019200332462787628,,0.9269469380378723
5456,0.024093016982078552,,1.0475438833236694
5457,0.022055385634303093,,1.2276419401168823
5458,0.023414967581629753,,1.0212067365646362
5459,0.02472631447017193,,1.3276748657226562
5460,0.02359418012201786,,1.1182500123977661
5461,0.022723151370882988,,1.0825384855270386
5462,0.02066563442349434,,1.1055326461791992
5463,0.022401245310902596,,1.0995306968688965
5464,0.02947070635855198,,1.3915239572525024
5465,0.020319130271673203,,0.9496341347694397
5466,0.02454160712659359,,1.2416390180587769
5467,0.021454865112900734,,0.9104993343353271
5468,0.020071174949407578,,1.0606995820999146
5469,0.022535592317581177,,1.1297791004180908
5470,0.02775762416422367,,1.2908412218093872
5471,0.020671576261520386,,1.0042924880981445
5472,0.029871070757508278,,1.334937334060669
5473,0.02359684556722641,,1.2583650350570679
5474,0.024874502792954445,,1.032431721687317
5475,0.02343284897506237,,1.245726227760315
5476,0.02478001080453396,,1.0772185325622559
5477,0.020568029955029488,,1.198550820350647
5478,0.029799731448292732,,1.320059895515442
5479,0.02404213510453701,,1.2760348320007324
5480,0.019496507942676544,,1.1407462358474731
5481,0.023762961849570274,,1.1203750371932983
5482,0.025958174839615822,,1.104150414466858
5483,0.02518160082399845,,1.232301950454712
5484,0.02080979011952877,,0.8615994453430176
5485,0.02591201476752758,,1.2148576974868774
5486,0.0184203889220953,,0.9953294396400452
5487,0.024743540212512016,,1.2241175174713135
5488,0.02045784890651703,,0.9751565456390381
5489,0.0238525178283453,,1.1267874240875244
5490,0.01898358017206192,,1.0405998229980469
5491,0.024466030299663544,,1.2293580770492554
5492,0.024458810687065125,,1.2260231971740723
5493,0.024017805233597755,,1.220420002937317
5494,0.02342311106622219,,1.1371461153030396
5495,0.018986722454428673,,0.87531977891922
5496,0.022879472002387047,,1.0173693895339966
5497,0.01997438631951809,,0.8937653303146362
5498,0.024775026366114616,,1.2467340230941772
5499,0.02145817130804062,,0.988457202911377
5500,0.020296650007367134,0.022570548123717924,0.8982647061347961
5501,0.022613152861595154,,0.9299296140670776
5502,0.02628324367105961,,1.0331284999847412
5503,0.02130659855902195,,0.8927155137062073
5504,0.02121546119451523,,1.019101858139038
5505,0.023897672072052956,,1.0784395933151245
5506,0.024161644279956818,,1.064585566520691
5507,0.020430980250239372,,1.0914825201034546
5508,0.023417403921484947,,1.233181357383728
5509,0.022561952471733093,,0.9945744872093201
5510,0.025256216526031494,,1.350515365600586
5511,0.026856591925024986,,1.131626844406128
5512,0.022457310929894447,,1.197604775428772
5513,0.021892361342906952,,1.0109143257141113
5514,0.02534536086022854,,1.3506933450698853
5515,0.0277686957269907,,1.1848145723342896
5516,0.023978203535079956,,1.284505009651184
5517,0.026277177035808563,,1.3050202131271362
5518,0.017923440784215927,,0.9783312678337097
5519,0.025758927688002586,,1.296718955039978
5520,0.028335226699709892,,1.2786287069320679
5521,0.021607959643006325,,1.0172288417816162
5522,0.030088437721133232,,1.3870110511779785
5523,0.02714587189257145,,1.2576005458831787
5524,0.02687014825642109,,1.2438853979110718
5525,0.0256471186876297,,1.2591381072998047
5526,0.027560681104660034,,1.3496508598327637
5527,0.028911331668496132,,1.2806271314620972
5528,0.02699822001159191,,1.1462209224700928
5529,0.02429337240755558,,1.1504294872283936
5530,0.019214333966374397,,1.0026919841766357
5531,0.019889621064066887,,1.145087718963623
5532,0.023857226595282555,,1.1731221675872803
5533,0.027585655450820923,,1.2820152044296265
5534,0.018715856596827507,,0.9713953137397766
5535,0.023050496354699135,,1.0334652662277222
5536,0.019189832732081413,,1.0302468538284302
5537,0.019680080935359,,0.8669248223304749
5538,0.0209518913179636,,0.9077054262161255
5539,0.022824794054031372,,0.9049748778343201
5540,0.018518095836043358,,0.9933114647865295
5541,0.020739372819662094,,0.9059398174285889
5542,0.018332356587052345,,1.0605676174163818
5543,0.024990549311041832,,1.1329530477523804
5544,0.022468140348792076,,1.2221317291259766
5545,0.023707842454314232,,1.205260157585144
5546,0.02343551069498062,,1.1272083520889282
5547,0.028190022334456444,,1.219185471534729
5548,0.022115206345915794,,1.149192452430725
5549,0.019286639988422394,,0.921328067779541
5550,0.02449025958776474,,1.1497936248779297
5551,0.02339957468211651,,1.1993588209152222
5552,0.019401725381612778,,0.9811126589775085
5553,0.020699303597211838,,1.1008648872375488
5554,0.02125770039856434,,1.0621801614761353
5555,0.025515398010611534,,1.0764906406402588
5556,0.02415522001683712,,1.1684339046478271
5557,0.015536212362349033,,0.9022248983383179
5558,0.026890048757195473,,1.2676148414611816
5559,0.024494929239153862,,1.0695304870605469
5560,0.023403072729706764,,1.1514798402786255
5561,0.0230758935213089,,1.2001063823699951
5562,0.024699419736862183,,0.9614599347114563
5563,0.03218129649758339,,1.5767079591751099
5564,0.022500209510326385,,1.1001042127609253
5565,0.021779388189315796,,1.1227930784225464
5566,0.02978033572435379,,1.4388377666473389
5567,0.022474654018878937,,1.0092324018478394
5568,0.02348840795457363,,1.0331069231033325
5569,0.021879756823182106,,1.0586869716644287
5570,0.017177540808916092,,0.9561311602592468
5571,0.026311799883842468,,1.177077293395996
5572,0.02083301730453968,,1.2127054929733276
5573,0.025689134374260902,,1.3302539587020874
5574,0.020168842747807503,,1.1352512836456299
5575,0.028533363714814186,,1.3887735605239868
5576,0.016543766483664513,,0.9678130745887756
5577,0.0289692971855402,,1.2053251266479492
5578,0.024236923083662987,,1.137094259262085
5579,0.025464406237006187,,1.0700441598892212
5580,0.028268985450267792,,1.4166697263717651
5581,0.020749419927597046,,0.9284548759460449
5582,0.02216757833957672,,1.1348901987075806
5583,0.022236600518226624,,0.9442585110664368
5584,0.02315417490899563,,1.136802077293396
5585,0.025079553946852684,,0.9595307111740112
5586,0.019748706370592117,,1.0665048360824585
5587,0.019448691979050636,,0.8696975708007812
5588,0.023355431854724884,,1.250861644744873
5589,0.02954312600195408,,1.292686104774475
5590,0.024921173229813576,,1.354913592338562
5591,0.024110838770866394,,1.1793204545974731
5592,0.027745947241783142,,1.314179539680481
5593,0.019619664177298546,,1.0195889472961426
5594,0.02619348280131817,,1.235192894935608
5595,0.02301657199859619,,1.0829291343688965
5596,0.024832559749484062,,1.0728148221969604
5597,0.029732301831245422,,1.3096375465393066
5598,0.02154710702598095,,1.0017914772033691
5599,0.021660326048731804,,1.1115275621414185
5600,0.02954391948878765,,1.1928470134735107
5601,0.01975059323012829,,0.8894907832145691
5602,0.020601512864232063,,0.9477628469467163
5603,0.023944608867168427,,0.9244428873062134
5604,0.02043147198855877,,1.07784903049469
5605,0.02514251135289669,,1.0670702457427979
5606,0.027829090133309364,,1.328314185142517
5607,0.02317819558084011,,1.218153715133667
5608,0.01935921423137188,,1.1492024660110474
5609,0.019062800332903862,,0.9108299612998962
5610,0.020486222580075264,,0.9815902709960938
5611,0.019225027412176132,,0.9770113825798035
5612,0.025443464517593384,,1.1377522945404053
5613,0.022927148267626762,,1.1584769487380981
5614,0.02801704965531826,,1.4217926263809204
5615,0.02313053049147129,,0.9956487417221069
5616,0.0195437204092741,,1.1018177270889282
5617,0.014573626220226288,,0.7766606211662292
5618,0.01810910552740097,,0.8841809034347534
5619,0.017780428752303123,,0.8238028883934021
5620,0.02099914848804474,,1.1137874126434326
5621,0.017392223700881004,,0.8638070225715637
5622,0.021905140951275826,,1.026523232460022
5623,0.02418033964931965,,1.0922361612319946
5624,0.020937489345669746,,0.8889144659042358
5625,0.02079530991613865,,0.9892039895057678
5626,0.02087133377790451,,1.04335355758667
5627,0.019045986235141754,,0.8334282040596008
5628,0.024429501965641975,,1.2034679651260376
5629,0.024892402812838554,,1.171624779701233
5630,0.026092277839779854,,1.1884626150131226
5631,0.030259519815444946,,1.5000749826431274
5632,0.02124650776386261,,1.1728843450546265
5633,0.018951930105686188,,0.9617305994033813
5634,0.023622596636414528,,1.1830811500549316
5635,0.02362426556646824,,1.150922179222107
5636,0.019480640068650246,,1.0079021453857422
5637,0.021105296909809113,,1.118972897529602
5638,0.020910074934363365,,1.039393663406372
5639,0.025319956243038177,,1.0742182731628418
5640,0.019352328032255173,,0.9362789392471313
5641,0.028595348820090294,,1.2157387733459473
5642,0.025776708498597145,,1.3995723724365234
5643,0.02317020110785961,,0.971345841884613
5644,0.0323302261531353,,1.7723429203033447
5645,0.03160838782787323,,1.6463754177093506
5646,0.02794131077826023,,1.385682463645935
5647,0.025728324428200722,,1.3538765907287598
5648,0.0216970294713974,,1.1254875659942627
5649,0.021628564223647118,,1.0783635377883911
5650,0.02320791780948639,,1.236066460609436
5651,0.017246030271053314,,0.9530965685844421
5652,0.02044203132390976,,1.190350890159607
5653,0.020374532788991928,,1.0558933019638062
5654,0.02613694965839386,,1.3477309942245483
5655,0.021644437685608864,,1.021454930305481
5656,0.022815464064478874,,1.1598467826843262
5657,0.022792400792241096,,1.1295493841171265
5658,0.026610538363456726,,1.3143929243087769
5659,0.01823362708091736,,0.892370879650116
5660,0.02252488024532795,,1.062020182609558
5661,0.021492017433047295,,1.0896581411361694
5662,0.021184125915169716,,1.0096296072006226
5663,0.024761395528912544,,1.0401790142059326
5664,0.024337368085980415,,1.3302794694900513
5665,0.018755963072180748,,0.9005793333053589
5666,0.026477841660380363,,1.3076565265655518
5667,0.024352572858333588,,1.0479507446289062
5668,0.027952415868639946,,1.5508716106414795
5669,0.0238370131701231,,1.2568203210830688
5670,0.02551194094121456,,1.2519850730895996
5671,0.03508618846535683,,1.5993396043777466
5672,0.017796451225876808,,1.1292566061019897
5673,0.024930784478783607,,1.2597448825836182
5674,0.022465569898486137,,1.299019694328308
5675,0.01879948563873768,,1.058464527130127
5676,0.019286761060357094,,1.1128963232040405
5677,0.023425666615366936,,1.1003165245056152
5678,0.0231971126049757,,1.108248233795166
5679,0.017551392316818237,,0.9152956008911133
5680,0.025231145322322845,,1.241018533706665
5681,0.029084285721182823,,1.3788386583328247
5682,0.017826078459620476,,0.9720903038978577
5683,0.024169931188225746,,1.242321491241455
5684,0.02344628982245922,,1.2341878414154053
5685,0.022289467975497246,,0.9473721981048584
5686,0.020353589206933975,,1.0295802354812622
5687,0.024725520983338356,,1.0130650997161865
5688,0.02194540947675705,,1.290114402770996
5689,0.02312801033258438,,1.1154587268829346
5690,0.02393893338739872,,1.2167575359344482
5691,0.02075548842549324,,1.1306132078170776
5692,0.020998729392886162,,1.0521509647369385
5693,0.027669459581375122,,1.2123526334762573
5694,0.017941007390618324,,1.0370150804519653
5695,0.019177217036485672,,1.015547513961792
5696,0.02111256867647171,,0.962947428226471
5697,0.018158098682761192,,0.8127599954605103
5698,0.02492455206811428,,1.0168503522872925
5699,0.030891118571162224,,1.6699819564819336
5700,0.02212785743176937,,1.216857671737671
5701,0.02169097028672695,,1.202576994895935
5702,0.025911472737789154,,1.4524203538894653
5703,0.019686050713062286,,1.0805933475494385
5704,0.02065926231443882,,1.1952608823776245
5705,0.025987477973103523,,1.3231146335601807
5706,0.022891901433467865,,1.2264991998672485
5707,0.024634813889861107,,1.143088936805725
5708,0.02363453060388565,,1.324986219406128
5709,0.02588130533695221,,1.244777798652649
5710,0.024094639346003532,,1.0666567087173462
5711,0.02603231556713581,,1.22823965549469
5712,0.019506346434354782,,1.0674058198928833
5713,0.02167864888906479,,0.9647191166877747
5714,0.02327103726565838,,1.1827677488327026
5715,0.018619952723383904,,0.9037325382232666
5716,0.028164884075522423,,1.208603858947754
5717,0.02249954640865326,,1.0751155614852905
5718,0.02070803940296173,,1.0678808689117432
5719,0.023731281980872154,,0.958228588104248
5720,0.02310236543416977,,1.1530112028121948
5721,0.019715746864676476,,0.9064211249351501
5722,0.019319238141179085,,1.1468586921691895
5723,0.023273222148418427,,0.9608317613601685
5724,0.023338010534644127,,1.089371919631958
5725,0.018896259367465973,,0.9563989043235779
5726,0.019854575395584106,,0.9867166876792908
5727,0.024482736364006996,,1.2297106981277466
5728,0.017016006633639336,,0.811444878578186
5729,0.020029844716191292,,1.0511473417282104
5730,0.0241549089550972,,1.0372257232666016
5731,0.02958725392818451,,1.452931523323059
5732,0.02772396244108677,,1.3186092376708984
5733,0.022365465760231018,,1.0736067295074463
5734,0.022522620856761932,,1.2219125032424927
5735,0.023444926366209984,,1.1769202947616577
5736,0.02418203465640545,,1.1970856189727783
5737,0.02508583664894104,,1.2946856021881104
5738,0.021669307723641396,,1.007431149482727
5739,0.024351060390472412,,1.2274340391159058
5740,0.027288297191262245,,1.3210266828536987
5741,0.023414216935634613,,1.2298420667648315
5742,0.02485824190080166,,1.3067547082901
5743,0.022735467180609703,,1.2399122714996338
5744,0.02149849943816662,,1.166164517402649
5745,0.020727699622511864,,1.1680294275283813
5746,0.020456351339817047,,1.170769214630127
5747,0.02340955100953579,,1.0611172914505005
5748,0.02877991460263729,,1.3868257999420166
5749,0.024879643693566322,,1.1041256189346313
5750,0.019513649865984917,,0.9861174821853638
5751,0.02154622972011566,,1.1204915046691895
5752,0.02042265422642231,,1.1100157499313354
5753,0.026793813332915306,,1.0021958351135254
5754,0.022033756598830223,,0.9512405395507812
5755,0.028440924361348152,,1.3160793781280518
5756,0.02387350983917713,,1.0401877164840698
5757,0.0209283996373415,,1.0443906784057617
5758,0.016738807782530785,,0.8776788115501404
5759,0.022351952269673347,,1.118472695350647
5760,0.01801769807934761,,0.9137688875198364
5761,0.020446652546525,,1.0116384029388428
5762,0.021975496783852577,,0.9203638434410095
5763,0.022124363109469414,,1.2247849702835083
5764,0.021228482946753502,,0.9605546593666077
5765,0.018684808164834976,,1.081599473953247
5766,0.02276027947664261,,1.0618492364883423
5767,0.028178608044981956,,1.5824655294418335
5768,0.028783289715647697,,1.2914955615997314
5769,0.026943163946270943,,1.390669822692871
5770,0.0196751169860363,,1.0586479902267456
5771,0.02411426603794098,,1.211092233657837
5772,0.02146737091243267,,1.0503171682357788
5773,0.030277399346232414,,1.5139378309249878
5774,0.0257821474224329,,1.2985734939575195
5775,0.022730188444256783,,1.1672881841659546
5776,0.019222987815737724,,1.0362694263458252
5777,0.023277094587683678,,1.1090948581695557
5778,0.023380732163786888,,1.1464900970458984
5779,0.021645905449986458,,0.9647963643074036
5780,0.023421520367264748,,1.056107521057129
5781,0.019020728766918182,,1.0451018810272217
5782,0.024500735104084015,,1.1994158029556274
5783,0.024521777406334877,,1.294241189956665
5784,0.02459336631000042,,1.1971455812454224
5785,0.017101822420954704,,1.0179044008255005
5786,0.018233342096209526,,0.9131834506988525
5787,0.017853545024991035,,1.0805339813232422
5788,0.023276492953300476,,1.132888674736023
5789,0.024382270872592926,,1.1476457118988037
5790,0.023023858666419983,,1.2573585510253906
5791,0.025752631947398186,,1.1453479528427124
5792,0.017803331837058067,,0.9564721584320068
5793,0.023597149178385735,,1.1160968542099
5794,0.021198609843850136,,1.2298271656036377
5795,0.02072347141802311,,1.0286498069763184
5796,0.021645575761795044,,1.1950548887252808
5797,0.020099660381674767,,1.0730955600738525
5798,0.021453693509101868,,1.154288411140442
5799,0.022568732500076294,,1.168384313583374
5800,0.02705065906047821,,1.2943185567855835
5801,0.02047572284936905,,1.0918946266174316
5802,0.01794469729065895,,0.9445434808731079
5803,0.022186925634741783,,0.9836251139640808
5804,0.02197072096168995,,1.1050370931625366
5805,0.02114035002887249,,0.9620265364646912
5806,0.02290530316531658,,1.0999388694763184
5807,0.024647677317261696,,1.0231996774673462
5808,0.02089155651628971,,1.0794601440429688
5809,0.021006345748901367,,0.8527735471725464
5810,0.022038841620087624,,1.1726031303405762
5811,0.021717825904488564,,0.9938254356384277
5812,0.023682022467255592,,1.382931113243103
5813,0.024770310148596764,,1.1832053661346436
5814,0.027147680521011353,,1.3240611553192139
5815,0.02175564505159855,,1.1674036979675293
5816,0.020493755117058754,,1.0476619005203247
5817,0.020733442157506943,,1.2151793241500854
5818,0.023603731766343117,,1.2942227125167847
5819,0.022206930443644524,,1.1695362329483032
5820,0.020111188292503357,,1.1044328212738037
5821,0.029347626492381096,,1.1576875448226929
5822,0.02319745160639286,,1.3534737825393677
5823,0.01979965902864933,,0.9511194825172424
5824,0.021997088566422462,,1.182813286781311
5825,0.022475382313132286,,1.067022681236267
5826,0.021467261016368866,,1.0364187955856323
5827,0.02518484555184841,,1.09661066532135
5828,0.019123665988445282,,1.07122004032135
5829,0.02349502593278885,,1.074040174484253
5830,0.020905470475554466,,1.174307107925415
5831,0.03321694955229759,,1.5561741590499878
5832,0.027017870917916298,,1.112037181854248
5833,0.02274911105632782,,1.2257399559020996
5834,0.019836455583572388,,0.9751585721969604
5835,0.024530164897441864,,1.2978779077529907
5836,0.02436853013932705,,1.151490330696106
5837,0.020169690251350403,,1.130494475364685
5838,0.022899111732840538,,1.2147306203842163
5839,0.024318495765328407,,1.1527249813079834
5840,0.029848823323845863,,1.3973175287246704
5841,0.022944629192352295,,1.189908742904663
5842,0.019432568922638893,,1.1423664093017578
5843,0.020835841074585915,,1.0525144338607788
5844,0.02659188024699688,,1.4380085468292236
5845,0.02270914614200592,,1.2787325382232666
5846,0.021979404613375664,,1.0175979137420654
5847,0.028514713048934937,,1.4638950824737549
5848,0.02105051465332508,,0.988507091999054
5849,0.0252982247620821,,1.3491721153259277
5850,0.021121740341186523,,1.1202033758163452
5851,0.02354620210826397,,1.0068466663360596
5852,0.024526825174689293,,1.3417423963546753
5853,0.02300206571817398,,1.0104042291641235
5854,0.018965544179081917,,1.047383427619934
5855,0.022945156320929527,,1.1177828311920166
5856,0.022852174937725067,,1.126434087753296
5857,0.0232018381357193,,1.1635866165161133
5858,0.01870972476899624,,0.9337142705917358
5859,0.024734104052186012,,1.0937309265136719
5860,0.01849558763206005,,1.0103719234466553
5861,0.027274876832962036,,1.2155035734176636
5862,0.02140754461288452,,1.134284496307373
5863,0.022309882566332817,,1.0614486932754517
5864,0.01899789832532406,,1.1343626976013184
5865,0.022850826382637024,,1.0794185400009155
5866,0.020907439291477203,,1.3699654340744019
5867,0.024602659046649933,,1.3274823427200317
5868,0.017277849838137627,,1.0136120319366455
5869,0.02367035113275051,,1.2279449701309204
5870,0.022082263603806496,,1.0792648792266846
5871,0.024826982989907265,,1.2844318151474
5872,0.02378547005355358,,1.0552942752838135
5873,0.02685067057609558,,1.3916512727737427
5874,0.022533880546689034,,1.2992891073226929
5875,0.02669426053762436,,1.3674027919769287
5876,0.023518173024058342,,1.2394342422485352
5877,0.023760301992297173,,1.0831971168518066
5878,0.022320276126265526,,1.2347331047058105
5879,0.024013696238398552,,1.1675333976745605
5880,0.021052027121186256,,1.1632004976272583
5881,0.021814808249473572,,1.0546971559524536
5882,0.022352606058120728,,1.0829530954360962
5883,0.02714395709335804,,1.3478608131408691
5884,0.021083414554595947,,1.1222823858261108
5885,0.02450265735387802,,1.2131922245025635
5886,0.02137705869972706,,1.1030704975128174
5887,0.01790395937860012,,0.950925350189209
5888,0.015808669850230217,,0.8443668484687805
5889,0.01908082701265812,,1.0001318454742432
5890,0.021721871569752693,,0.9737060070037842
5891,0.023584498092532158,,1.1703479290008545
5892,0.018651874735951424,,0.9585606455802917
5893,0.021488169208168983,,0.9963670969009399
5894,0.02585080824792385,,1.2862186431884766
5895,0.02417243830859661,,0.9753895998001099
5896,0.027171490713953972,,1.5625159740447998
5897,0.022742412984371185,,0.9959396123886108
5898,0.027283847332000732,,1.6083403825759888
5899,0.026402875781059265,,1.5551947355270386
5900,0.020988700911402702,,1.1572661399841309
5901,0.023215046152472496,,1.4090884923934937
5902,0.024044988676905632,,1.1728681325912476
5903,0.019371530041098595,,1.0682867765426636
5904,0.024790192022919655,,1.0805261135101318
5905,0.020187364891171455,,1.1125997304916382
5906,0.022974414750933647,,1.0969709157943726
5907,0.02307242341339588,,1.1362926959991455
5908,0.03287306800484657,,1.4381662607192993
5909,0.02174367569386959,,1.289622187614441
5910,0.02567434310913086,,1.2495980262756348
5911,0.019718432798981667,,1.214398741722107
5912,0.023884372785687447,,1.1491056680679321
5913,0.022023411467671394,,1.2514532804489136
5914,0.02137450873851776,,1.1374609470367432
5915,0.019515499472618103,,1.0637767314910889
5916,0.02394356019794941,,1.3169200420379639
5917,0.02091987617313862,,0.9094634652137756
5918,0.022593853995203972,,1.2084438800811768
5919,0.019037900492548943,,0.8147277235984802
5920,0.023347198963165283,,1.2020012140274048
5921,0.020922740921378136,,0.9552032947540283
5922,0.020691387355327606,,1.160335898399353
5923,0.020785575732588768,,0.9831304550170898
5924,0.02614300698041916,,1.2215591669082642
5925,0.026237286627292633,,1.189334511756897
5926,0.027155442163348198,,1.11600661277771
5927,0.027415530756115913,,1.3249117136001587
5928,0.024016305804252625,,1.179448127746582
5929,0.023610323667526245,,1.1468616724014282
5930,0.02584422193467617,,1.2475978136062622
5931,0.021844981238245964,,1.1136466264724731
5932,0.023708710446953773,,1.0916389226913452
5933,0.027192989364266396,,1.3457437753677368
5934,0.024066777899861336,,1.1549837589263916
5935,0.018881700932979584,,1.0092731714248657
5936,0.01996248960494995,,1.1263582706451416
5937,0.024029523134231567,,1.1723589897155762
5938,0.028012901544570923,,1.3818641901016235
5939,0.020347662270069122,,1.1354235410690308
5940,0.02243908680975437,,1.0834802389144897
5941,0.018518513068556786,,0.955974280834198
5942,0.022782646119594574,,1.1006580591201782
5943,0.025201046839356422,,1.3349547386169434
5944,0.021122699603438377,,1.0118446350097656
5945,0.023757420480251312,,1.3050322532653809
5946,0.02345244772732258,,1.1233206987380981
5947,0.02336592972278595,,1.378615140914917
5948,0.020515477284789085,,1.15359628200531
5949,0.02186816744506359,,1.2018675804138184
5950,0.020352160558104515,,1.0131813287734985
5951,0.025043340399861336,,1.2175586223602295
5952,0.0222743209451437,,1.039271354675293
5953,0.025249870494008064,,1.2259604930877686
5954,0.023475414142012596,,1.0725455284118652
5955,0.024044757708907127,,1.3481181859970093
5956,0.023233087733387947,,1.1313974857330322
5957,0.026135383173823357,,1.2671760320663452
5958,0.02300131320953369,,1.1967477798461914
5959,0.02707327902317047,,1.2226293087005615
5960,0.02741139382123947,,1.3162153959274292
5961,0.02549605816602707,,1.2959816455841064
5962,0.027043282985687256,,1.13760244846344
5963,0.022858738899230957,,1.3025259971618652
5964,0.021031849086284637,,1.008253574371338
5965,0.02532571740448475,,1.2457789182662964
5966,0.02750466763973236,,1.3136565685272217
5967,0.022722972556948662,,1.090187668800354
5968,0.024793853983283043,,1.2274742126464844
5969,0.019275780767202377,,1.0606303215026855
5970,0.024927249178290367,,1.2434066534042358
5971,0.01826331950724125,,0.9757941961288452
5972,0.027456844225525856,,1.3263219594955444
5973,0.024358214810490608,,1.2121936082839966
5974,0.01825043559074402,,0.9309644103050232
5975,0.02058165706694126,,1.1472564935684204
5976,0.02426515519618988,,1.2552909851074219
5977,0.024257799610495567,,1.3128457069396973
5978,0.026836713775992393,,1.1439039707183838
5979,0.019258135929703712,,1.1847929954528809
5980,0.02298654615879059,,1.0310314893722534
5981,0.024585874751210213,,1.3384125232696533
5982,0.0195046067237854,,1.0869250297546387
5983,0.022155486047267914,,1.0603340864181519
5984,0.02727891504764557,,1.4214941263198853
5985,0.022490544244647026,,1.0103240013122559
5986,0.02424534410238266,,1.3925658464431763
5987,0.023009194061160088,,1.1328827142715454
5988,0.01974998600780964,,1.098191499710083
5989,0.02368735335767269,,1.2072200775146484
5990,0.02291288413107395,,1.0731257200241089
5991,0.019472060725092888,,1.111154317855835
5992,0.020012861117720604,,1.0769511461257935
5993,0.022697607055306435,,1.1779592037200928
5994,0.020612383261322975,,1.0490940809249878
5995,0.021621281281113625,,1.0519068241119385
5996,0.02168736606836319,,1.0196834802627563
5997,0.02289482019841671,,1.111032247543335
5998,0.02091474086046219,,1.0139896869659424
5999,0.028847580775618553,,1.2609370946884155
6000,0.024316558614373207,0.022383048336204626,1.3219419717788696
6001,0.022414550185203552,,1.0217101573944092
6002,0.02514125593006611,,1.3924392461776733
6003,0.022782837972044945,,1.1549721956253052
6004,0.021315446123480797,,1.2036317586898804
6005,0.020704224705696106,,1.0867180824279785
6006,0.02310292422771454,,1.2042028903961182
6007,0.024791764095425606,,1.1423529386520386
6008,0.020908676087856293,,1.0619369745254517
6009,0.02108459733426571,,1.1968597173690796
6010,0.029423778876662254,,1.2765517234802246
6011,0.023072155192494392,,1.2249321937561035
6012,0.026498543098568916,,1.2933704853057861
6013,0.021442493423819542,,1.2352039813995361
6014,0.01922745443880558,,0.9888940453529358
6015,0.023684924468398094,,1.2773791551589966
6016,0.01773100160062313,,0.9736112356185913
6017,0.020131021738052368,,1.0729416608810425
6018,0.02155205048620701,,1.075226068496704
6019,0.020808622241020203,,1.1395422220230103
6020,0.022365406155586243,,1.1892220973968506
6021,0.025131868198513985,,1.0809049606323242
6022,0.018574675545096397,,0.9914887547492981
6023,0.027599388733506203,,1.2674322128295898
6024,0.020555155351758003,,1.0844084024429321
6025,0.017788803204894066,,0.8929036855697632
6026,0.01892975904047489,,0.9118020534515381
6027,0.021172409877181053,,0.9318909049034119
6028,0.020390378311276436,,0.9632486701011658
6029,0.02056366391479969,,0.9234615564346313
6030,0.024070577695965767,,1.1002310514450073
6031,0.021090559661388397,,1.0047889947891235
6032,0.018590493127703667,,0.866715133190155
6033,0.023790085688233376,,1.13400399684906
6034,0.020969128236174583,,1.062851071357727
6035,0.018212702125310898,,0.7984120845794678
6036,0.02090022899210453,,1.1650335788726807
6037,0.019793620333075523,,0.8933416604995728
6038,0.019894931465387344,,0.9403062462806702
6039,0.019190961495041847,,1.041198492050171
6040,0.025539478287100792,,1.0357050895690918
6041,0.015412506647408009,,0.8703784942626953
6042,0.024862298741936684,,1.2307188510894775
6043,0.02609105221927166,,1.3003650903701782
6044,0.020511532202363014,,1.0567474365234375
6045,0.02147914469242096,,1.0977767705917358
6046,0.021663852035999298,,1.1177382469177246
6047,0.026004506275057793,,1.0228759050369263
6048,0.02316996455192566,,1.2438281774520874
6049,0.02469564415514469,,1.1957314014434814
6050,0.025814345106482506,,1.381772518157959
6051,0.024611005559563637,,1.3644064664840698
6052,0.01936725713312626,,0.964125394821167
6053,0.024544470012187958,,1.3366975784301758
6054,0.020528240129351616,,0.9015408754348755
6055,0.01996614597737789,,1.0220376253128052
6056,0.02720118872821331,,1.1585817337036133
6057,0.023558691143989563,,1.263356328010559
6058,0.023719392716884613,,1.219350814819336
6059,0.02234225906431675,,1.2498139142990112
6060,0.02545383758842945,,1.2549889087677002
6061,0.019415870308876038,,1.0757888555526733
6062,0.018631985411047935,,0.9527884125709534
6063,0.021304139867424965,,1.2185416221618652
6064,0.019937152042984962,,1.0210328102111816
6065,0.02388022653758526,,1.2839467525482178
6066,0.027277106419205666,,1.2136690616607666
6067,0.023829810321331024,,1.3320128917694092
6068,0.022955723106861115,,1.1912760734558105
6069,0.023356618359684944,,1.232418417930603
6070,0.02595687471330166,,1.2281653881072998
6071,0.01815788634121418,,0.9488286375999451
6072,0.019977929070591927,,1.0143024921417236
6073,0.02232273481786251,,0.9548017978668213
6074,0.017283102497458458,,1.0570100545883179
6075,0.023472780361771584,,1.02485191822052
6076,0.025390399619936943,,1.3761231899261475
6077,0.019538771361112595,,1.0595322847366333
6078,0.02570871263742447,,1.2999783754348755
6079,0.024315303191542625,,1.2519160509109497
6080,0.02507995255291462,,1.1061887741088867
6081,0.0230739563703537,,1.1577104330062866
6082,0.02115325629711151,,1.080138087272644
6083,0.019701989367604256,,1.0315996408462524
6084,0.020193183794617653,,1.0488609075546265
6085,0.02374270372092724,,1.1144933700561523
6086,0.02016586624085903,,1.2017576694488525
6087,0.025859376415610313,,1.1850624084472656
6088,0.02443101815879345,,1.2388932704925537
6089,0.02169206738471985,,1.1040575504302979
6090,0.025257358327507973,,1.0326329469680786
6091,0.020408062264323235,,1.1262177228927612
6092,0.01541906502097845,,0.7518242597579956
6093,0.021580087020993233,,0.9911518096923828
6094,0.018808193504810333,,1.0762673616409302
6095,0.02368433028459549,,1.0889146327972412
6096,0.02005898766219616,,1.2613540887832642
6097,0.022644447162747383,,1.2993260622024536
6098,0.028497787192463875,,1.3706992864608765
6099,0.022603323683142662,,1.2589622735977173
6100,0.021775616332888603,,1.126164197921753
6101,0.02393966354429722,,1.072015643119812
6102,0.02753991074860096,,1.2980992794036865
6103,0.022708818316459656,,0.9945839047431946
6104,0.01864982210099697,,1.025937795639038
6105,0.024365877732634544,,1.01753568649292
6106,0.0227199736982584,,1.2176623344421387
6107,0.024675585329532623,,1.2107521295547485
6108,0.017630932852625847,,0.8963863253593445
6109,0.02303764782845974,,1.1894235610961914
6110,0.021019086241722107,,1.036426305770874
6111,0.024532893672585487,,1.2181906700134277
6112,0.020982736721634865,,1.0495249032974243
6113,0.022134928032755852,,1.0521882772445679
6114,0.018552660942077637,,1.092915654182434
6115,0.01692616194486618,,0.9051117897033691
6116,0.01714007742702961,,0.829757809638977
6117,0.02056758664548397,,0.9755532741546631
6118,0.021426409482955933,,1.167565107345581
6119,0.020692506805062294,,0.9947483539581299
6120,0.019987426698207855,,0.9403188824653625
6121,0.02440669946372509,,0.9484748244285583
6122,0.01972794346511364,,0.8677436709403992
6123,0.021622510626912117,,1.0083706378936768
6124,0.018900688737630844,,0.9858267903327942
6125,0.023051047697663307,,1.0841407775878906
6126,0.022689325734972954,,1.0802922248840332
6127,0.02070140652358532,,1.1650350093841553
6128,0.021681884303689003,,1.067501187324524
6129,0.020942144095897675,,1.161635160446167
6130,0.021883582696318626,,1.055760145187378
6131,0.02029475010931492,,0.9755095839500427
6132,0.022006617859005928,,0.9090954661369324
6133,0.018830399960279465,,0.9313080906867981
6134,0.02174963988363743,,0.934463620185852
6135,0.021120846271514893,,1.1995121240615845
6136,0.022851943969726562,,0.97511225938797
6137,0.023155374452471733,,1.2050179243087769
6138,0.026421790942549706,,1.298186182975769
6139,0.02721550315618515,,1.4955824613571167
6140,0.026659972965717316,,1.3383599519729614
6141,0.02886042930185795,,1.5466219186782837
6142,0.021871274337172508,,0.998741626739502
6143,0.019624019041657448,,1.0958805084228516
6144,0.02356663905084133,,1.1051214933395386
6145,0.023274598643183708,,1.120526909828186
6146,0.023488180711865425,,1.1351423263549805
6147,0.015279319137334824,,0.8522922396659851
6148,0.02110992558300495,,1.0374642610549927
6149,0.018886566162109375,,1.020797610282898
6150,0.02178218774497509,,1.1250110864639282
6151,0.019254835322499275,,0.9375832080841064
6152,0.022389782592654228,,1.1463643312454224
6153,0.0219906996935606,,1.1038252115249634
6154,0.022140339016914368,,1.1454291343688965
6155,0.018457725644111633,,1.05517578125
6156,0.022431055083870888,,1.0445384979248047
6157,0.019315985962748528,,1.1022355556488037
6158,0.023981207981705666,,1.0144257545471191
6159,0.02618267945945263,,1.6435898542404175
6160,0.02101007290184498,,1.0322774648666382
6161,0.019934114068746567,,1.1170543432235718
6162,0.02093961276113987,,1.1288138628005981
6163,0.025643927976489067,,1.143121361732483
6164,0.025193089619278908,,1.140738844871521
6165,0.01752379536628723,,0.9470763206481934
6166,0.028878308832645416,,1.3241804838180542
6167,0.02043255604803562,,1.0950788259506226
6168,0.022346511483192444,,1.1759893894195557
6169,0.02003914676606655,,1.0023632049560547
6170,0.0268618855625391,,1.2717616558074951
6171,0.024512028321623802,,1.1516438722610474
6172,0.023036934435367584,,1.2061353921890259
6173,0.02529171109199524,,1.2843072414398193
6174,0.021879397332668304,,0.9979791045188904
6175,0.01919461227953434,,0.9972895383834839
6176,0.02048064023256302,,0.8480852842330933
6177,0.018711261451244354,,1.006453514099121
6178,0.020494213327765465,,0.8520418405532837
6179,0.01978965662419796,,1.0450035333633423
6180,0.015649991109967232,,0.8667352795600891
6181,0.022289901971817017,,1.0671470165252686
6182,0.021281419321894646,,1.073051929473877
6183,0.02385733462870121,,1.0364277362823486
6184,0.02126748114824295,,1.2126976251602173
6185,0.01901254430413246,,0.8331845998764038
6186,0.02328907884657383,,1.1412379741668701
6187,0.0212686900049448,,0.9429479241371155
6188,0.026441490277647972,,1.3491733074188232
6189,0.022445037961006165,,1.060067892074585
6190,0.023318639025092125,,1.1492424011230469
6191,0.018763745203614235,,0.9651840925216675
6192,0.019271736964583397,,1.0151280164718628
6193,0.025805912911891937,,1.1473534107208252
6194,0.020336097106337547,,0.9934255480766296
6195,0.018807293847203255,,0.9916020035743713
6196,0.021434741094708443,,1.0824990272521973
6197,0.021976148709654808,,1.0232014656066895
6198,0.023613465949892998,,1.0916221141815186
6199,0.016122551634907722,,0.8636772036552429
6200,0.02188280038535595,,1.0756436586380005
6201,0.016606323421001434,,0.87326979637146
6202,0.01783083938062191,,0.8972492218017578
6203,0.019073978066444397,,1.059156060218811
6204,0.020178794860839844,,1.007704734802246
6205,0.02372857742011547,,1.0771121978759766
6206,0.01965172588825226,,0.9643228054046631
6207,0.019676469266414642,,0.8761117458343506
6208,0.020766612142324448,,1.0224647521972656
6209,0.021027227863669395,,0.9321513772010803
6210,0.020193781703710556,,1.0844886302947998
6211,0.020233506336808205,,0.9461051225662231
6212,0.022191939875483513,,1.154731035232544
6213,0.022760795429348946,,1.156627893447876
6214,0.020066315308213234,,1.0961766242980957
6215,0.022335534915328026,,1.103778600692749
6216,0.017132999375462532,,1.0003046989440918
6217,0.023911818861961365,,1.1434543132781982
6218,0.021804772317409515,,1.1117033958435059
6219,0.021130772307515144,,1.051997184753418
6220,0.01927260123193264,,1.015403389930725
6221,0.023780612275004387,,1.210228443145752
6222,0.016440637409687042,,0.9580311179161072
6223,0.017497336491942406,,0.98527592420578
6224,0.022266456857323647,,1.0707300901412964
6225,0.017000557854771614,,0.8553102612495422
6226,0.0218034815043211,,1.1053513288497925
6227,0.01851920783519745,,0.9269208312034607
6228,0.02452951855957508,,1.1599432229995728
6229,0.01974109373986721,,1.0369675159454346
6230,0.016695743426680565,,0.9839494824409485
6231,0.025271164253354073,,1.3555880784988403
6232,0.02141679637134075,,1.224921703338623
6233,0.021705446764826775,,1.1599899530410767
6234,0.018708908930420876,,1.1682486534118652
6235,0.020552819594740868,,1.150561809539795
6236,0.030693231150507927,,1.5172512531280518
6237,0.019817905500531197,,1.321485996246338
6238,0.02248542755842209,,1.136011004447937
6239,0.025573017075657845,,1.3403007984161377
6240,0.023463184013962746,,1.2246897220611572
6241,0.021844305098056793,,1.045210361480713
6242,0.021245017647743225,,1.177869200706482
6243,0.01881074346601963,,0.9809478521347046
6244,0.022859500721096992,,1.135163426399231
6245,0.02457555942237377,,1.2581896781921387
6246,0.016598649322986603,,0.8133295774459839
6247,0.020194953307509422,,1.0096100568771362
6248,0.014369972050189972,,0.7877264022827148
6249,0.020709143951535225,,1.0684497356414795
6250,0.021900450810790062,,0.9297729134559631
6251,0.02143530547618866,,1.166506052017212
6252,0.01707453653216362,,0.6993616223335266
6253,0.023034000769257545,,1.0442818403244019
6254,0.014954385347664356,,0.6956359148025513
6255,0.02430363930761814,,1.1730822324752808
6256,0.020123234018683434,,0.9847752451896667
6257,0.02017955482006073,,1.0167291164398193
6258,0.022963566705584526,,1.1723555326461792
6259,0.021539608016610146,,1.1684552431106567
6260,0.02177145890891552,,1.1942729949951172
6261,0.01755155250430107,,1.0517977476119995
6262,0.021974800154566765,,1.070492148399353
6263,0.017541633918881416,,0.951644241809845
6264,0.018681956455111504,,0.920545756816864
6265,0.024936601519584656,,1.187989592552185
6266,0.020435510203242302,,0.9465572834014893
6267,0.02227226085960865,,1.0941928625106812
6268,0.020385025069117546,,0.8435750603675842
6269,0.022997796535491943,,1.1518234014511108
6270,0.02274365909397602,,0.965770959854126
6271,0.02186410315334797,,1.105790376663208
6272,0.019579989835619926,,1.0332680940628052
6273,0.022522425279021263,,0.9987536072731018
6274,0.024922527372837067,,1.3136181831359863
6275,0.021819202229380608,,0.9798503518104553
6276,0.023562779650092125,,1.4600882530212402
6277,0.019144626334309578,,1.0381977558135986
6278,0.022942034527659416,,1.3114500045776367
6279,0.02080073021352291,,1.319183111190796
6280,0.025177985429763794,,1.3291982412338257
6281,0.021047063171863556,,1.2337472438812256
6282,0.022257491946220398,,1.144614577293396
6283,0.015395487658679485,,1.007676124572754
6284,0.020355040207505226,,1.0426898002624512
6285,0.02658327855169773,,1.1303887367248535
6286,0.022171491757035255,,1.262439250946045
6287,0.021255778148770332,,0.9862720370292664
6288,0.023269450291991234,,1.2333663702011108
6289,0.01921974867582321,,0.9923521280288696
6290,0.019600747153162956,,0.9606497287750244
6291,0.019738798961043358,,1.1892277002334595
6292,0.02182709611952305,,1.0034905672073364
6293,0.023756884038448334,,1.2700469493865967
6294,0.02075362019240856,,1.0733602046966553
6295,0.02126813679933548,,1.247950792312622
6296,0.02456056885421276,,1.2231115102767944
6297,0.017355510964989662,,0.9492462873458862
6298,0.02328508347272873,,1.201434850692749
6299,0.025320805609226227,,1.2852998971939087
6300,0.026785723865032196,,1.3413622379302979
6301,0.021731510758399963,,1.152498722076416
6302,0.018902847543358803,,1.0163284540176392
6303,0.024755701422691345,,1.4306069612503052
6304,0.02165098302066326,,1.1682687997817993
6305,0.019257640466094017,,1.0613515377044678
6306,0.019003747031092644,,1.009333610534668
6307,0.024093562737107277,,1.4697182178497314
6308,0.020849281921982765,,1.1610957384109497
6309,0.01947050541639328,,0.916417121887207
6310,0.017245853319764137,,0.9356916546821594
6311,0.01713222824037075,,0.8224290609359741
6312,0.017936738207936287,,0.9768354296684265
6313,0.022292353212833405,,0.9771933555603027
6314,0.02196933515369892,,1.0907671451568604
6315,0.02082485891878605,,0.8824695944786072
6316,0.023761890828609467,,1.1524513959884644
6317,0.025138260796666145,,1.1620800495147705
6318,0.023167667910456657,,1.0807164907455444
6319,0.0160458255559206,,1.0047537088394165
6320,0.019555101171135902,,0.9450886845588684
6321,0.027625590562820435,,1.5698262453079224
6322,0.025525646284222603,,1.3018110990524292
6323,0.01993560418486595,,1.2815903425216675
6324,0.023888418450951576,,1.2552908658981323
6325,0.02515813708305359,,1.400130033493042
6326,0.018429594114422798,,1.0603846311569214
6327,0.02106337435543537,,1.2230677604675293
6328,0.02731880359351635,,1.531630277633667
6329,0.022865407168865204,,1.3390626907348633
6330,0.020261989906430244,,1.199798583984375
6331,0.021542370319366455,,1.2159818410873413
6332,0.029155069962143898,,1.5811858177185059
6333,0.019395766779780388,,1.1307600736618042
6334,0.01908390410244465,,1.0916945934295654
6335,0.02109311707317829,,1.2441061735153198
6336,0.01864660531282425,,0.9576210379600525
6337,0.025190288200974464,,1.1353175640106201
6338,0.015087619423866272,,0.9042519927024841
6339,0.023274032399058342,,1.0971380472183228
6340,0.019256524741649628,,0.9882452487945557
6341,0.02597576566040516,,1.4494582414627075
6342,0.02045430801808834,,1.0837388038635254
6343,0.022212130948901176,,1.126189947128296
6344,0.019974058493971825,,0.9738829731941223
6345,0.020748883485794067,,1.0633583068847656
6346,0.018343880772590637,,1.0142080783843994
6347,0.020130805671215057,,0.9359734058380127
6348,0.021860694512724876,,1.1434862613677979
6349,0.023554585874080658,,1.2140107154846191
6350,0.02004377916455269,,0.9698220491409302
6351,0.018185395747423172,,0.8187631368637085
6352,0.0224169734865427,,1.1251927614212036
6353,0.017941785976290703,,0.9056984186172485
6354,0.020152375102043152,,1.0654042959213257
6355,0.020367801189422607,,1.0795077085494995
6356,0.01967466063797474,,0.9358749389648438
6357,0.023608451709151268,,1.206364393234253
6358,0.01585451327264309,,0.7995847463607788
6359,0.018139375373721123,,1.00807523727417
6360,0.01798241026699543,,1.0295534133911133
6361,0.022329086437821388,,0.9787159562110901
6362,0.01874247007071972,,0.9351707696914673
6363,0.019398534670472145,,0.9115485548973083
6364,0.01894153095781803,,1.0047191381454468
6365,0.02462708204984665,,1.2321622371673584
6366,0.023732101544737816,,1.303551197052002
6367,0.020921535789966583,,1.1487597227096558
6368,0.022628620266914368,,1.2474285364151
6369,0.019284388050436974,,1.0181366205215454
6370,0.023188844323158264,,1.2597784996032715
6371,0.018033193424344063,,1.0050382614135742
6372,0.027869082987308502,,1.3751418590545654
6373,0.020398765802383423,,1.0717827081680298
6374,0.023694759234786034,,1.2450674772262573
6375,0.0220137108117342,,1.1220927238464355
6376,0.02468150667846203,,1.1727617979049683
6377,0.023921342566609383,,1.2058765888214111
6378,0.021545225754380226,,1.1507573127746582
6379,0.01856411248445511,,0.9144907593727112
6380,0.02243799902498722,,1.1284970045089722
6381,0.0218158271163702,,1.0923372507095337
6382,0.02374037355184555,,1.189003348350525
6383,0.01763036847114563,,1.0231302976608276
6384,0.01769043691456318,,0.8806015849113464
6385,0.02179437316954136,,1.0863765478134155
6386,0.018585799261927605,,0.9198087453842163
6387,0.02126522921025753,,1.1828449964523315
6388,0.02652541734278202,,1.2722158432006836
6389,0.0187301654368639,,1.0731183290481567
6390,0.019960705190896988,,1.0083582401275635
6391,0.018552804365754128,,0.9883469939231873
6392,0.027775144204497337,,1.4727299213409424
6393,0.017928611487150192,,0.8795457482337952
6394,0.017505036666989326,,0.907444179058075
6395,0.022003041580319405,,1.0557223558425903
6396,0.017434483394026756,,1.0564309358596802
6397,0.02041008323431015,,0.9698782563209534
6398,0.021315179765224457,,1.102074146270752
6399,0.022080132737755775,,1.2222473621368408
6400,0.02464578114449978,,1.054927110671997
6401,0.023006819188594818,,1.2969130277633667
6402,0.017525380477309227,,0.8717474937438965
6403,0.018065251410007477,,0.9580603837966919
6404,0.018797628581523895,,0.9711261987686157
6405,0.019545717164874077,,0.9233196377754211
6406,0.022606804966926575,,1.1699678897857666
6407,0.028628608211874962,,1.3110510110855103
6408,0.019584646448493004,,1.012471318244934
6409,0.0218388419598341,,1.2674453258514404
6410,0.017092019319534302,,0.9705680012702942
6411,0.029852719977498055,,1.4475606679916382
6412,0.02272195927798748,,1.3080437183380127
6413,0.020669957622885704,,1.0668435096740723
6414,0.022228984162211418,,1.2214999198913574
6415,0.02700774185359478,,1.4407490491867065
6416,0.023074669763445854,,1.227163553237915
6417,0.018170567229390144,,1.0396015644073486
6418,0.01989557035267353,,1.0245262384414673
6419,0.025887273252010345,,1.2783797979354858
6420,0.021252045407891273,,1.1704773902893066
6421,0.02031576819717884,,1.1326149702072144
6422,0.01922573707997799,,1.1242740154266357
6423,0.026768377050757408,,1.3024109601974487
6424,0.02068142220377922,,1.1487804651260376
6425,0.022657690569758415,,1.1960055828094482
6426,0.022262178361415863,,1.1697876453399658
6427,0.01683313027024269,,0.9707059264183044
6428,0.020403115078806877,,1.1547434329986572
6429,0.022901659831404686,,1.1068599224090576
6430,0.023105859756469727,,1.2245501279830933
6431,0.019792163744568825,,1.172121286392212
6432,0.019844990223646164,,1.1975408792495728
6433,0.022788235917687416,,1.2064964771270752
6434,0.018294526264071465,,0.9471896886825562
6435,0.01764879748225212,,0.9271379709243774
6436,0.021506493911147118,,1.1390178203582764
6437,0.02062380127608776,,1.1181797981262207
6438,0.020597899332642555,,1.0433369874954224
6439,0.022499481216073036,,1.177145004272461
6440,0.023143554106354713,,1.1720787286758423
6441,0.026987457647919655,,1.4731684923171997
6442,0.016256697475910187,,0.9960134625434875
6443,0.022105872631072998,,1.2029831409454346
6444,0.023572230711579323,,1.199325442314148
6445,0.019237061962485313,,1.0927257537841797
6446,0.024653105065226555,,1.2065825462341309
6447,0.023493453860282898,,1.1559664011001587
6448,0.03101418912410736,,1.5647215843200684
6449,0.017709629610180855,,0.9224475026130676
6450,0.019747378304600716,,1.0772006511688232
6451,0.01829013042151928,,0.9647188186645508
6452,0.02104119397699833,,1.0402263402938843
6453,0.020106898620724678,,0.9566879868507385
6454,0.027365699410438538,,1.1777271032333374
6455,0.018145207315683365,,0.9526023268699646
6456,0.02271304465830326,,1.1287602186203003
6457,0.020856857299804688,,1.1189749240875244
6458,0.02130594663321972,,1.0156292915344238
6459,0.02086757682263851,,1.2618613243103027
6460,0.02430759184062481,,1.1538511514663696
6461,0.02599276788532734,,1.3551980257034302
6462,0.020552461966872215,,1.2579585313796997
6463,0.024712717160582542,,1.2013707160949707
6464,0.02138613723218441,,1.2361825704574585
6465,0.026581505313515663,,1.3051563501358032
6466,0.01685159094631672,,1.0598783493041992
6467,0.0208946093916893,,1.1603947877883911
6468,0.018110690638422966,,0.9906812906265259
6469,0.02192327380180359,,1.038588523864746
6470,0.017231272533535957,,0.9993581175804138
6471,0.019482895731925964,,0.9570946097373962
6472,0.017012039199471474,,1.0065255165100098
6473,0.01896614022552967,,0.7920490503311157
6474,0.021329976618289948,,1.1098374128341675
6475,0.01619020849466324,,0.7587974071502686
6476,0.020910369232296944,,0.9845325350761414
6477,0.023217199370265007,,1.022745966911316
6478,0.019349755719304085,,0.8479285836219788
6479,0.02229185402393341,,0.8926350474357605
6480,0.020118189975619316,,1.1526817083358765
6481,0.018957192078232765,,0.9669671654701233
6482,0.02561170794069767,,1.4389262199401855
6483,0.020116934552788734,,1.0539180040359497
6484,0.023338815197348595,,1.1819721460342407
6485,0.01786106266081333,,1.0029380321502686
6486,0.026602307334542274,,1.3972245454788208
6487,0.029868537560105324,,1.4137479066848755
6488,0.02495441772043705,,1.2858960628509521
6489,0.023034656420350075,,1.1613831520080566
6490,0.02589864283800125,,1.3157484531402588
6491,0.02183421701192856,,1.0798977613449097
6492,0.0223368052393198,,1.2423417568206787
6493,0.02059989608824253,,1.0842686891555786
6494,0.018838917836546898,,1.0458301305770874
6495,0.019707996398210526,,1.1195425987243652
6496,0.02322813868522644,,1.1090296506881714
6497,0.022276809439063072,,1.1967524290084839
6498,0.02073654532432556,,1.0445222854614258
6499,0.020798280835151672,,1.0262537002563477
6500,0.0224741380661726,0.02099837664083983,1.0038845539093018
6501,0.02308405376970768,,1.0461175441741943
6502,0.026278086006641388,,1.17477285861969
6503,0.02413647621870041,,1.0976154804229736
6504,0.019207878038287163,,0.8825347423553467
6505,0.022020243108272552,,1.1688226461410522
6506,0.018782056868076324,,0.9698955416679382
6507,0.021838968619704247,,1.0810941457748413
6508,0.01913183368742466,,0.980351984500885
6509,0.020585866644978523,,1.0175306797027588
6510,0.01946409046649933,,0.9833215475082397
6511,0.017379818484187126,,0.9697152376174927
6512,0.01826903410255909,,0.9522507786750793
6513,0.018255289644002914,,1.0224851369857788
6514,0.017385639250278473,,0.8257991671562195
6515,0.01955585740506649,,1.0258245468139648
6516,0.016607074066996574,,0.8762696981430054
6517,0.01976069062948227,,0.985930323600769
6518,0.019520781934261322,,1.0353434085845947
6519,0.017264297232031822,,1.0442970991134644
6520,0.01727254129946232,,0.8661438226699829
6521,0.02292257733643055,,1.2684495449066162
6522,0.0183075163513422,,0.8103904128074646
6523,0.017322463914752007,,0.8035548329353333
6524,0.020576464012265205,,0.9062609076499939
6525,0.016833320260047913,,0.9447050094604492
6526,0.02373219095170498,,1.2087546586990356
6527,0.01733584888279438,,0.8012634515762329
6528,0.013835578225553036,,0.9037777781486511
6529,0.020060790702700615,,0.939391553401947
6530,0.022634008899331093,,1.1468826532363892
6531,0.02199593186378479,,1.0185127258300781
6532,0.020171063020825386,,1.174391269683838
6533,0.02408849447965622,,1.1223143339157104
6534,0.02358984760940075,,1.2294548749923706
6535,0.023412110283970833,,1.1292636394500732
6536,0.023497020825743675,,1.1773210763931274
6537,0.02063884027302265,,1.1462664604187012
6538,0.017428984865546227,,1.011948823928833
6539,0.023720979690551758,,1.2192951440811157
6540,0.017174696549773216,,1.0999360084533691
6541,0.019226232543587685,,1.051698088645935
6542,0.020185552537441254,,1.0734782218933105
6543,0.022101663053035736,,1.1512738466262817
6544,0.0170340146869421,,0.8333063125610352
6545,0.02001950331032276,,0.9955790042877197
6546,0.018807703629136086,,0.992142379283905
6547,0.0174116063863039,,0.9042569994926453
6548,0.017078103497624397,,0.9674412608146667
6549,0.018735120072960854,,0.8573204874992371
6550,0.019118115305900574,,1.0652048587799072
6551,0.01897796057164669,,1.0331836938858032
6552,0.021762624382972717,,1.1437005996704102
6553,0.020763278007507324,,1.0236821174621582
6554,0.022219091653823853,,1.0575737953186035
6555,0.019878001883625984,,0.93985915184021
6556,0.020231235772371292,,0.9909523725509644
6557,0.020967992022633553,,0.996211051940918
6558,0.018076207488775253,,1.0543988943099976
6559,0.02392992563545704,,1.0637670755386353
6560,0.020330533385276794,,1.1076308488845825
6561,0.018684538081288338,,0.9430258870124817
6562,0.02088402956724167,,1.159324288368225
6563,0.028217516839504242,,1.2290681600570679
6564,0.02563764713704586,,1.3784555196762085
6565,0.024517275393009186,,1.3135439157485962
6566,0.02292485535144806,,1.2123042345046997
6567,0.021493926644325256,,1.1341583728790283
6568,0.016256995499134064,,0.9386791586875916
6569,0.029538339003920555,,1.4671854972839355
6570,0.020184868946671486,,1.2016592025756836
6571,0.027294106781482697,,1.258654236793518
6572,0.02456381730735302,,1.4867267608642578
6573,0.028167644515633583,,1.4578509330749512
6574,0.017862651497125626,,0.900678277015686
6575,0.02149658463895321,,1.2697007656097412
6576,0.01921646110713482,,0.8765217661857605
6577,0.022267647087574005,,1.1844522953033447
6578,0.01561183761805296,,0.8281074166297913
6579,0.019094252958893776,,0.9863375425338745
6580,0.020854860544204712,,0.9966041445732117
6581,0.020469963550567627,,0.8590283393859863
6582,0.016236206516623497,,0.8609647154808044
6583,0.01859198324382305,,0.9807417988777161
6584,0.01766698993742466,,0.8989966511726379
6585,0.022021090611815453,,1.071813702583313
6586,0.020199617370963097,,1.1110981702804565
6587,0.016896039247512817,,0.95770663022995
6588,0.017804959788918495,,0.9629797339439392
6589,0.02024894207715988,,1.0115920305252075
6590,0.01786988601088524,,0.9029614329338074
6591,0.017983857542276382,,0.8658291101455688
6592,0.020557913929224014,,1.1506445407867432
6593,0.018242700025439262,,0.8350050449371338
6594,0.018150875344872475,,1.0876082181930542
6595,0.027326079085469246,,1.1984400749206543
6596,0.025608979165554047,,1.4794877767562866
6597,0.029242118820548058,,1.5521184206008911
6598,0.02379601262509823,,1.2365275621414185
6599,0.02576385624706745,,1.3473724126815796
6600,0.018377820029854774,,1.0366460084915161
6601,0.01541150826960802,,0.9414463043212891
6602,0.022894807159900665,,1.1680947542190552
6603,0.015342842787504196,,0.9095083475112915
6604,0.019490908831357956,,1.158778190612793
6605,0.01801152341067791,,0.9542276859283447
6606,0.020088564604520798,,1.2130804061889648
6607,0.017516495659947395,,0.9037648439407349
6608,0.022405056282877922,,1.3755018711090088
6609,0.022712724283337593,,1.204681396484375
6610,0.017900904640555382,,1.1643154621124268
6611,0.024789614602923393,,1.2724192142486572
6612,0.027098119258880615,,1.4808377027511597
6613,0.017960483208298683,,0.9599802494049072
6614,0.02636180818080902,,1.4811519384384155
6615,0.02450346201658249,,1.2292603254318237
6616,0.022021783515810966,,1.3466033935546875
6617,0.019188817590475082,,0.9760823249816895
6618,0.020926253870129585,,1.108695387840271
6619,0.024362551048398018,,1.197576880455017
6620,0.02249142713844776,,1.3754687309265137
6621,0.020845210179686546,,1.109621524810791
6622,0.02300351858139038,,1.0951974391937256
6623,0.02262263186275959,,1.2238070964813232
6624,0.020252550020813942,,1.0957884788513184
6625,0.019191384315490723,,0.9494838118553162
6626,0.020790942013263702,,1.046419382095337
6627,0.02250482887029648,,1.1410373449325562
6628,0.02279508113861084,,1.2372039556503296
6629,0.02224128507077694,,1.1933891773223877
6630,0.0254387017339468,,1.3876419067382812
6631,0.02117331139743328,,1.254004955291748
6632,0.02235918492078781,,1.2277188301086426
6633,0.021723568439483643,,1.1583963632583618
6634,0.019997533410787582,,1.0401065349578857
6635,0.016763342544436455,,0.9142693877220154
6636,0.027375945821404457,,1.2157634496688843
6637,0.02147962898015976,,1.1926066875457764
6638,0.017638137564063072,,0.8816096782684326
6639,0.015074779279530048,,0.8786389231681824
6640,0.020047063007950783,,0.9402819275856018
6641,0.019004328176379204,,1.025525689125061
6642,0.02119363844394684,,0.9168216586112976
6643,0.02137048728764057,,1.1982051134109497
6644,0.020139561966061592,,0.9369444251060486
6645,0.022039806470274925,,1.2229112386703491
6646,0.018816636875271797,,0.9832430481910706
6647,0.01881025917828083,,0.9519688487052917
6648,0.019750365987420082,,0.9057827591896057
6649,0.01598193310201168,,0.8347444534301758
6650,0.022532617673277855,,1.0954041481018066
6651,0.019688231870532036,,1.142918348312378
6652,0.02066062204539776,,1.042035460472107
6653,0.017821161076426506,,1.0569381713867188
6654,0.025041528046131134,,1.1870356798171997
6655,0.023598195984959602,,1.2561671733856201
6656,0.020730813965201378,,1.1734645366668701
6657,0.017924988642334938,,1.0260968208312988
6658,0.02552652917802334,,1.240773320198059
6659,0.0223066508769989,,1.3219480514526367
6660,0.019146809354424477,,0.8833913207054138
6661,0.020753024145960808,,1.1374436616897583
6662,0.019171010702848434,,1.0348436832427979
6663,0.020032716915011406,,1.0745826959609985
6664,0.021460307762026787,,1.0220229625701904
6665,0.0253495704382658,,1.3460365533828735
6666,0.020657561719417572,,1.0028166770935059
6667,0.017540644854307175,,0.8890560865402222
6668,0.020012492313981056,,1.0137701034545898
6669,0.016234247013926506,,0.8665244579315186
6670,0.021436020731925964,,1.1608487367630005
6671,0.023510903120040894,,1.1917673349380493
6672,0.017409414052963257,,0.9462125897407532
6673,0.020953433588147163,,1.0303536653518677
6674,0.02126179449260235,,1.2416844367980957
6675,0.01931498944759369,,0.9158378839492798
6676,0.022513389587402344,,1.2009934186935425
6677,0.023723984137177467,,1.1718164682388306
6678,0.02006683312356472,,0.9926791191101074
6679,0.017287863418459892,,0.9941645860671997
6680,0.020512722432613373,,1.155593752861023
6681,0.020690402016043663,,1.057168960571289
6682,0.016479969024658203,,0.8977782726287842
6683,0.023120293393731117,,1.0602681636810303
6684,0.021384932100772858,,1.0494921207427979
6685,0.023980451747775078,,1.1008551120758057
6686,0.022288748994469643,,1.0461490154266357
6687,0.017839549109339714,,0.8708478212356567
6688,0.021515851840376854,,1.0397329330444336
6689,0.01875326596200466,,0.9812703728675842
6690,0.020446864888072014,,1.0349485874176025
6691,0.022351235151290894,,1.1504775285720825
6692,0.020999623462557793,,0.8610579371452332
6693,0.023042216897010803,,1.2054173946380615
6694,0.020289288833737373,,1.0865533351898193
6695,0.018456609919667244,,0.9781083464622498
6696,0.01842609792947769,,1.0491477251052856
6697,0.020992562174797058,,1.063381314277649
6698,0.02365490235388279,,1.169118046760559
6699,0.01926296018064022,,1.232581377029419
6700,0.020289143547415733,,0.905648946762085
6701,0.026401476934552193,,1.431451439857483
6702,0.016227038577198982,,0.9157582521438599
6703,0.01973024196922779,,1.074698805809021
6704,0.022247806191444397,,1.3320692777633667
6705,0.024379225447773933,,1.2790632247924805
6706,0.022809764370322227,,1.2597582340240479
6707,0.023878546431660652,,1.2767351865768433
6708,0.024022355675697327,,1.1480897665023804
6709,0.025346657261252403,,1.1243791580200195
6710,0.020899822935461998,,1.104279637336731
6711,0.021189182996749878,,0.9970749616622925
6712,0.02123657800257206,,1.026496410369873
6713,0.020053880289196968,,0.9959069490432739
6714,0.019038502126932144,,0.9638267159461975
6715,0.02186972089111805,,0.9722719788551331
6716,0.018016012385487556,,1.1417536735534668
6717,0.01617354340851307,,0.9523768424987793
6718,0.016822436824440956,,0.9024308323860168
6719,0.02527995966374874,,1.1736119985580444
6720,0.01775425113737583,,0.855291485786438
6721,0.022263027727603912,,1.1440547704696655
6722,0.017376383766531944,,0.8605099320411682
6723,0.01957572251558304,,0.987002432346344
6724,0.017252132296562195,,0.8990190625190735
6725,0.01739843375980854,,0.7223902344703674
6726,0.019793471321463585,,1.0904011726379395
6727,0.015454175882041454,,0.6510248780250549
6728,0.019654080271720886,,1.0642287731170654
6729,0.020414648577570915,,0.9591631889343262
6730,0.024421414360404015,,1.060254693031311
6731,0.022104555740952492,,1.083204984664917
6732,0.016655242070555687,,0.7633427381515503
6733,0.02113482542335987,,1.023213505744934
6734,0.02094588615000248,,1.1814343929290771
6735,0.020583689212799072,,1.0515280961990356
6736,0.0212162584066391,,1.1616626977920532
6737,0.020638372749090195,,1.152393102645874
6738,0.018942123278975487,,1.1860991716384888
6739,0.01574050448834896,,0.9594993591308594
6740,0.021692903712391853,,1.0305171012878418
6741,0.023068256676197052,,1.3813343048095703
6742,0.02041705884039402,,0.99565589427948
6743,0.02018558792769909,,1.225564956665039
6744,0.025340333580970764,,1.3617401123046875
6745,0.017043380066752434,,1.0659260749816895
6746,0.021300917491316795,,1.195284128189087
6747,0.01780642196536064,,1.0787760019302368
6748,0.021229825913906097,,1.1732656955718994
6749,0.022512242197990417,,1.2755022048950195
6750,0.017693763598799706,,0.9537652134895325
6751,0.017796050757169724,,0.9899989366531372
6752,0.02060968615114689,,1.0143325328826904
6753,0.021552031859755516,,1.1911280155181885
6754,0.023275790736079216,,1.1192030906677246
6755,0.019643515348434448,,1.165316104888916
6756,0.026379205286502838,,1.2263108491897583
6757,0.02014816738665104,,1.1797860860824585
6758,0.02466285414993763,,1.3648700714111328
6759,0.02049124799668789,,1.1575690507888794
6760,0.021443089470267296,,1.1139254570007324
6761,0.02409583516418934,,1.2498412132263184
6762,0.023079214617609978,,1.313464641571045
6763,0.019974296912550926,,0.9709407091140747
6764,0.019403968006372452,,1.031441330909729
6765,0.019838016480207443,,0.9805555939674377
6766,0.02252213843166828,,1.1565550565719604
6767,0.01530985813587904,,0.880077600479126
6768,0.017660005018115044,,0.9212598204612732
6769,0.01856073923408985,,1.0430495738983154
6770,0.022505514323711395,,1.0036451816558838
6771,0.01949445717036724,,0.9509358406066895
6772,0.016450097784399986,,0.763296902179718
6773,0.018715443089604378,,0.8445740342140198
6774,0.022490883246064186,,1.0617893934249878
6775,0.02018478885293007,,1.2082756757736206
6776,0.018971608951687813,,0.9059656858444214
6777,0.022272184491157532,,1.1426767110824585
6778,0.020229099318385124,,1.0576390027999878
6779,0.02044970914721489,,1.037290096282959
6780,0.01985214836895466,,1.0383201837539673
6781,0.017099929973483086,,1.0210129022598267
6782,0.01959882490336895,,1.0827546119689941
6783,0.018675006926059723,,1.1736823320388794
6784,0.023634454235434532,,1.2575602531433105
6785,0.023912936449050903,,1.2247657775878906
6786,0.01691613160073757,,0.899283766746521
6787,0.02346588484942913,,1.2770452499389648
6788,0.02469668537378311,,1.2236554622650146
6789,0.01651878096163273,,1.030329704284668
6790,0.016528349369764328,,0.9225349426269531
6791,0.017338277772068977,,1.0951684713363647
6792,0.022832825779914856,,1.1659919023513794
6793,0.028971366584300995,,1.477359414100647
6794,0.024583959951996803,,1.3394802808761597
6795,0.01964210532605648,,1.2546027898788452
6796,0.021390505135059357,,1.1205998659133911
6797,0.02264247089624405,,1.17744779586792
6798,0.027049550786614418,,1.3160808086395264
6799,0.016788065433502197,,0.8738082051277161
6800,0.018563633784651756,,0.9771039485931396
6801,0.018323270604014397,,0.8669565916061401
6802,0.01673860102891922,,0.9678905606269836
6803,0.012196916155517101,,0.7333041429519653
6804,0.017996108159422874,,0.9225931167602539
6805,0.020291326567530632,,0.9562690854072571
6806,0.017527222633361816,,0.8460085988044739
6807,0.021658724173903465,,1.0777050256729126
6808,0.018385110422968864,,0.8629400134086609
6809,0.019766652956604958,,0.8675341010093689
6810,0.017530979588627815,,0.9863086342811584
6811,0.02062019146978855,,0.9813959002494812
6812,0.017624542117118835,,1.05260169506073
6813,0.01595795899629593,,0.7678934335708618
6814,0.02216818369925022,,1.1733620166778564
6815,0.021383019164204597,,1.133025884628296
6816,0.01746082678437233,,0.9196381568908691
6817,0.020751073956489563,,1.0976215600967407
6818,0.02171616069972515,,1.2101072072982788
6819,0.01933630369603634,,0.9950012564659119
6820,0.024164726957678795,,1.2756240367889404
6821,0.018338071182370186,,0.9652615785598755
6822,0.015345663763582706,,0.8205872774124146
6823,0.022539345547556877,,1.146207571029663
6824,0.020224159583449364,,1.0226157903671265
6825,0.017511004582047462,,0.9157527685165405
6826,0.020782699808478355,,1.129597544670105
6827,0.016514915972948074,,0.983421802520752
6828,0.017438258975744247,,0.9631416201591492
6829,0.016385512426495552,,0.9918081760406494
6830,0.01859554462134838,,0.926613450050354
6831,0.02069944702088833,,1.0274934768676758
6832,0.020133858546614647,,1.092225193977356
6833,0.01686975359916687,,0.8227826952934265
6834,0.01771695353090763,,0.9340011477470398
6835,0.015899522230029106,,0.8156524300575256
6836,0.014415468089282513,,0.7650070786476135
6837,0.015778331086039543,,0.8571330308914185
6838,0.015243484638631344,,0.7017423510551453
6839,0.01710975170135498,,0.8646379113197327
6840,0.018256252631545067,,0.921298623085022
6841,0.016584785655140877,,0.8605647683143616
6842,0.01826244406402111,,0.9349616169929504
6843,0.020475005730986595,,1.0322132110595703
6844,0.018125763162970543,,0.9141201376914978
6845,0.015200999565422535,,0.7830379009246826
6846,0.015792647376656532,,0.8055693507194519
6847,0.019447771832346916,,0.8418976068496704
6848,0.018856724724173546,,1.1071449518203735
6849,0.016085270792245865,,0.725418210029602
6850,0.016563275828957558,,0.9356104135513306
6851,0.015754587948322296,,0.7817517518997192
6852,0.017526954412460327,,0.9449487328529358
6853,0.016853975132107735,,0.8700374364852905
6854,0.014265291392803192,,0.8505002856254578
6855,0.024734722450375557,,1.0311332941055298
6856,0.018077628687024117,,1.1454025506973267
6857,0.01777922362089157,,0.9101831912994385
6858,0.0252514835447073,,1.37163507938385
6859,0.015940990298986435,,0.9303089380264282
6860,0.019209856167435646,,1.186081886291504
6861,0.020143022760748863,,1.216325044631958
6862,0.020123757421970367,,1.0639569759368896
6863,0.01955108344554901,,0.9992631673812866
6864,0.021830102428793907,,1.0789721012115479
6865,0.022835945710539818,,1.170870304107666
6866,0.024310879409313202,,1.1911513805389404
6867,0.018878577277064323,,1.0232418775558472
6868,0.014996565878391266,,0.9240474104881287
6869,0.01855778507888317,,0.9301564693450928
6870,0.02238599956035614,,1.3475627899169922
6871,0.02042735368013382,,1.218865156173706
6872,0.022894660010933876,,1.5506043434143066
6873,0.023178569972515106,,1.3605554103851318
6874,0.020452409982681274,,1.169516682624817
6875,0.01802905835211277,,1.0260154008865356
6876,0.023421093821525574,,1.1830073595046997
6877,0.020650209859013557,,1.1119550466537476
6878,0.02108069509267807,,1.0343866348266602
6879,0.019896117970347404,,1.1671292781829834
6880,0.02270369790494442,,1.2054166793823242
6881,0.021275311708450317,,1.23111891746521
6882,0.02196836657822132,,1.246793508529663
6883,0.02230050414800644,,1.3961312770843506
6884,0.029732493683695793,,1.5926105976104736
6885,0.020801452919840813,,1.1599220037460327
6886,0.020021798089146614,,1.1815848350524902
6887,0.015987390652298927,,0.96321702003479
6888,0.02316039614379406,,1.1706721782684326
6889,0.023664360865950584,,1.3150140047073364
6890,0.02016228251159191,,1.0732812881469727
6891,0.024956943467259407,,1.3635237216949463
6892,0.018739396706223488,,1.1149137020111084
6893,0.018112653866410255,,0.9073665738105774
6894,0.020584003999829292,,1.1725633144378662
6895,0.021092921495437622,,0.9946624636650085
6896,0.019274204969406128,,1.0848323106765747
6897,0.01877782493829727,,0.8575536608695984
6898,0.019679365679621696,,1.1201364994049072
6899,0.026953494176268578,,1.3111913204193115
6900,0.01720994897186756,,1.0007150173187256
6901,0.024615148082375526,,1.1636157035827637
6902,0.0177303534001112,,0.9784166216850281
6903,0.022930128499865532,,1.1827877759933472
6904,0.015662875026464462,,0.9924912452697754
6905,0.022060176357626915,,1.1699005365371704
6906,0.02084219455718994,,1.1741890907287598
6907,0.01934351772069931,,1.0240825414657593
6908,0.023630747571587563,,1.3168385028839111
6909,0.02285519801080227,,1.1659454107284546
6910,0.0183237474411726,,1.1189579963684082
6911,0.017497027292847633,,0.9942580461502075
6912,0.02475021965801716,,1.252896785736084
6913,0.018110377714037895,,0.9911255240440369
6914,0.016245940700173378,,0.9580739140510559
6915,0.02006710134446621,,1.0124702453613281
6916,0.020015250891447067,,1.1385960578918457
6917,0.02259715087711811,,1.195159912109375
6918,0.015677863731980324,,0.943030834197998
6919,0.021075932309031487,,1.0624371767044067
6920,0.018355611711740494,,1.0937349796295166
6921,0.02053260989487171,,1.0657880306243896
6922,0.0182767603546381,,1.0210151672363281
6923,0.020158961415290833,,1.1396217346191406
6924,0.016761472448706627,,0.9979963898658752
6925,0.01789468340575695,,1.007651925086975
6926,0.024049988016486168,,1.3354068994522095
6927,0.021135762333869934,,1.1309171915054321
6928,0.023192530497908592,,1.2105692625045776
6929,0.023016979917883873,,1.0984936952590942
6930,0.022291602566838264,,1.2133749723434448
6931,0.023685405030846596,,1.1217769384384155
6932,0.019287725910544395,,0.9989225268363953
6933,0.021289827302098274,,1.114040493965149
6934,0.022261843085289,,1.2508888244628906
6935,0.02047683112323284,,1.0741662979125977
6936,0.01961801014840603,,1.1143081188201904
6937,0.01753280498087406,,1.0647916793823242
6938,0.020975494757294655,,1.081493854522705
6939,0.019169745966792107,,1.0407614707946777
6940,0.019102467224001884,,0.9909113645553589
6941,0.022814221680164337,,1.2761894464492798
6942,0.01975252665579319,,1.0257198810577393
6943,0.02073107846081257,,1.0585265159606934
6944,0.021979384124279022,,1.0835821628570557
6945,0.018972797319293022,,1.1293219327926636
6946,0.02102799154818058,,0.9672452807426453
6947,0.024372592568397522,,1.1932209730148315
6948,0.0210559144616127,,1.0641636848449707
6949,0.019110528752207756,,1.0369452238082886
6950,0.01993940956890583,,1.0128259658813477
6951,0.021976085379719734,,1.0378350019454956
6952,0.021688463166356087,,1.0832207202911377
6953,0.020519867539405823,,0.9225626587867737
6954,0.021141817793250084,,1.1643260717391968
6955,0.014963033609092236,,0.776254415512085
6956,0.021316172555088997,,1.2200909852981567
6957,0.020133541896939278,,0.8896315693855286
6958,0.01780197210609913,,0.9712375402450562
6959,0.019564932212233543,,1.0132427215576172
6960,0.020106526091694832,,1.2412093877792358
6961,0.023666739463806152,,1.2221088409423828
6962,0.026232518255710602,,1.5057767629623413
6963,0.020684311166405678,,1.0734933614730835
6964,0.02275383472442627,,1.1685038805007935
6965,0.018242385238409042,,1.090094804763794
6966,0.020434778183698654,,1.1041172742843628
6967,0.022114505991339684,,1.1178919076919556
6968,0.02526775561273098,,1.4496384859085083
6969,0.02008610963821411,,0.9543794989585876
6970,0.02793232351541519,,1.5884361267089844
6971,0.022315731272101402,,1.0647902488708496
6972,0.029827890917658806,,1.4720147848129272
6973,0.024543842300772667,,1.1342569589614868
6974,0.018311092630028725,,1.0060969591140747
6975,0.024216458201408386,,1.1412895917892456
6976,0.018935328349471092,,1.0412577390670776
6977,0.016389628872275352,,0.869112491607666
6978,0.01914181374013424,,0.8989936113357544
6979,0.01890481449663639,,0.951254665851593
6980,0.017903726547956467,,0.868701696395874
6981,0.021232513710856438,,1.0936486721038818
6982,0.02116961032152176,,1.116180419921875
6983,0.0213199183344841,,1.1565656661987305
6984,0.024050937965512276,,1.0741894245147705
6985,0.017666064202785492,,0.9033121466636658
6986,0.020926177501678467,,1.0018020868301392
6987,0.01748592220246792,,1.062731385231018
6988,0.020990602672100067,,0.9363861083984375
6989,0.02094622515141964,,1.2282336950302124
6990,0.022610092535614967,,1.2234090566635132
6991,0.018050765618681908,,1.1812598705291748
6992,0.02208942361176014,,1.1116759777069092
6993,0.0184186939150095,,0.9198572039604187
6994,0.01677091233432293,,0.8782561421394348
6995,0.019466815516352654,,0.9693899154663086
6996,0.024403490126132965,,1.254256010055542
6997,0.019316568970680237,,0.9796833395957947
6998,0.01615472324192524,,0.9434719681739807
6999,0.02038521133363247,,0.9627858996391296
7000,0.019788814708590508,0.020133997692805893,1.0633280277252197
7001,0.015855686739087105,,0.8725571036338806
7002,0.01630694419145584,,0.9346278309822083
7003,0.02088310569524765,,0.9353522062301636
7004,0.02362695336341858,,1.3051271438598633
7005,0.0220964178442955,,1.1631104946136475
7006,0.015179354697465897,,0.8616227507591248
7007,0.017379604279994965,,0.9619758129119873
7008,0.01974932849407196,,0.9819965362548828
7009,0.019405527040362358,,1.031606674194336
7010,0.01930522732436657,,0.8350853323936462
7011,0.01829599030315876,,1.1303621530532837
7012,0.021398773416876793,,0.988661527633667
7013,0.020672442391514778,,1.27083420753479
7014,0.019479956477880478,,1.1221822500228882
7015,0.019156459718942642,,1.1367418766021729
7016,0.018544049933552742,,0.9789481163024902
7017,0.018462536856532097,,1.0572443008422852
7018,0.018612422049045563,,1.0085927248001099
7019,0.024770526215434074,,1.293571949005127
7020,0.015571166761219501,,0.9075469374656677
7021,0.025179339572787285,,1.3165075778961182
7022,0.01935717463493347,,1.0135642290115356
7023,0.019617663696408272,,1.1098759174346924
7024,0.02586163580417633,,1.2893730401992798
7025,0.01669740304350853,,0.912616491317749
7026,0.02097918838262558,,1.0513970851898193
7027,0.017663005739450455,,1.0116304159164429
7028,0.023238154128193855,,1.129201054573059
7029,0.01990181766450405,,1.1635383367538452
7030,0.020173171535134315,,1.1228002309799194
7031,0.018432630226016045,,1.0229774713516235
7032,0.01996079832315445,,0.9943344593048096
7033,0.017543833702802658,,1.0139660835266113
7034,0.020851967856287956,,1.0052815675735474
7035,0.023039469495415688,,1.3387703895568848
7036,0.020001528784632683,,1.1553488969802856
7037,0.018365085124969482,,1.052799105644226
7038,0.02265688218176365,,1.1502790451049805
7039,0.021885288879275322,,1.0569391250610352
7040,0.0211180467158556,,1.132278323173523
7041,0.02233506739139557,,1.1507097482681274
7042,0.020868025720119476,,1.0045790672302246
7043,0.01614186353981495,,0.8381468057632446
7044,0.021964631974697113,,1.1292250156402588
7045,0.02023528702557087,,1.1800475120544434
7046,0.019127612933516502,,1.039715051651001
7047,0.017068516463041306,,1.0481805801391602
7048,0.018208812922239304,,0.9645212888717651
7049,0.021379342302680016,,1.1632444858551025
7050,0.018635539337992668,,1.0100051164627075
7051,0.015269629657268524,,0.8608565926551819
7052,0.01584780402481556,,0.855483889579773
7053,0.018285680562257767,,0.9232831597328186
7054,0.018705205991864204,,0.9613186120986938
7055,0.017687423154711723,,0.9452042579650879
7056,0.018260320648550987,,0.9907246232032776
7057,0.019788281992077827,,0.9412819147109985
7058,0.01734641008079052,,0.9229676127433777
7059,0.019939113408327103,,1.079134464263916
7060,0.019920891150832176,,0.8908244967460632
7061,0.022327443584799767,,1.2422893047332764
7062,0.01688935048878193,,0.7187269330024719
7063,0.015232796780765057,,0.8647440075874329
7064,0.019372958689928055,,0.9222467541694641
7065,0.018267305567860603,,0.9758427739143372
7066,0.01956014521420002,,1.0503588914871216
7067,0.016447650268673897,,1.024580717086792
7068,0.015315186232328415,,0.7852716445922852
7069,0.0185678843408823,,0.9595224261283875
7070,0.019669009372591972,,1.009967565536499
7071,0.022050360217690468,,1.1616511344909668
7072,0.020303579047322273,,1.1539597511291504
7073,0.018949808552861214,,0.9504757523536682
7074,0.02178405225276947,,0.9671111106872559
7075,0.01890932023525238,,0.946183443069458
7076,0.01606513373553753,,0.8540909290313721
7077,0.022267034277319908,,0.9869384169578552
7078,0.024974560365080833,,1.3424818515777588
7079,0.01807093620300293,,1.0664101839065552
7080,0.01957632414996624,,0.9743324518203735
7081,0.020955802872776985,,1.0366684198379517
7082,0.01950274035334587,,1.0831540822982788
7083,0.018937576562166214,,0.9269790649414062
7084,0.01866811141371727,,0.9890745282173157
7085,0.018267039209604263,,0.8870786428451538
7086,0.01944008283317089,,1.0366098880767822
7087,0.017424358054995537,,0.9540137052536011
7088,0.019249295815825462,,1.0120983123779297
7089,0.018771318718791008,,1.1314713954925537
7090,0.01901225373148918,,0.9113686084747314
7091,0.023092025890946388,,1.3316916227340698
7092,0.015042641200125217,,0.9065122008323669
7093,0.018534230068325996,,0.980021059513092
7094,0.02002948708832264,,1.0319443941116333
7095,0.017725931480526924,,1.0063220262527466
7096,0.02166309393942356,,1.1879838705062866
7097,0.018346616998314857,,0.9283742308616638
7098,0.018088316544890404,,0.8968978524208069
7099,0.016054077073931694,,0.8408260941505432
7100,0.02170293591916561,,1.2156870365142822
7101,0.01802953891456127,,0.9405837059020996
7102,0.019701287150382996,,1.0476911067962646
7103,0.019179364666342735,,1.0562965869903564
7104,0.01706855185329914,,0.983959972858429
7105,0.020634034648537636,,1.1680840253829956
7106,0.017161866649985313,,0.9467483162879944
7107,0.02635951340198517,,1.4814590215682983
7108,0.024845875799655914,,1.2868530750274658
7109,0.0225001722574234,,1.1536287069320679
7110,0.020514274016022682,,1.1959023475646973
7111,0.020441658794879913,,1.0314861536026
7112,0.02435951493680477,,1.520742416381836
7113,0.0218996312469244,,1.2308316230773926
7114,0.018510213121771812,,1.2110735177993774
7115,0.02208271063864231,,1.27131986618042
7116,0.020207196474075317,,1.2317620515823364
7117,0.028367208316922188,,1.4708728790283203
7118,0.018590880557894707,,1.0409194231033325
7119,0.01830589957535267,,1.042417049407959
7120,0.02215169556438923,,1.262378454208374
7121,0.02093680202960968,,1.1781119108200073
7122,0.018851904198527336,,1.0406403541564941
7123,0.020035147666931152,,0.9618059992790222
7124,0.017986275255680084,,1.1456128358840942
7125,0.020548243075609207,,1.1312625408172607
7126,0.02077069878578186,,1.249571681022644
7127,0.022290101274847984,,1.3442565202713013
7128,0.019703300669789314,,1.0942660570144653
7129,0.018125804141163826,,1.1493279933929443
7130,0.02089068293571472,,1.155316948890686
7131,0.020962819457054138,,1.2792688608169556
7132,0.021134713664650917,,1.2781163454055786
7133,0.017803559079766273,,1.0311776399612427
7134,0.021288670599460602,,1.0447958707809448
7135,0.02188318781554699,,1.242174744606018
7136,0.018942980095744133,,0.9975953102111816
7137,0.01608152501285076,,0.9879531860351562
7138,0.017655134201049805,,0.8340803980827332
7139,0.016233647242188454,,0.9613937735557556
7140,0.02147729881107807,,1.1372236013412476
7141,0.01819748431444168,,1.1051698923110962
7142,0.01575670950114727,,0.8911991715431213
7143,0.022489728406071663,,1.0131906270980835
7144,0.019786423072218895,,1.2546950578689575
7145,0.018039273098111153,,0.9488292336463928
7146,0.021461712196469307,,1.238119125366211
7147,0.015490603633224964,,0.9168280959129333
7148,0.021155744791030884,,1.0810202360153198
7149,0.022729231044650078,,1.2385510206222534
7150,0.019825682044029236,,1.2497729063034058
7151,0.018966341391205788,,1.0640813112258911
7152,0.020718729123473167,,1.272154450416565
7153,0.01871473155915737,,1.0176887512207031
7154,0.020692970603704453,,1.0753496885299683
7155,0.018478060141205788,,1.018803358078003
7156,0.021981552243232727,,1.0799254179000854
7157,0.024532556533813477,,1.3977009057998657
7158,0.021014021709561348,,1.0300859212875366
7159,0.021989041939377785,,1.3260269165039062
7160,0.02017008699476719,,1.1066670417785645
7161,0.02165166288614273,,1.2684003114700317
7162,0.025438396260142326,,1.3139448165893555
7163,0.02352198213338852,,1.1308894157409668
7164,0.01928972266614437,,1.0178507566452026
7165,0.017381887882947922,,0.8677542805671692
7166,0.01589774712920189,,0.9398052096366882
7167,0.02030821703374386,,0.9445568919181824
7168,0.019922828301787376,,1.1298847198486328
7169,0.018586182966828346,,0.9501498937606812
7170,0.014859368093311787,,0.8588657379150391
7171,0.019306818023324013,,0.9408271312713623
7172,0.02191019617021084,,1.1575857400894165
7173,0.018843866884708405,,0.9795193672180176
7174,0.01809600554406643,,0.9411823749542236
7175,0.020096268504858017,,1.1513617038726807
7176,0.016272500157356262,,0.8994905948638916
7177,0.017404379323124886,,1.0238523483276367
7178,0.01766977831721306,,0.8720865249633789
7179,0.017941638827323914,,0.9576881527900696
7180,0.013229538686573505,,0.6514387726783752
7181,0.025144502520561218,,1.1705297231674194
7182,0.01883925497531891,,1.0046643018722534
7183,0.017839955165982246,,0.9157391786575317
7184,0.0188028234988451,,1.1562343835830688
7185,0.021662332117557526,,1.062421441078186
7186,0.020784124732017517,,1.3432036638259888
7187,0.016773521900177002,,1.020978569984436
7188,0.02097414992749691,,1.1771817207336426
7189,0.017731476575136185,,1.0015714168548584
7190,0.01816161535680294,,0.9960663318634033
7191,0.0173299852758646,,0.971262514591217
7192,0.018277544528245926,,0.9566527009010315
7193,0.01625579595565796,,0.9249632954597473
7194,0.01886928826570511,,1.0216186046600342
7195,0.022425344213843346,,1.1736050844192505
7196,0.018595442175865173,,0.9695534706115723
7197,0.021973788738250732,,1.3021093606948853
7198,0.01737959124147892,,0.828161358833313
7199,0.024480685591697693,,1.257219672203064
7200,0.017932530492544174,,0.9131645560264587
7201,0.020391687750816345,,0.982243001461029
7202,0.02374609373509884,,1.1310222148895264
7203,0.01578603871166706,,0.8425057530403137
7204,0.02102310210466385,,1.0668377876281738
7205,0.02230137027800083,,1.1575771570205688
7206,0.016353368759155273,,0.8612199425697327
7207,0.018422329798340797,,0.9284884929656982
7208,0.020707661285996437,,1.0434058904647827
7209,0.019632745534181595,,0.8719713091850281
7210,0.01891407184302807,,0.9670382738113403
7211,0.023759134113788605,,1.1351679563522339
7212,0.02816460281610489,,1.2288146018981934
7213,0.020284349098801613,,1.1437721252441406
7214,0.015710262581706047,,0.7734404802322388
7215,0.014053679071366787,,0.719273030757904
7216,0.019493483006954193,,0.9870933890342712
7217,0.018518999218940735,,1.1571986675262451
7218,0.022868772968649864,,1.072790503501892
7219,0.021952204406261444,,1.4136608839035034
7220,0.022027721628546715,,1.3649643659591675
7221,0.024781981483101845,,1.322163701057434
7222,0.023419072851538658,,1.3477836847305298
7223,0.02090119570493698,,1.1497323513031006
7224,0.015487556345760822,,0.9807228446006775
7225,0.01893717795610428,,1.100064992904663
7226,0.020988166332244873,,1.0627658367156982
7227,0.019317878410220146,,1.174336552619934
7228,0.015721550211310387,,0.8188492655754089
7229,0.019668616354465485,,1.1492187976837158
7230,0.022123919799923897,,1.0845093727111816
7231,0.01747804507613182,,0.9670795202255249
7232,0.019715717062354088,,1.0169984102249146
7233,0.016234327107667923,,0.9551383852958679
7234,0.020119095221161842,,0.915497899055481
7235,0.018695469945669174,,1.0956459045410156
7236,0.01717592217028141,,0.8892751932144165
7237,0.017780644819140434,,1.0216649770736694
7238,0.021165722981095314,,1.0401697158813477
7239,0.020297279581427574,,1.1743437051773071
7240,0.021201932802796364,,1.0012027025222778
7241,0.018726514652371407,,1.0360292196273804
7242,0.016370123252272606,,0.7919908165931702
7243,0.018286896869540215,,0.9870879650115967
7244,0.0269641000777483,,1.2115541696548462
7245,0.016561953350901604,,0.9330580830574036
7246,0.022043094038963318,,1.0100065469741821
7247,0.019346609711647034,,0.9638067483901978
7248,0.013327382504940033,,0.698287844657898
7249,0.021380141377449036,,1.1117883920669556
7250,0.022921236231923103,,1.222609281539917
7251,0.019797308370471,,1.1032999753952026
7252,0.02006002701818943,,1.186646819114685
7253,0.020893482491374016,,1.2084320783615112
7254,0.01906442455947399,,0.9969937801361084
7255,0.019066935405135155,,1.1204946041107178
7256,0.017856134101748466,,0.8558347821235657
7257,0.020224550738930702,,1.2077269554138184
7258,0.019675251096487045,,0.9351140260696411
7259,0.017486801370978355,,0.9340345859527588
7260,0.01779606193304062,,0.9152689576148987
7261,0.020579278469085693,,0.91095370054245
7262,0.022802084684371948,,1.1604655981063843
7263,0.01843898929655552,,0.9676843881607056
7264,0.02356874942779541,,1.1955441236495972
7265,0.0208359956741333,,1.1621981859207153
7266,0.02231554687023163,,1.2957608699798584
7267,0.019480697810649872,,1.0190269947052002
7268,0.015605059452354908,,0.9378415942192078
7269,0.018548542633652687,,0.9402940273284912
7270,0.02031909115612507,,1.1620608568191528
7271,0.02040683664381504,,1.016392707824707
7272,0.021163364872336388,,1.3078078031539917
7273,0.020357871428132057,,1.1767693758010864
7274,0.019175652414560318,,1.1834869384765625
7275,0.013234858401119709,,0.9005857110023499
7276,0.017537565901875496,,0.9865949153900146
7277,0.02135572023689747,,1.1861728429794312
7278,0.023394107818603516,,1.2239435911178589
7279,0.025319263339042664,,1.2860527038574219
7280,0.021356286481022835,,1.3788756132125854
7281,0.01781349629163742,,0.9456928968429565
7282,0.020507507026195526,,1.0777339935302734
7283,0.018915941938757896,,0.8896320462226868
7284,0.022043360397219658,,1.2038276195526123
7285,0.018851792439818382,,1.1176434755325317
7286,0.01907571218907833,,1.0549532175064087
7287,0.023616043850779533,,1.4019514322280884
7288,0.018743211403489113,,1.117967963218689
7289,0.015892138704657555,,0.8863189816474915
7290,0.022947030141949654,,1.3380361795425415
7291,0.01905222050845623,,1.107372522354126
7292,0.02108592540025711,,1.1910672187805176
7293,0.020942559465765953,,1.1529617309570312
7294,0.016543740406632423,,0.909156858921051
7295,0.02398073673248291,,1.2585829496383667
7296,0.01960972137749195,,1.080405354499817
7297,0.0173514261841774,,0.9061616063117981
7298,0.022196806967258453,,1.0526427030563354
7299,0.019344642758369446,,1.1083765029907227
7300,0.020366696640849113,,1.0321146249771118
7301,0.028916863724589348,,1.669514775276184
7302,0.020313067361712456,,1.1052544116973877
7303,0.021665653213858604,,1.2530152797698975
7304,0.02144678682088852,,1.1054495573043823
7305,0.01940987817943096,,1.1759387254714966
7306,0.02326021157205105,,1.283244013786316
7307,0.020478712394833565,,1.088222861289978
7308,0.024601928889751434,,1.337293028831482
7309,0.01647106744349003,,0.9521483182907104
7310,0.022890260443091393,,1.2482445240020752
7311,0.022450730204582214,,1.310346245765686
7312,0.022327078506350517,,1.3282619714736938
7313,0.01870027370750904,,1.1570165157318115
7314,0.019400132820010185,,1.161934494972229
7315,0.01867094449698925,,1.082155466079712
7316,0.018041925504803658,,1.0205005407333374
7317,0.018205149099230766,,1.0799447298049927
7318,0.016756780445575714,,0.9787421226501465
7319,0.01938639022409916,,0.9993295669555664
7320,0.01869107224047184,,1.0071078538894653
7321,0.013392350636422634,,0.8196892142295837
7322,0.018902717158198357,,1.1106359958648682
7323,0.021814042702317238,,1.0374395847320557
7324,0.02301848493516445,,1.1803313493728638
7325,0.016839852556586266,,0.8592879772186279
7326,0.01873447559773922,,1.0108954906463623
7327,0.017696572467684746,,0.9247925877571106
7328,0.017131371423602104,,0.9422483444213867
7329,0.01564396172761917,,0.8994420170783997
7330,0.015346161089837551,,0.7846647500991821
7331,0.01534716784954071,,0.8630598783493042
7332,0.0173707976937294,,0.8673074841499329
7333,0.018396934494376183,,0.8608096241950989
7334,0.014725536108016968,,0.7323338389396667
7335,0.01846635900437832,,0.8897318840026855
7336,0.019003963097929955,,1.0192030668258667
7337,0.02683970332145691,,1.246903419494629
7338,0.01458024326711893,,0.8196563124656677
7339,0.01747889071702957,,0.919586181640625
7340,0.019542479887604713,,1.0497010946273804
7341,0.02146988920867443,,1.313496708869934
7342,0.020067593082785606,,1.0636106729507446
7343,0.0268475953489542,,1.5743749141693115
7344,0.01935330219566822,,1.0400384664535522
7345,0.01876913383603096,,1.1150935888290405
7346,0.014817691408097744,,0.8676808476448059
7347,0.018490711227059364,,0.9049789309501648
7348,0.018048115074634552,,0.9419127702713013
7349,0.015309021808207035,,0.8129892945289612
7350,0.01650366187095642,,0.9128597974777222
7351,0.01680607907474041,,0.8810887336730957
7352,0.01878063939511776,,0.9197578430175781
7353,0.019781997427344322,,1.0614207983016968
7354,0.01684114895761013,,0.9376136660575867
7355,0.017255418002605438,,0.8320743441581726
7356,0.015223003923892975,,0.8634669780731201
7357,0.021084384992718697,,1.065219521522522
7358,0.01968737505376339,,1.2357473373413086
7359,0.02202664501965046,,1.1397074460983276
7360,0.01991586945950985,,1.1716885566711426
7361,0.01895136944949627,,1.030604362487793
7362,0.014953077770769596,,0.8851714730262756
7363,0.018578259274363518,,1.0568453073501587
7364,0.017472652718424797,,1.0752549171447754
7365,0.018944358453154564,,0.9298446178436279
7366,0.021773705258965492,,1.160076379776001
7367,0.018688250333070755,,0.969447910785675
7368,0.01776213012635708,,1.0305132865905762
7369,0.021594487130641937,,1.2139796018600464
7370,0.017320530489087105,,1.0343191623687744
7371,0.020247451961040497,,1.0966013669967651
7372,0.020245594903826714,,1.1407475471496582
7373,0.019699513912200928,,1.0291167497634888
7374,0.01690179482102394,,1.0427641868591309
7375,0.018603302538394928,,1.0920841693878174
7376,0.019789371639490128,,1.1214057207107544
7377,0.022425105795264244,,1.3317562341690063
7378,0.01718340627849102,,1.061416745185852
7379,0.02267315238714218,,1.2270036935806274
7380,0.020418576896190643,,1.3093068599700928
7381,0.0191428791731596,,1.0786656141281128
7382,0.021181590855121613,,1.1834239959716797
7383,0.02311883307993412,,1.3048738241195679
7384,0.02022472769021988,,1.03013014793396
7385,0.01612524501979351,,0.8778547048568726
7386,0.015532754361629486,,0.8148064017295837
7387,0.014773535542190075,,0.9211742877960205
7388,0.016207993030548096,,0.8495410084724426
7389,0.021395578980445862,,1.0797666311264038
7390,0.02062215656042099,,1.1781108379364014
7391,0.015558083541691303,,0.8688890337944031
7392,0.016623498871922493,,0.8985896110534668
7393,0.020995674654841423,,1.0436900854110718
7394,0.017633283510804176,,0.8920326828956604
7395,0.01532486081123352,,0.8675455451011658
7396,0.014257199130952358,,0.8597052097320557
7397,0.016321374103426933,,0.867272675037384
7398,0.016781985759735107,,0.9384819865226746
7399,0.020334551110863686,,0.8988175988197327
7400,0.017926817759871483,,0.9323183298110962
7401,0.018335433676838875,,0.8752521872520447
7402,0.01704457402229309,,0.9693911671638489
7403,0.014085434377193451,,0.7089547514915466
7404,0.016123447567224503,,0.8646214008331299
7405,0.01822587288916111,,0.753616452217102
7406,0.01490628719329834,,0.8876031637191772
7407,0.013665114529430866,,0.6734689474105835
7408,0.020947875455021858,,0.8944298624992371
7409,0.015869170427322388,,0.8473712205886841
7410,0.020425045862793922,,0.8422464728355408
7411,0.018477225676178932,,1.0951224565505981
7412,0.01770971342921257,,0.8604490160942078
7413,0.019391272217035294,,1.041157603263855
7414,0.013093539513647556,,0.761987030506134
7415,0.017203062772750854,,0.9358568787574768
7416,0.01721321977674961,,1.0129728317260742
7417,0.014323740266263485,,0.8395960330963135
7418,0.01617475412786007,,0.8745453953742981
7419,0.018477482721209526,,0.8478773832321167
7420,0.014950417913496494,,0.928276538848877
7421,0.014767820946872234,,0.766046404838562
7422,0.017247119918465614,,0.8894833326339722
7423,0.01687786541879177,,0.9166915416717529
7424,0.018110504373908043,,0.9577632546424866
7425,0.020447473973035812,,1.1550118923187256
7426,0.017671408131718636,,0.7867485284805298
7427,0.01663956791162491,,0.9915869235992432
7428,0.019736571237444878,,0.9539863467216492
7429,0.0241421889513731,,1.4192290306091309
7430,0.02069118060171604,,1.1106605529785156
7431,0.020848190411925316,,1.242082953453064
7432,0.020701369270682335,,1.1653732061386108
7433,0.02239600569009781,,1.2055853605270386
7434,0.015815919265151024,,0.9670132994651794
7435,0.021785324439406395,,1.151212215423584
7436,0.01951996050775051,,1.0521889925003052
7437,0.020203614607453346,,1.2427375316619873
7438,0.01706918515264988,,0.8678967356681824
7439,0.022189604118466377,,1.2943402528762817
7440,0.017723044380545616,,0.8201509714126587
7441,0.022415930405259132,,1.1741037368774414
7442,0.017193054780364037,,0.9417523145675659
7443,0.016369158402085304,,0.8987200856208801
7444,0.02138846181333065,,1.113944411277771
7445,0.021702969446778297,,1.0819753408432007
7446,0.013965197838842869,,0.8499248027801514
7447,0.017945969477295876,,0.9654893279075623
7448,0.013275060802698135,,0.8752090930938721
7449,0.015770504251122475,,0.9407837986946106
7450,0.016287628561258316,,0.8002763390541077
7451,0.018856951966881752,,1.077040195465088
7452,0.015208612196147442,,0.7091687917709351
7453,0.020209545269608498,,1.1739873886108398
7454,0.01520714070647955,,0.8400184512138367
7455,0.01786813698709011,,0.8867407441139221
7456,0.020435526967048645,,1.087419867515564
7457,0.01890546642243862,,0.9296571612358093
7458,0.021162912249565125,,0.9999388456344604
7459,0.02315542660653591,,1.1581395864486694
7460,0.015074317343533039,,0.745494544506073
7461,0.017052989453077316,,0.9284461736679077
7462,0.020113980397582054,,1.0748924016952515
7463,0.018312180414795876,,0.9359052777290344
7464,0.01691433973610401,,0.9142087697982788
7465,0.015865204855799675,,0.7225776314735413
7466,0.017211925238370895,,0.9889956116676331
7467,0.020566292107105255,,0.914107620716095
7468,0.023949960246682167,,1.4396131038665771
7469,0.020532943308353424,,1.0888880491256714
7470,0.02020307071506977,,1.1315391063690186
7471,0.022227095440030098,,1.2665077447891235
7472,0.019194141030311584,,1.0498723983764648
7473,0.01835947297513485,,1.0191633701324463
7474,0.022025370970368385,,1.1940650939941406
7475,0.01594228483736515,,1.0063872337341309
7476,0.02090885303914547,,1.0765821933746338
7477,0.025031810626387596,,1.4081006050109863
7478,0.019657105207443237,,1.0349894762039185
7479,0.019946496933698654,,1.101021647453308
7480,0.023006344214081764,,1.318204402923584
7481,0.017848843708634377,,1.023464560508728
7482,0.01831466145813465,,1.0200462341308594
7483,0.021223297342658043,,1.0070455074310303
7484,0.021012434735894203,,1.116281270980835
7485,0.020274581387639046,,0.9700517058372498
7486,0.018059782683849335,,1.1383869647979736
7487,0.019420279189944267,,1.0267866849899292
7488,0.017574327066540718,,1.0643994808197021
7489,0.01952506974339485,,1.1443264484405518
7490,0.0202548298984766,,1.1633007526397705
7491,0.023067915812134743,,1.2613224983215332
7492,0.01949961483478546,,0.9524171948432922
7493,0.022166430950164795,,1.030867338180542
7494,0.02601435035467148,,1.4069024324417114
7495,0.016323432326316833,,0.799135148525238
7496,0.01909753493964672,,1.1670464277267456
7497,0.02075979672372341,,1.0078588724136353
7498,0.02026992291212082,,1.0091465711593628
7499,0.017841679975390434,,1.066209316253662
7500,0.01621408574283123,0.020369534734043977,0.9101970195770264
7501,0.018199926242232323,,1.0889126062393188
7502,0.017229029908776283,,0.8976750373840332
7503,0.01354984100908041,,0.8932839035987854
7504,0.017740054056048393,,0.9976351857185364
7505,0.01794242672622204,,1.0442240238189697
7506,0.019874831661581993,,0.9954430460929871
7507,0.019061191007494926,,1.0055673122406006
7508,0.020738298073410988,,1.0098419189453125
7509,0.017252296209335327,,0.9733974933624268
7510,0.013341862708330154,,0.7061232328414917
7511,0.016661539673805237,,0.9239521622657776
7512,0.013964100740849972,,0.6933789253234863
7513,0.017660057172179222,,0.8745772242546082
7514,0.013770311139523983,,0.7723837494850159
7515,0.01909177377820015,,0.9051932096481323
7516,0.017369166016578674,,0.9722067713737488
7517,0.014310025610029697,,0.7284091711044312
7518,0.014545484445989132,,0.8813244104385376
7519,0.018820423632860184,,0.8314574956893921
7520,0.025273844599723816,,1.672089695930481
7521,0.013668072409927845,,0.7677196860313416
7522,0.020737221464514732,,1.0803380012512207
7523,0.019804364070296288,,0.9225274324417114
7524,0.014984368346631527,,0.7588583827018738
7525,0.01957927644252777,,0.9960556030273438
7526,0.020228765904903412,,1.053855538368225
7527,0.018612727522850037,,1.011702060699463
7528,0.01998697780072689,,1.316881537437439
7529,0.022204527631402016,,1.2388185262680054
7530,0.02024439536035061,,1.1038438081741333
7531,0.022284766659140587,,1.1945037841796875
7532,0.01570708118379116,,0.998239278793335
7533,0.01967196725308895,,1.107784390449524
7534,0.022091766819357872,,1.1976137161254883
7535,0.01732819899916649,,1.051737666130066
7536,0.01880517788231373,,1.0116491317749023
7537,0.017435135319828987,,1.046182632446289
7538,0.014316902495920658,,0.9137997627258301
7539,0.01830267161130905,,1.0807853937149048
7540,0.014233690686523914,,0.9422420263290405
7541,0.01473663654178381,,0.8524228930473328
7542,0.018465382978320122,,0.9272890090942383
7543,0.018412427976727486,,1.031827449798584
7544,0.016843650490045547,,0.866885244846344
7545,0.019516663625836372,,0.9700994491577148
7546,0.02123207412660122,,1.0127253532409668
7547,0.023167705163359642,,1.274696707725525
7548,0.015390881337225437,,0.7799564599990845
7549,0.01889600045979023,,1.1450568437576294
7550,0.017996404320001602,,0.9742676615715027
7551,0.019575517624616623,,1.0222747325897217
7552,0.021079860627651215,,1.1040598154067993
7553,0.015590455383062363,,0.8073281049728394
7554,0.022001266479492188,,1.0936380624771118
7555,0.02106413058936596,,1.1000672578811646
7556,0.022138891741633415,,1.1530678272247314
7557,0.01390685886144638,,0.8590898513793945
7558,0.01863924227654934,,1.1347650289535522
7559,0.019743846729397774,,1.2533166408538818
7560,0.01644389145076275,,0.8861841559410095
7561,0.019921423867344856,,1.0411131381988525
7562,0.01669086143374443,,0.9119303226470947
7563,0.017817819491028786,,1.0641237497329712
7564,0.014743945561349392,,0.7987000346183777
7565,0.0163967777043581,,0.9079761505126953
7566,0.01804099977016449,,0.9222297668457031
7567,0.015005416236817837,,0.8154295086860657
7568,0.022190803661942482,,1.110952377319336
7569,0.016621196642518044,,0.9093629121780396
7570,0.016112299636006355,,0.757085382938385
7571,0.018976109102368355,,1.0876635313034058
7572,0.01812927983701229,,0.9413674473762512
7573,0.018325256183743477,,1.0770719051361084
7574,0.017461663112044334,,1.0608737468719482
7575,0.014774040319025517,,0.8491812944412231
7576,0.019052499905228615,,1.0176184177398682
7577,0.016096889972686768,,0.9379404783248901
7578,0.021013641729950905,,1.075046420097351
7579,0.019924623891711235,,1.1913344860076904
7580,0.019512759521603584,,1.075462818145752
7581,0.02355642430484295,,1.468209981918335
7582,0.022434622049331665,,1.2557213306427002
7583,0.017199842259287834,,0.9959268569946289
7584,0.02221490442752838,,1.2530537843704224
7585,0.023930683732032776,,1.3743665218353271
7586,0.020114071667194366,,1.1845780611038208
7587,0.021720776334404945,,1.2216227054595947
7588,0.017100850120186806,,0.953285276889801
7589,0.021049603819847107,,1.2740010023117065
7590,0.01752501353621483,,0.9050083160400391
7591,0.01624346151947975,,0.9656407833099365
7592,0.015875278040766716,,0.7990524172782898
7593,0.018648844212293625,,0.9284601807594299
7594,0.020047668367624283,,1.1596105098724365
7595,0.017171520739793777,,0.723885178565979
7596,0.022939369082450867,,1.1452202796936035
7597,0.01632453314960003,,0.8227156400680542
7598,0.020609712228178978,,1.0485138893127441
7599,0.017544681206345558,,0.9800968766212463
7600,0.02292652614414692,,1.0923200845718384
7601,0.02557743526995182,,1.41885244846344
7602,0.01901106908917427,,0.9943802356719971
7603,0.018823513761162758,,1.0773906707763672
7604,0.020849905908107758,,1.1581602096557617
7605,0.0180061012506485,,1.0662401914596558
7606,0.014824832789599895,,0.8843424320220947
7607,0.0169609934091568,,1.025816559791565
7608,0.014684830792248249,,0.8474306464195251
7609,0.015910180285573006,,0.9715767502784729
7610,0.024340806528925896,,1.0773441791534424
7611,0.016913019120693207,,0.8607903718948364
7612,0.015628622844815254,,0.7725282907485962
7613,0.02195621468126774,,1.134915828704834
7614,0.018409429118037224,,0.9716436862945557
7615,0.02102069742977619,,1.0372792482376099
7616,0.022227255627512932,,1.0229063034057617
7617,0.015364027582108974,,0.7986432313919067
7618,0.016207942739129066,,0.9411190152168274
7619,0.016639329493045807,,0.804213285446167
7620,0.018412316218018532,,0.9072093963623047
7621,0.020322680473327637,,1.0523970127105713
7622,0.022848261520266533,,1.221013069152832
7623,0.015364281833171844,,0.6943962574005127
7624,0.014504480175673962,,0.827357828617096
7625,0.014661933295428753,,0.7393407225608826
7626,0.017341339960694313,,0.9430146813392639
7627,0.017456751316785812,,0.8142415881156921
7628,0.02195378579199314,,1.0883415937423706
7629,0.017224987968802452,,0.830028772354126
7630,0.018152659758925438,,0.9859810471534729
7631,0.0192845668643713,,0.9734623432159424
7632,0.01662369817495346,,1.0553284883499146
7633,0.015311449766159058,,0.7356540560722351
7634,0.018006252124905586,,0.9541037082672119
7635,0.01777603290975094,,0.8761758804321289
7636,0.021831871941685677,,1.183239221572876
7637,0.018758311867713928,,0.8984196782112122
7638,0.01822362281382084,,1.0764355659484863
7639,0.020708948373794556,,1.1043034791946411
7640,0.01881132833659649,,1.0960102081298828
7641,0.01950823701918125,,1.1280397176742554
7642,0.016450656577944756,,1.0803582668304443
7643,0.02195708639919758,,1.0431805849075317
7644,0.019251644611358643,,1.0897281169891357
7645,0.017663225531578064,,1.0505256652832031
7646,0.020121006295084953,,0.9983190298080444
7647,0.01629357598721981,,1.0437339544296265
7648,0.01932849921286106,,1.0609298944473267
7649,0.0187191441655159,,1.2670154571533203
7650,0.018720434978604317,,1.0423930883407593
7651,0.01623496599495411,,1.049283504486084
7652,0.023421017453074455,,1.2920634746551514
7653,0.016409093514084816,,0.9208507537841797
7654,0.02225952409207821,,1.1724796295166016
7655,0.018596025183796883,,1.0777686834335327
7656,0.02323245443403721,,1.3241140842437744
7657,0.020867688581347466,,1.185764193534851
7658,0.01596599631011486,,0.8502861857414246
7659,0.01903468556702137,,1.0459662675857544
7660,0.017181305214762688,,0.9348482489585876
7661,0.015172471292316914,,0.828284502029419
7662,0.01728459820151329,,0.9640896320343018
7663,0.019949836656451225,,0.9814175367355347
7664,0.018866024911403656,,1.058306097984314
7665,0.021328458562493324,,1.0337255001068115
7666,0.01884964294731617,,1.3093770742416382
7667,0.021259741857647896,,1.0792673826217651
7668,0.02350054681301117,,1.4963295459747314
7669,0.024924734607338905,,1.4233577251434326
7670,0.020387155935168266,,1.1344444751739502
7671,0.018087992444634438,,1.0988858938217163
7672,0.021288514137268066,,1.0785653591156006
7673,0.02190919779241085,,1.3122475147247314
7674,0.01534531731158495,,0.8193706274032593
7675,0.02109316550195217,,1.0893019437789917
7676,0.021049275994300842,,1.3287739753723145
7677,0.022014359012246132,,1.1875015497207642
7678,0.016609597951173782,,1.0058367252349854
7679,0.0192932840436697,,1.0729682445526123
7680,0.02010039985179901,,1.0933676958084106
7681,0.018976395949721336,,1.2222265005111694
7682,0.014596519060432911,,0.7974667549133301
7683,0.018597176298499107,,1.0923004150390625
7684,0.017965372651815414,,0.9128245711326599
7685,0.01663394086062908,,1.0339479446411133
7686,0.016463058069348335,,0.9418047666549683
7687,0.01752135530114174,,0.8462498784065247
7688,0.019518494606018066,,1.047154188156128
7689,0.018120350316166878,,0.9607954025268555
7690,0.016725389286875725,,0.7793309688568115
7691,0.017591938376426697,,0.8857817649841309
7692,0.017065932974219322,,0.7938201427459717
7693,0.02016792632639408,,1.0062106847763062
7694,0.01821996085345745,,1.057003140449524
7695,0.019944563508033752,,0.8856660723686218
7696,0.015361189842224121,,0.8252764940261841
7697,0.01464828196913004,,0.7623176574707031
7698,0.017810408025979996,,0.8743338584899902
7699,0.015037192963063717,,0.8418642282485962
7700,0.01772732101380825,,0.9018243551254272
7701,0.0193985253572464,,1.2351258993148804
7702,0.013957475312054157,,0.7647936940193176
7703,0.020551906898617744,,1.0947237014770508
7704,0.016743088141083717,,0.9231144785881042
7705,0.016142556443810463,,0.9618334770202637
7706,0.020062340423464775,,1.0552862882614136
7707,0.01759851537644863,,0.9247366786003113
7708,0.015095416456460953,,0.86741703748703
7709,0.018030662089586258,,0.9037812352180481
7710,0.02371298335492611,,1.4173604249954224
7711,0.019020063802599907,,1.1611491441726685
7712,0.01501722913235426,,0.703900158405304
7713,0.017687363550066948,,1.0823906660079956
7714,0.014900914393365383,,0.7838683724403381
7715,0.021889185532927513,,1.224574089050293
7716,0.017780466005206108,,1.2024074792861938
7717,0.019255658611655235,,0.9453787207603455
7718,0.019211629405617714,,1.1865521669387817
7719,0.02208002842962742,,1.2733657360076904
7720,0.017338939011096954,,1.1204826831817627
7721,0.022242898121476173,,1.2612226009368896
7722,0.025506414473056793,,1.4901535511016846
7723,0.017194248735904694,,1.0952134132385254
7724,0.01950126700103283,,1.0177150964736938
7725,0.021374745294451714,,1.1878433227539062
7726,0.02139383740723133,,1.1205837726593018
7727,0.025012509897351265,,1.3370157480239868
7728,0.016986452043056488,,0.9753918051719666
7729,0.017517631873488426,,1.0038498640060425
7730,0.018301738426089287,,1.0998173952102661
7731,0.02287793718278408,,1.0232406854629517
7732,0.019164852797985077,,1.1795129776000977
7733,0.019114695489406586,,0.9076057076454163
7734,0.017902212217450142,,0.9684849381446838
7735,0.023534029722213745,,1.1780232191085815
7736,0.01707293651998043,,1.037741780281067
7737,0.018946180120110512,,1.0864382982254028
7738,0.019543999806046486,,1.0002154111862183
7739,0.016659457236528397,,1.0347082614898682
7740,0.016268108040094376,,0.7946879863739014
7741,0.01573321782052517,,0.9184730052947998
7742,0.016411766409873962,,0.8049265742301941
7743,0.017823895439505577,,1.087511420249939
7744,0.01880420185625553,,0.8337656259536743
7745,0.017618443816900253,,1.0782579183578491
7746,0.0168536938726902,,0.8718557357788086
7747,0.016804896295070648,,0.9892761707305908
7748,0.019097311422228813,,1.056938886642456
7749,0.01912616565823555,,0.9771096706390381
7750,0.016497215256094933,,0.9465955495834351
7751,0.022102927789092064,,1.1218106746673584
7752,0.020726392045617104,,1.2620359659194946
7753,0.01943417638540268,,1.107365369796753
7754,0.018579918891191483,,1.0917565822601318
7755,0.020397206768393517,,1.2850819826126099
7756,0.021973369643092155,,1.1408421993255615
7757,0.0161401629447937,,1.054200291633606
7758,0.02401912771165371,,1.3019180297851562
7759,0.0223726574331522,,1.2003859281539917
7760,0.02010694518685341,,1.2389655113220215
7761,0.02083742804825306,,1.2180432081222534
7762,0.018208714202046394,,0.9998840689659119
7763,0.021526217460632324,,1.2208147048950195
7764,0.015920134261250496,,0.8118189573287964
7765,0.017558278515934944,,0.9756326079368591
7766,0.01703093945980072,,0.901906430721283
7767,0.01920773647725582,,1.0389466285705566
7768,0.01871088705956936,,0.8694352507591248
7769,0.023241916671395302,,1.1966471672058105
7770,0.01945292204618454,,0.9779031276702881
7771,0.0206769909709692,,1.1032896041870117
7772,0.019236069172620773,,1.0580670833587646
7773,0.01890374906361103,,0.9137936234474182
7774,0.023104706779122353,,1.342524528503418
7775,0.01855054683983326,,1.0056827068328857
7776,0.01934410072863102,,1.0169650316238403
7777,0.01975797303020954,,1.0919091701507568
7778,0.017771070823073387,,0.9379034638404846
7779,0.017413398250937462,,0.9876543283462524
7780,0.017091484740376472,,0.8664466142654419
7781,0.014960325323045254,,0.8629987835884094
7782,0.015966055914759636,,0.8331986665725708
7783,0.013555868528783321,,0.7117605209350586
7784,0.018039120361208916,,0.9193560481071472
7785,0.01837189309298992,,1.0550940036773682
7786,0.015402622520923615,,0.7819878458976746
7787,0.023892587050795555,,1.1830071210861206
7788,0.018253562971949577,,0.9802724719047546
7789,0.017901958897709846,,0.9505649209022522
7790,0.02241169475018978,,1.255139708518982
7791,0.018002789467573166,,0.9241284728050232
7792,0.021079273894429207,,1.167467713356018
7793,0.014157305471599102,,0.8725959658622742
7794,0.0188924390822649,,0.9864383935928345
7795,0.018417702987790108,,1.0701990127563477
7796,0.02049470692873001,,1.0737583637237549
7797,0.02027703821659088,,1.1387325525283813
7798,0.016585832461714745,,0.9314954280853271
7799,0.015682777389883995,,0.7942320108413696
7800,0.020650120452046394,,1.0497400760650635
7801,0.014418953098356724,,0.887952446937561
7802,0.020554684102535248,,1.1145355701446533
7803,0.017491931095719337,,1.180931568145752
7804,0.017293421551585197,,1.0221718549728394
7805,0.019087495282292366,,1.098673939704895
7806,0.021319998428225517,,1.2776515483856201
7807,0.017979608848690987,,0.939255952835083
7808,0.021275563165545464,,1.1974607706069946
7809,0.017841093242168427,,1.039955735206604
7810,0.018551500514149666,,0.9343137145042419
7811,0.01811809651553631,,0.9675956964492798
7812,0.01635122485458851,,0.8758279085159302
7813,0.020581437274813652,,1.23295259475708
7814,0.021715709939599037,,1.1911027431488037
7815,0.024852583184838295,,1.645725131034851
7816,0.018405137583613396,,1.1737821102142334
7817,0.020256901159882545,,1.1880799531936646
7818,0.017037874087691307,,1.0188064575195312
7819,0.016965720802545547,,1.0421375036239624
7820,0.018008152022957802,,0.9681869745254517
7821,0.018966538831591606,,1.0263639688491821
7822,0.018427344039082527,,0.8645304441452026
7823,0.01727396808564663,,0.9776589274406433
7824,0.02262079529464245,,1.1396390199661255
7825,0.02017238736152649,,1.2958301305770874
7826,0.021428218111395836,,1.2262341976165771
7827,0.01898973248898983,,1.0648735761642456
7828,0.025767946615815163,,1.516574501991272
7829,0.01781497336924076,,0.9658123254776001
7830,0.02061999961733818,,1.0551456212997437
7831,0.016580862924456596,,0.8608009219169617
7832,0.0173497274518013,,0.9889571070671082
7833,0.02145945280790329,,1.0488508939743042
7834,0.018867043778300285,,1.0757880210876465
7835,0.018459327518939972,,0.975132942199707
7836,0.02799968607723713,,1.5178486108779907
7837,0.01907593011856079,,1.0946868658065796
7838,0.024972552433609962,,1.2137664556503296
7839,0.020359043031930923,,1.242118000984192
7840,0.016573099419474602,,0.9093593955039978
7841,0.018294012174010277,,1.11928391456604
7842,0.016759810969233513,,0.8950114846229553
7843,0.016581585630774498,,0.8669146299362183
7844,0.01887812465429306,,0.940681517124176
7845,0.018081186339259148,,1.0128703117370605
7846,0.016084378585219383,,0.865338921546936
7847,0.015152220614254475,,0.821969211101532
7848,0.021289991214871407,,1.028463363647461
7849,0.020437030121684074,,1.0186936855316162
7850,0.019636698067188263,,1.127872109413147
7851,0.01489421259611845,,0.8651678562164307
7852,0.02024916373193264,,1.0173016786575317
7853,0.016232561320066452,,0.8461361527442932
7854,0.01626889407634735,,0.8783959746360779
7855,0.014411761425435543,,0.7998396754264832
7856,0.01551546435803175,,0.8628290891647339
7857,0.01581375114619732,,0.7744099497795105
7858,0.015895036980509758,,0.8675106167793274
7859,0.013342231512069702,,0.7225555181503296
7860,0.023834263905882835,,1.2250646352767944
7861,0.01692231558263302,,1.1799225807189941
7862,0.014457943849265575,,0.8147835731506348
7863,0.02227000892162323,,1.2564150094985962
7864,0.0198279470205307,,1.0448940992355347
7865,0.01438912469893694,,0.7378512024879456
7866,0.014861531555652618,,0.897359311580658
7867,0.01593068428337574,,0.7830377221107483
7868,0.016536226496100426,,0.9091481566429138
7869,0.011928188614547253,,0.6453157067298889
7870,0.020395174622535706,,1.0153517723083496
7871,0.015273846685886383,,0.9341346621513367
7872,0.022337080910801888,,1.1661114692687988
7873,0.020398452877998352,,1.2348219156265259
7874,0.019139988347887993,,1.0780774354934692
7875,0.021239658817648888,,1.1139931678771973
7876,0.018440892919898033,,1.1712262630462646
7877,0.02063618414103985,,1.0538322925567627
7878,0.024149233475327492,,1.2212015390396118
7879,0.019249221310019493,,1.027638554573059
7880,0.017400750890374184,,0.9389183521270752
7881,0.02306140959262848,,1.2891288995742798
7882,0.020116984844207764,,1.0724619626998901
7883,0.018734969198703766,,0.9724241495132446
7884,0.015048769302666187,,0.9220272898674011
7885,0.018794748932123184,,0.9695663452148438
7886,0.020896242931485176,,1.1375561952590942
7887,0.018158333376049995,,1.0134352445602417
7888,0.015721799805760384,,0.9652300477027893
7889,0.016641946509480476,,0.984197199344635
7890,0.020576274022459984,,1.08437979221344
7891,0.018758008256554604,,1.0779623985290527
7892,0.024156680330634117,,1.3404805660247803
7893,0.02470882050693035,,1.5874626636505127
7894,0.019410330802202225,,1.0391980409622192
7895,0.02431650273501873,,1.5816642045974731
7896,0.01710614375770092,,1.0072288513183594
7897,0.019113553687930107,,1.142837405204773
7898,0.017630334943532944,,0.9905385375022888
7899,0.019306393340229988,,1.164263129234314
7900,0.01739596575498581,,0.9998940825462341
7901,0.015777913853526115,,1.089652419090271
7902,0.021453270688652992,,1.2044938802719116
7903,0.017629479989409447,,1.192417025566101
7904,0.02475619502365589,,1.47307288646698
7905,0.018522178754210472,,1.0542535781860352
7906,0.022342076525092125,,1.2763229608535767
7907,0.02422400750219822,,1.2805390357971191
7908,0.01889714039862156,,1.1396549940109253
7909,0.017218919470906258,,0.963373601436615
7910,0.018623733893036842,,0.8865692019462585
7911,0.02343830280005932,,1.136793851852417
7912,0.01987483911216259,,1.0132395029067993
7913,0.0135496249422431,,0.8343235850334167
7914,0.021873855963349342,,1.0944037437438965
7915,0.018600670620799065,,1.0008776187896729
7916,0.018840914592146873,,1.0387903451919556
7917,0.018808558583259583,,1.0674549341201782
7918,0.01930747739970684,,0.9608936309814453
7919,0.01985088549554348,,1.0350033044815063
7920,0.019557075574994087,,1.0659135580062866
7921,0.016036739572882652,,0.9679964780807495
7922,0.015833048149943352,,0.8945674896240234
7923,0.01719539426267147,,0.8960128426551819
7924,0.016246629878878593,,0.8754799962043762
7925,0.017900314182043076,,1.0457371473312378
7926,0.016460292041301727,,0.9771581292152405
7927,0.0181723702698946,,0.9311456084251404
7928,0.01829761080443859,,0.9514490962028503
7929,0.018850235268473625,,0.980202317237854
7930,0.016721485182642937,,0.950509250164032
7931,0.018887348473072052,,0.9886465072631836
7932,0.019448744133114815,,1.116078495979309
7933,0.018988976255059242,,0.8993849158287048
7934,0.01960764266550541,,1.124737024307251
7935,0.01989399455487728,,0.9148768186569214
7936,0.018611697480082512,,1.0856642723083496
7937,0.018902339041233063,,1.0004340410232544
7938,0.017413150519132614,,0.9929647445678711
7939,0.01997222751379013,,1.066259503364563
7940,0.016681162640452385,,1.074752688407898
7941,0.025403058156371117,,1.3618674278259277
7942,0.014998390339314938,,0.9882404208183289
7943,0.019137656316161156,,1.1529253721237183
7944,0.01711834780871868,,0.9795469641685486
7945,0.021016443148255348,,1.1957104206085205
7946,0.019340863451361656,,1.0027706623077393
7947,0.019799018278717995,,1.1057733297348022
7948,0.018288319930434227,,1.0698671340942383
7949,0.014607173390686512,,0.8580098748207092
7950,0.020730331540107727,,1.1713052988052368
7951,0.01866775192320347,,0.9987573027610779
7952,0.02111157216131687,,1.273462176322937
7953,0.016449768096208572,,0.9090093970298767
7954,0.01959807798266411,,0.9932078719139099
7955,0.018101705238223076,,0.9779183864593506
7956,0.021330708637833595,,1.1156219244003296
7957,0.017693795263767242,,0.9511647820472717
7958,0.020708758383989334,,1.138404130935669
7959,0.016405178233981133,,0.9088219404220581
7960,0.013346466235816479,,0.7505999803543091
7961,0.021400831639766693,,1.1912070512771606
7962,0.014858971349895,,0.9784597158432007
7963,0.01817307062447071,,1.0534411668777466
7964,0.0179335568100214,,1.028804063796997
7965,0.018970586359500885,,1.0726147890090942
7966,0.018098266795277596,,0.9140394926071167
7967,0.019990993663668633,,1.2635676860809326
7968,0.022819211706519127,,1.288059949874878
7969,0.019696198403835297,,1.1581449508666992
7970,0.01848275400698185,,0.9754137992858887
7971,0.015529838390648365,,0.9084904193878174
7972,0.019817307591438293,,0.9766522645950317
7973,0.02453363500535488,,1.196885108947754
7974,0.02134939469397068,,1.083137035369873
7975,0.021364407613873482,,1.0868955850601196
7976,0.02042023465037346,,1.2250221967697144
7977,0.02070550061762333,,1.0758002996444702
7978,0.022908180952072144,,1.3477064371109009
7979,0.019320856779813766,,1.1316359043121338
7980,0.016567258164286613,,1.0833754539489746
7981,0.017571059986948967,,1.0432056188583374
7982,0.014828421175479889,,1.0216599702835083
7983,0.02468688227236271,,1.1676585674285889
7984,0.024044213816523552,,1.454763412475586
7985,0.015513435006141663,,0.8706275224685669
7986,0.02337215095758438,,1.2942805290222168
7987,0.018766023218631744,,1.1082690954208374
7988,0.016594482585787773,,0.8561131954193115
7989,0.021416611969470978,,1.1310186386108398
7990,0.015652531757950783,,0.8907115459442139
7991,0.020290667191147804,,1.0803062915802002
7992,0.019205763936042786,,1.1875401735305786
7993,0.021417507901787758,,1.0466563701629639
7994,0.020626498386263847,,1.2105940580368042
7995,0.01668986864387989,,0.9459065198898315
7996,0.020012469962239265,,1.1319655179977417
7997,0.019963210448622704,,1.1275867223739624
7998,0.022478699684143066,,1.1589077711105347
7999,0.015118787996470928,,0.9356531500816345
8000,0.023880651220679283,0.019029380072696635,1.2560222148895264
8001,0.021421603858470917,,1.2301478385925293
8002,0.016089780256152153,,0.8752556443214417
8003,0.020559806376695633,,1.2287789583206177
8004,0.02149767428636551,,1.043697714805603
8005,0.019311992451548576,,1.0503143072128296
8006,0.018361607566475868,,1.0262924432754517
8007,0.017925376072525978,,0.8663696646690369
8008,0.020427057519555092,,1.1041268110275269
8009,0.024507753551006317,,1.271195411682129
8010,0.02024148218333721,,1.064415454864502
8011,0.01967238262295723,,0.9915385842323303
8012,0.02090449444949627,,1.1679880619049072
8013,0.01724172942340374,,0.9021385312080383
8014,0.02063155733048916,,1.12633216381073
8015,0.014897998422384262,,0.9021861553192139
8016,0.021062999963760376,,1.1107027530670166
8017,0.01908775232732296,,1.0179591178894043
8018,0.01348313968628645,,0.7548348307609558
8019,0.01568431966006756,,0.8753986358642578
8020,0.01471016276627779,,0.7556309103965759
8021,0.013256040401756763,,0.8078778386116028
8022,0.01627097651362419,,0.7602866888046265
8023,0.015422905795276165,,0.8859701752662659
8024,0.01999533362686634,,0.8910406231880188
8025,0.012234165333211422,,0.8480404615402222
8026,0.014614527113735676,,0.779658317565918
8027,0.0153321772813797,,0.878821074962616
8028,0.016717107966542244,,0.8641353845596313
8029,0.015695421025156975,,0.9153910875320435
8030,0.0179853904992342,,0.8230743408203125
8031,0.02009989134967327,,1.0485756397247314
8032,0.016474524512887,,0.9314469695091248
8033,0.020721876993775368,,1.0762120485305786
8034,0.01911424845457077,,1.1719657182693481
8035,0.017840025946497917,,0.9514365196228027
8036,0.018727220594882965,,1.2652407884597778
8037,0.02234502322971821,,1.2179019451141357
8038,0.019322706386446953,,1.2445915937423706
8039,0.022527040913701057,,1.3819046020507812
8040,0.018839804455637932,,1.0775701999664307
8041,0.017876239493489265,,1.1696619987487793
8042,0.01574474386870861,,0.8674355149269104
8043,0.018075332045555115,,0.9771602749824524
8044,0.013921053148806095,,0.8021741509437561
8045,0.019154835492372513,,1.1102190017700195
8046,0.0200545322149992,,1.176790475845337
8047,0.016303008422255516,,0.8572882413864136
8048,0.01670861430466175,,0.8469650149345398
8049,0.016565915197134018,,0.9276360869407654
8050,0.01896647736430168,,1.0194990634918213
8051,0.019262632355093956,,1.0373274087905884
8052,0.01775188371539116,,1.1344876289367676
8053,0.013349026441574097,,0.6681555509567261
8054,0.013947797007858753,,0.8333673477172852
8055,0.0132918581366539,,0.6854346990585327
8056,0.01580747403204441,,0.8167225122451782
8057,0.01429812517017126,,0.7773432731628418
8058,0.018270231783390045,,0.9378923773765564
8059,0.012424096465110779,,0.7064670920372009
8060,0.019501613453030586,,0.9923789501190186
8061,0.01799563504755497,,1.1106399297714233
8062,0.016060853376984596,,0.7875504493713379
8063,0.017898133024573326,,0.9990452527999878
8064,0.02015800029039383,,1.0044431686401367
8065,0.020333273336291313,,1.0195612907409668
8066,0.014849369414150715,,0.9188831448554993
8067,0.01942228525876999,,1.0475354194641113
8068,0.017885420471429825,,1.0253236293792725
8069,0.017522133886814117,,0.9935801029205322
8070,0.018401483073830605,,1.0777946710586548
8071,0.013692069798707962,,0.8202604651451111
8072,0.012310575693845749,,0.7974362969398499
8073,0.018520532175898552,,1.011372447013855
8074,0.015043751336634159,,0.9520692229270935
8075,0.015887947753071785,,0.9317318201065063
8076,0.022330110892653465,,1.171980857849121
8077,0.018026096746325493,,1.088290810585022
8078,0.015047566033899784,,0.7065309882164001
8079,0.015438656322658062,,1.01179039478302
8080,0.019453180953860283,,0.8411183953285217
8081,0.019347378984093666,,1.0266846418380737
8082,0.01630552113056183,,0.7264491319656372
8083,0.013730398379266262,,0.8033807277679443
8084,0.01783653348684311,,0.8294003009796143
8085,0.013597987592220306,,0.7735629081726074
8086,0.01807967573404312,,0.970239520072937
8087,0.017391877248883247,,1.043525218963623
8088,0.017942069098353386,,0.9809438586235046
8089,0.01645713858306408,,1.033450722694397
8090,0.016701562330126762,,0.9399392604827881
8091,0.01511909905821085,,0.916179358959198
8092,0.016676824539899826,,0.9030959606170654
8093,0.017786934971809387,,0.94038325548172
8094,0.01871759258210659,,0.9318951964378357
8095,0.015434077940881252,,0.9202102422714233
8096,0.02186613716185093,,1.2411094903945923
8097,0.019694732502102852,,1.11366868019104
8098,0.018939299508929253,,1.0712109804153442
8099,0.015975559130311012,,0.9320968389511108
8100,0.01716184802353382,,0.9692352414131165
8101,0.016000887379050255,,0.9247391819953918
8102,0.017669102177023888,,1.029972791671753
8103,0.016924088820815086,,0.8891037106513977
8104,0.01805555261671543,,1.0774434804916382
8105,0.01549608539789915,,0.8370692133903503
8106,0.014079004526138306,,0.8195643424987793
8107,0.019452746957540512,,0.8802539110183716
8108,0.019706055521965027,,1.0563864707946777
8109,0.014114785008132458,,0.8777999877929688
8110,0.01692883111536503,,0.9274675250053406
8111,0.022073889151215553,,1.3170819282531738
8112,0.016553694382309914,,0.836613655090332
8113,0.015265937894582748,,0.8196039199829102
8114,0.01891983300447464,,1.035230278968811
8115,0.018711337819695473,,1.01252281665802
8116,0.014635489322245121,,0.889778196811676
8117,0.01897076703608036,,0.9656291007995605
8118,0.016018277034163475,,0.9135534763336182
8119,0.019623199477791786,,1.04206120967865
8120,0.015370606444776058,,1.1059277057647705
8121,0.019976815208792686,,1.0829493999481201
8122,0.018456557765603065,,1.1618574857711792
8123,0.017614521086215973,,1.1040066480636597
8124,0.018111977726221085,,1.0460054874420166
8125,0.01652979664504528,,1.0470753908157349
8126,0.017891699448227882,,1.0850603580474854
8127,0.020648818463087082,,1.1900140047073364
8128,0.012805692851543427,,0.8175415992736816
8129,0.017013737931847572,,0.9573063254356384
8130,0.014177609235048294,,0.8669636845588684
8131,0.01798735372722149,,0.9082751870155334
8132,0.014096672646701336,,0.8757637739181519
8133,0.019077124074101448,,0.9615923166275024
8134,0.015538725070655346,,0.9071473479270935
8135,0.01873038522899151,,0.9597220420837402
8136,0.015719132497906685,,0.8492477536201477
8137,0.018663901835680008,,1.0023515224456787
8138,0.023657893761992455,,1.0961533784866333
8139,0.020826080814003944,,1.2487791776657104
8140,0.018098259344697,,0.9905069470405579
8141,0.016384746879339218,,1.0139796733856201
8142,0.014143631793558598,,0.8391720652580261
8143,0.017727870494127274,,0.9723982810974121
8144,0.02063845656812191,,1.1439207792282104
8145,0.017080852761864662,,0.9343250393867493
8146,0.017131434753537178,,0.9668407440185547
8147,0.015673650428652763,,0.8984602093696594
8148,0.012781274504959583,,0.69660484790802
8149,0.02049507386982441,,1.1185873746871948
8150,0.01727244071662426,,0.8464837074279785
8151,0.019362319260835648,,0.9910693764686584
8152,0.01637701876461506,,0.9292248487472534
8153,0.019487353041768074,,1.0659321546554565
8154,0.01428623404353857,,0.8029918670654297
8155,0.017951855435967445,,0.9296700358390808
8156,0.019622789695858955,,1.0789252519607544
8157,0.019031507894396782,,0.9178731441497803
8158,0.022526873275637627,,1.3899928331375122
8159,0.02140386961400509,,1.194972038269043
8160,0.015800906345248222,,0.9977614879608154
8161,0.02045733854174614,,1.0834368467330933
8162,0.01787303388118744,,1.017195701599121
8163,0.016398096457123756,,1.03932523727417
8164,0.017185451462864876,,0.8774544596672058
8165,0.022122027352452278,,1.1964586973190308
8166,0.015740742906928062,,0.8925449252128601
8167,0.017168385908007622,,1.0260415077209473
8168,0.012837383896112442,,0.8230405449867249
8169,0.015723859891295433,,0.8953663110733032
8170,0.017806699499487877,,0.9190818071365356
8171,0.02314802259206772,,1.2103142738342285
8172,0.0163810383528471,,0.9674220085144043
8173,0.020117126405239105,,1.232750654220581
8174,0.02136952243745327,,1.290809988975525
8175,0.01818741485476494,,0.9193195700645447
8176,0.0177166685461998,,0.9491589665412903
8177,0.017562180757522583,,0.9534826278686523
8178,0.01579147018492222,,0.8972231149673462
8179,0.016284862533211708,,0.97293621301651
8180,0.015750369057059288,,0.8990997076034546
8181,0.019277075305581093,,1.069009780883789
8182,0.01630293019115925,,1.0050257444381714
8183,0.013518210500478745,,0.7987959384918213
8184,0.020344827324151993,,1.1245083808898926
8185,0.020063960924744606,,1.2626495361328125
8186,0.01949257217347622,,0.9247972369194031
8187,0.021245673298835754,,1.236305832862854
8188,0.01698714680969715,,0.8728959560394287
8189,0.019032739102840424,,1.097071647644043
8190,0.021277302876114845,,1.1569911241531372
8191,0.020556293427944183,,1.21223783493042
8192,0.014216926880180836,,0.9380412697792053
8193,0.014673221856355667,,0.8376142382621765
8194,0.015048752538859844,,0.9120047688484192
8195,0.01908767782151699,,0.979206919670105
8196,0.019785506650805473,,1.159825086593628
8197,0.01805226132273674,,0.9424402117729187
8198,0.01693706400692463,,0.9282113313674927
8199,0.017225680872797966,,1.031544804573059
8200,0.016430692747235298,,0.9399177432060242
8201,0.018621882423758507,,1.0605244636535645
8202,0.015578788705170155,,0.8342874646186829
8203,0.020480964332818985,,1.091729760169983
8204,0.01181766390800476,,0.7059970498085022
8205,0.02294846437871456,,1.212815284729004
8206,0.017200050875544548,,1.0830414295196533
8207,0.015288240276277065,,0.7670737504959106
8208,0.015390656888484955,,0.9033337235450745
8209,0.017890965566039085,,0.9614549875259399
8210,0.012279660440981388,,0.7836384773254395
8211,0.021008355543017387,,1.1809016466140747
8212,0.018985649570822716,,1.0242966413497925
8213,0.014915498904883862,,0.8643608689308167
8214,0.016630789265036583,,0.8988536596298218
8215,0.017280014231801033,,0.9767988920211792
8216,0.02022308111190796,,0.909288227558136
8217,0.01574617810547352,,0.9161157011985779
8218,0.018901487812399864,,1.0149412155151367
8219,0.016148606315255165,,0.8511585593223572
8220,0.018344903364777565,,1.0352274179458618
8221,0.01754452846944332,,0.9818369150161743
8222,0.015624180436134338,,0.8320724368095398
8223,0.015288353897631168,,0.840265154838562
8224,0.015775905922055244,,0.947279155254364
8225,0.011607822962105274,,0.7124829292297363
8226,0.01732107438147068,,1.0055124759674072
8227,0.018309200182557106,,0.9805815815925598
8228,0.014138075523078442,,0.8622015714645386
8229,0.01916412264108658,,1.0234839916229248
8230,0.019114242866635323,,1.199532389640808
8231,0.01800530217587948,,0.9117684364318848
8232,0.018678253516554832,,1.133776068687439
8233,0.019130002707242966,,1.1405690908432007
8234,0.020134015008807182,,1.228176474571228
8235,0.020283961668610573,,1.2041088342666626
8236,0.02242109179496765,,1.406811237335205
8237,0.018681714311242104,,1.0993376970291138
8238,0.01637914776802063,,0.9735953211784363
8239,0.016881218180060387,,0.9617900848388672
8240,0.015547272749245167,,0.8466365933418274
8241,0.01627899892628193,,0.9557473063468933
8242,0.01709659770131111,,0.962824285030365
8243,0.016006242483854294,,0.9179366827011108
8244,0.0212495606392622,,1.1179004907608032
8245,0.02035682275891304,,1.1825884580612183
8246,0.01671641506254673,,0.8885265588760376
8247,0.018307819962501526,,0.8970780372619629
8248,0.019920943304896355,,1.1074001789093018
8249,0.01688593067228794,,0.8698253035545349
8250,0.019455626606941223,,0.9773887991905212
8251,0.014768472872674465,,0.7599099278450012
8252,0.026591653004288673,,1.390697717666626
8253,0.017410650849342346,,1.0575515031814575
8254,0.019114378839731216,,1.0418211221694946
8255,0.016043836250901222,,1.1037697792053223
8256,0.01994893327355385,,1.078359842300415
8257,0.017081601545214653,,1.1379326581954956
8258,0.017667027190327644,,0.9529091119766235
8259,0.02091091126203537,,1.276503086090088
8260,0.015442785806953907,,0.8914878368377686
8261,0.018642423674464226,,1.0957165956497192
8262,0.019856559112668037,,1.0619078874588013
8263,0.01583794690668583,,0.8127750754356384
8264,0.016572661697864532,,0.9787688851356506
8265,0.017141375690698624,,0.9552910327911377
8266,0.01753362827003002,,0.8294081091880798
8267,0.017769398167729378,,1.0168853998184204
8268,0.015400323085486889,,0.7945761680603027
8269,0.014132008887827396,,0.872003972530365
8270,0.013124365359544754,,0.7110363841056824
8271,0.014975951053202152,,0.9007678031921387
8272,0.019384758546948433,,0.9337841272354126
8273,0.018381958827376366,,1.1766080856323242
8274,0.016623761504888535,,0.8439695835113525
8275,0.024442123249173164,,1.4548089504241943
8276,0.016747023910284042,,0.9613513350486755
8277,0.019487857818603516,,1.1739041805267334
8278,0.016527140513062477,,1.019591212272644
8279,0.023122437298297882,,1.156408667564392
8280,0.01743556745350361,,1.0327200889587402
8281,0.020100362598896027,,1.0669796466827393
8282,0.017773548141121864,,1.0149692296981812
8283,0.01718808524310589,,1.0296440124511719
8284,0.01516850758343935,,0.9417769908905029
8285,0.020016497001051903,,1.0721454620361328
8286,0.018335780128836632,,1.0954465866088867
8287,0.017633477225899696,,1.0390965938568115
8288,0.01465383917093277,,0.8814879655838013
8289,0.018252722918987274,,1.0051158666610718
8290,0.01907663606107235,,1.1112251281738281
8291,0.01726575754582882,,0.9860469102859497
8292,0.014815007336437702,,1.010254144668579
8293,0.021276406943798065,,1.235981822013855
8294,0.021629706025123596,,1.3797374963760376
8295,0.01818971335887909,,1.100596308708191
8296,0.02026435174047947,,1.0744644403457642
8297,0.01778423972427845,,1.1262497901916504
8298,0.016039451584219933,,0.8704168200492859
8299,0.014903642237186432,,0.9544472694396973
8300,0.013523363508284092,,0.7620029449462891
8301,0.01895228773355484,,1.0101739168167114
8302,0.017900219187140465,,1.0338294506072998
8303,0.017412541434168816,,0.9462004899978638
8304,0.019496764987707138,,1.0978227853775024
8305,0.016753418371081352,,0.9386940002441406
8306,0.012287822552025318,,0.7627242803573608
8307,0.016090575605630875,,0.8516695499420166
8308,0.017481690272688866,,0.9284411072731018
8309,0.016766797751188278,,1.0320910215377808
8310,0.015202504582703114,,0.7650420069694519
8311,0.02157544530928135,,1.2226271629333496
8312,0.015515491366386414,,0.8673593997955322
8313,0.018068205565214157,,0.918477475643158
8314,0.018570490181446075,,1.2033392190933228
8315,0.014931061305105686,,0.7822582721710205
8316,0.02020271122455597,,1.0451397895812988
8317,0.019852466881275177,,1.0085006952285767
8318,0.017437443137168884,,0.9075742959976196
8319,0.015531259588897228,,0.8805289268493652
8320,0.015464238822460175,,0.8897159099578857
8321,0.01528343465179205,,0.8129099607467651
8322,0.0157312098890543,,0.9555651545524597
8323,0.019053658470511436,,0.9050795435905457
8324,0.017499791458249092,,1.030316948890686
8325,0.017838789150118828,,0.9615825414657593
8326,0.01634836196899414,,1.020506739616394
8327,0.018193820491433144,,1.049520492553711
8328,0.02045954018831253,,1.0781443119049072
8329,0.017861923202872276,,0.9754511117935181
8330,0.02474457584321499,,1.4117611646652222
8331,0.014472211711108685,,0.8738691210746765
8332,0.0200163833796978,,0.981844425201416
8333,0.020112203434109688,,1.2625142335891724
8334,0.026521584019064903,,1.4596244096755981
8335,0.01951962150633335,,1.3113267421722412
8336,0.02529284916818142,,1.4247063398361206
8337,0.021804818883538246,,1.3718843460083008
8338,0.01950504072010517,,1.1991548538208008
8339,0.01552790030837059,,0.9048303961753845
8340,0.01572570763528347,,0.8997315168380737
8341,0.01579967513680458,,0.9203248620033264
8342,0.01470253150910139,,0.942631721496582
8343,0.015203380025923252,,0.9913023114204407
8344,0.017800556495785713,,0.9728132486343384
8345,0.020387614145874977,,1.2502756118774414
8346,0.019430242478847504,,1.2252436876296997
8347,0.01632380299270153,,1.0234735012054443
8348,0.01899336650967598,,1.2080931663513184
8349,0.015403005294501781,,1.0236482620239258
8350,0.017539409920573235,,0.9940437078475952
8351,0.017213700339198112,,0.984420657157898
8352,0.016927124932408333,,1.0631589889526367
8353,0.01369942631572485,,0.8583716154098511
8354,0.014087657444179058,,0.8678243160247803
8355,0.015592549927532673,,0.8148266673088074
8356,0.018857771530747414,,1.1161727905273438
8357,0.017514603212475777,,0.7855190634727478
8358,0.016649765893816948,,0.9885133504867554
8359,0.017623014748096466,,0.8978525400161743
8360,0.015339569188654423,,0.9334819316864014
8361,0.014392085373401642,,0.7317643165588379
8362,0.016133472323417664,,0.8221482634544373
8363,0.019859233871102333,,0.9976859092712402
8364,0.01995834708213806,,1.1832869052886963
8365,0.01458225678652525,,0.7523923516273499
8366,0.017038576304912567,,0.9740022420883179
8367,0.014700082130730152,,0.8168627023696899
8368,0.01287375669926405,,0.8255476355552673
8369,0.014817493967711926,,0.8941779136657715
8370,0.020422110334038734,,0.9144008755683899
8371,0.019101116806268692,,1.0879833698272705
8372,0.016583096235990524,,0.884856104850769
8373,0.01840808428823948,,0.9631063938140869
8374,0.016297584399580956,,0.9689820408821106
8375,0.01676042191684246,,0.8827067613601685
8376,0.015702983364462852,,0.7930420637130737
8377,0.018225552514195442,,0.9221656918525696
8378,0.015281246043741703,,0.8901965022087097
8379,0.012894749641418457,,0.6653120517730713
8380,0.013604248873889446,,0.7557363510131836
8381,0.019367573782801628,,1.0033769607543945
8382,0.013070301152765751,,0.7726530432701111
8383,0.02105569653213024,,1.2893444299697876
8384,0.01609811931848526,,1.013790249824524
8385,0.015247291885316372,,0.8355047106742859
8386,0.016074493527412415,,1.0136762857437134
8387,0.01626492477953434,,1.0436244010925293
8388,0.01919068954885006,,1.0497708320617676
8389,0.021594753488898277,,1.2455419301986694
8390,0.019123896956443787,,1.0637530088424683
8391,0.015967871993780136,,0.949623703956604
8392,0.017948145046830177,,0.9923786520957947
8393,0.02384483814239502,,1.4459173679351807
8394,0.0205757524818182,,1.0792465209960938
8395,0.02170042134821415,,1.2068848609924316
8396,0.019055604934692383,,1.0341458320617676
8397,0.017214855179190636,,1.0484117269515991
8398,0.017182525247335434,,0.9796077609062195
8399,0.017595283687114716,,1.045770287513733
8400,0.01879138872027397,,1.0945391654968262
8401,0.020285863429307938,,1.2377382516860962
8402,0.016064368188381195,,0.9776080250740051
8403,0.019596915692090988,,1.0511016845703125
8404,0.019266022369265556,,1.135102391242981
8405,0.015485510230064392,,0.7996965050697327
8406,0.015798920765519142,,0.882067859172821
8407,0.02129542827606201,,1.0852534770965576
8408,0.021387537941336632,,1.1596145629882812
8409,0.01670086197555065,,0.8589113354682922
8410,0.016171643510460854,,0.8869057297706604
8411,0.01829800382256508,,0.9277424216270447
8412,0.018301701173186302,,1.0315330028533936
8413,0.016900502145290375,,1.0209417343139648
8414,0.016497423872351646,,0.7453925013542175
8415,0.019262749701738358,,1.0261858701705933
8416,0.013798519968986511,,0.8172807693481445
8417,0.014732278883457184,,0.7612128257751465
8418,0.01790320686995983,,0.9383458495140076
8419,0.014053302817046642,,0.8205254673957825
8420,0.018165739253163338,,0.9997156262397766
8421,0.018397128209471703,,1.0807527303695679
8422,0.021136632189154625,,1.1146382093429565
8423,0.01799250766634941,,1.0342870950698853
8424,0.01885765604674816,,1.1520206928253174
8425,0.015071204863488674,,0.9092990756034851
8426,0.01631217449903488,,0.9717068076133728
8427,0.015477489680051804,,0.834446132183075
8428,0.0175026785582304,,1.0453993082046509
8429,0.020132681354880333,,1.0672730207443237
8430,0.018978983163833618,,1.0991793870925903
8431,0.016608325764536858,,0.9109211564064026
8432,0.019792260602116585,,1.129690408706665
8433,0.01639963500201702,,0.8712434768676758
8434,0.019598878920078278,,1.0416369438171387
8435,0.014859340153634548,,0.848259449005127
8436,0.014449355192482471,,0.7946155071258545
8437,0.016387486830353737,,0.8144766092300415
8438,0.01624159887433052,,0.9684270024299622
8439,0.017050940543413162,,0.761649489402771
8440,0.016759930178523064,,0.9683131575584412
8441,0.013620045967400074,,0.7549698352813721
8442,0.02026653103530407,,1.015233039855957
8443,0.021571116521954536,,1.2348051071166992
8444,0.017486557364463806,,0.9446303248405457
8445,0.01952636055648327,,1.1095532178878784
8446,0.02281074970960617,,1.1762434244155884
8447,0.01735038310289383,,0.8699467182159424
8448,0.017316147685050964,,0.9865022301673889
8449,0.017813457176089287,,0.9159760475158691
8450,0.016618935391306877,,0.9569748640060425
8451,0.016878042370080948,,0.9548117518424988
8452,0.018419157713651657,,0.9950904250144958
8453,0.020884206518530846,,1.3192616701126099
8454,0.02119888924062252,,1.205344796180725
8455,0.024331172928214073,,1.525209903717041
8456,0.018254810944199562,,1.2369815111160278
8457,0.01759451813995838,,1.0217417478561401
8458,0.01650587096810341,,0.9653353095054626
8459,0.01869315281510353,,1.1323100328445435
8460,0.018739648163318634,,1.0036836862564087
8461,0.016099877655506134,,0.9545891284942627
8462,0.017961373552680016,,1.078961730003357
8463,0.02256978489458561,,1.3590878248214722
8464,0.017276210710406303,,1.0003002882003784
8465,0.02014249749481678,,1.321266770362854
8466,0.017886681482195854,,1.0257683992385864
8467,0.016850989311933517,,0.9646932482719421
8468,0.017687790095806122,,0.987120509147644
8469,0.016289841383695602,,1.0265729427337646
8470,0.021305026486516,,1.0376417636871338
8471,0.015520449727773666,,1.0848735570907593
8472,0.02005840837955475,,1.0816837549209595
8473,0.016286106780171394,,1.0910470485687256
8474,0.020705224946141243,,1.27773118019104
8475,0.01717377081513405,,0.8386178612709045
8476,0.021156666800379753,,1.2649235725402832
8477,0.014756967313587666,,0.8520964980125427
8478,0.01975119672715664,,1.108117938041687
8479,0.020460480824112892,,1.0888251066207886
8480,0.017866386100649834,,1.161078691482544
8481,0.01729734055697918,,0.8962846398353577
8482,0.016044097021222115,,0.8999356627464294
8483,0.01989528350532055,,0.9724441766738892
8484,0.016024919226765633,,0.9727374911308289
8485,0.016000522300601006,,0.8432835936546326
8486,0.016472291201353073,,0.9448742270469666
8487,0.017960740253329277,,0.9137577414512634
8488,0.016385851427912712,,0.8924543261528015
8489,0.0185242909938097,,1.1533066034317017
8490,0.01630508154630661,,0.7991278767585754
8491,0.018811656162142754,,1.0977152585983276
8492,0.012973022647202015,,0.6448772549629211
8493,0.016504934057593346,,0.9706376791000366
8494,0.015278366394340992,,0.8230975270271301
8495,0.02204887568950653,,1.167222023010254
8496,0.01965920440852642,,0.966774046421051
8497,0.020449625328183174,,1.0787057876586914
8498,0.016613589599728584,,0.9897834062576294
8499,0.013867712579667568,,0.8604639768600464
8500,0.01889115758240223,0.016888870745768204,0.9567433595657349
8501,0.015796257182955742,,0.9063115119934082
8502,0.017610806971788406,,0.8568779230117798
8503,0.016982292756438255,,0.9516077041625977
8504,0.013876449316740036,,0.7597559094429016
8505,0.017237389460206032,,1.029482126235962
8506,0.019143419340252876,,1.0890284776687622
8507,0.02169669233262539,,1.1869443655014038
8508,0.019089633598923683,,1.313188076019287
8509,0.017959995195269585,,1.111342191696167
8510,0.016278749331831932,,1.0151973962783813
8511,0.022317202761769295,,1.1905440092086792
8512,0.016553694382309914,,1.0108814239501953
8513,0.015632493421435356,,1.0082634687423706
8514,0.01619078777730465,,1.0680499076843262
8515,0.01645663194358349,,1.005266547203064
8516,0.018371282145380974,,1.05488121509552
8517,0.019166644662618637,,1.0695894956588745
8518,0.01450990792363882,,0.9267013072967529
8519,0.018780013546347618,,0.973091721534729
8520,0.023442262783646584,,1.4428389072418213
8521,0.01738499291241169,,0.9970895648002625
8522,0.018260153010487556,,0.9844515323638916
8523,0.019977344200015068,,1.1526979207992554
8524,0.01859777234494686,,0.9626303911209106
8525,0.017161421477794647,,0.9376307129859924
8526,0.021822325885295868,,1.1807266473770142
8527,0.015493174083530903,,0.9068316221237183
8528,0.019792823120951653,,1.136440396308899
8529,0.01724785380065441,,1.0649783611297607
8530,0.014134112745523453,,0.8820667266845703
8531,0.01884005218744278,,1.057491660118103
8532,0.01816277951002121,,1.1295959949493408
8533,0.016501272097229958,,0.9742739200592041
8534,0.019578510895371437,,1.1199626922607422
8535,0.015290525741875172,,0.9537251591682434
8536,0.015077966265380383,,0.8979684710502625
8537,0.01613001339137554,,0.9903286695480347
8538,0.01742478832602501,,0.9029800295829773
8539,0.01877564750611782,,1.1146068572998047
8540,0.018191298469901085,,0.9124922752380371
8541,0.010599583387374878,,0.6779733300209045
8542,0.018976664170622826,,0.9851117134094238
8543,0.015989458188414574,,0.903203010559082
8544,0.01570725440979004,,0.9270013570785522
8545,0.018505388870835304,,1.077508568763733
8546,0.01799975149333477,,1.0782138109207153
8547,0.018330633640289307,,1.0529286861419678
8548,0.01944480836391449,,1.0466845035552979
8549,0.018170056864619255,,1.054531455039978
8550,0.01903846487402916,,1.1616653203964233
8551,0.017817208543419838,,1.056382656097412
8552,0.019062669947743416,,1.191640019416809
8553,0.015077129006385803,,0.8143067955970764
8554,0.01765463873744011,,0.9745233058929443
8555,0.01613575592637062,,0.9111722111701965
8556,0.01764671318233013,,0.9947658777236938
8557,0.020436139777302742,,1.1516509056091309
8558,0.016235485672950745,,0.8756444454193115
8559,0.017098160460591316,,1.0177981853485107
8560,0.019736232236027718,,1.0357619524002075
8561,0.01863493211567402,,1.0198715925216675
8562,0.02174471877515316,,1.1391420364379883
8563,0.0180301982909441,,1.1158137321472168
8564,0.01417660340666771,,0.7939737439155579
8565,0.01701348088681698,,0.9429547786712646
8566,0.01554920244961977,,0.7881488800048828
8567,0.01791532337665558,,1.1008731126785278
8568,0.015279223211109638,,0.7911357879638672
8569,0.020124783739447594,,1.1870009899139404
8570,0.01668439991772175,,0.7506435513496399
8571,0.017868246883153915,,0.9387593865394592
8572,0.014863129705190659,,0.7010803818702698
8573,0.020585408434271812,,1.1129746437072754
8574,0.016844531521201134,,0.9704626798629761
8575,0.017691144719719887,,0.9136524200439453
8576,0.015421275980770588,,0.9965379238128662
8577,0.01706440933048725,,0.7188876271247864
8578,0.020426927134394646,,1.292667031288147
8579,0.012562461197376251,,0.6140859723091125
8580,0.019128946587443352,,1.0448601245880127
8581,0.012495369650423527,,0.7372130155563354
8582,0.015822404995560646,,0.9074190258979797
8583,0.01730755716562271,,0.8245046734809875
8584,0.013314311392605305,,0.7815261483192444
8585,0.01938931830227375,,1.0681933164596558
8586,0.01813596859574318,,1.2214744091033936
8587,0.01774456351995468,,1.0111258029937744
8588,0.01928715594112873,,1.0717175006866455
8589,0.021429739892482758,,1.2125625610351562
8590,0.012685362249612808,,0.8804797530174255
8591,0.021022336557507515,,1.080678939819336
8592,0.015246930532157421,,0.9825550317764282
8593,0.016341418027877808,,0.9414469003677368
8594,0.01501442026346922,,1.0292365550994873
8595,0.017049087211489677,,1.0576339960098267
8596,0.01827261410653591,,1.1482218503952026
8597,0.01787898875772953,,1.1166154146194458
8598,0.017669672146439552,,1.1782959699630737
8599,0.014636713080108166,,0.9853847622871399
8600,0.02070849947631359,,1.0644984245300293
8601,0.016153229400515556,,1.0274279117584229
8602,0.01855420507490635,,0.8977662324905396
8603,0.018343495205044746,,1.0372159481048584
8604,0.020897889509797096,,0.9934545159339905
8605,0.01801575906574726,,0.9895143508911133
8606,0.021183045580983162,,1.1371510028839111
8607,0.016512436792254448,,1.054800271987915
8608,0.017166219651699066,,0.9091603755950928
8609,0.01641993038356304,,0.9914994835853577
8610,0.01694660633802414,,0.9327058792114258
8611,0.016258366405963898,,0.9403817057609558
8612,0.01698741875588894,,0.9749650359153748
8613,0.017012475058436394,,0.9730208516120911
8614,0.017164742574095726,,0.9379770159721375
8615,0.01844523474574089,,0.9957683086395264
8616,0.015580039471387863,,0.8244636654853821
8617,0.01657996140420437,,0.9168153405189514
8618,0.015236952342092991,,0.8739726543426514
8619,0.017875123769044876,,0.8754933476448059
8620,0.017948785796761513,,1.0525648593902588
8621,0.015061463229358196,,0.7517871856689453
8622,0.020400600507855415,,1.1069682836532593
8623,0.016283223405480385,,0.9669718146324158
8624,0.018178075551986694,,0.9970302581787109
8625,0.018755251541733742,,1.1445021629333496
8626,0.015471753664314747,,0.949673056602478
8627,0.017487162724137306,,1.108656883239746
8628,0.019021593034267426,,1.1536054611206055
8629,0.015445638447999954,,0.9947519898414612
8630,0.015140428207814693,,0.815514862537384
8631,0.02062256447970867,,1.2071220874786377
8632,0.015689825639128685,,0.8611965179443359
8633,0.020607737824320793,,1.0728862285614014
8634,0.02169060707092285,,1.3030776977539062
8635,0.015457703731954098,,0.8803750276565552
8636,0.017008116468787193,,1.0108697414398193
8637,0.01781180500984192,,0.9501728415489197
8638,0.016727056354284286,,0.9732552170753479
8639,0.021146314218640327,,1.0385675430297852
8640,0.015775853767991066,,1.027596116065979
8641,0.015221505425870419,,0.8910700678825378
8642,0.01587170548737049,,0.9761703610420227
8643,0.01611473597586155,,0.9553383588790894
8644,0.015072536654770374,,0.87454754114151
8645,0.016292480751872063,,0.9612236022949219
8646,0.014399725012481213,,0.9307120442390442
8647,0.01667303964495659,,0.8600900769233704
8648,0.0188534427434206,,1.0342987775802612
8649,0.014928389340639114,,0.8030657172203064
8650,0.014762181788682938,,0.8403070569038391
8651,0.01702447421848774,,0.8511632084846497
8652,0.01981857605278492,,0.8938009142875671
8653,0.018937895074486732,,1.052586555480957
8654,0.016059331595897675,,0.8065861463546753
8655,0.01678951270878315,,0.9850202202796936
8656,0.015260722488164902,,0.8389948010444641
8657,0.01365188229829073,,0.8000186681747437
8658,0.016420943662524223,,0.8784987926483154
8659,0.015292598865926266,,0.793819785118103
8660,0.016606824472546577,,0.9531853199005127
8661,0.015636494383215904,,0.8340375423431396
8662,0.018739229068160057,,0.944927990436554
8663,0.011553294956684113,,0.7612019181251526
8664,0.018875129520893097,,0.9409141540527344
8665,0.019477954134345055,,1.108964443206787
8666,0.015166215598583221,,0.8611720204353333
8667,0.014015421271324158,,0.7591893672943115
8668,0.017557192593812943,,0.8913817405700684
8669,0.019687267020344734,,1.1448956727981567
8670,0.014482795260846615,,0.7769275307655334
8671,0.014256286434829235,,0.8620195388793945
8672,0.0204126238822937,,1.0341053009033203
8673,0.017279744148254395,,1.1505227088928223
8674,0.015499408356845379,,0.955253541469574
8675,0.017341263592243195,,1.127126932144165
8676,0.018971038982272148,,1.043157935142517
8677,0.01746246963739395,,1.0570640563964844
8678,0.01720684953033924,,1.072988748550415
8679,0.01489898283034563,,0.646926760673523
8680,0.016743889078497887,,0.9044362306594849
8681,0.014215144328773022,,0.7664656639099121
8682,0.015398870222270489,,0.7835364937782288
8683,0.013934127986431122,,0.7445536851882935
8684,0.0153053542599082,,0.7290247678756714
8685,0.01549144834280014,,0.856849730014801
8686,0.016586000099778175,,0.8420316576957703
8687,0.020101534202694893,,0.9492583870887756
8688,0.01496251579374075,,0.9557890295982361
8689,0.016096139326691628,,0.8962541222572327
8690,0.01909872703254223,,1.0894635915756226
8691,0.016469791531562805,,0.8594130277633667
8692,0.013161255978047848,,0.7339866757392883
8693,0.015261069871485233,,0.8425425887107849
8694,0.0177056435495615,,0.859234631061554
8695,0.017433682456612587,,0.9999158382415771
8696,0.013807415030896664,,0.7184289693832397
8697,0.014388716779649258,,0.7972028255462646
8698,0.014685988426208496,,0.7056560516357422
8699,0.013859566301107407,,0.7048474550247192
8700,0.016922809183597565,,0.8251996636390686
8701,0.013430063612759113,,0.7227203845977783
8702,0.016447581350803375,,0.8069503307342529
8703,0.01957014948129654,,1.0115854740142822
8704,0.01926993392407894,,1.0996907949447632
8705,0.017432954162359238,,0.9043036699295044
8706,0.018807636573910713,,1.1449540853500366
8707,0.012589707970619202,,0.7695972919464111
8708,0.02008877880871296,,1.086683988571167
8709,0.016885722056031227,,1.0688765048980713
8710,0.01453448086977005,,0.8278610110282898
8711,0.018448982387781143,,1.1950148344039917
8712,0.016463393345475197,,0.9673736691474915
8713,0.0169368926435709,,1.0213313102722168
8714,0.017794912680983543,,1.13627028465271
8715,0.014931862242519855,,0.7818620800971985
8716,0.015360875986516476,,0.9891510605812073
8717,0.01619737781584263,,0.7640001773834229
8718,0.013058568350970745,,0.8041374683380127
8719,0.014781393110752106,,0.818242609500885
8720,0.014254946261644363,,0.7715919017791748
8721,0.015140279196202755,,0.8447664976119995
8722,0.016630006954073906,,0.8757901191711426
8723,0.012869834899902344,,0.8307808041572571
8724,0.018238820135593414,,0.9783522486686707
8725,0.01562647521495819,,1.036912441253662
8726,0.02065575309097767,,1.1611952781677246
8727,0.015916919335722923,,1.0035940408706665
8728,0.0172493364661932,,0.954063355922699
8729,0.01649264246225357,,0.9955286383628845
8730,0.014639720320701599,,0.8218854069709778
8731,0.014945796690881252,,0.9442510008811951
8732,0.019401036202907562,,0.9805904030799866
8733,0.01927260123193264,,1.1563098430633545
8734,0.013321633450686932,,0.6963167190551758
8735,0.02046889439225197,,1.24957275390625
8736,0.014914847910404205,,0.9090694785118103
8737,0.014265199191868305,,0.8146882057189941
8738,0.016151564195752144,,0.9894487857818604
8739,0.01834583654999733,,1.1127841472625732
8740,0.015908271074295044,,0.9178966879844666
8741,0.016752544790506363,,1.1475446224212646
8742,0.01619034633040428,,0.9169017672538757
8743,0.015887215733528137,,1.0023702383041382
8744,0.01799585111439228,,0.9644572138786316
8745,0.02003706991672516,,1.2337030172348022
8746,0.017847241833806038,,1.0460364818572998
8747,0.013374830596148968,,0.8343541622161865
8748,0.018495546653866768,,1.1203386783599854
8749,0.014268702827394009,,0.8797696828842163
8750,0.017509620636701584,,0.9895006418228149
8751,0.01622146926820278,,0.9771049618721008
8752,0.01765512116253376,,0.9322914481163025
8753,0.01718798466026783,,1.0383442640304565
8754,0.014989025890827179,,0.8804056644439697
8755,0.016840729862451553,,0.957515299320221
8756,0.014514940790832043,,0.8323662281036377
8757,0.016200710088014603,,0.9715022444725037
8758,0.014709058217704296,,0.808357298374176
8759,0.018127264454960823,,0.9468263387680054
8760,0.015005377121269703,,0.819621205329895
8761,0.015053990297019482,,0.8016366362571716
8762,0.01529876608401537,,0.8612599968910217
8763,0.015230372548103333,,0.9076913595199585
8764,0.017779387533664703,,0.9276421070098877
8765,0.016878824681043625,,0.9307824969291687
8766,0.019136721268296242,,0.9265894889831543
8767,0.014431891031563282,,0.826204776763916
8768,0.017212795093655586,,0.8896896839141846
8769,0.01901284232735634,,1.0297586917877197
8770,0.01720099337399006,,0.8662877678871155
8771,0.011382249183952808,,0.7693690061569214
8772,0.01618514023721218,,0.8813970685005188
8773,0.013843192718923092,,0.8351158499717712
8774,0.020977092906832695,,1.0834009647369385
8775,0.0160591471940279,,0.9584142565727234
8776,0.02089094929397106,,1.1152889728546143
8777,0.022267892956733704,,1.3071774244308472
8778,0.018458399921655655,,1.0064011812210083
8779,0.0245486069470644,,1.4374418258666992
8780,0.014508194290101528,,0.9858490228652954
8781,0.0176030695438385,,1.030173420906067
8782,0.014925889670848846,,1.0114744901657104
8783,0.018271705135703087,,1.1018998622894287
8784,0.017552003264427185,,1.1053166389465332
8785,0.019286077469587326,,1.1527131795883179
8786,0.015625257045030594,,0.996006965637207
8787,0.023636886849999428,,1.3102253675460815
8788,0.01767677813768387,,1.186381459236145
8789,0.01646268554031849,,0.9238252639770508
8790,0.021960534155368805,,1.3416868448257446
8791,0.019612034782767296,,1.0493888854980469
8792,0.016575602814555168,,1.045284628868103
8793,0.015216217376291752,,0.9324423670768738
8794,0.017977453768253326,,1.0607815980911255
8795,0.015226498246192932,,0.9737326502799988
8796,0.02151905559003353,,1.0895999670028687
8797,0.02088930457830429,,1.1668931245803833
8798,0.02191128022968769,,1.1834102869033813
8799,0.018285328522324562,,1.1513699293136597
8800,0.013187381438910961,,0.8242610692977905
8801,0.014697038568556309,,0.9138279557228088
8802,0.01249124389141798,,0.7820533514022827
8803,0.016957765445113182,,0.9112491011619568
8804,0.018255308270454407,,0.9819328784942627
8805,0.014964009635150433,,0.8372561931610107
8806,0.014355313032865524,,0.8360865116119385
8807,0.01260694395750761,,0.7865713834762573
8808,0.015103775076568127,,0.8424200415611267
8809,0.01550209242850542,,0.836210310459137
8810,0.014106713235378265,,0.8356780409812927
8811,0.01473796647042036,,0.8102429509162903
8812,0.02017964795231819,,1.0266238451004028
8813,0.016059279441833496,,0.9861955046653748
8814,0.013913054019212723,,0.8162363171577454
8815,0.013516556471586227,,0.7248051762580872
8816,0.0162395928055048,,0.932318389415741
8817,0.015607758425176144,,0.8145147562026978
8818,0.01394376065582037,,0.8423358798027039
8819,0.017232010141015053,,0.821607232093811
8820,0.016749540343880653,,1.0211055278778076
8821,0.018941598013043404,,0.924422562122345
8822,0.019205329939723015,,1.0903788805007935
8823,0.01646718941628933,,0.9806084632873535
8824,0.016436085104942322,,0.8619539141654968
8825,0.01464813482016325,,0.8466589450836182
8826,0.015184573829174042,,0.9173309803009033
8827,0.01865709386765957,,1.0111172199249268
8828,0.0143963024020195,,0.8064616322517395
8829,0.014093867503106594,,0.8325926065444946
8830,0.016086507588624954,,0.9626396298408508
8831,0.019236477091908455,,1.19844651222229
8832,0.015193156898021698,,0.9033750891685486
8833,0.012097914703190327,,0.740086019039154
8834,0.017966093495488167,,0.9844480156898499
8835,0.013811659999191761,,0.7253249883651733
8836,0.020064014941453934,,1.1131815910339355
8837,0.015576713718473911,,0.8983927965164185
8838,0.018893178552389145,,1.0188065767288208
8839,0.018068911507725716,,1.0982416868209839
8840,0.017173780128359795,,0.8994746208190918
8841,0.01403026282787323,,0.8854914307594299
8842,0.018566831946372986,,0.9612169861793518
8843,0.01723170466721058,,0.9729068875312805
8844,0.017650624737143517,,0.9529426693916321
8845,0.019579559564590454,,1.127673864364624
8846,0.022757964208722115,,1.2691510915756226
8847,0.015385168604552746,,0.9483915567398071
8848,0.01575900800526142,,1.02938711643219
8849,0.0166336577385664,,0.9916598796844482
8850,0.01338401809334755,,0.8260048031806946
8851,0.014194604940712452,,0.8725203275680542
8852,0.015260961838066578,,0.8515294194221497
8853,0.016147350892424583,,0.9309154152870178
8854,0.017035488039255142,,0.9267812967300415
8855,0.013241760432720184,,0.7847569584846497
8856,0.013693365268409252,,0.8137633800506592
8857,0.012219056487083435,,0.6659733057022095
8858,0.012088109739124775,,0.6665055155754089
8859,0.01567450910806656,,0.7196951508522034
8860,0.015064599923789501,,0.8620999455451965
8861,0.014876298606395721,,0.7873971462249756
8862,0.02089863456785679,,1.2324581146240234
8863,0.014286719262599945,,0.801589846611023
8864,0.015728143975138664,,0.7933974862098694
8865,0.014236821793019772,,0.8710461854934692
8866,0.011849052272737026,,0.667038083076477
8867,0.017308825626969337,,0.8603779673576355
8868,0.01315102819353342,,0.8717896342277527
8869,0.013395532965660095,,0.6894898414611816
8870,0.013667414896190166,,0.7421507239341736
8871,0.01939716748893261,,0.9456345438957214
8872,0.020502179861068726,,1.2060242891311646
8873,0.015286196954548359,,0.9764417409896851
8874,0.017935186624526978,,1.170074462890625
8875,0.01500273123383522,,0.9990439414978027
8876,0.013494840823113918,,0.7522515654563904
8877,0.015893563628196716,,1.0812573432922363
8878,0.013107318431138992,,0.6928368806838989
8879,0.01575208269059658,,0.9906761646270752
8880,0.018625639379024506,,0.9910941123962402
8881,0.022189244627952576,,1.4111859798431396
8882,0.01668020337820053,,0.9720829725265503
8883,0.016752110794186592,,0.9789736866950989
8884,0.015369047410786152,,0.8288688063621521
8885,0.015377935022115707,,0.8998891115188599
8886,0.019370658323168755,,1.0148162841796875
8887,0.01971633918583393,,1.1884629726409912
8888,0.01798231154680252,,0.9942838549613953
8889,0.013415823690593243,,0.7655305862426758
8890,0.017212163656949997,,1.014168381690979
8891,0.013881864957511425,,0.8477240204811096
8892,0.016581213101744652,,0.968777596950531
8893,0.017967944964766502,,1.0623459815979004
8894,0.014483131468296051,,0.8863509297370911
8895,0.018923094496130943,,1.0344301462173462
8896,0.017946040257811546,,1.0154924392700195
8897,0.02024872787296772,,1.0345399379730225
8898,0.019393950700759888,,1.1771801710128784
8899,0.015584583394229412,,0.8960049748420715
8900,0.012151272036135197,,0.7923650741577148
8901,0.01742401160299778,,0.999320387840271
8902,0.015004698187112808,,0.8218109607696533
8903,0.014361678622663021,,0.9596892595291138
8904,0.014607434161007404,,0.8645085096359253
8905,0.015624456107616425,,0.8711082339286804
8906,0.01519887987524271,,0.8719088435173035
8907,0.014511962421238422,,0.7978164553642273
8908,0.017360469326376915,,0.9598947763442993
8909,0.017402485013008118,,0.8961228728294373
8910,0.0157123114913702,,0.8668426275253296
8911,0.0158799160271883,,0.8823390603065491
8912,0.013898652978241444,,0.7181439399719238
8913,0.016837287694215775,,0.8950209617614746
8914,0.014027732424438,,0.7891076803207397
8915,0.014935639686882496,,0.7718479633331299
8916,0.017261294648051262,,0.9293971061706543
8917,0.019993536174297333,,1.2067219018936157
8918,0.01330168079584837,,0.6974676251411438
8919,0.015864474698901176,,0.897903323173523
8920,0.013882874511182308,,0.7894243001937866
8921,0.012357901781797409,,0.7251433730125427
8922,0.015622508712112904,,0.8582485914230347
8923,0.015804024413228035,,0.9112642407417297
8924,0.012256222777068615,,0.6961194276809692
8925,0.01299960259348154,,0.7401886582374573
8926,0.019099628552794456,,1.0663608312606812
8927,0.017598392441868782,,0.9788991808891296
8928,0.012863344512879848,,0.7048411965370178
8929,0.01784162037074566,,1.0386909246444702
8930,0.015413354150950909,,0.8377972841262817
8931,0.018079442903399467,,0.9567927122116089
8932,0.014643709175288677,,0.8415537476539612
8933,0.018340803682804108,,1.0613908767700195
8934,0.015510637313127518,,0.9548637270927429
8935,0.01679113693535328,,0.9099357724189758
8936,0.017471132799983025,,1.179613471031189
8937,0.01592809334397316,,0.9074673652648926
8938,0.016412677243351936,,1.0625234842300415
8939,0.017018998041749,,0.9605546593666077
8940,0.015744417905807495,,0.9171059131622314
8941,0.018378468230366707,,1.0169140100479126
8942,0.019037801772356033,,1.13644540309906
8943,0.017184218391776085,,0.9893681406974792
8944,0.014146275818347931,,0.8940744400024414
8945,0.01993478834629059,,1.1024103164672852
8946,0.016431327909231186,,1.0628852844238281
8947,0.019113993272185326,,1.1127426624298096
8948,0.016147805377840996,,0.9566001892089844
8949,0.019807063043117523,,1.154870629310608
8950,0.01719478890299797,,1.1115477085113525
8951,0.01718808151781559,,1.0089783668518066
8952,0.022055132314562798,,1.379982829093933
8953,0.016796723008155823,,1.009374976158142
8954,0.01783928833901882,,1.056115746498108
8955,0.014478293247520924,,0.9614809155464172
8956,0.017550190910696983,,0.9524514079093933
8957,0.016703875735402107,,1.13673734664917
8958,0.017954858019948006,,1.0811530351638794
8959,0.0179815161973238,,1.2431756258010864
8960,0.014425401575863361,,0.8741827011108398
8961,0.015469116158783436,,0.8073568940162659
8962,0.015128151513636112,,0.9199689626693726
8963,0.013674143701791763,,0.7722126841545105
8964,0.014551009051501751,,0.8423922061920166
8965,0.0148959681391716,,0.8402869701385498
8966,0.015120141208171844,,0.7339470386505127
8967,0.017472155392169952,,1.0143344402313232
8968,0.017036205157637596,,0.882246196269989
8969,0.01866917870938778,,0.9125399589538574
8970,0.01539712306112051,,0.8203404545783997
8971,0.019051652401685715,,1.0125335454940796
8972,0.018124597147107124,,1.1798479557037354
8973,0.01751144789159298,,0.9683497548103333
8974,0.020456811413168907,,1.2280281782150269
8975,0.024213453754782677,,1.3662418127059937
8976,0.018713412806391716,,1.2010554075241089
8977,0.018722034990787506,,1.1278706789016724
8978,0.014566261321306229,,0.9247198700904846
8979,0.014937415719032288,,0.8969923853874207
8980,0.01418014895170927,,0.8992732167243958
8981,0.016256986185908318,,0.8780116438865662
8982,0.015795191749930382,,0.9051371812820435
8983,0.013953614048659801,,0.786518394947052
8984,0.017160072922706604,,1.0258902311325073
8985,0.017376383766531944,,0.9836761951446533
8986,0.016668930649757385,,0.9167739152908325
8987,0.019398966804146767,,1.0945727825164795
8988,0.018689831718802452,,0.9772729873657227
8989,0.012812860310077667,,0.8270289897918701
8990,0.01713361218571663,,0.9841991662979126
8991,0.01776726543903351,,1.1924669742584229
8992,0.01449739933013916,,0.8276896476745605
8993,0.016754169017076492,,1.0657882690429688
8994,0.018335236236453056,,1.0465009212493896
8995,0.016737228259444237,,0.9707522988319397
8996,0.016622882336378098,,0.963080108165741
8997,0.0141700878739357,,0.861410915851593
8998,0.01651046797633171,,0.8808236718177795
8999,0.014263104647397995,,0.8412013053894043
9000,0.014594018459320068,0.016794277703441093,0.7694501876831055
9001,0.014971520751714706,,0.8917443156242371
9002,0.014823679812252522,,0.8260454535484314
9003,0.013155435211956501,,0.8277746438980103
9004,0.015083052217960358,,0.8061091899871826
9005,0.015935562551021576,,0.8703854084014893
9006,0.01789264939725399,,1.024565577507019
9007,0.014944490976631641,,0.9338254928588867
9008,0.02004731446504593,,1.1314908266067505
9009,0.016055451706051826,,0.9141031503677368
9010,0.012506827712059021,,0.7789304852485657
9011,0.019473111256957054,,1.0020726919174194
9012,0.02021626941859722,,1.3528151512145996
9013,0.014853269793093204,,0.9120911359786987
9014,0.015242413617670536,,1.00104558467865
9015,0.017559148371219635,,1.072570562362671
9016,0.018192706629633904,,1.165226697921753
9017,0.014594868756830692,,0.8538760542869568
9018,0.015078079886734486,,1.0061143636703491
9019,0.01548755168914795,,0.8424188494682312
9020,0.01617979072034359,,1.0519593954086304
9021,0.011733154766261578,,0.6312338709831238
9022,0.017646560445427895,,1.0218195915222168
9023,0.014574485830962658,,0.8660402894020081
9024,0.01803216151893139,,1.0222567319869995
9025,0.012933396734297276,,0.8713535070419312
9026,0.017224982380867004,,0.9724716544151306
9027,0.014078881591558456,,0.9576128721237183
9028,0.01682457886636257,,1.0262304544448853
9029,0.015696290880441666,,1.1461763381958008
9030,0.019311584532260895,,1.1090788841247559
9031,0.019932283088564873,,1.2469160556793213
9032,0.02000856213271618,,1.208696722984314
9033,0.018023638054728508,,1.0305185317993164
9034,0.01962820440530777,,1.136325478553772
9035,0.01732662133872509,,0.9982357621192932
9036,0.01727207750082016,,1.072629690170288
9037,0.02627120353281498,,1.6191035509109497
9038,0.012856977991759777,,0.840701162815094
9039,0.018230563029646873,,1.0033152103424072
9040,0.01459000539034605,,0.8828592300415039
9041,0.022119984030723572,,1.3256499767303467
9042,0.01752399653196335,,1.0408819913864136
9043,0.016069168224930763,,0.9498815536499023
9044,0.0161595456302166,,0.9459327459335327
9045,0.017118433490395546,,0.9709731340408325
9046,0.01588555797934532,,0.9342052340507507
9047,0.015679197385907173,,0.8416057229042053
9048,0.01590612530708313,,0.9236242175102234
9049,0.017238231375813484,,0.9315304160118103
9050,0.015818575397133827,,0.9382526278495789
9051,0.015022109262645245,,0.8911933898925781
9052,0.01861632615327835,,1.0367575883865356
9053,0.017690526321530342,,1.0734463930130005
9054,0.015433341264724731,,0.85487961769104
9055,0.01867118664085865,,1.0342793464660645
9056,0.018961438909173012,,0.9037704467773438
9057,0.015242919325828552,,0.851496160030365
9058,0.022254273295402527,,1.1997040510177612
9059,0.014260303229093552,,0.9612196683883667
9060,0.018986379727721214,,0.9832363724708557
9061,0.018726160749793053,,1.060801386833191
9062,0.021000271663069725,,1.1994717121124268
9063,0.015350483357906342,,0.8454004526138306
9064,0.021931642666459084,,1.2376106977462769
9065,0.021268650889396667,,1.1643879413604736
9066,0.01908077858388424,,1.0482537746429443
9067,0.016688961535692215,,0.9903891682624817
9068,0.01946052350103855,,0.9653851389884949
9069,0.017673876136541367,,1.1683685779571533
9070,0.022823408246040344,,1.2543889284133911
9071,0.01935339719057083,,1.185234546661377
9072,0.019815951585769653,,1.23810613155365
9073,0.016460074111819267,,0.9766634702682495
9074,0.017097996547818184,,1.1164578199386597
9075,0.017618227750062943,,0.9720068573951721
9076,0.015364333055913448,,0.9646597504615784
9077,0.01952129416167736,,1.061156988143921
9078,0.016452159732580185,,0.9485398530960083
9079,0.018083445727825165,,1.017124891281128
9080,0.019491145387291908,,1.1342520713806152
9081,0.017615487799048424,,1.0441950559616089
9082,0.01789173297584057,,1.0222874879837036
9083,0.01539236307144165,,0.9547321796417236
9084,0.014923367649316788,,0.8186804056167603
9085,0.015458592213690281,,0.9243189692497253
9086,0.015202964656054974,,0.8234617114067078
9087,0.021670257672667503,,1.1772665977478027
9088,0.019527217373251915,,1.1883506774902344
9089,0.017803775146603584,,0.9320331811904907
9090,0.0152035066857934,,0.9799560308456421
9091,0.01983897015452385,,0.9697181582450867
9092,0.01839715801179409,,1.0457864999771118
9093,0.016672788187861443,,0.9746631979942322
9094,0.014313015155494213,,0.7582792639732361
9095,0.014859615825116634,,0.8964981436729431
9096,0.01560769323259592,,0.7517454028129578
9097,0.017527205869555473,,1.0396251678466797
9098,0.017981931567192078,,0.9321494102478027
9099,0.01422544103115797,,0.8406772017478943
9100,0.016976915299892426,,0.9782108664512634
9101,0.01347800437361002,,0.8444669842720032
9102,0.01720954105257988,,1.0364986658096313
9103,0.014870093204081059,,0.7960877418518066
9104,0.01851574517786503,,1.1969479322433472
9105,0.01867086812853813,,0.9720430970191956
9106,0.015109427273273468,,0.981539249420166
9107,0.01699662394821644,,0.989442765712738
9108,0.016368666663765907,,0.9713528752326965
9109,0.01497443113476038,,0.8953426480293274
9110,0.016477731987833977,,0.8931254744529724
9111,0.018469111993908882,,1.074310541152954
9112,0.020124027505517006,,1.109688401222229
9113,0.016086870804429054,,0.8725888133049011
9114,0.01646101288497448,,0.9822432398796082
9115,0.013328698463737965,,0.7798268795013428
9116,0.0167457964271307,,0.9470900297164917
9117,0.01687706634402275,,0.830768346786499
9118,0.016431838274002075,,0.9567009210586548
9119,0.017288673669099808,,0.92000412940979
9120,0.016650736331939697,,0.9217159748077393
9121,0.015852825716137886,,0.8895695209503174
9122,0.016385402530431747,,0.8446128368377686
9123,0.019972292706370354,,1.1188169717788696
9124,0.01633511669933796,,0.9431032538414001
9125,0.013862201012670994,,0.851865291595459
9126,0.013973354361951351,,0.8733651638031006
9127,0.013380945660173893,,0.8360840678215027
9128,0.016817888244986534,,0.8602724075317383
9129,0.015831001102924347,,0.9297335147857666
9130,0.017288532108068466,,0.9990749359130859
9131,0.01586524024605751,,0.9320015907287598
9132,0.01386625412851572,,0.7827209234237671
9133,0.019335124641656876,,1.0076218843460083
9134,0.014392768032848835,,0.8879122734069824
9135,0.015241126529872417,,0.8492394089698792
9136,0.01643565483391285,,0.8944457769393921
9137,0.015745343640446663,,0.9502187967300415
9138,0.01782739907503128,,0.9896896481513977
9139,0.016521980985999107,,0.9168360233306885
9140,0.017987031489610672,,0.9837319850921631
9141,0.01782594621181488,,1.0750010013580322
9142,0.018924379721283913,,1.0269020795822144
9143,0.01512481365352869,,0.9979507923126221
9144,0.019479867070913315,,1.1137452125549316
9145,0.016035212203860283,,0.9605053067207336
9146,0.02171686291694641,,1.2068125009536743
9147,0.014932557940483093,,0.9737104773521423
9148,0.0159405879676342,,0.9508805274963379
9149,0.016024114564061165,,1.0243932008743286
9150,0.019548436626791954,,1.1718043088912964
9151,0.01590644381940365,,1.003477692604065
9152,0.016491379588842392,,1.112619161605835
9153,0.01847711019217968,,1.0214980840682983
9154,0.015364403836429119,,0.8638862371444702
9155,0.019667424261569977,,1.0524115562438965
9156,0.015662437304854393,,0.8549249172210693
9157,0.014934773556888103,,0.8903418779373169
9158,0.018603580072522163,,0.9798818826675415
9159,0.015793098136782646,,0.9720621705055237
9160,0.014532074332237244,,0.7316060066223145
9161,0.016872188076376915,,0.9748075008392334
9162,0.014693235047161579,,0.8291702270507812
9163,0.016349362209439278,,0.9193353056907654
9164,0.014282121323049068,,0.7960654497146606
9165,0.016477376222610474,,0.9042524695396423
9166,0.01434879470616579,,0.8198239207267761
9167,0.015154627151787281,,0.9709702134132385
9168,0.014251100830733776,,0.7336550354957581
9169,0.01551589835435152,,0.8622583746910095
9170,0.017126401886343956,,0.9021314382553101
9171,0.018501048907637596,,0.9339655637741089
9172,0.018588894978165627,,0.9434610605239868
9173,0.014654312282800674,,0.8187716007232666
9174,0.01511730719357729,,0.7743072509765625
9175,0.013834786601364613,,0.831367552280426
9176,0.012687777169048786,,0.7036885023117065
9177,0.016881810501217842,,0.8854209184646606
9178,0.015013345517218113,,0.8066831231117249
9179,0.016500553116202354,,0.8530828952789307
9180,0.01602419652044773,,1.0101596117019653
9181,0.018312999978661537,,0.9573174715042114
9182,0.015046927146613598,,0.9914879202842712
9183,0.01884286478161812,,0.9601021409034729
9184,0.019010376185178757,,1.2626124620437622
9185,0.012376011349260807,,0.7469478249549866
9186,0.017627140507102013,,0.9896880388259888
9187,0.014819943346083164,,0.8762772083282471
9188,0.013380970805883408,,0.8133266568183899
9189,0.01855584979057312,,0.9991999864578247
9190,0.019222479313611984,,1.1006019115447998
9191,0.0171978622674942,,1.0087553262710571
9192,0.017234504222869873,,1.032988429069519
9193,0.013690952211618423,,0.7564066052436829
9194,0.015055115334689617,,1.0063902139663696
9195,0.013237657956779003,,0.7819286584854126
9196,0.01644773967564106,,0.8328880071640015
9197,0.016832880675792694,,0.9610422253608704
9198,0.012403841130435467,,0.5958454608917236
9199,0.017113210633397102,,0.9637938737869263
9200,0.015010361559689045,,0.9115288853645325
9201,0.017391206696629524,,0.9364672899246216
9202,0.01835472323000431,,1.1088358163833618
9203,0.01391849759966135,,0.8066856861114502
9204,0.01897979900240898,,1.180296778678894
9205,0.016704412177205086,,1.0587308406829834
9206,0.014549589715898037,,0.800294816493988
9207,0.01489464845508337,,0.9504576325416565
9208,0.015358085744082928,,0.9049949645996094
9209,0.01255878061056137,,0.8516231179237366
9210,0.023366540670394897,,1.3576170206069946
9211,0.016945937648415565,,1.2148010730743408
9212,0.015604034066200256,,0.8935022354125977
9213,0.015835458412766457,,1.0591275691986084
9214,0.015440075658261776,,0.955604076385498
9215,0.016336850821971893,,0.9685055017471313
9216,0.012703463435173035,,0.8182689547538757
9217,0.015223953872919083,,0.8951147794723511
9218,0.014594252221286297,,0.791610836982727
9219,0.014482985250651836,,0.8651789426803589
9220,0.017636246979236603,,0.8531571626663208
9221,0.02053808607161045,,1.2349885702133179
9222,0.01326349750161171,,0.6870135068893433
9223,0.017619343474507332,,1.0719290971755981
9224,0.018633509054780006,,1.0205453634262085
9225,0.01805284060537815,,1.0384026765823364
9226,0.014872611500322819,,0.9034865498542786
9227,0.014706318266689777,,0.8617316484451294
9228,0.017354698851704597,,0.9506605267524719
9229,0.020166320726275444,,1.3056918382644653
9230,0.016281383112072945,,0.894903302192688
9231,0.016787288710474968,,0.9007275104522705
9232,0.014972544275224209,,0.93808513879776
9233,0.019659101963043213,,1.1338841915130615
9234,0.02252083458006382,,1.4013909101486206
9235,0.01565997116267681,,0.9327884316444397
9236,0.015790121629834175,,1.0318512916564941
9237,0.018822550773620605,,1.0499980449676514
9238,0.017364196479320526,,1.0406891107559204
9239,0.017596377059817314,,1.018929123878479
9240,0.015066769905388355,,0.890561044216156
9241,0.01577048934996128,,0.8981055021286011
9242,0.018284836784005165,,0.9772403836250305
9243,0.019680287688970566,,1.131969690322876
9244,0.01645515114068985,,0.9711889624595642
9245,0.015242981724441051,,0.8008788824081421
9246,0.017687421292066574,,1.0291975736618042
9247,0.01284269243478775,,0.7925699353218079
9248,0.011704646050930023,,0.7625322937965393
9249,0.015762707218527794,,0.8721626400947571
9250,0.014948462136089802,,0.8176073431968689
9251,0.015917958691716194,,0.9543560147285461
9252,0.012113683857023716,,0.718919575214386
9253,0.01757831871509552,,1.0814683437347412
9254,0.017680900171399117,,1.1277766227722168
9255,0.013154976069927216,,0.7851077914237976
9256,0.014452599920332432,,0.904802143573761
9257,0.01448375266045332,,0.7592195868492126
9258,0.016855893656611443,,1.00930917263031
9259,0.01572350226342678,,0.8559484481811523
9260,0.014374819584190845,,0.828194797039032
9261,0.016134465113282204,,0.947130560874939
9262,0.015162013471126556,,0.7993842959403992
9263,0.017998570576310158,,0.9216869473457336
9264,0.012536159716546535,,0.708999514579773
9265,0.013933577574789524,,0.8079718947410583
9266,0.013718582689762115,,0.7571483254432678
9267,0.012720644474029541,,0.6663419604301453
9268,0.01398685947060585,,0.7464956641197205
9269,0.0150216706097126,,0.8010909557342529
9270,0.017079057171940804,,0.9198408722877502
9271,0.013520825654268265,,0.7244237661361694
9272,0.014380673877894878,,0.9010987877845764
9273,0.014588587917387486,,0.8505828380584717
9274,0.02102109044790268,,1.097081184387207
9275,0.019433489069342613,,1.3416556119918823
9276,0.0191812664270401,,1.217768907546997
9277,0.019470911473035812,,1.340762972831726
9278,0.019838031381368637,,1.25066077709198
9279,0.019364839419722557,,1.010666012763977
9280,0.01709294319152832,,1.1771001815795898
9281,0.016807233914732933,,0.9310346841812134
9282,0.020180201157927513,,1.3809956312179565
9283,0.02352876402437687,,1.2776169776916504
9284,0.020463280379772186,,1.1962724924087524
9285,0.016223086044192314,,0.9859472513198853
9286,0.01762971468269825,,1.1127649545669556
9287,0.01765831932425499,,0.9823138117790222
9288,0.014475126750767231,,0.864638090133667
9289,0.014664762653410435,,0.8471128940582275
9290,0.0159746166318655,,0.8542846441268921
9291,0.015106200240552425,,0.8959952592849731
9292,0.016117112711071968,,0.7960416674613953
9293,0.01169072836637497,,0.6780913472175598
9294,0.017749955877661705,,0.9188929796218872
9295,0.019591592252254486,,1.1517969369888306
9296,0.01464811060577631,,0.8585838675498962
9297,0.018338149413466454,,1.0926100015640259
9298,0.014896503649652004,,0.9160833954811096
9299,0.01628042571246624,,0.855246365070343
9300,0.018021775409579277,,1.0925800800323486
9301,0.01297222450375557,,0.6884143948554993
9302,0.014965035952627659,,0.8807446360588074
9303,0.013456185348331928,,0.6354407668113708
9304,0.013584406115114689,,0.7383198738098145
9305,0.014727982692420483,,0.7144079208374023
9306,0.01492402795702219,,0.8074857592582703
9307,0.016525572165846825,,0.8503368496894836
9308,0.014863829128444195,,0.949217677116394
9309,0.01556642260402441,,0.8662329316139221
9310,0.01734170876443386,,0.9874539375305176
9311,0.013867300935089588,,0.8259339928627014
9312,0.01111267413944006,,0.7248964309692383
9313,0.01582668535411358,,0.8838714957237244
9314,0.015085904859006405,,0.9123658537864685
9315,0.01216001808643341,,0.7561991810798645
9316,0.014802209101617336,,0.8194189071655273
9317,0.012975606136023998,,0.8904504776000977
9318,0.014850127510726452,,0.8092026114463806
9319,0.012886527925729752,,0.901524543762207
9320,0.01460056658834219,,0.8429008722305298
9321,0.015179998241364956,,1.04025137424469
9322,0.015187136828899384,,0.8006182312965393
9323,0.018956545740365982,,1.2050920724868774
9324,0.013588006608188152,,0.8124420046806335
9325,0.017160862684249878,,0.9966526031494141
9326,0.012903218157589436,,0.775266706943512
9327,0.0144408093765378,,0.8839014768600464
9328,0.0197885874658823,,1.1478251218795776
9329,0.014614439569413662,,0.87480628490448
9330,0.015146356076002121,,0.9042537808418274
9331,0.01527689304202795,,0.8916922807693481
9332,0.014740589074790478,,0.7936692237854004
9333,0.018958577886223793,,0.9595615863800049
9334,0.013779222033917904,,0.8800379633903503
9335,0.01948555000126362,,0.9413782358169556
9336,0.015574065037071705,,0.9939276576042175
9337,0.017830243334174156,,0.9237919449806213
9338,0.016102874651551247,,1.1049906015396118
9339,0.016147250309586525,,0.9644016027450562
9340,0.019499721005558968,,1.1309661865234375
9341,0.021349309012293816,,1.3727319240570068
9342,0.01567707024514675,,0.9061360359191895
9343,0.016808319836854935,,1.0732088088989258
9344,0.016010135412216187,,1.0660197734832764
9345,0.017294030636548996,,1.0045206546783447
9346,0.01477732416242361,,1.0125131607055664
9347,0.017378339543938637,,0.9458463191986084
9348,0.017070403322577477,,1.140925645828247
9349,0.018692120909690857,,1.0657062530517578
9350,0.015705201774835587,,1.0688320398330688
9351,0.01753995008766651,,1.0641735792160034
9352,0.016304485499858856,,1.0493130683898926
9353,0.017389126121997833,,1.0463273525238037
9354,0.015413795597851276,,0.8918262720108032
9355,0.014036484993994236,,0.8945953845977783
9356,0.01673944480717182,,0.9817156791687012
9357,0.011738802306354046,,0.7534527778625488
9358,0.01682705618441105,,0.9875360131263733
9359,0.01465780008584261,,0.8030462861061096
9360,0.02004493586719036,,1.1584594249725342
9361,0.018878700211644173,,1.038956880569458
9362,0.017283597961068153,,0.9189006686210632
9363,0.018274536356329918,,1.1453735828399658
9364,0.014921915717422962,,0.9643421173095703
9365,0.015733031556010246,,0.8710275888442993
9366,0.015715651214122772,,0.8628755807876587
9367,0.013877185992896557,,0.7650167942047119
9368,0.013651501387357712,,0.8157519102096558
9369,0.013734094798564911,,0.8199342489242554
9370,0.015270733274519444,,0.8531783819198608
9371,0.017757659777998924,,1.0185539722442627
9372,0.016825545579195023,,0.9663441181182861
9373,0.01792440377175808,,0.8414885401725769
9374,0.016623035073280334,,0.9698222875595093
9375,0.01576387882232666,,0.8657742142677307
9376,0.014012900181114674,,1.0444283485412598
9377,0.0200051199644804,,1.0735679864883423
9378,0.01828298717737198,,1.2402427196502686
9379,0.018482355400919914,,1.1782381534576416
9380,0.01589031331241131,,0.9276138544082642
9381,0.017814064398407936,,1.0750435590744019
9382,0.014024562202394009,,0.8143684267997742
9383,0.018259292468428612,,1.0681713819503784
9384,0.017583394423127174,,1.053099274635315
9385,0.014003903605043888,,0.8135784268379211
9386,0.016089709475636482,,0.8753678798675537
9387,0.013760644011199474,,0.8275663256645203
9388,0.017767010256648064,,0.905676007270813
9389,0.01643572375178337,,0.9672238230705261
9390,0.015208427794277668,,0.8844006061553955
9391,0.015054933726787567,,0.895141065120697
9392,0.014273814857006073,,0.7879736423492432
9393,0.015177064575254917,,0.8720813989639282
9394,0.013407070189714432,,0.7759906649589539
9395,0.01243311446160078,,0.7179855108261108
9396,0.013310226611793041,,0.7790153622627258
9397,0.013846647925674915,,0.798370897769928
9398,0.01456520613282919,,0.7808958888053894
9399,0.016310494393110275,,0.8347947001457214
9400,0.01755199208855629,,0.9700732231140137
9401,0.016877243295311928,,0.8745339512825012
9402,0.013472727499902248,,0.8374094367027283
9403,0.021609565243124962,,1.2095834016799927
9404,0.01660216599702835,,1.1016877889633179
9405,0.018474487587809563,,1.1612516641616821
9406,0.0157830398529768,,0.9598643779754639
9407,0.0200330950319767,,1.1715373992919922
9408,0.015176781453192234,,0.9756820797920227
9409,0.01338241621851921,,0.8917712569236755
9410,0.01878111995756626,,0.975496232509613
9411,0.017833558842539787,,1.1473829746246338
9412,0.016704631969332695,,0.9834615588188171
9413,0.018308913335204124,,1.164924144744873
9414,0.013974769972264767,,0.9433763027191162
9415,0.01380652841180563,,0.88553386926651
9416,0.02137930691242218,,1.1679755449295044
9417,0.01720629446208477,,1.0459076166152954
9418,0.014055892825126648,,0.7920993566513062
9419,0.016044998541474342,,1.015974998474121
9420,0.014582193456590176,,0.7457451820373535
9421,0.017572952434420586,,1.044718861579895
9422,0.017799636349081993,,1.0183650255203247
9423,0.016838960349559784,,1.0705217123031616
9424,0.0124250752851367,,0.6386798024177551
9425,0.020121267065405846,,1.1789073944091797
9426,0.015406415797770023,,0.9338305592536926
9427,0.017950618639588356,,1.1586244106292725
9428,0.014763440005481243,,0.9036746621131897
9429,0.0168728269636631,,1.0521467924118042
9430,0.013823140412569046,,0.8037899136543274
9431,0.015738775953650475,,1.0302925109863281
9432,0.012829526327550411,,0.7518062591552734
9433,0.01457554567605257,,0.9794324636459351
9434,0.01427752897143364,,0.8095772862434387
9435,0.015892958268523216,,0.9933328628540039
9436,0.015369662083685398,,0.8611225485801697
9437,0.017947768792510033,,1.0127522945404053
9438,0.015475603751838207,,1.0852396488189697
9439,0.014027953147888184,,0.8265432119369507
9440,0.017077932134270668,,1.0660279989242554
9441,0.012953974306583405,,0.6802106499671936
9442,0.014478015713393688,,0.8868709802627563
9443,0.018674161285161972,,0.990975022315979
9444,0.017370697110891342,,1.0441190004348755
9445,0.015181257389485836,,0.7775574326515198
9446,0.011946874670684338,,0.6940546631813049
9447,0.01472021546214819,,0.8786646723747253
9448,0.014453130774199963,,0.9055051803588867
9449,0.016365742310881615,,0.9899584054946899
9450,0.019624698907136917,,1.2333629131317139
9451,0.016829313710331917,,0.9598891735076904
9452,0.01624813862144947,,1.0210779905319214
9453,0.015218517743051052,,0.9029087424278259
9454,0.017373835667967796,,0.9591580033302307
9455,0.018885113298892975,,1.0507934093475342
9456,0.015923768281936646,,0.9348104596138
9457,0.014203925617039204,,0.8220365047454834
9458,0.015213270671665668,,0.8739046454429626
9459,0.016135361045598984,,1.0187665224075317
9460,0.012702343054115772,,0.7546854615211487
9461,0.0157316867262125,,0.9399765729904175
9462,0.013161800801753998,,0.8503470420837402
9463,0.014618679881095886,,0.7594984173774719
9464,0.014607883989810944,,0.919598400592804
9465,0.01866694539785385,,0.8986678123474121
9466,0.02130194567143917,,1.0777132511138916
9467,0.012710119597613811,,0.6964237689971924
9468,0.01776798442006111,,1.1033306121826172
9469,0.0123555613681674,,0.6410883665084839
9470,0.01676248386502266,,1.1003375053405762
9471,0.014798484742641449,,0.8908097147941589
9472,0.0161502156406641,,0.8829001188278198
9473,0.016215184703469276,,0.9291250109672546
9474,0.014940428547561169,,0.874717652797699
9475,0.017821168527007103,,1.018249750137329
9476,0.014498509466648102,,0.9353914260864258
9477,0.018224814906716347,,1.087486743927002
9478,0.016565313562750816,,1.0360816717147827
9479,0.014602319337427616,,0.8549272418022156
9480,0.01729045808315277,,0.9523948431015015
9481,0.015865622088313103,,0.9983848333358765
9482,0.016673436388373375,,0.9116318225860596
9483,0.02159520983695984,,1.3167634010314941
9484,0.016945786774158478,,0.9004623293876648
9485,0.012340221554040909,,0.8170071840286255
9486,0.016614027321338654,,0.9899927377700806
9487,0.013810927979648113,,0.8445345759391785
9488,0.014694306999444962,,0.877332866191864
9489,0.015943018719553947,,0.8836830258369446
9490,0.015476583503186703,,1.0150851011276245
9491,0.01720271445810795,,0.8381214737892151
9492,0.017155485227704048,,0.9385330080986023
9493,0.0164201483130455,,0.8938903212547302
9494,0.016621282324194908,,0.8995510935783386
9495,0.017504172399640083,,0.9763627052307129
9496,0.015454697422683239,,0.9514985680580139
9497,0.015879711136221886,,0.8456684350967407
9498,0.014990688301622868,,0.8506365418434143
9499,0.015395074151456356,,0.9163218140602112
9500,0.01570242829620838,0.016388932385638755,0.9452818632125854
9501,0.01872768998146057,,0.9844197630882263
9502,0.018093109130859375,,1.156651258468628
9503,0.01746460422873497,,0.9868436455726624
9504,0.012951776385307312,,0.8879477381706238
9505,0.020227840170264244,,1.2316797971725464
9506,0.013191950507462025,,0.9096502065658569
9507,0.017423173412680626,,1.0813771486282349
9508,0.014071150682866573,,0.8802372813224792
9509,0.017907852306962013,,1.0895872116088867
9510,0.016861282289028168,,1.032355785369873
9511,0.013510209508240223,,0.7660779356956482
9512,0.016473082825541496,,0.9594515562057495
9513,0.01282928790897131,,0.7893401980400085
9514,0.016638197004795074,,0.99181067943573
9515,0.011981363408267498,,0.7242633700370789
9516,0.01439108420163393,,0.8760579824447632
9517,0.01585196517407894,,0.8085312247276306
9518,0.014096572995185852,,0.8675290942192078
9519,0.01595309004187584,,0.8582352995872498
9520,0.017712576314806938,,1.0388062000274658
9521,0.015155878849327564,,0.870597243309021
9522,0.01568666473031044,,0.9026763439178467
9523,0.015054752118885517,,0.868981659412384
9524,0.014574090950191021,,0.8113832473754883
9525,0.017356788739562035,,1.0822010040283203
9526,0.015822742134332657,,0.9209334254264832
9527,0.013555835001170635,,0.6904659867286682
9528,0.013562154024839401,,0.7562571167945862
9529,0.016738828271627426,,0.8768871426582336
9530,0.013957136310636997,,0.966654896736145
9531,0.012319772504270077,,0.7119491100311279
9532,0.013546489179134369,,0.800605833530426
9533,0.01360256690531969,,0.7602812051773071
9534,0.013962343335151672,,0.8234988451004028
9535,0.014667510986328125,,0.9534180164337158
9536,0.012532624416053295,,0.7806095480918884
9537,0.015501958318054676,,0.8943790793418884
9538,0.012896251864731312,,0.7410825490951538
9539,0.01445741206407547,,0.8471955060958862
9540,0.013504433445632458,,0.8299031257629395
9541,0.012281344272196293,,0.6360610127449036
9542,0.014965805225074291,,0.8314033150672913
9543,0.01578947715461254,,0.9141227602958679
9544,0.010966498404741287,,0.5671838521957397
9545,0.013807091861963272,,0.8027741312980652
9546,0.010667609982192516,,0.6237646341323853
9547,0.013416246511042118,,0.8068927526473999
9548,0.014811868779361248,,0.8070070147514343
9549,0.01096336916089058,,0.6653815507888794
9550,0.014686125330626965,,0.7973334193229675
9551,0.012036812491714954,,0.7628439664840698
9552,0.017346836626529694,,0.9177525639533997
9553,0.015251283533871174,,0.877520740032196
9554,0.016391821205615997,,1.0311908721923828
9555,0.013831033371388912,,0.769453763961792
9556,0.019826145842671394,,1.2119503021240234
9557,0.015926646068692207,,0.7736886739730835
9558,0.013933972455561161,,0.9793140888214111
9559,0.016398200765252113,,0.845100462436676
9560,0.02026773802936077,,1.358986496925354
9561,0.017427124083042145,,1.0905563831329346
9562,0.020183758810162544,,1.3936320543289185
9563,0.017439143732190132,,1.1377993822097778
9564,0.016602588817477226,,1.1606271266937256
9565,0.017431139945983887,,1.0931798219680786
9566,0.015342420898377895,,1.1058461666107178
9567,0.01273733377456665,,0.793969988822937
9568,0.01564394310116768,,1.0566120147705078
9569,0.016383923590183258,,0.9879071116447449
9570,0.019711622968316078,,1.354008674621582
9571,0.02255205623805523,,1.2203760147094727
9572,0.017247134819626808,,1.1810065507888794
9573,0.02303166687488556,,1.4120349884033203
9574,0.01440567895770073,,0.9884845614433289
9575,0.015559940598905087,,0.9809674024581909
9576,0.016355184838175774,,1.0286189317703247
9577,0.016468416899442673,,0.929182231426239
9578,0.015541213564574718,,1.0211939811706543
9579,0.019990399479866028,,1.0972225666046143
9580,0.019058214500546455,,1.2848650217056274
9581,0.018356265500187874,,1.124333143234253
9582,0.013326064683496952,,0.8724904656410217
9583,0.022208141162991524,,1.2440913915634155
9584,0.01532551646232605,,0.8799111247062683
9585,0.015197236090898514,,0.7851210236549377
9586,0.01614389754831791,,0.911963164806366
9587,0.016521334648132324,,0.8506426215171814
9588,0.01563967950642109,,0.8949434161186218
9589,0.017820023000240326,,0.9281594157218933
9590,0.016025284305214882,,0.9597483277320862
9591,0.0174671970307827,,0.9635449647903442
9592,0.019041026011109352,,1.169379472732544
9593,0.017509154975414276,,0.9774610996246338
9594,0.015699690207839012,,1.101431131362915
9595,0.017118172720074654,,0.9761560559272766
9596,0.014921392314136028,,0.928085446357727
9597,0.017959557473659515,,1.0562963485717773
9598,0.016737068071961403,,0.8918610215187073
9599,0.02007465250790119,,1.2503330707550049
9600,0.014415203593671322,,0.8540580868721008
9601,0.017643557861447334,,1.0889217853546143
9602,0.014903255738317966,,0.8656857013702393
9603,0.018150534480810165,,1.1272506713867188
9604,0.017704924568533897,,0.9742879271507263
9605,0.012473058886826038,,0.7432597875595093
9606,0.01588253118097782,,0.8424497842788696
9607,0.016524121165275574,,0.9074383974075317
9608,0.01780794747173786,,0.9829481244087219
9609,0.011970211751759052,,0.746992290019989
9610,0.016656894236803055,,0.9444774985313416
9611,0.013351395726203918,,0.7568745613098145
9612,0.013920282013714314,,0.8497685194015503
9613,0.013348464854061604,,0.7230422496795654
9614,0.020039526745676994,,1.0025088787078857
9615,0.019355038180947304,,1.1764284372329712
9616,0.015246386639773846,,0.8215478658676147
9617,0.017731279134750366,,0.9881478548049927
9618,0.010219340212643147,,0.5101441740989685
9619,0.017102979123592377,,1.0270572900772095
9620,0.015898779034614563,,0.8141998052597046
9621,0.017619671300053596,,1.0924184322357178
9622,0.015887146815657616,,0.9242204427719116
9623,0.015215388499200344,,0.8879919052124023
9624,0.01696399413049221,,1.0291835069656372
9625,0.015534006990492344,,0.9361478686332703
9626,0.01624780334532261,,0.9988827109336853
9627,0.01703139767050743,,0.9412989616394043
9628,0.013815496116876602,,0.9360740780830383
9629,0.017521243542432785,,0.996056079864502
9630,0.015177297405898571,,1.0615638494491577
9631,0.01632038876414299,,0.9583652019500732
9632,0.01569131202995777,,1.0241389274597168
9633,0.018704118207097054,,1.2151511907577515
9634,0.018612876534461975,,1.0612165927886963
9635,0.017036408185958862,,1.113218903541565
9636,0.01726101152598858,,0.9744222164154053
9637,0.017559019848704338,,1.1040732860565186
9638,0.01576317474246025,,0.9710548520088196
9639,0.013206970877945423,,0.724844217300415
9640,0.016778023913502693,,1.0977756977081299
9641,0.013310563750565052,,0.7415093779563904
9642,0.02087976038455963,,1.2064415216445923
9643,0.017058853060007095,,1.0701767206192017
9644,0.015064193867146969,,0.9505707621574402
9645,0.017065951600670815,,0.996753990650177
9646,0.015123486518859863,,0.9468119144439697
9647,0.015857914462685585,,0.9468241333961487
9648,0.0206077191978693,,1.1488224267959595
9649,0.015391584485769272,,0.916705310344696
9650,0.014101553708314896,,0.85959792137146
9651,0.016977248713374138,,0.8243589401245117
9652,0.01436538714915514,,0.9365249872207642
9653,0.01425791997462511,,0.6892933249473572
9654,0.015035334043204784,,0.8870353698730469
9655,0.015416557900607586,,0.8049777746200562
9656,0.015772538259625435,,0.9917842745780945
9657,0.017230091616511345,,1.0108684301376343
9658,0.01685369946062565,,0.9316241145133972
9659,0.017334917560219765,,0.9485417008399963
9660,0.013113077729940414,,0.7717236280441284
9661,0.012533892877399921,,0.7632040977478027
9662,0.014191419817507267,,0.6928892135620117
9663,0.01412468496710062,,0.8425747752189636
9664,0.016912253573536873,,0.8350845575332642
9665,0.01688542030751705,,0.9616917371749878
9666,0.012755013071000576,,0.7386618256568909
9667,0.014410180039703846,,0.8383779525756836
9668,0.015625597909092903,,0.8885090351104736
9669,0.015856409445405006,,0.9195119738578796
9670,0.014575201086699963,,0.9032993912696838
9671,0.016785314306616783,,0.8175203204154968
9672,0.017525941133499146,,0.966017484664917
9673,0.01276287529617548,,0.736629068851471
9674,0.015265480615198612,,0.8986977338790894
9675,0.015430492348968983,,0.849332869052887
9676,0.014667953364551067,,0.8555534482002258
9677,0.015339862555265427,,0.9768215417861938
9678,0.013709045946598053,,0.7285650372505188
9679,0.014890097081661224,,0.8367194533348083
9680,0.01345125213265419,,0.65562903881073
9681,0.012264623306691647,,0.7596509456634521
9682,0.012691542506217957,,0.6474567651748657
9683,0.015035410411655903,,0.7265123128890991
9684,0.01303987205028534,,0.7038927674293518
9685,0.01393892988562584,,0.686907947063446
9686,0.013936106115579605,,0.7285207509994507
9687,0.014805853366851807,,0.7485059499740601
9688,0.015722153708338737,,0.976624608039856
9689,0.013254701159894466,,0.7480855584144592
9690,0.015276658348739147,,0.899294912815094
9691,0.015369419939815998,,0.8605051040649414
9692,0.014286587946116924,,0.7991626858711243
9693,0.01815720833837986,,0.927345871925354
9694,0.013998365961015224,,0.8983849287033081
9695,0.016248157247900963,,0.9376281499862671
9696,0.014872580766677856,,1.0877403020858765
9697,0.017647704109549522,,1.0485354661941528
9698,0.017292482778429985,,1.1308259963989258
9699,0.016975514590740204,,1.1436644792556763
9700,0.01854945905506611,,1.2628984451293945
9701,0.014739465899765491,,0.9617283940315247
9702,0.017593318596482277,,1.2043509483337402
9703,0.01765025407075882,,0.9758862853050232
9704,0.01625383086502552,,1.0635172128677368
9705,0.015576967038214207,,0.8990615606307983
9706,0.01970042660832405,,1.2920825481414795
9707,0.01830250211060047,,1.0425350666046143
9708,0.01955934427678585,,1.3362737894058228
9709,0.019202450290322304,,1.2351202964782715
9710,0.01979069598019123,,1.202335000038147
9711,0.01924956403672695,,1.3069980144500732
9712,0.018024012446403503,,1.1210441589355469
9713,0.01656886376440525,,1.1500327587127686
9714,0.02015412412583828,,1.2105774879455566
9715,0.015421568416059017,,0.9931653738021851
9716,0.019673684611916542,,1.135809302330017
9717,0.017712298780679703,,1.1127221584320068
9718,0.019044941291213036,,1.051975131034851
9719,0.017265060916543007,,1.0870282649993896
9720,0.014419685117900372,,0.8251446485519409
9721,0.017155267298221588,,1.050128698348999
9722,0.017104677855968475,,0.9717162251472473
9723,0.01704801805317402,,0.9708056449890137
9724,0.02050642855465412,,1.1877052783966064
9725,0.015066083520650864,,0.8480066657066345
9726,0.014292832463979721,,0.8292384743690491
9727,0.01816508173942566,,1.1101449728012085
9728,0.021499773487448692,,1.2969759702682495
9729,0.015027790330350399,,0.9074034690856934
9730,0.019942618906497955,,1.1614391803741455
9731,0.017531991004943848,,0.9902633428573608
9732,0.017953036352992058,,1.0170682668685913
9733,0.016701718792319298,,0.9573280215263367
9734,0.02083529531955719,,1.368889331817627
9735,0.020798226818442345,,1.2493159770965576
9736,0.017986325547099113,,1.133013367652893
9737,0.018910879269242287,,1.0644129514694214
9738,0.016260167583823204,,0.9385060667991638
9739,0.01870756782591343,,1.0934773683547974
9740,0.017202211543917656,,0.9143194556236267
9741,0.020270051434636116,,1.2362059354782104
9742,0.014947079122066498,,0.8079671263694763
9743,0.013896729797124863,,0.9428285360336304
9744,0.014159181155264378,,0.8740427494049072
9745,0.012841947376728058,,0.7468667030334473
9746,0.016330955550074577,,0.937900722026825
9747,0.014577515423297882,,0.819436252117157
9748,0.019748276099562645,,1.0973225831985474
9749,0.015399203635752201,,0.9441017508506775
9750,0.012319770641624928,,0.727243959903717
9751,0.016231922432780266,,0.9445331692695618
9752,0.016117621213197708,,0.995537281036377
9753,0.01672067865729332,,0.8279889822006226
9754,0.0170851219445467,,0.9169507026672363
9755,0.012003645300865173,,0.6254162788391113
9756,0.015242052264511585,,0.8481705188751221
9757,0.013578314334154129,,0.7582792639732361
9758,0.018169591203331947,,1.0079550743103027
9759,0.016171768307685852,,0.8931891918182373
9760,0.015578399412333965,,0.822745144367218
9761,0.014583996497094631,,0.8971037268638611
9762,0.015756720677018166,,0.9315484166145325
9763,0.013892372138798237,,0.7965648174285889
9764,0.013540158979594707,,0.736154317855835
9765,0.012391972355544567,,0.738772988319397
9766,0.013645477592945099,,0.7781879901885986
9767,0.01563706248998642,,0.8627198934555054
9768,0.016312608495354652,,0.8871800899505615
9769,0.013172157108783722,,0.786738932132721
9770,0.016625184565782547,,0.7798578143119812
9771,0.011106000281870365,,0.6300692558288574
9772,0.016174187883734703,,0.8929500579833984
9773,0.015643591061234474,,0.9405393004417419
9774,0.02094140462577343,,1.214547872543335
9775,0.015000294893980026,,0.9621015191078186
9776,0.01626538299024105,,0.9945145845413208
9777,0.016672225669026375,,0.9993077516555786
9778,0.013932503759860992,,0.9091493487358093
9779,0.018512414768338203,,1.043495535850525
9780,0.014230914413928986,,0.8759750723838806
9781,0.01864413358271122,,1.093879222869873
9782,0.018286773934960365,,1.1049480438232422
9783,0.01706683449447155,,1.013006329536438
9784,0.01576714776456356,,0.9752383828163147
9785,0.013891334645450115,,0.8085014224052429
9786,0.015814634039998055,,0.9875549077987671
9787,0.015364992432296276,,0.8947224617004395
9788,0.018696926534175873,,1.102210283279419
9789,0.01376856118440628,,0.8237982392311096
9790,0.013771895319223404,,0.7958593368530273
9791,0.014830772764980793,,0.9355111122131348
9792,0.013163483701646328,,0.8073058128356934
9793,0.015828033909201622,,0.8320563435554504
9794,0.014916297048330307,,0.8283690214157104
9795,0.014775488525629044,,0.8737637996673584
9796,0.013338729739189148,,0.8819655179977417
9797,0.019686559215188026,,0.9694179892539978
9798,0.02115176059305668,,1.5216388702392578
9799,0.018163280561566353,,1.122539758682251
9800,0.01998492144048214,,1.2575809955596924
9801,0.02031637541949749,,1.2787553071975708
9802,0.017116375267505646,,1.1009467840194702
9803,0.014339219778776169,,0.9148477911949158
9804,0.017026519402861595,,1.0442745685577393
9805,0.01725153811275959,,0.9829761385917664
9806,0.01793767139315605,,1.1757351160049438
9807,0.015302815474569798,,0.9338256120681763
9808,0.016981016844511032,,1.051990032196045
9809,0.017091253772377968,,1.0657004117965698
9810,0.01685585267841816,,0.9710169434547424
9811,0.01523533184081316,,0.9037200212478638
9812,0.015294346027076244,,0.7521632313728333
9813,0.01734386943280697,,1.0786643028259277
9814,0.015319702215492725,,0.8338901996612549
9815,0.017893778160214424,,1.1744595766067505
9816,0.01739569939672947,,0.9483773708343506
9817,0.019983047619462013,,1.2782288789749146
9818,0.017511561512947083,,0.8923765420913696
9819,0.014592970721423626,,0.8918377757072449
9820,0.018098747357726097,,0.9719998836517334
9821,0.01290623378008604,,0.8684330582618713
9822,0.0185270793735981,,1.015289306640625
9823,0.014847219921648502,,0.9631848335266113
9824,0.017339197918772697,,1.0124915838241577
9825,0.015265797264873981,,0.955005943775177
9826,0.016123691573739052,,0.9015596508979797
9827,0.014889717102050781,,0.995581865310669
9828,0.013790573924779892,,0.8915770053863525
9829,0.015689680352807045,,0.9791252613067627
9830,0.011900472454726696,,0.7381714582443237
9831,0.0158003568649292,,1.0189658403396606
9832,0.01628984324634075,,0.8707672953605652
9833,0.016405316069722176,,1.0100793838500977
9834,0.01525507215410471,,0.8336771130561829
9835,0.01695532537996769,,0.988267183303833
9836,0.012936513870954514,,0.6943545341491699
9837,0.0188369732350111,,1.1559747457504272
9838,0.019198739901185036,,1.027745008468628
9839,0.020326800644397736,,1.2200543880462646
9840,0.015470935963094234,,0.8631909489631653
9841,0.016291161999106407,,1.0603333711624146
9842,0.018384424969553947,,1.1532434225082397
9843,0.017046812921762466,,1.0283466577529907
9844,0.01828182302415371,,1.123908281326294
9845,0.014735709875822067,,0.9052780866622925
9846,0.01856817491352558,,1.0952016115188599
9847,0.01580694504082203,,0.9226460456848145
9848,0.012621714733541012,,0.773043155670166
9849,0.015409412793815136,,0.9018444418907166
9850,0.016154993325471878,,0.9359237551689148
9851,0.014815349131822586,,0.9089467525482178
9852,0.015512876212596893,,0.8572857975959778
9853,0.012534797191619873,,0.7196645140647888
9854,0.012560844421386719,,0.7827841639518738
9855,0.01484768744558096,,0.777565598487854
9856,0.01626451127231121,,1.0304511785507202
9857,0.013896428048610687,,0.7525019645690918
9858,0.016549499705433846,,0.979977548122406
9859,0.016185494139790535,,0.8494716882705688
9860,0.016125513240695,,1.0631747245788574
9861,0.01624452881515026,,0.8499652743339539
9862,0.015919839963316917,,1.0370842218399048
9863,0.013359412550926208,,0.8224788308143616
9864,0.01599135249853134,,1.0303704738616943
9865,0.012708038091659546,,0.7800083756446838
9866,0.016708774492144585,,0.9672552943229675
9867,0.014707773923873901,,0.9304183721542358
9868,0.01531265676021576,,0.8921714425086975
9869,0.01564907096326351,,0.9308434724807739
9870,0.014407369308173656,,0.8733842372894287
9871,0.022490933537483215,,1.2570382356643677
9872,0.013339797966182232,,0.8441027402877808
9873,0.018914492800831795,,1.1431541442871094
9874,0.02229391597211361,,1.3964712619781494
9875,0.010310987941920757,,0.6642240285873413
9876,0.016238266602158546,,0.9871376156806946
9877,0.013591376133263111,,0.9153749346733093
9878,0.012919202446937561,,0.7913057804107666
9879,0.016295379027724266,,0.9319060444831848
9880,0.015101008117198944,,0.8602126240730286
9881,0.020034797489643097,,1.1289666891098022
9882,0.014322365634143353,,0.9008310437202454
9883,0.019799886271357536,,1.164693832397461
9884,0.015477417968213558,,0.9263653755187988
9885,0.014864668250083923,,0.9245446920394897
9886,0.014509126543998718,,0.917488694190979
9887,0.014988199807703495,,1.013364553451538
9888,0.017578955739736557,,1.0363792181015015
9889,0.015799520537257195,,0.9692633152008057
9890,0.014287984929978848,,0.7892440557479858
9891,0.014414445497095585,,0.7804479598999023
9892,0.013462179340422153,,0.7651438117027283
9893,0.01812993735074997,,0.9372289776802063
9894,0.01595042459666729,,0.8896284699440002
9895,0.01617315225303173,,0.823140025138855
9896,0.014458599500358105,,0.8212469220161438
9897,0.013943118043243885,,0.7743189334869385
9898,0.016317268833518028,,0.8500232696533203
9899,0.019484488293528557,,0.9773611426353455
9900,0.013835106045007706,,0.8039621710777283
9901,0.02033994533121586,,1.0949019193649292
9902,0.018589282408356667,,1.2308623790740967
9903,0.021352015435695648,,1.152851939201355
9904,0.020994611084461212,,1.4126803874969482
9905,0.015395070426166058,,0.9680272340774536
9906,0.015559411607682705,,1.0660274028778076
9907,0.01800076849758625,,1.1317312717437744
9908,0.01535770669579506,,0.9884572625160217
9909,0.015134680084884167,,0.9742605090141296
9910,0.017577553167939186,,1.0544852018356323
9911,0.015703260898590088,,0.908706545829773
9912,0.015101373195648193,,0.9658083319664001
9913,0.014449710957705975,,0.8641271591186523
9914,0.01435143407434225,,0.962954580783844
9915,0.012905530631542206,,0.7701539993286133
9916,0.013809941709041595,,0.8259547352790833
9917,0.014352974481880665,,0.8121567964553833
9918,0.010339075699448586,,0.6956055164337158
9919,0.013876396231353283,,0.7802733778953552
9920,0.014293801039457321,,0.7755666375160217
9921,0.012647551484405994,,0.7637426853179932
9922,0.016306322067975998,,0.8094058632850647
9923,0.021143948659300804,,1.0547934770584106
9924,0.014581753872334957,,0.7793854475021362
9925,0.012895162217319012,,0.7299954295158386
9926,0.01626739464700222,,0.6848121881484985
9927,0.016256513074040413,,0.9184074401855469
9928,0.010459923185408115,,0.5868302583694458
9929,0.01357483584433794,,0.7688031792640686
9930,0.014422840438783169,,0.6886075139045715
9931,0.014461680315434933,,0.9442118406295776
9932,0.014225110411643982,,0.7304214835166931
9933,0.019343050196766853,,1.1124584674835205
9934,0.017406564205884933,,0.989704430103302
9935,0.012291661463677883,,0.8013761639595032
9936,0.014335233718156815,,0.8778923749923706
9937,0.012826289050281048,,0.6604793667793274
9938,0.015526129864156246,,0.9738161563873291
9939,0.011557996273040771,,0.6726253032684326
9940,0.015262779779732227,,0.9490012526512146
9941,0.012474448420107365,,0.7597717046737671
9942,0.015373297035694122,,0.9573782086372375
9943,0.014461785554885864,,0.7751774191856384
9944,0.017434416338801384,,0.9677730202674866
9945,0.02103894017636776,,1.1826995611190796
9946,0.012597915716469288,,0.6537667512893677
9947,0.011831357143819332,,0.6246412396430969
9948,0.014042188413441181,,0.7414749264717102
9949,0.014323036186397076,,0.7143896222114563
9950,0.014703760854899883,,0.8434732556343079
9951,0.015848500654101372,,0.765082836151123
9952,0.012446470558643341,,0.8115732073783875
9953,0.010726225562393665,,0.6020803451538086
9954,0.013280659914016724,,0.7398216724395752
9955,0.015343747101724148,,0.8685511350631714
9956,0.016869036480784416,,0.9224775433540344
9957,0.012456133961677551,,0.7220592498779297
9958,0.01438856404274702,,0.7634411454200745
9959,0.014413793571293354,,0.8142130374908447
9960,0.015747711062431335,,0.7791129946708679
9961,0.014781136065721512,,0.8807944059371948
9962,0.012359648942947388,,0.6365243792533875
9963,0.01734464056789875,,0.9245979189872742
9964,0.018963651731610298,,1.2194710969924927
9965,0.015450660139322281,,0.7919981479644775
9966,0.017273103818297386,,1.291666030883789
9967,0.018345311284065247,,0.9671300649642944
9968,0.021372301504015923,,1.4128981828689575
9969,0.017057931050658226,,1.0568941831588745
9970,0.015418939292430878,,0.9523332715034485
9971,0.01852639950811863,,1.13458251953125
9972,0.013562221080064774,,0.8365989923477173
9973,0.014424809254705906,,0.9592724442481995
9974,0.013941690325737,,0.7974520325660706
9975,0.015056402422487736,,0.9567820429801941
9976,0.015278100967407227,,0.917934000492096
9977,0.018444206565618515,,0.9791862368583679
9978,0.015312966890633106,,0.9729666709899902
9979,0.015354841947555542,,0.7844512462615967
9980,0.0176068264991045,,1.0432490110397339
9981,0.014401501975953579,,0.7869972586631775
9982,0.015681566670536995,,0.8576747179031372
9983,0.01536595169454813,,0.8286513090133667
9984,0.0142438979819417,,0.7458393573760986
9985,0.01467770803719759,,0.8323653340339661
9986,0.013698737137019634,,0.7529661655426025
9987,0.01730731502175331,,0.9700540900230408
9988,0.019021742045879364,,1.0980877876281738
9989,0.01172507181763649,,0.636460542678833
9990,0.019078994169831276,,1.0740445852279663
9991,0.01400564145296812,,0.8939760327339172
9992,0.015603636391460896,,0.853735625743866
9993,0.016094297170639038,,1.0433884859085083
9994,0.012609590776264668,,0.7646755576133728
9995,0.016846461221575737,,0.9771206974983215
9996,0.01394742727279663,,0.9446198344230652
9997,0.019382419064641,,1.0606943368911743
9998,0.020122619345784187,,1.2867909669876099
9999,0.017181502655148506,,1.0277678966522217
10000,0.013001623563468456,0.019876355974031618,0.9921353459358215
