update,train_loss,val_loss,gradient_norm
1,0.10883305966854095,0.1044646408325797,0.05595412105321884
2,0.10248809307813644,,0.05359721556305885
3,0.09602129459381104,,0.05052965134382248
4,0.09983401000499725,,0.05342954769730568
5,0.09974317997694016,,0.05242239683866501
6,0.10018782317638397,,0.052969831973314285
7,0.10092311352491379,,0.05387049540877342
8,0.10259121656417847,,0.056153230369091034
9,0.09174121916294098,,0.05056802183389664
10,0.09095107018947601,,0.05073767900466919
11,0.09180023521184921,,0.05293329432606697
12,0.08918637037277222,,0.05170717462897301
13,0.08345238864421844,,0.049659859389066696
14,0.08634498715400696,,0.05319814011454582
15,0.08699482679367065,,0.0555330365896225
16,0.0782604068517685,,0.05063904449343681
17,0.08387519419193268,,0.058129314333200455
18,0.08072464168071747,,0.0588657446205616
19,0.0739636942744255,,0.05447203293442726
20,0.0678534284234047,,0.054662227630615234
21,0.06403025984764099,,0.05789514631032944
22,0.06021689623594284,,0.05242449790239334
23,0.055218156427145004,,0.0478348582983017
24,0.04968981072306633,,0.04388055205345154
25,0.048461295664310455,,0.04025621339678764
26,0.044471826404333115,,0.03605709969997406
27,0.046427171677351,,0.04431402310729027
28,0.04655027389526367,,0.04815084487199783
29,0.04969596117734909,,0.046266768127679825
30,0.05018492043018341,,0.05238983780145645
31,0.04704480990767479,,0.0461987741291523
32,0.045201417058706284,,0.04541381075978279
33,0.04207732528448105,,0.03998446837067604
34,0.043452393263578415,,0.036651019006967545
35,0.04284239560365677,,0.027911799028515816
36,0.04084448516368866,,0.02527417428791523
37,0.037465520203113556,,0.02246093563735485
38,0.03979552537202835,,0.022030044347047806
39,0.040442224591970444,,0.025198137387633324
40,0.03743235766887665,,0.025677092373371124
41,0.0365680530667305,,0.025207968428730965
42,0.036099206656217575,,0.026486285030841827
43,0.03606817498803139,,0.0237728338688612
44,0.03440772742033005,,0.02025999315083027
45,0.03652304410934448,,0.020794911310076714
46,0.03351917490363121,,0.01909681409597397
47,0.03216063231229782,,0.017767924815416336
48,0.03315773978829384,,0.016134843230247498
49,0.030077507719397545,,0.018356692045927048
50,0.030590292066335678,,0.016547294333577156
51,0.030924540013074875,,0.01873037964105606
52,0.030681923031806946,,0.019722191616892815
53,0.03056669794023037,,0.01865445077419281
54,0.03070198744535446,,0.021933404728770256
55,0.029234884306788445,,0.019189026206731796
56,0.03026045672595501,,0.02090342715382576
57,0.028854459524154663,,0.02288539707660675
58,0.03055189549922943,,0.023934463039040565
59,0.029315775260329247,,0.018492618575692177
60,0.027399342507123947,,0.02568926103413105
61,0.028133172541856766,,0.01909901201725006
62,0.025762265548110008,,0.01635291799902916
63,0.02664574608206749,,0.017500443384051323
64,0.02541445940732956,,0.014584657736122608
65,0.02649526298046112,,0.014013201929628849
66,0.025696542114019394,,0.013801302760839462
67,0.022875603288412094,,0.013737538829445839
68,0.023720234632492065,,0.01487637311220169
69,0.026106730103492737,,0.012179904617369175
70,0.0217999629676342,,0.02076510153710842
71,0.022687837481498718,,0.014670354314148426
72,0.023607557639479637,,0.01832948438823223
73,0.021696798503398895,,0.014474024996161461
74,0.022844545543193817,,0.019192280247807503
75,0.01926395483314991,,0.014813490211963654
76,0.020035218447446823,,0.013022451661527157
77,0.021750736981630325,,0.014275911264121532
78,0.020717959851026535,,0.016134675592184067
79,0.01679125241935253,,0.016246503219008446
80,0.01828056015074253,,0.014625164680182934
81,0.018548136577010155,,0.01487246248871088
82,0.01799892820417881,,0.017932090908288956
83,0.01772340200841427,,0.015537782572209835
84,0.017585238441824913,,0.012635831721127033
85,0.016208641231060028,,0.01642455719411373
86,0.0141989691182971,,0.015309703536331654
87,0.01679632067680359,,0.014158671721816063
88,0.015463287010788918,,0.013544334098696709
89,0.015454784035682678,,0.018991757184267044
90,0.016636451706290245,,0.014426925219595432
91,0.013245215639472008,,0.01335049793124199
92,0.013109646737575531,,0.018120428547263145
93,0.013549290597438812,,0.014345737174153328
94,0.01306750439107418,,0.010468626394867897
95,0.01316106878221035,,0.012956022284924984
96,0.015378965064883232,,0.012244023382663727
97,0.012860752642154694,,0.014977706596255302
98,0.013122296892106533,,0.012174767442047596
99,0.014213035814464092,,0.010397141799330711
100,0.012614605948328972,,0.011692773550748825
101,0.012632454745471478,,0.016423065215349197
102,0.011899079196155071,,0.02088540978729725
103,0.011398869566619396,,0.01209531631320715
104,0.014023891650140285,,0.011959031224250793
105,0.011133639141917229,,0.010053809732198715
106,0.012432913295924664,,0.010147178545594215
107,0.010489090345799923,,0.008391762152314186
108,0.012651655822992325,,0.011307583190500736
109,0.010868951678276062,,0.009197098203003407
110,0.008943580090999603,,0.008623892441391945
111,0.011816160753369331,,0.008704558946192265
112,0.009682286530733109,,0.00806699600070715
113,0.010579056106507778,,0.011684131808578968
114,0.010786029510200024,,0.0087417121976614
115,0.010147376917302608,,0.008990492671728134
116,0.009692488238215446,,0.007187394425272942
117,0.009398695081472397,,0.01005942840129137
118,0.011180642060935497,,0.011284521780908108
119,0.007795536890625954,,0.009045966900885105
120,0.011447581462562084,,0.010110290721058846
121,0.008617180399596691,,0.01240178570151329
122,0.009464631788432598,,0.011290626600384712
123,0.008340161293745041,,0.015456786379218102
124,0.008720533922314644,,0.007381371222436428
125,0.007507731672376394,,0.007971107959747314
126,0.009652049280703068,,0.010745703242719173
127,0.008000355213880539,,0.01051146350800991
128,0.010853315703570843,,0.008625151589512825
129,0.008001584559679031,,0.008602892979979515
130,0.008296264335513115,,0.007143763359636068
131,0.00757611682638526,,0.012353641912341118
132,0.008942557498812675,,0.009142550639808178
133,0.006962206214666367,,0.006065915338695049
134,0.007524088956415653,,0.011749557219445705
135,0.00830288976430893,,0.012133290991187096
136,0.008398947305977345,,0.007607011590152979
137,0.008593134582042694,,0.0104615343734622
138,0.007272080983966589,,0.009565223008394241
139,0.007312631234526634,,0.008157627657055855
140,0.006716068834066391,,0.0072026485577225685
141,0.007361175026744604,,0.008362791500985622
142,0.00654437392950058,,0.007812467869371176
143,0.006418099161237478,,0.007996883243322372
144,0.0062484536319971085,,0.00868507381528616
145,0.006012464873492718,,0.009685520082712173
146,0.005662811454385519,,0.008593326434493065
147,0.006649238523095846,,0.01042170636355877
148,0.005424519535154104,,0.008732756599783897
149,0.005034894682466984,,0.008991207927465439
150,0.004302243236452341,,0.009070761501789093
151,0.004985729232430458,,0.009085028432309628
152,0.004014147445559502,,0.00875144824385643
153,0.00406995415687561,,0.010779841803014278
154,0.004136326257139444,,0.009631844237446785
155,0.004303433001041412,,0.012318144552409649
156,0.003629733808338642,,0.0097391651943326
157,0.003755714278668165,,0.011294040828943253
158,0.0034545564558357,,0.011630313470959663
159,0.0033218632452189922,,0.01053518708795309
160,0.0034333437215536833,,0.009388323873281479
161,0.002862592227756977,,0.007371078711003065
162,0.0026645311154425144,,0.008952900767326355
163,0.003033233340829611,,0.008247333578765392
164,0.0029913352336734533,,0.007102280389517546
165,0.00268018851056695,,0.005709139630198479
166,0.0032296422868967056,,0.009689653292298317
167,0.002695034258067608,,0.007448547054082155
168,0.0025902031920850277,,0.009294120594859123
169,0.0025161763187497854,,0.0069030397571623325
170,0.002858094871044159,,0.007204324472695589
171,0.002784921322017908,,0.006794144865125418
172,0.002560982946306467,,0.006591255310922861
173,0.002269349992275238,,0.006909554824233055
174,0.0021287051495164633,,0.00631960853934288
175,0.0024596843868494034,,0.006462115328758955
176,0.002203969983384013,,0.00780748575925827
177,0.0021717920899391174,,0.008498294278979301
178,0.0022447658702731133,,0.008593492209911346
179,0.002067822962999344,,0.006683495827019215
180,0.002340723527595401,,0.009942230768501759
181,0.0020947949960827827,,0.006384789478033781
182,0.002096426673233509,,0.006534912157803774
183,0.002426633145660162,,0.009770696982741356
184,0.0018836082890629768,,0.006122401915490627
185,0.0019437571754679084,,0.005723945330828428
186,0.001853019348345697,,0.007120074704289436
187,0.0021707601845264435,,0.004707809071987867
188,0.0022795775439590216,,0.007249480579048395
189,0.0018594891298562288,,0.0050462051294744015
190,0.0020014403853565454,,0.0057403030805289745
191,0.0015838614199310541,,0.004862179514020681
192,0.001996938604861498,,0.003862053854390979
193,0.0017981290584430099,,0.005894627887755632
194,0.0016722189029678702,,0.009158278815448284
195,0.002188483253121376,,0.005323478020727634
196,0.002733079483732581,,0.009610580280423164
197,0.0018336288630962372,,0.005930162966251373
198,0.002075482625514269,,0.0071595823392271996
199,0.0016036642482504249,,0.008631707169115543
200,0.0020675617270171642,,0.004729392006993294
201,0.0014215552946552634,,0.005268298555165529
202,0.0016119536012411118,,0.007429459597915411
203,0.001513720490038395,,0.006399351172149181
204,0.00241989828646183,,0.005983097478747368
205,0.0021621461492031813,,0.008521626703441143
206,0.0015310377348214388,,0.004663722589612007
207,0.0021589051466435194,,0.006157320458441973
208,0.0014910218305885792,,0.005876433104276657
209,0.0014041364192962646,,0.005642444361001253
210,0.0016521945362910628,,0.006365099456161261
211,0.0015748342266306281,,0.0049066790379583836
212,0.0015276188496500254,,0.006075250916182995
213,0.0018395393854007125,,0.006010585930198431
214,0.0020839981734752655,,0.004695989657193422
215,0.0015746610006317496,,0.005835600197315216
216,0.0019219617825001478,,0.00482264393940568
217,0.0015776751097291708,,0.004536195658147335
218,0.0020137547980993986,,0.006527984980493784
219,0.001444765250198543,,0.00631393026560545
220,0.0015699868090450764,,0.003993615973740816
221,0.001907719997689128,,0.006962988059967756
222,0.0017152407672256231,,0.0065933880396187305
223,0.0018673238810151815,,0.00281355669721961
224,0.0018164062639698386,,0.008341703563928604
225,0.002181726275011897,,0.006282038986682892
226,0.0015688006533309817,,0.005719101056456566
227,0.001368408789858222,,0.008634719997644424
228,0.0014597292756661773,,0.00482584536075592
229,0.0020525921136140823,,0.00501948781311512
230,0.0014981775311753154,,0.007823753170669079
231,0.001980218105018139,,0.004927988164126873
232,0.0025185588747262955,,0.005439608823508024
233,0.0016861901385709643,,0.007117207162082195
234,0.002113165333867073,,0.004446152597665787
235,0.002139271469786763,,0.004430290311574936
236,0.001686537521891296,,0.003453246084973216
237,0.0017361383652314544,,0.004212544299662113
238,0.001597548252902925,,0.003562875324860215
239,0.0016305590979754925,,0.003523085033521056
240,0.0021522147580981255,,0.004877170547842979
241,0.0013271517818793654,,0.0037996943574398756
242,0.0014072069898247719,,0.004425019957125187
243,0.001783387502655387,,0.0038044708780944347
244,0.0012665223330259323,,0.005387343466281891
245,0.0017829666612669826,,0.003962932154536247
246,0.0013032471761107445,,0.005620265379548073
247,0.0013520969077944756,,0.004310105927288532
248,0.0016703035216778517,,0.0052999770268797874
249,0.0015730572631582618,,0.004051636438816786
250,0.0015972936525940895,,0.0035286955535411835
251,0.0013600655365735292,,0.0046293362975120544
252,0.0012622359208762646,,0.005013616755604744
253,0.0015929422806948423,,0.004447514656931162
254,0.0012761922553181648,,0.004270897246897221
255,0.0015128788072615862,,0.0034931013360619545
256,0.0014717215672135353,,0.004148009233176708
257,0.0017278653103858232,,0.0027167925145477057
258,0.0014328144025057554,,0.004148493055254221
259,0.0013121882220730186,,0.005906675476580858
260,0.0011922594858333468,,0.004553915932774544
261,0.0017490801401436329,,0.0036361280363053083
262,0.00216837995685637,,0.0043649631552398205
263,0.0014034509658813477,,0.0036224613431841135
264,0.0016035273438319564,,0.005225843749940395
265,0.0013579841470345855,,0.003885692683979869
266,0.0019523135852068663,,0.004375902470201254
267,0.0013688228791579604,,0.003158529521897435
268,0.0012572708074003458,,0.0041611394844949245
269,0.0014866606798022985,,0.0029393904842436314
270,0.0022063483484089375,,0.004995584022253752
271,0.001462230458855629,,0.003569025779142976
272,0.0015513186808675528,,0.0033547072671353817
273,0.001472503412514925,,0.004321923945099115
274,0.0012212813599035144,,0.004364700987935066
275,0.0014485614374279976,,0.004368267487734556
276,0.0014299240428954363,,0.004870557226240635
277,0.0013195527717471123,,0.0031484770588576794
278,0.0011365152895450592,,0.004951108247041702
279,0.0010635833023115993,,0.00535954162478447
280,0.0014350339770317078,,0.0044863163493573666
281,0.0016384066548198462,,0.006591115612536669
282,0.001840632758103311,,0.005160999950021505
283,0.001592530868947506,,0.0035446754191070795
284,0.0013374530244618654,,0.0065434216521680355
285,0.001826838473789394,,0.0054684956558048725
286,0.0013724598102271557,,0.006108133587986231
287,0.0012935559498146176,,0.004244939424097538
288,0.0015275984769687057,,0.005598996300250292
289,0.0014136990066617727,,0.003932385705411434
290,0.0014436807250604033,,0.004742315970361233
291,0.001148328883573413,,0.005345068406313658
292,0.0011618912685662508,,0.004615360405296087
293,0.0011845785193145275,,0.005949626211076975
294,0.0015131344553083181,,0.0040301005356013775
295,0.00145977851934731,,0.005980866961181164
296,0.0013134151231497526,,0.0036446056328713894
297,0.001764805754646659,,0.005525427404791117
298,0.001429644413292408,,0.005685317330062389
299,0.0011695047141984105,,0.004259559791535139
300,0.0014676705468446016,,0.005375531502068043
301,0.0013428538804873824,,0.006250710226595402
302,0.0012150274123996496,,0.005663841962814331
303,0.0018129795789718628,,0.00428799306973815
304,0.0012456701369956136,,0.006783978547900915
305,0.0012220635544508696,,0.003918240312486887
306,0.0016719154082238674,,0.00608587684109807
307,0.001145795569755137,,0.006317222025245428
308,0.0013966185506433249,,0.006793287582695484
309,0.001415482722222805,,0.004987373482435942
310,0.001561263925395906,,0.0029272176325321198
311,0.00152905925642699,,0.00601984141394496
312,0.0013424612116068602,,0.00492302980273962
313,0.0015259993961080909,,0.004208269063383341
314,0.0017594069940969348,,0.006155823357403278
315,0.0012981699546799064,,0.003356852801516652
316,0.0014875547494739294,,0.004173244349658489
317,0.0014855604385957122,,0.00589003087952733
318,0.0015054368413984776,,0.005086247809231281
319,0.0012205940438434482,,0.005442693829536438
320,0.0018533144611865282,,0.004542463459074497
321,0.0013636276125907898,,0.003952012863010168
322,0.0014270851388573647,,0.004733866546303034
323,0.0013807432260364294,,0.0032173574436455965
324,0.0011308955727145076,,0.0037675034254789352
325,0.0013001933693885803,,0.003894761437550187
326,0.001434326171875,,0.004948364105075598
327,0.0014820776414126158,,0.003671667305752635
328,0.0013312249211594462,,0.004012974910438061
329,0.001360307796858251,,0.004109455272555351
330,0.001725141890347004,,0.005380007438361645
331,0.0011049803579226136,,0.0032328872475773096
332,0.001282883109524846,,0.004136861767619848
333,0.0015607110690325499,,0.004114922136068344
334,0.0017689305823296309,,0.0042775655165314674
335,0.0018376572988927364,,0.003912959713488817
336,0.0011353461304679513,,0.00331956148147583
337,0.00154851411934942,,0.003244453575462103
338,0.0012556840665638447,,0.004163232631981373
339,0.0014178589917719364,,0.003643676405772567
340,0.001194296171888709,,0.004277416504919529
341,0.0011614322429522872,,0.0042429701425135136
342,0.0011118294205516577,,0.003319100011140108
343,0.0011695788707584143,,0.00450205197557807
344,0.0013195786159485579,,0.004122799262404442
345,0.0016721355495974422,,0.004712915979325771
346,0.0013829607050865889,,0.005307008512318134
347,0.0010409754468128085,,0.0036924839951097965
348,0.0014513509813696146,,0.005651027429848909
349,0.0013000727631151676,,0.0038926207926124334
350,0.0013146407436579466,,0.003878072602674365
351,0.0015688169514760375,,0.004250820260494947
352,0.001361318863928318,,0.005135111510753632
353,0.0012887311168015003,,0.0036736647598445415
354,0.001382618909701705,,0.004726892337203026
355,0.0015648877015337348,,0.003164423629641533
356,0.0013999947113916278,,0.003051408799365163
357,0.0014700929168611765,,0.005309696774929762
358,0.0010684893932193518,,0.004916755948215723
359,0.001188587280921638,,0.003783042309805751
360,0.0013524041278287768,,0.0052992673590779305
361,0.001344934105873108,,0.0033564972691237926
362,0.0015812318306416273,,0.0035266790073364973
363,0.0014908709563314915,,0.00550503097474575
364,0.0011135370004922152,,0.0037316426169127226
365,0.0018541140016168356,,0.005861855577677488
366,0.001830131164751947,,0.003278949297964573
367,0.001322130672633648,,0.0045159962028265
368,0.00117412896361202,,0.00518707325682044
369,0.0015387581661343575,,0.004670460242778063
370,0.0015704476973041892,,0.0068011656403541565
371,0.0011492401827126741,,0.0032636858522892
372,0.001520508318208158,,0.003944879397749901
373,0.0013025389052927494,,0.006047253031283617
374,0.0013233027420938015,,0.0037733567878603935
375,0.0010465646628290415,,0.0036362619139254093
376,0.0015146912774071097,,0.005463114008307457
377,0.0010699740378186107,,0.002443973207846284
378,0.0010169673478230834,,0.003445012029260397
379,0.0011096172966063023,,0.00310334051027894
380,0.0014834778849035501,,0.00460608396679163
381,0.0011578259291127324,,0.0036953280214220285
382,0.0009589839610271156,,0.004104214254766703
383,0.0014199813595041633,,0.0037335390225052834
384,0.001049752114340663,,0.004980015102773905
385,0.0010351407108828425,,0.004603822715580463
386,0.0014407308772206306,,0.007310185581445694
387,0.0015209693228825927,,0.00501538859680295
388,0.0016972674056887627,,0.006078672595322132
389,0.0014219048898667097,,0.006024018861353397
390,0.0013233162462711334,,0.003708783071488142
391,0.0013341745361685753,,0.0072004771791398525
392,0.00101357395760715,,0.005958890076726675
393,0.0012834895169362426,,0.005365543533116579
394,0.0013838056474924088,,0.0036042805295437574
395,0.0012032403610646725,,0.004307731054723263
396,0.0011789689306169748,,0.0033234155271202326
397,0.0017923172563314438,,0.004273638594895601
398,0.0015662477817386389,,0.0045242030173540115
399,0.0010783099569380283,,0.003791377879679203
400,0.001498571364209056,,0.004265756346285343
401,0.0011993031948804855,,0.004648266825824976
402,0.0011000852100551128,,0.0035839746706187725
403,0.0011004165280610323,,0.003763646585866809
404,0.001394562772475183,,0.004214138258248568
405,0.002368262968957424,,0.005546589381992817
406,0.0012645414099097252,,0.0040605212561786175
407,0.0010559160728007555,,0.004224259406328201
408,0.0010547967394813895,,0.004414994269609451
409,0.0010008312528952956,,0.00538486335426569
410,0.0011259204475209117,,0.005641748197376728
411,0.0011318200267851353,,0.003985436167567968
412,0.0014516528462991118,,0.00492260092869401
413,0.001363234594464302,,0.0050917938351631165
414,0.0012290755985304713,,0.004258411470800638
415,0.0013157797511667013,,0.004792490974068642
416,0.0014028295408934355,,0.00317196361720562
417,0.0010973385069519281,,0.0035526009742170572
418,0.0012556887231767178,,0.004325550515204668
419,0.0015792602207511663,,0.004213111009448767
420,0.0009700482478365302,,0.004460060968995094
421,0.0012862749863415956,,0.0038479857612401247
422,0.0021814540959894657,,0.003921717870980501
423,0.001499465899541974,,0.004331924021244049
424,0.0010527076665312052,,0.003275759983807802
425,0.001166658359579742,,0.003309807274490595
426,0.0013299782294780016,,0.0030476597603410482
427,0.0010572242317721248,,0.003034461522474885
428,0.0012004156596958637,,0.0033854269422590733
429,0.0015514118131250143,,0.003676338354125619
430,0.0010394856799393892,,0.00244539906270802
431,0.0013987179845571518,,0.004616086371243
432,0.0016884698998183012,,0.0031880114693194628
433,0.0013063763035461307,,0.0022878062445670366
434,0.0013600876554846764,,0.004082908853888512
435,0.0009779095416888595,,0.0046113235875964165
436,0.0014351740246638656,,0.0033720191568136215
437,0.0013928933767601848,,0.006342536304146051
438,0.0013702603755518794,,0.0039848280139267445
439,0.0009184203809127212,,0.0032509337179362774
440,0.00106596271507442,,0.005074783228337765
441,0.001211854862049222,,0.005125159863382578
442,0.0013501327484846115,,0.004863645415753126
443,0.0011855203192681074,,0.007207423914223909
444,0.0011720805196091533,,0.004215983208268881
445,0.0013235131045803428,,0.004207618068903685
446,0.001139032538048923,,0.006312667392194271
447,0.0013556847115978599,,0.004721825011074543
448,0.0012922283494845033,,0.003901371732354164
449,0.0011246183421462774,,0.007386463228613138
450,0.0009856595424935222,,0.003377040848135948
451,0.0016732824733480811,,0.006197559181600809
452,0.0009852009825408459,,0.007761665619909763
453,0.0011768573895096779,,0.0034390718210488558
454,0.0015417078975588083,,0.007352800108492374
455,0.0012456336989998817,,0.005956986453384161
456,0.0012200037017464638,,0.004702303558588028
457,0.0012402825523167849,,0.004753488581627607
458,0.0010298741981387138,,0.006054118275642395
459,0.0012142674531787634,,0.004712358582764864
460,0.0009182820795103908,,0.005144063383340836
461,0.0010447637178003788,,0.005728806834667921
462,0.0014199083670973778,,0.005448698531836271
463,0.0009835780365392566,,0.004230201244354248
464,0.0010661967098712921,,0.00463086599484086
465,0.0013371552340686321,,0.005262189079076052
466,0.0009098792215809226,,0.0036202990449965
467,0.0009170881239697337,,0.004707504529505968
468,0.0014967055758461356,,0.004905929788947105
469,0.0013949595158919692,,0.005675510503351688
470,0.0015349480090662837,,0.00536068482324481
471,0.001417284132912755,,0.0034801827277988195
472,0.0013676085509359837,,0.006159868091344833
473,0.0012933621183037758,,0.004536731168627739
474,0.0013030103873461485,,0.004043430555611849
475,0.0012147660600021482,,0.004416442476212978
476,0.0009443213930353522,,0.003487023524940014
477,0.0009612970752641559,,0.005277221091091633
478,0.0011773151345551014,,0.003988430369645357
479,0.0015093693509697914,,0.005446444731205702
480,0.0020118760876357555,,0.005539938807487488
481,0.001268073101527989,,0.003571539418771863
482,0.0013103717938065529,,0.003680709982290864
483,0.0011620272416621447,,0.005232683848589659
484,0.000943216378800571,,0.0027733552269637585
485,0.0012090930249541998,,0.003309686901047826
486,0.0011751436395570636,,0.0039748200215399265
487,0.0013774663675576448,,0.004155846778303385
488,0.0014324679505079985,,0.00585127854719758
489,0.0011811056174337864,,0.002930504037067294
490,0.0013469280675053596,,0.0034295932855457067
491,0.0008924275171011686,,0.0034993616864085197
492,0.001476387376897037,,0.0032474733889102936
493,0.0014767029788345098,,0.0039880829863250256
494,0.001518218545243144,,0.0035126751754432917
495,0.0009562766645103693,,0.0031369735952466726
496,0.0010291292564943433,,0.002973175374791026
497,0.001318369060754776,,0.004936285316944122
498,0.0009427216718904674,,0.003390037454664707
499,0.0012572191189974546,,0.0047882674261927605
500,0.0011399725917726755,0.0008238630682372147,0.003301801159977913
501,0.0010006994707509875,,0.002531087724491954
502,0.0009176511084660888,,0.0037827203050255775
503,0.0012939295265823603,,0.0037470776587724686
504,0.0016979454085230827,,0.007438311353325844
505,0.0015489032957702875,,0.004011606331914663
506,0.0015581725165247917,,0.00289020873606205
507,0.0012993899872526526,,0.00335587072186172
508,0.0014739956241101027,,0.004057816229760647
509,0.0009399975533597171,,0.003977671731263399
510,0.0015760425012558699,,0.004196233116090298
511,0.0009914168622344732,,0.00464285584166646
512,0.0015152276027947664,,0.006042925640940666
513,0.000990796135738492,,0.005135916639119387
514,0.0010615196079015732,,0.005096673034131527
515,0.0018270795699208975,,0.005194134544581175
516,0.0013609882444143295,,0.005110912024974823
517,0.001761997351422906,,0.0037305906880646944
518,0.0009821236599236727,,0.00487127061933279
519,0.0013704265002161264,,0.004701577126979828
520,0.0013340532314032316,,0.004000001586973667
521,0.0018528721993789077,,0.005771481432020664
522,0.000967110856436193,,0.0034329674672335386
523,0.0010270130587741733,,0.004620387218892574
524,0.0015961423050612211,,0.004255511332303286
525,0.001226698630489409,,0.004535377025604248
526,0.000861297536175698,,0.005225359462201595
527,0.0010177565272897482,,0.003172134282067418
528,0.001500955200754106,,0.0039075822569429874
529,0.0013222105335444212,,0.003971310332417488
530,0.001022082520648837,,0.0051644002087414265
531,0.001464243745431304,,0.0031787999905645847
532,0.0011244521010667086,,0.003437214996665716
533,0.0014806691324338317,,0.004300843924283981
534,0.001364367431961,,0.0033726103138178587
535,0.0015222197398543358,,0.004450826905667782
536,0.0015284953406080604,,0.0037054072599858046
537,0.0009560781763866544,,0.004616858437657356
538,0.0016015453729778528,,0.003691774094477296
539,0.0008687973022460938,,0.005875616334378719
540,0.0012287304271012545,,0.0033298172056674957
541,0.0012798154493793845,,0.0032435706816613674
542,0.0009267311543226242,,0.003663897281512618
543,0.0014035250060260296,,0.0036175360437482595
544,0.001702581299468875,,0.005494612269103527
545,0.0010787190403789282,,0.0038364252541214228
546,0.0014206778723746538,,0.004926875699311495
547,0.0009570945403538644,,0.005438578315079212
548,0.0013981219381093979,,0.0026865366380661726
549,0.001025484292767942,,0.004789115395396948
550,0.001314068678766489,,0.004066899884492159
551,0.0009386128513142467,,0.004513624589890242
552,0.0014413846656680107,,0.00548723665997386
553,0.0011058563832193613,,0.005129298660904169
554,0.0014665743801742792,,0.005257020704448223
555,0.0010179993696510792,,0.004196620546281338
556,0.000978624913841486,,0.00485726073384285
557,0.0015293459873646498,,0.0053608654998242855
558,0.001122092129662633,,0.002907176734879613
559,0.001490095048211515,,0.006617450620979071
560,0.001506106462329626,,0.004576591774821281
561,0.0013791348319500685,,0.005156777799129486
562,0.0013271947391331196,,0.006633430253714323
563,0.0010545230470597744,,0.004170962143689394
564,0.0017412700690329075,,0.005464931018650532
565,0.0010763744357973337,,0.0033403486013412476
566,0.0016417098231613636,,0.0043812524527311325
567,0.001297084498219192,,0.004617596510797739
568,0.0010085919639095664,,0.0036521172150969505
569,0.0013640503166243434,,0.005267599131911993
570,0.0010505132377147675,,0.005503433290868998
571,0.001053549349308014,,0.005876751150935888
572,0.00103381322696805,,0.004447703715413809
573,0.0017636583652347326,,0.004171548876911402
574,0.001292418921366334,,0.005026144441217184
575,0.0011792340083047748,,0.0034805447794497013
576,0.0008774217567406595,,0.0036129243671894073
577,0.0011324158404022455,,0.003919834271073341
578,0.0013666314771398902,,0.0035546203143894672
579,0.0013489205157384276,,0.0042075105011463165
580,0.0009856843389570713,,0.0035583681892603636
581,0.0011858975049108267,,0.0037716738879680634
582,0.0011177018750458956,,0.00443866103887558
583,0.0012090306263417006,,0.0042871711775660515
584,0.001676394953392446,,0.004734828602522612
585,0.001324954442679882,,0.005816061049699783
586,0.000904046231880784,,0.003165437374264002
587,0.0009889937937259674,,0.005343867465853691
588,0.001079431502148509,,0.004114804323762655
589,0.0010736763942986727,,0.003802395425736904
590,0.0010540722869336605,,0.00510573061183095
591,0.0010533046443015337,,0.0056511531583964825
592,0.001144620357081294,,0.004479956813156605
593,0.0009994565043598413,,0.005333984736353159
594,0.0008885290008038282,,0.003753243014216423
595,0.0013064531376585364,,0.00503562344238162
596,0.0011910952161997557,,0.005250642541795969
597,0.0010842327028512955,,0.005125319119542837
598,0.001138597959652543,,0.004705243278294802
599,0.0016641344409435987,,0.0076550450176000595
600,0.001752050593495369,,0.006373532582074404
601,0.0016253774520009756,,0.005038641858845949
602,0.0008589656790718436,,0.008448360487818718
603,0.0008448219741694629,,0.002571096643805504
604,0.001042018411681056,,0.007002484053373337
605,0.0010775811970233917,,0.004872709512710571
606,0.0012808471219614148,,0.005567975342273712
607,0.0011709013488143682,,0.005964659620076418
608,0.0011853242758661509,,0.0024859565310180187
609,0.0010944611858576536,,0.0027403049170970917
610,0.0012188206892460585,,0.004894760902971029
611,0.0009093884145841002,,0.0032699983566999435
612,0.0010053717996925116,,0.004253942985087633
613,0.0011017450597137213,,0.0033668314572423697
614,0.0008678426966071129,,0.002942840103060007
615,0.0012544139754027128,,0.005604311358183622
616,0.0016998944338411093,,0.004598342347890139
617,0.0012267192360013723,,0.0049610137939453125
618,0.0011022707913070917,,0.003918951842933893
619,0.0011625413317233324,,0.005177611019462347
620,0.0013185575371608138,,0.0039981636218726635
621,0.0010753305396065116,,0.004319461528211832
622,0.0009226154070347548,,0.003679844317957759
623,0.0014275283319875598,,0.004735738039016724
624,0.0009529306553304195,,0.003909168299287558
625,0.0009477793937548995,,0.004002305679023266
626,0.0011823768727481365,,0.0034566661342978477
627,0.0011653065448626876,,0.003682778449729085
628,0.001123823574744165,,0.0029312779661267996
629,0.0014043650589883327,,0.00474390247836709
630,0.0012780472170561552,,0.0022765661124140024
631,0.0013340574223548174,,0.0027518225833773613
632,0.0010288615012541413,,0.0037145218811929226
633,0.0013118090573698282,,0.004203971941024065
634,0.0010108811547979712,,0.0035754868295043707
635,0.0020675102714449167,,0.004466146696358919
636,0.0008780886419117451,,0.0035490947775542736
637,0.001168045331723988,,0.0033616472501307726
638,0.0009044934995472431,,0.002962085884064436
639,0.0012342584086582065,,0.00429962994530797
640,0.0009930781088769436,,0.003930382896214724
641,0.0015161246992647648,,0.003292800858616829
642,0.0013291299110278487,,0.004122148733586073
643,0.0010285982862114906,,0.0033911808859556913
644,0.0011458112858235836,,0.0036352796014398336
645,0.0009255638578906655,,0.002796181943267584
646,0.0010600381065160036,,0.003085261909291148
647,0.0008719588513486087,,0.0021806585136801004
648,0.00099781877361238,,0.0034419267904013395
649,0.0009616854367777705,,0.003212696872651577
650,0.0013214899227023125,,0.004754010587930679
651,0.0008353051962330937,,0.0026355539448559284
652,0.0008214197005145252,,0.003962809219956398
653,0.0011063875863328576,,0.003493787720799446
654,0.001190431765280664,,0.0028967102989554405
655,0.001424886635504663,,0.00575586361810565
656,0.0009488300420343876,,0.003220628248527646
657,0.0014148980844765902,,0.004437656607478857
658,0.001586155267432332,,0.004674260504543781
659,0.0009696548222564161,,0.0047613633796572685
660,0.001219984027557075,,0.0054185702465474606
661,0.0009476271225139499,,0.004201856441795826
662,0.0009518087608739734,,0.0035926904529333115
663,0.000983544159680605,,0.004136792384088039
664,0.0009718106011860073,,0.002729095984250307
665,0.0012349060270935297,,0.0028784985188394785
666,0.0014663778711110353,,0.0036544345784932375
667,0.0008318516775034368,,0.003939131274819374
668,0.0009598807664588094,,0.003973913844674826
669,0.0009604207589291036,,0.003938113804906607
670,0.0008174168178811669,,0.0034586770925670862
671,0.0011185192270204425,,0.0035891984589397907
672,0.0014239158481359482,,0.005357588175684214
673,0.001310530467890203,,0.004099851939827204
674,0.0008801838266663253,,0.004713069181889296
675,0.0011503823334351182,,0.003416085382923484
676,0.0009053740068338811,,0.003132975660264492
677,0.0010166934225708246,,0.0035682583693414927
678,0.001434799749404192,,0.003984424285590649
679,0.0011600505094975233,,0.005006094928830862
680,0.0011354091111570597,,0.002646561013534665
681,0.0010492089204490185,,0.003838054835796356
682,0.0011158206034451723,,0.0022616921924054623
683,0.0009590022964403033,,0.003528399858623743
684,0.0012238454073667526,,0.002896262798458338
685,0.0014058412052690983,,0.004221658688038588
686,0.0012148006353527308,,0.003302436787635088
687,0.000958065502345562,,0.0029979515820741653
688,0.0012731659226119518,,0.0029529244638979435
689,0.0008317884057760239,,0.003182572778314352
690,0.0010677245445549488,,0.003569301450625062
691,0.0010070039425045252,,0.0032537367660552263
692,0.0011566558387130499,,0.0033869605977088213
693,0.0008614239632152021,,0.004337802994996309
694,0.0012297665234655142,,0.0038949388545006514
695,0.0009882532758638263,,0.0036132223904132843
696,0.0010167183354496956,,0.003504722146317363
697,0.0010800273157656193,,0.003130169352516532
698,0.0011428953148424625,,0.0033993555698543787
699,0.0009818908292800188,,0.003440569154918194
700,0.0014716524165123701,,0.004707837477326393
701,0.0008623904432170093,,0.0029914125334471464
702,0.0007800504099577665,,0.0035800132900476456
703,0.0010909817647188902,,0.0042000398971140385
704,0.0011299548204988241,,0.0038537350483238697
705,0.0008717807941138744,,0.0034609222784638405
706,0.0011670934036374092,,0.0044106366112828255
707,0.0009546346263960004,,0.0031968979164958
708,0.0015015217941254377,,0.004353474359959364
709,0.0009879269637167454,,0.0035171827767044306
710,0.0009251631563529372,,0.0031651873141527176
711,0.0011731245322152972,,0.0036936181131750345
712,0.0011416190536692739,,0.00638744467869401
713,0.0008523574797436595,,0.004135089460760355
714,0.0012452101800590754,,0.003504801308736205
715,0.0014984611188992858,,0.003621642244979739
716,0.0011880847159773111,,0.004767247475683689
717,0.0008902273839339614,,0.004459734074771404
718,0.0013033299474045634,,0.003990165889263153
719,0.0009268533322028816,,0.003687110263854265
720,0.0012019017012789845,,0.004291548393666744
721,0.0012034447863698006,,0.0034792579244822264
722,0.0009915977716445923,,0.0034042722545564175
723,0.0010761180892586708,,0.003483628621324897
724,0.0011283046333119273,,0.004412895999848843
725,0.0008578085107728839,,0.004211583640426397
726,0.00082160480087623,,0.004983650520443916
727,0.0013139916118234396,,0.0033299922943115234
728,0.0014921510592103004,,0.004295403137803078
729,0.0008336693863384426,,0.0034943956416100264
730,0.0007876986637711525,,0.0039030795451253653
731,0.0011367456754669547,,0.0046104732900857925
732,0.0010551117593422532,,0.0032682386226952076
733,0.0009784915018826723,,0.0055804504081606865
734,0.0008140045101754367,,0.0036004085559397936
735,0.0007827591034583747,,0.004430439788848162
736,0.001385505311191082,,0.0037813123781234026
737,0.0008307457319460809,,0.006054284516721964
738,0.0009136138833127916,,0.004044728819280863
739,0.0008378202910535038,,0.004088809713721275
740,0.0008717331802472472,,0.0037312135100364685
741,0.0009812630014494061,,0.00366504630073905
742,0.0009783037239685655,,0.003959884401410818
743,0.0008824695250950754,,0.0035244261380285025
744,0.0008298073662444949,,0.0037150296848267317
745,0.0009265084518119693,,0.003781487699598074
746,0.0010777481365948915,,0.004371659830212593
747,0.0007770238444209099,,0.0048672412522137165
748,0.0012921913294121623,,0.004547486547380686
749,0.0009451309451833367,,0.006756072863936424
750,0.0012580472975969315,,0.00479388190433383
751,0.0008451706962659955,,0.006174431182444096
752,0.0008974625961855054,,0.005640705116093159
753,0.0011090509360656142,,0.0073361205868422985
754,0.0010384146589785814,,0.006261184811592102
755,0.0008546080207452178,,0.006548586301505566
756,0.0013082679361104965,,0.007515158969908953
757,0.0011268372181802988,,0.003937161527574062
758,0.0010976972989737988,,0.0068930815905332565
759,0.0011093427892774343,,0.0062746647745370865
760,0.0009042355231940746,,0.0042794267646968365
761,0.000978857628069818,,0.007761545013636351
762,0.0008131944923661649,,0.005195582285523415
763,0.0011947833700105548,,0.007430085446685553
764,0.0012656846083700657,,0.008023196831345558
765,0.0011269894894212484,,0.004430556669831276
766,0.0009728103177621961,,0.007602987810969353
767,0.0008335930178873241,,0.004369842819869518
768,0.0010583046823740005,,0.005202064756304026
769,0.0017415124457329512,,0.005466756410896778
770,0.0007397215813398361,,0.0037265154533088207
771,0.001014338806271553,,0.005018619820475578
772,0.0008657779544591904,,0.0034428630024194717
773,0.0013456647284328938,,0.0042204782366752625
774,0.0011188951320946217,,0.004005502909421921
775,0.0008980260463431478,,0.004149682354182005
776,0.000962068559601903,,0.003945187199860811
777,0.0010059068445116282,,0.00459655374288559
778,0.0009315614006482065,,0.0033025150187313557
779,0.0009174587903544307,,0.004483588971197605
780,0.000795440748333931,,0.0032431227155029774
781,0.0012908184435218573,,0.005241083446890116
782,0.0008041685214266181,,0.0038553995545953512
783,0.001002156874164939,,0.00389391859062016
784,0.0010880421614274383,,0.006925400346517563
785,0.0008104062872007489,,0.003840253921225667
786,0.00115549738984555,,0.00663625868037343
787,0.0009310874156653881,,0.0033881645649671555
788,0.0008887422736734152,,0.005518978927284479
789,0.0009967598598450422,,0.00464964983984828
790,0.0008158166310749948,,0.005219587124884129
791,0.001035151886753738,,0.00553625775501132
792,0.0012498162686824799,,0.004742333199828863
793,0.0010218623792752624,,0.003888654289767146
794,0.000944353174418211,,0.003767021931707859
795,0.0008538651745766401,,0.004186235833913088
796,0.0011047939769923687,,0.004814431071281433
797,0.0009297674405388534,,0.002961725927889347
798,0.0009220859501510859,,0.0037225347477942705
799,0.0007914443267509341,,0.004792587365955114
800,0.001047919038683176,,0.0033207435626536608
801,0.0009818776743486524,,0.004410299938172102
802,0.000777374894823879,,0.003122048219665885
803,0.0011715610744431615,,0.005658006761223078
804,0.0012672970769926906,,0.00461985170841217
805,0.0010755083058029413,,0.004398596007376909
806,0.0012483980972319841,,0.004043351858854294
807,0.0008348734118044376,,0.0032484412658959627
808,0.0014353073202073574,,0.0035509136505424976
809,0.00094164366601035,,0.004127773456275463
810,0.0009392267093062401,,0.00315103936009109
811,0.0008234010310843587,,0.0033062004949897528
812,0.0010244855657219887,,0.0030230593401938677
813,0.001304183853790164,,0.004028669558465481
814,0.0009444443276152015,,0.0031686134170740843
815,0.0009833915391936898,,0.0031562759540975094
816,0.0009322859114035964,,0.0033658358734101057
817,0.001035013236105442,,0.0032156375236809254
818,0.0009627901017665863,,0.0027871576603502035
819,0.0007926604594103992,,0.003733942052349448
820,0.0010447552194818854,,0.0033420734107494354
821,0.001073283376172185,,0.003749152645468712
822,0.0009056976996362209,,0.0046136085875332355
823,0.0009307758300565183,,0.003246772801503539
824,0.000914889620617032,,0.006325580179691315
825,0.0007429653196595609,,0.004436638671904802
826,0.0008326531387865543,,0.004753487650305033
827,0.00099785509519279,,0.00436059245839715
828,0.0008895345381461084,,0.0036852022167295218
829,0.0007682326249778271,,0.003523588413372636
830,0.000794683292042464,,0.0051335557363927364
831,0.0010272576473653316,,0.004857226740568876
832,0.0012070899829268456,,0.004505577497184277
833,0.0009766840375959873,,0.005193747114390135
834,0.00081618782132864,,0.005509341135621071
835,0.0010752668604254723,,0.004626796580851078
836,0.0010084727546200156,,0.004763830453157425
837,0.000879298837389797,,0.004217966925352812
838,0.0015510799130424857,,0.006638906896114349
839,0.001004869700409472,,0.004192468244582415
840,0.0009331164183095098,,0.004926937632262707
841,0.0007424451177939773,,0.0037856565322726965
842,0.0007690381025895476,,0.003907321020960808
843,0.0009037996642291546,,0.0032317484728991985
844,0.0014412500895559788,,0.006182344164699316
845,0.0011145462049171329,,0.006520290859043598
846,0.0009296771604567766,,0.0028944939840584993
847,0.0008145230822265148,,0.006656514015048742
848,0.0007819774327799678,,0.0037316272500902414
849,0.0013335277326405048,,0.004675737116485834
850,0.0007985934498719871,,0.005199716426432133
851,0.0007601887336932123,,0.003895565401762724
852,0.000771836144849658,,0.004132503177970648
853,0.0007873649592511356,,0.004257936496287584
854,0.0007773213437758386,,0.0051086838357150555
855,0.0007665405282750726,,0.0059171924367547035
856,0.0010396456345915794,,0.004441314842551947
857,0.0009611472487449646,,0.008111624978482723
858,0.0006947311921976507,,0.0038571113254874945
859,0.0007407590746879578,,0.005257285200059414
860,0.0006822062423452735,,0.004824379924684763
861,0.001016779220663011,,0.00494304159656167
862,0.0010769822401925921,,0.00579992588609457
863,0.0011458861408755183,,0.003696085186675191
864,0.0007723531452938914,,0.0035868268460035324
865,0.0007203162531368434,,0.00521975290030241
866,0.001444854075089097,,0.005375477019697428
867,0.0008424372645094991,,0.004182023461908102
868,0.0007710932986810803,,0.0028972243890166283
869,0.0010763101745396852,,0.004496871959418058
870,0.0010419815080240369,,0.002962929429486394
871,0.0011067596497014165,,0.003612680360674858
872,0.0007785657653585076,,0.0039916206151247025
873,0.0008688893867656589,,0.004017122555524111
874,0.0014494634233415127,,0.003943891730159521
875,0.0007334547117352486,,0.0044650849886238575
876,0.0010072592413052917,,0.0028105720411986113
877,0.0009600477060303092,,0.006184268742799759
878,0.0015221715439110994,,0.00325188715942204
879,0.0007325271144509315,,0.0041132476180791855
880,0.0007846897351555526,,0.004692003130912781
881,0.0013723396696150303,,0.005443286150693893
882,0.0008009000448510051,,0.004405184183269739
883,0.0008991938084363937,,0.003742385655641556
884,0.0013757413253188133,,0.0063287257216870785
885,0.0013701736461371183,,0.004346978385001421
886,0.0007218401879072189,,0.004002736881375313
887,0.0007058397750370204,,0.004038848448544741
888,0.0007353556575253606,,0.0034203233662992716
889,0.0009078285074792802,,0.003904076060280204
890,0.0012911834055557847,,0.004929731134325266
891,0.0011362731456756592,,0.003434557933360338
892,0.0009975472930818796,,0.002796140033751726
893,0.0014828471466898918,,0.0055457670241594315
894,0.0008380092913284898,,0.0028982586227357388
895,0.00083474803250283,,0.005255370866507292
896,0.0009676233166828752,,0.004283960442990065
897,0.0010797559516504407,,0.00401287293061614
898,0.0006839664420112967,,0.0026702568866312504
899,0.001064930809661746,,0.0030712056905031204
900,0.0006662855739705265,,0.0040697152726352215
901,0.0015581157058477402,,0.004041039384901524
902,0.000926207285374403,,0.002895721700042486
903,0.0007367024663835764,,0.003803882747888565
904,0.0008750259876251221,,0.003464638954028487
905,0.0007154715131036937,,0.003481235122308135
906,0.0010020521003752947,,0.004771063104271889
907,0.0008001793175935745,,0.004305083770304918
908,0.0007495186291635036,,0.004875803831964731
909,0.0007538306526839733,,0.002721135038882494
910,0.0009393813088536263,,0.004840079694986343
911,0.0009645812097005546,,0.0032198564149439335
912,0.00108226272277534,,0.005460749845951796
913,0.0008869610028341413,,0.00452284375205636
914,0.0009161574998870492,,0.0036650635302066803
915,0.0008548391051590443,,0.006783328019082546
916,0.0007960022194311023,,0.003563807811588049
917,0.0009497685823589563,,0.004637702833861113
918,0.0009747946169227362,,0.0040387497283518314
919,0.0008369456045329571,,0.004034926649183035
920,0.0007000811165198684,,0.0035022147931158543
921,0.000796489417552948,,0.0035384746734052896
922,0.0008779886993579566,,0.004160996992141008
923,0.0008395417826250196,,0.0031159082427620888
924,0.0007780956802889705,,0.0038103791885077953
925,0.0008953827782534063,,0.004199640825390816
926,0.0008820303482934833,,0.005265368148684502
927,0.0009006992913782597,,0.003351382212713361
928,0.0015399327967315912,,0.0033919215202331543
929,0.0011362029472365975,,0.0036453441716730595
930,0.0008476156508550048,,0.004366984125226736
931,0.0009148250101134181,,0.004003562033176422
932,0.0007410163525491953,,0.004895618185400963
933,0.0006488502258434892,,0.003141118213534355
934,0.0010147616267204285,,0.004224672447890043
935,0.000992549117654562,,0.00422743009403348
936,0.0009896785486489534,,0.003914072643965483
937,0.0013827348593622446,,0.0038524367846548557
938,0.0007199583924375474,,0.004433744587004185
939,0.0007060184143483639,,0.005358427297323942
940,0.001032504253089428,,0.003971600439399481
941,0.0007156130741350353,,0.004434824455529451
942,0.0009057981660589576,,0.004825407173484564
943,0.0006752604385837913,,0.005795229692012072
944,0.0008637503487989306,,0.004557082429528236
945,0.0008589594508521259,,0.00639643520116806
946,0.0007960940711200237,,0.0049499026499688625
947,0.0007265721214935184,,0.005574408452957869
948,0.0012370501644909382,,0.00392802944406867
949,0.0007260785205289721,,0.006217971444129944
950,0.0010764640755951405,,0.004607552662491798
951,0.0011332666035741568,,0.004009149968624115
952,0.0007414488936774433,,0.004854709375649691
953,0.0013790841912850738,,0.0042104865424335
954,0.0011809663847088814,,0.0041599334217607975
955,0.000772274739574641,,0.005379499867558479
956,0.0005874799098819494,,0.0037211067974567413
957,0.0009583904757164419,,0.0033796941861510277
958,0.0010351226665079594,,0.0032135031651705503
959,0.0009019740391522646,,0.0036117564886808395
960,0.0006929512019269168,,0.002846450312063098
961,0.0008219531155191362,,0.004087779670953751
962,0.0006725392304360867,,0.0030718648340553045
963,0.001128867268562317,,0.005355268716812134
964,0.0007243159925565124,,0.003107556840404868
965,0.0007016898016445339,,0.006783372722566128
966,0.001312635256908834,,0.0037467340007424355
967,0.0007375985151156783,,0.004961974918842316
968,0.001313700689934194,,0.004703136160969734
969,0.0008512441418133676,,0.0032380023039877415
970,0.0009999395115301013,,0.004793080035597086
971,0.0008387362468056381,,0.005524978507310152
972,0.0011244742199778557,,0.004687552340328693
973,0.0010328935459256172,,0.006638559978455305
974,0.001075156731531024,,0.003767398651689291
975,0.0008093054639175534,,0.006467809434980154
976,0.000915764831006527,,0.004166584927588701
977,0.0010833523701876402,,0.0052927820943295956
978,0.0009324699640274048,,0.005143674090504646
979,0.0007739471038803458,,0.003194329561665654
980,0.0007456170860677958,,0.00727824866771698
981,0.001168397138826549,,0.0033051902428269386
982,0.0009301981190219522,,0.0034970499109476805
983,0.0008001684909686446,,0.0029939839150756598
984,0.000979756936430931,,0.004132467787712812
985,0.0011996002867817879,,0.005523207131773233
986,0.0006967060035094619,,0.004797057248651981
987,0.0007765418849885464,,0.002406384563073516
988,0.0008216986316256225,,0.0029747565276920795
989,0.0006694821640849113,,0.003983048722147942
990,0.0008828388527035713,,0.003488802583888173
991,0.0010613942285999656,,0.0033095604740083218
992,0.0008801424410194159,,0.004149086773395538
993,0.00086742895655334,,0.0035493597388267517
994,0.0006854742532595992,,0.0035747254732996225
995,0.0009619430056773126,,0.003698925720527768
996,0.0007347652572207153,,0.005682399962097406
997,0.0007882186910137534,,0.002933998592197895
998,0.0008279697503894567,,0.00443827360868454
999,0.000785264594014734,,0.005702056922018528
1000,0.0008916864171624184,0.0005594939490870167,0.004707759711891413
1001,0.0010456638410687447,,0.006821660790592432
1002,0.0010603433474898338,,0.003929852042347193
1003,0.0008812188170850277,,0.005123491398990154
1004,0.0009384220466017723,,0.0031596857588738203
1005,0.0012013725936412811,,0.003958207089453936
1006,0.000625276006758213,,0.0033282244112342596
1007,0.0008102849824354053,,0.0033842003904283047
1008,0.0006670266157016158,,0.004187431652098894
1009,0.0006439394201152027,,0.004254185128957033
1010,0.000753939850255847,,0.003434943500906229
1011,0.0008394659380428493,,0.004247736185789108
1012,0.001133125857450068,,0.004101769998669624
1013,0.0008030670578591526,,0.003168862545862794
1014,0.0006217269692569971,,0.003218072233721614
1015,0.0008258024463430047,,0.004175334237515926
1016,0.0011463492410257459,,0.0043399943970143795
1017,0.0010845852084457874,,0.003934227395802736
1018,0.0006582351634278893,,0.003901534480974078
1019,0.0005867850850336254,,0.003725293092429638
1020,0.0009157187305390835,,0.004557886626571417
1021,0.0009158060420304537,,0.00443281652405858
1022,0.0009282639948651195,,0.004552921280264854
1023,0.0012334921630099416,,0.005657264497131109
1024,0.0006469623185694218,,0.003972014412283897
1025,0.0007590827299281955,,0.00518310209736228
1026,0.0008186440682038665,,0.0043780989944934845
1027,0.0008925078436732292,,0.003854973241686821
1028,0.0012133537093177438,,0.005573536269366741
1029,0.0008780559292063117,,0.006837473716586828
1030,0.0006669374997727573,,0.005274822935461998
1031,0.0010378662263974547,,0.00575334532186389
1032,0.0006822302821092308,,0.005466409493237734
1033,0.0006071603856980801,,0.0050064860843122005
1034,0.0008303881040774286,,0.005352529231458902
1035,0.0012715745251625776,,0.0053937844932079315
1036,0.0006493096007034183,,0.003891292028129101
1037,0.0006766887381672859,,0.005645474884659052
1038,0.0008455303031951189,,0.0033014551736414433
1039,0.000721702934242785,,0.0065187918953597546
1040,0.0009880166035145521,,0.005368735175579786
1041,0.0007847350789234042,,0.004749031737446785
1042,0.0006906678900122643,,0.007336183916777372
1043,0.0006668937276117504,,0.006178895477205515
1044,0.0009646550170145929,,0.007265722379088402
1045,0.000604997156187892,,0.0037404135800898075
1046,0.001129740383476019,,0.0067962887696921825
1047,0.0006435180548578501,,0.004360397346317768
1048,0.0011181968729943037,,0.005939843598753214
1049,0.000901168561540544,,0.004091339185833931
1050,0.0009440850699320436,,0.003291304921731353
1051,0.0010281909490004182,,0.004120989702641964
1052,0.0012525612255558372,,0.0026329737156629562
1053,0.000811827601864934,,0.003908853977918625
1054,0.0008143577142618597,,0.003677897620946169
1055,0.0007089567370712757,,0.004836725536733866
1056,0.00065894442377612,,0.004521422553807497
1057,0.0013685019221156836,,0.0036253584548830986
1058,0.0007420061156153679,,0.004530729725956917
1059,0.0008025303250178695,,0.003710590535774827
1060,0.0006531915860250592,,0.003075383137911558
1061,0.0009987493976950645,,0.0040244669653475285
1062,0.0009342697449028492,,0.0036350523587316275
1063,0.0011320385383442044,,0.004213439766317606
1064,0.0010654372163116932,,0.0030402184929698706
1065,0.0006432562367990613,,0.0039131552912294865
1066,0.0007323212921619415,,0.004203238524496555
1067,0.0009235971374437213,,0.003503119107335806
1068,0.0008650347590446472,,0.0038096292410045862
1069,0.0008731890702620149,,0.004314661957323551
1070,0.0006315248319879174,,0.004275016952306032
1071,0.0008423060062341392,,0.00622857641428709
1072,0.0010364351328462362,,0.003415552666410804
1073,0.0007024110527709126,,0.006041982211172581
1074,0.0009453733218833804,,0.0035700970329344273
1075,0.0008463116246275604,,0.006015595048666
1076,0.0009080886375159025,,0.0031525744125247
1077,0.000614964752458036,,0.005141835194081068
1078,0.0006469504442065954,,0.004692037124186754
1079,0.0009198285406455398,,0.002909184666350484
1080,0.0012349644675850868,,0.006372628267854452
1081,0.0010022830683737993,,0.004072181414812803
1082,0.0008678028243593872,,0.006618150044232607
1083,0.0010567998979240656,,0.005085705779492855
1084,0.0010769098298624158,,0.006438249722123146
1085,0.0007855900330469012,,0.0059171705506742
1086,0.0006617797771468759,,0.004439456854015589
1087,0.0009351540356874466,,0.006873471196740866
1088,0.0006527311052195728,,0.003016205271705985
1089,0.001096290536224842,,0.005345439538359642
1090,0.0006358717801049352,,0.0033111453521996737
1091,0.0007934705354273319,,0.004479615017771721
1092,0.0015486003831028938,,0.005783658940345049
1093,0.0007973709143698215,,0.004099754150956869
1094,0.0016083428636193275,,0.004692861810326576
1095,0.0011519312392920256,,0.005522381514310837
1096,0.0007368644583038986,,0.004395356867462397
1097,0.0006307263975031674,,0.005383856128901243
1098,0.0007466540555469692,,0.003914020489901304
1099,0.0009608701802790165,,0.006612587720155716
1100,0.0006803763099014759,,0.0031242629047483206
1101,0.0009659719653427601,,0.004334322642534971
1102,0.0009147523669525981,,0.00556871946901083
1103,0.0007719789864495397,,0.0043914346024394035
1104,0.00130955851636827,,0.006735778879374266
1105,0.0012990806717425585,,0.004164054989814758
1106,0.0006618091138079762,,0.006289105396717787
1107,0.0007985971751622856,,0.003643573960289359
1108,0.0007510095601901412,,0.00414922134950757
1109,0.000671080662868917,,0.003756419289857149
1110,0.0006345802103169262,,0.003795417258515954
1111,0.000675226270686835,,0.0035745413042604923
1112,0.00125858373939991,,0.006005624309182167
1113,0.0005704725626856089,,0.0025440873578190804
1114,0.0006921861204318702,,0.005149845499545336
1115,0.0007510195719078183,,0.0035207518376410007
1116,0.0008815175388008356,,0.003364094067364931
1117,0.0006052114767953753,,0.00734922057017684
1118,0.0009612503345124424,,0.003117104759439826
1119,0.0008965113083831966,,0.008133221417665482
1120,0.0008970579947344959,,0.0031028639059513807
1121,0.0007500752690248191,,0.00793645903468132
1122,0.0006603071233257651,,0.0050119743682444096
1123,0.0006418869597837329,,0.004478820133954287
1124,0.0008739553159102798,,0.006796172820031643
1125,0.0006657575722783804,,0.0026207787450402975
1126,0.0008452533511444926,,0.006693882867693901
1127,0.0007924487581476569,,0.003530810819938779
1128,0.000806650728918612,,0.005503272172063589
1129,0.0009144676732830703,,0.00357706006616354
1130,0.0007761166198179126,,0.004193354398012161
1131,0.0006712512113153934,,0.005063003394752741
1132,0.0007863178616389632,,0.004104308318346739
1133,0.0009443775634281337,,0.005101000424474478
1134,0.0012009148485958576,,0.006562177091836929
1135,0.0012075835838913918,,0.005800588987767696
1136,0.0007408232777379453,,0.004493101499974728
1137,0.0008741766214370728,,0.004277171101421118
1138,0.0014598427806049585,,0.005046878941357136
1139,0.0007580970413982868,,0.004167156759649515
1140,0.0010554947657510638,,0.004841668996959925
1141,0.0006794642540626228,,0.0036681208293884993
1142,0.0010140615049749613,,0.0031431743409484625
1143,0.0008639089064672589,,0.0038350976537913084
1144,0.0011553469812497497,,0.006245076656341553
1145,0.0006230678409337997,,0.0031275253277271986
1146,0.0008430130546912551,,0.003927212208509445
1147,0.0008977332036010921,,0.0039043014403432608
1148,0.0006234830943867564,,0.0025426207575947046
1149,0.0009212071308866143,,0.003724190406501293
1150,0.0009635364403948188,,0.003491294337436557
1151,0.0007321228040382266,,0.0035756968427449465
1152,0.0011730161495506763,,0.004000737797468901
1153,0.0008860304369591177,,0.0026431360747665167
1154,0.0009270025184378028,,0.005232441239058971
1155,0.0007165803108364344,,0.0035540524404495955
1156,0.0007225216249935329,,0.004280130844563246
1157,0.0009453000384382904,,0.004134541377425194
1158,0.0006780835101380944,,0.0032790014520287514
1159,0.0013727452605962753,,0.004411546979099512
1160,0.001092673628591001,,0.0034303220454603434
1161,0.0006989118410274386,,0.004220509901642799
1162,0.0010257698595523834,,0.003724496578797698
1163,0.0007077461923472583,,0.0037630433216691017
1164,0.0012437454424798489,,0.003889699699357152
1165,0.0008854073821566999,,0.003720303764566779
1166,0.0008012672769837081,,0.0028644732665270567
1167,0.0006428114138543606,,0.0031456509605050087
1168,0.0006243063835427165,,0.0025041631888598204
1169,0.0005966824246570468,,0.0029938758816570044
1170,0.0011384383542463183,,0.004336473532021046
1171,0.00065491849090904,,0.003003218211233616
1172,0.0005646506324410439,,0.002627690089866519
1173,0.0008578643901273608,,0.0034451456740498543
1174,0.0008288722019642591,,0.003985317889600992
1175,0.0011984073789790273,,0.0036582371685653925
1176,0.0009147583041340113,,0.002811125945299864
1177,0.0006204927340149879,,0.0037920973263680935
1178,0.0010349267395213246,,0.0041418010368943214
1179,0.0006020049331709743,,0.0040697199292480946
1180,0.001057895366102457,,0.004170310217887163
1181,0.000830591656267643,,0.005423469934612513
1182,0.0010046164970844984,,0.005303044803440571
1183,0.0009556731092743576,,0.005906519014388323
1184,0.0007572292815893888,,0.004748823121190071
1185,0.0006142911151982844,,0.00471222959458828
1186,0.0012968758819624782,,0.005268230102956295
1187,0.0010987197747454047,,0.004326269496232271
1188,0.000732734682969749,,0.005679577123373747
1189,0.0006803054711781442,,0.004202032461762428
1190,0.0008716207812540233,,0.0041120778769254684
1191,0.0008504483848810196,,0.005030496045947075
1192,0.0006017342093400657,,0.003768974682316184
1193,0.000923854997381568,,0.0040666754357516766
1194,0.0010102472733706236,,0.004728705622255802
1195,0.0010932338191196322,,0.004472443368285894
1196,0.0009179456974379718,,0.005080802831798792
1197,0.0008277562446892262,,0.004119728226214647
1198,0.0012002078583464026,,0.005956764332950115
1199,0.0005997317493893206,,0.0036881600972265005
1200,0.0014532553032040596,,0.006076988764107227
1201,0.000695579859893769,,0.003758207894861698
1202,0.000652230461128056,,0.0051551032811403275
1203,0.0011341010686010122,,0.003071759594604373
1204,0.000592826574575156,,0.005341074429452419
1205,0.000890737515874207,,0.005383581854403019
1206,0.0006229010759852827,,0.0036670498084276915
1207,0.0006638988852500916,,0.006114562973380089
1208,0.000742858275771141,,0.0061328052543103695
1209,0.0011465961579233408,,0.005070484708994627
1210,0.0006586745148524642,,0.005505232140421867
1211,0.0011776144383475184,,0.006326519418507814
1212,0.0005982561269775033,,0.004228631034493446
1213,0.0009340994874946773,,0.004859028849750757
1214,0.0008392930030822754,,0.006566944066435099
1215,0.0006990371039137244,,0.004492567852139473
1216,0.0006212627631612122,,0.0033072782680392265
1217,0.0006949825910851359,,0.006248151883482933
1218,0.0006030219956301153,,0.005082455463707447
1219,0.0006044169422239065,,0.005020520184189081
1220,0.0006397002143785357,,0.007368925027549267
1221,0.0008549377671442926,,0.006371703464537859
1222,0.0007822370971553028,,0.0053245932795107365
1223,0.0010430233087390661,,0.007123944815248251
1224,0.0009482448804192245,,0.006678628735244274
1225,0.0005319395568221807,,0.0036606646608561277
1226,0.0008854474290274084,,0.004409717861562967
1227,0.0008119996637105942,,0.005787967704236507
1228,0.0008875947678461671,,0.0029393755830824375
1229,0.0011853738687932491,,0.0034518169704824686
1230,0.0008928852039389312,,0.004346159752458334
1231,0.0006621856009587646,,0.003965707961469889
1232,0.0005695009022019804,,0.003010280430316925
1233,0.0008065844886004925,,0.004311040975153446
1234,0.0009189777774736285,,0.004637655336409807
1235,0.0008648023940622807,,0.003330308711156249
1236,0.0006404900923371315,,0.0035350064281374216
1237,0.0007253469666466117,,0.002880434039980173
1238,0.0006948851514607668,,0.00424185860902071
1239,0.0007988963043317199,,0.0037861191667616367
1240,0.0009004640160128474,,0.004192969296127558
1241,0.0005399763467721641,,0.0033680761698633432
1242,0.0005726974341087043,,0.005060400348156691
1243,0.0005639962619170547,,0.003845074214041233
1244,0.0009451773948967457,,0.005336581729352474
1245,0.0006572196143679321,,0.007509736809879541
1246,0.000820385932456702,,0.004388124216347933
1247,0.0007565151900053024,,0.005625271238386631
1248,0.0007838804158382118,,0.0027764744590967894
1249,0.000811265897937119,,0.0045905462466180325
1250,0.0010689003393054008,,0.003804420121014118
1251,0.0007526925764977932,,0.003956068307161331
1252,0.0008870294550433755,,0.00454731984063983
1253,0.0011037775548174977,,0.0038113167975097895
1254,0.0006693423492833972,,0.003426815615966916
1255,0.0005850008456036448,,0.00277858879417181
1256,0.000997880008071661,,0.0039050662890076637
1257,0.0006914527621120214,,0.0038577031809836626
1258,0.0005990356439724565,,0.0041494062170386314
1259,0.0006529664387926459,,0.0031617158092558384
1260,0.0006049537332728505,,0.004459065850824118
1261,0.0006435294635593891,,0.004543981980532408
1262,0.0006346366135403514,,0.002786430297419429
1263,0.0006969752721488476,,0.0039961631409823895
1264,0.0005668051308020949,,0.003716063452884555
1265,0.0007062632357701659,,0.004620064049959183
1266,0.0006533751147799194,,0.0036968402564525604
1267,0.0008426829008385539,,0.00462500611320138
1268,0.0012399636907503009,,0.00583394942805171
1269,0.0008125804597511888,,0.003929265309125185
1270,0.0006580788176506758,,0.003783147083595395
1271,0.0006141570629552007,,0.0028677349910140038
1272,0.0007099731592461467,,0.003485109657049179
1273,0.0008145679603330791,,0.0037000589072704315
1274,0.0005826548440381885,,0.0032731250394135714
1275,0.0007690511411055923,,0.004922114312648773
1276,0.0006606075912714005,,0.003178185550495982
1277,0.0010313752572983503,,0.004214087966829538
1278,0.0011071594199165702,,0.003883794415742159
1279,0.0006115541327744722,,0.0033649869728833437
1280,0.0009107828955166042,,0.002710405271500349
1281,0.000640222686342895,,0.003177386475726962
1282,0.0007346097263507545,,0.003383216680958867
1283,0.0007592315669171512,,0.0041271899826824665
1284,0.0007985145784914494,,0.002792729064822197
1285,0.0006729912711307406,,0.0031930829863995314
1286,0.0010146547574549913,,0.005729624070227146
1287,0.0007866673986427486,,0.003413909813389182
1288,0.0005352219450287521,,0.005017458461225033
1289,0.0009035117691382766,,0.004560274071991444
1290,0.001045344164595008,,0.00418707262724638
1291,0.0006926550413481891,,0.0037040316965430975
1292,0.0005614192923530936,,0.0041009956039488316
1293,0.0006815320812165737,,0.003095347201451659
1294,0.0005742358043789864,,0.003291468368843198
1295,0.0009103917400352657,,0.004736853763461113
1296,0.0005568270571529865,,0.004307829774916172
1297,0.0006459857104346156,,0.003046277677640319
1298,0.0006527062505483627,,0.004410109482705593
1299,0.0007045315578579903,,0.0033223722130060196
1300,0.0005597608396783471,,0.004397159907966852
1301,0.0009250090806744993,,0.004532163497060537
1302,0.0006489087827503681,,0.004818321671336889
1303,0.0007390136597678065,,0.0034029835369437933
1304,0.0007351559470407665,,0.003304059151560068
1305,0.0007616060320287943,,0.004794966895133257
1306,0.001149521442130208,,0.003846990643069148
1307,0.0008101986604742706,,0.00622293446213007
1308,0.0008013549959287047,,0.0055814627557992935
1309,0.0008361384971067309,,0.0037515421863645315
1310,0.0005952197825536132,,0.004973886534571648
1311,0.0005583446472883224,,0.004024224355816841
1312,0.0007048846455290914,,0.005697592627257109
1313,0.0009021529695019126,,0.004328565672039986
1314,0.0006387023022398353,,0.0060585238970816135
1315,0.0010479146149009466,,0.0050279200077056885
1316,0.000860892585478723,,0.005741301458328962
1317,0.0008285657386295497,,0.005463196896016598
1318,0.0008678960148245096,,0.005876738112419844
1319,0.0005822870880365372,,0.00353462272323668
1320,0.0009377538226544857,,0.005788762588053942
1321,0.0007911319844424725,,0.004056310281157494
1322,0.0009337930823676288,,0.0062630255706608295
1323,0.0007015245500952005,,0.0044441865757107735
1324,0.0006409674533642828,,0.006366204470396042
1325,0.0006051063537597656,,0.0045235962606966496
1326,0.0006966133369132876,,0.005324752070009708
1327,0.0008921872358769178,,0.004576763138175011
1328,0.0010923355584964156,,0.006394204217940569
1329,0.0008020207169465721,,0.004114509094506502
1330,0.0006049016956239939,,0.0032578420359641314
1331,0.0010097682243213058,,0.005676180589944124
1332,0.0010102521628141403,,0.004134125541895628
1333,0.0012878880370408297,,0.006614480633288622
1334,0.000710947613697499,,0.0054266201332211494
1335,0.0008641587337478995,,0.0059339129365980625
1336,0.0006962122279219329,,0.004150941036641598
1337,0.0007651585037820041,,0.006802788935601711
1338,0.000687240157276392,,0.004735928028821945
1339,0.0006306072464212775,,0.004810584243386984
1340,0.0008799656643532217,,0.004088464193046093
1341,0.0007320597069337964,,0.004855052102357149
1342,0.000733073684386909,,0.0044738538563251495
1343,0.001055945991538465,,0.0044046808034181595
1344,0.0005739736370742321,,0.0050429776310920715
1345,0.0007738007116131485,,0.0036857889499515295
1346,0.0006390646449290216,,0.0034651365131139755
1347,0.001035944907926023,,0.005312105640769005
1348,0.0009251871379092336,,0.003146811854094267
1349,0.000825351569801569,,0.004200688563287258
1350,0.0011305580846965313,,0.0039825099520385265
1351,0.0010123186511918902,,0.005058099050074816
1352,0.0008050166070461273,,0.004711994901299477
1353,0.0008958083344623446,,0.002839624648913741
1354,0.0007807238725945354,,0.005145888309925795
1355,0.0005944914883002639,,0.004573137033730745
1356,0.0006722614052705467,,0.005782416556030512
1357,0.0005408935248851776,,0.0033758566714823246
1358,0.0007984223775565624,,0.0036791390739381313
1359,0.0007111829472705722,,0.003951511811465025
1360,0.0007794593693688512,,0.002958977594971657
1361,0.0006101211765781045,,0.0038011367432773113
1362,0.0007069429266266525,,0.0037874183617532253
1363,0.0004673435469157994,,0.0029552332125604153
1364,0.0012892705854028463,,0.004371460061520338
1365,0.0005067157908342779,,0.0034424264449626207
1366,0.0010968968272209167,,0.004699687473475933
1367,0.0011966571910306811,,0.0037541526835411787
1368,0.0008415811462327838,,0.003630637191236019
1369,0.0006448867497965693,,0.0028264194261282682
1370,0.0006984942010603845,,0.004439099226146936
1371,0.0005830758018419147,,0.0037181151565164328
1372,0.0008028661832213402,,0.0047357636503875256
1373,0.0012525997590273619,,0.0028989254496991634
1374,0.0005858433432877064,,0.0029253829270601273
1375,0.0005841444944962859,,0.004414026625454426
1376,0.0006639087805524468,,0.004620198626071215
1377,0.0005393297178670764,,0.003533067414537072
1378,0.0009847646579146385,,0.0061875456012785435
1379,0.0005949545884504914,,0.0029181381687521935
1380,0.0007176990038715303,,0.006557002663612366
1381,0.0007218588143587112,,0.004734234418720007
1382,0.0006286348216235638,,0.0037239808589220047
1383,0.0005736012244597077,,0.005305557511746883
1384,0.000806243740953505,,0.0036436121445149183
1385,0.0009724519914016128,,0.004810853395611048
1386,0.0012701642699539661,,0.0036423171404749155
1387,0.0007169805467128754,,0.004814547020941973
1388,0.0007534282049164176,,0.004304846283048391
1389,0.0007446195813827217,,0.0029312733095139265
1390,0.0009152321144938469,,0.0035820791963487864
1391,0.0008410447044298053,,0.004094403237104416
1392,0.0007011980633251369,,0.004267957527190447
1393,0.0011445620330050588,,0.005014505237340927
1394,0.0009849986527115107,,0.004445778671652079
1395,0.0006214698660187423,,0.005867603700608015
1396,0.0007532833842560649,,0.004526240285485983
1397,0.0007965101394802332,,0.0053818076848983765
1398,0.0009605201776139438,,0.0031779834534972906
1399,0.0007212999043986201,,0.005887958221137524
1400,0.0007529192953370512,,0.003291961271315813
1401,0.0006888298084959388,,0.0050657219253480434
1402,0.000491084938403219,,0.0030765151605010033
1403,0.0005851259338669479,,0.004431216511875391
1404,0.0010288619669154286,,0.0036406484432518482
1405,0.0005458580562844872,,0.004314955789595842
1406,0.0005716055165976286,,0.0035666152834892273
1407,0.0008033646154217422,,0.003140808315947652
1408,0.000839156738948077,,0.0030445302836596966
1409,0.0005903671844862401,,0.0039545828476548195
1410,0.0005349450511857867,,0.0039109038189053535
1411,0.000647149165160954,,0.003306599799543619
1412,0.0008179222932085395,,0.004283276852220297
1413,0.0006038834108039737,,0.003330664476379752
1414,0.0007553702453151345,,0.0031056003645062447
1415,0.0007328378851525486,,0.004191932268440723
1416,0.0005456582293845713,,0.003971115220338106
1417,0.0005681159091182053,,0.003358960384503007
1418,0.0005293148569762707,,0.002713134279474616
1419,0.0006840163259766996,,0.0028414481785148382
1420,0.00046610026038251817,,0.0022975709289312363
1421,0.00057884183479473,,0.002684003906324506
1422,0.0006808481412008405,,0.005600477568805218
1423,0.0006174998125061393,,0.003863222198560834
1424,0.0007046420942060649,,0.004927012603729963
1425,0.0008329909760504961,,0.003830063622444868
1426,0.000600202358327806,,0.005995928775519133
1427,0.000756881374400109,,0.0037314158398658037
1428,0.0006312512559816241,,0.004437196999788284
1429,0.0006473944522440434,,0.0037713386118412018
1430,0.0005764976958744228,,0.004428114742040634
1431,0.0006680707447230816,,0.003871659282594919
1432,0.0008868639124557376,,0.0032915067858994007
1433,0.0005617534625343978,,0.004725303500890732
1434,0.0006364143919199705,,0.003944226074963808
1435,0.0005838093347847462,,0.003052141284570098
1436,0.0009531714022159576,,0.003648448269814253
1437,0.0008932565688155591,,0.004129666369408369
1438,0.000507604971062392,,0.003786009969189763
1439,0.0007209564791992307,,0.0029350612312555313
1440,0.0006161584751680493,,0.004022145643830299
1441,0.00048160552978515625,,0.003794924821704626
1442,0.0009591447887942195,,0.0046677966602146626
1443,0.0006027851486578584,,0.004291528835892677
1444,0.0008050737669691443,,0.0042316303588449955
1445,0.0007489016279578209,,0.004285361152142286
1446,0.0005895516369491816,,0.0026037946809083223
1447,0.0008789100684225559,,0.004226847551763058
1448,0.000592285068705678,,0.0030814146157354116
1449,0.0007358728908002377,,0.0030226674862205982
1450,0.0006585157243534923,,0.0033996461424976587
1451,0.0005385574186220765,,0.0034394748508930206
1452,0.0008335939492098987,,0.004618800710886717
1453,0.0005430459859780967,,0.003128912765532732
1454,0.000586220994591713,,0.003491699229925871
1455,0.0007235067896544933,,0.003309700870886445
1456,0.0007298015989363194,,0.00414788443595171
1457,0.0005400731461122632,,0.0035144316498190165
1458,0.0008656593854539096,,0.005505239125341177
1459,0.0007363408803939819,,0.0036595065612345934
1460,0.0006460133590735495,,0.004374155309051275
1461,0.0005872248439118266,,0.004725070204585791
1462,0.0005187141941860318,,0.004212287720292807
1463,0.0006083298940211535,,0.004684351850301027
1464,0.0006635274039581418,,0.0038340266328305006
1465,0.000799727626144886,,0.005009068641811609
1466,0.0005670781247317791,,0.00433345278725028
1467,0.0009148551616817713,,0.006720564793795347
1468,0.0008543141884729266,,0.0037985641974955797
1469,0.0005585443577729166,,0.0037061439361423254
1470,0.0010163121623918414,,0.005858647171407938
1471,0.0009951689280569553,,0.004634849727153778
1472,0.0006257330533117056,,0.007688681595027447
1473,0.0006110115791670978,,0.005375831853598356
1474,0.0013282941654324532,,0.005876750685274601
1475,0.0007008711691014469,,0.0050108288414776325
1476,0.0005888050072826445,,0.004714369773864746
1477,0.000782197283115238,,0.004681949038058519
1478,0.0005220641032792628,,0.004490496590733528
1479,0.001009395462460816,,0.0044233831577003
1480,0.0009285960695706308,,0.00443610455840826
1481,0.0011546248570084572,,0.0048525165766477585
1482,0.000626186840236187,,0.00449306471273303
1483,0.0006559950998052955,,0.004197515547275543
1484,0.0009682187810540199,,0.004664942156523466
1485,0.0007213323260657489,,0.004164567217230797
1486,0.000562849163543433,,0.003529035486280918
1487,0.0005900650867260993,,0.005061560310423374
1488,0.001496812328696251,,0.0061293658800423145
1489,0.0006497869035229087,,0.004426232073456049
1490,0.0005899209645576775,,0.0055055515840649605
1491,0.0006178113399073482,,0.0030481270514428616
1492,0.0007653321954421699,,0.006495083216577768
1493,0.0006717906217090786,,0.0037467533256858587
1494,0.0005267324158921838,,0.007048568222671747
1495,0.000611226714681834,,0.003844794351607561
1496,0.0007686659228056669,,0.0060951546765863895
1497,0.0007632148335687816,,0.00488501600921154
1498,0.0006085527129471302,,0.005416307598352432
1499,0.0009253329480998218,,0.005902315489947796
1500,0.000923356506973505,0.00048261009607529547,0.0041351947002112865
1501,0.0007083459640853107,,0.005336841102689505
1502,0.0007744237082079053,,0.003808892797678709
1503,0.0006137058371677995,,0.004074105527251959
1504,0.0006061039166525006,,0.0026711320970207453
1505,0.0006827061879448593,,0.00472051277756691
1506,0.0007675020024180412,,0.0037240793462842703
1507,0.0005384412361308932,,0.0033863212447613478
1508,0.0008009686134755611,,0.0056132422760128975
1509,0.0008140692370943725,,0.0039037626702338457
1510,0.0007830622489564121,,0.004810918588191271
1511,0.0008619813015684485,,0.004201584495604038
1512,0.0004829835379496217,,0.0035682462621480227
1513,0.0006534109706990421,,0.0047704316675662994
1514,0.0005714475410059094,,0.003947630058974028
1515,0.0007699764100834727,,0.0047431341372430325
1516,0.0006358879618346691,,0.003532935166731477
1517,0.0005523845902644098,,0.006170966662466526
1518,0.0005502909189090133,,0.004190610721707344
1519,0.0006438811542466283,,0.004780369810760021
1520,0.0009385538287460804,,0.006582850590348244
1521,0.0006486140191555023,,0.004974355921149254
1522,0.0008855959167703986,,0.0047211735509335995
1523,0.0005073319189250469,,0.00432170182466507
1524,0.0010335792321711779,,0.005002633202821016
1525,0.0008125788299366832,,0.004629694856703281
1526,0.0011436257045716047,,0.004952461924403906
1527,0.0008396081393584609,,0.004546590615063906
1528,0.0006768416496925056,,0.0053240288980305195
1529,0.0005102999275550246,,0.0031476218719035387
1530,0.0006882023881189525,,0.005497141275554895
1531,0.0005850335001014173,,0.005262148566544056
1532,0.0005580179858952761,,0.005106339231133461
1533,0.0011315391166135669,,0.007402092218399048
1534,0.0006138965836726129,,0.005042026750743389
1535,0.0006339948740787804,,0.006855300161987543
1536,0.0009196565370075405,,0.0043100169859826565
1537,0.0006708182627335191,,0.004811563063412905
1538,0.0007095633773133159,,0.004579117521643639
1539,0.001107789110392332,,0.005757281091064215
1540,0.0006854858947917819,,0.004497138783335686
1541,0.0005517381941899657,,0.00341817713342607
1542,0.0006093918345868587,,0.004465894773602486
1543,0.001005010330118239,,0.004094318486750126
1544,0.0007447642274200916,,0.00480935163795948
1545,0.0005874243215657771,,0.004048100672662258
1546,0.0007755594560876489,,0.004614110570400953
1547,0.0004898849874734879,,0.003431091783568263
1548,0.0006213848828338087,,0.00437988480553031
1549,0.000693276640959084,,0.003656743559986353
1550,0.000738820992410183,,0.004844820126891136
1551,0.0006492817192338407,,0.0038710006047040224
1552,0.000566539354622364,,0.004498513415455818
1553,0.0008042922127060592,,0.003971506375819445
1554,0.0005521405255421996,,0.0027891306672245264
1555,0.0010644544381648302,,0.005602234974503517
1556,0.0006623730878345668,,0.00403659837320447
1557,0.0005546758184209466,,0.0032545977737754583
1558,0.0007748084608465433,,0.002671654336154461
1559,0.0005265091895125806,,0.0032924730330705643
1560,0.0005096091772429645,,0.003669054713100195
1561,0.0007798037258908153,,0.0035408688709139824
1562,0.0005840842495672405,,0.0050365617498755455
1563,0.0006308718584477901,,0.003468808950856328
1564,0.0004734508111141622,,0.0030811659526079893
1565,0.0012367769377306104,,0.004786326549947262
1566,0.00089911965187639,,0.005312617868185043
1567,0.0006860345602035522,,0.003335444489493966
1568,0.0007989014266058803,,0.005134318023920059
1569,0.000858867249917239,,0.004093666560947895
1570,0.0005673053092323244,,0.0029723995830863714
1571,0.0007234741933643818,,0.0034941229969263077
1572,0.0005526326131075621,,0.004435731563717127
1573,0.000760080642066896,,0.003534663235768676
1574,0.0005270721158012748,,0.002837394829839468
1575,0.0007406336953863502,,0.006279326509684324
1576,0.0009200911736115813,,0.00386875681579113
1577,0.0009688767604529858,,0.005460011772811413
1578,0.0007039016927592456,,0.0035800624173134565
1579,0.001121137640438974,,0.004758457187563181
1580,0.0004943653475493193,,0.0036278138868510723
1581,0.0007635412621311843,,0.003255508141592145
1582,0.0007227776804938912,,0.004193207249045372
1583,0.0011197207495570183,,0.004558591637760401
1584,0.0005811555311083794,,0.004068703856319189
1585,0.0009464843897148967,,0.005774292629212141
1586,0.0006979865720495582,,0.003444551257416606
1587,0.0005361485527828336,,0.003574266331270337
1588,0.0006656406330876052,,0.005486422684043646
1589,0.0007286869222298265,,0.00417143851518631
1590,0.0009379450930282474,,0.0048478939570486546
1591,0.0006176752503961325,,0.0046485792845487595
1592,0.0011562153231352568,,0.005339858587831259
1593,0.0009167046518996358,,0.005199131090193987
1594,0.0008336771279573441,,0.003835364244878292
1595,0.0007327784551307559,,0.005331256426870823
1596,0.0005169051582925022,,0.003341694362461567
1597,0.0009509007795713842,,0.004245774820446968
1598,0.0007779727457091212,,0.004197191912680864
1599,0.0005523808067664504,,0.0036595030687749386
1600,0.0005456442013382912,,0.003287595696747303
1601,0.0007533362950198352,,0.0045263380743563175
1602,0.0005770143470726907,,0.0027707023546099663
1603,0.0006345177534967661,,0.004180312156677246
1604,0.0005530050257220864,,0.004699702374637127
1605,0.0006014641257934272,,0.004274555016309023
1606,0.0008950445335358381,,0.005547403357923031
1607,0.0005401188973337412,,0.00478149252012372
1608,0.000776463421061635,,0.004782862961292267
1609,0.0004944882821291685,,0.00455259857699275
1610,0.000660677149426192,,0.0034399342257529497
1611,0.0008896932704374194,,0.003157911589369178
1612,0.0006673700991086662,,0.005656587425619364
1613,0.001001361757516861,,0.004240389913320541
1614,0.0009124315110966563,,0.007040943019092083
1615,0.0006761295953765512,,0.00382080371491611
1616,0.0007841745391488075,,0.003483894281089306
1617,0.0007852173293940723,,0.005183943547308445
1618,0.00046149379340931773,,0.0038346743676811457
1619,0.00048141839215531945,,0.0043558888137340546
1620,0.0007493064622394741,,0.004468011204153299
1621,0.0006455713883042336,,0.004718773066997528
1622,0.0004905214882455766,,0.004723306745290756
1623,0.0005581341683864594,,0.003961834125220776
1624,0.0007093619788065553,,0.004722675308585167
1625,0.0005371730076149106,,0.002704785205423832
1626,0.0006327158771455288,,0.004573630169034004
1627,0.0010264840675517917,,0.0033927506301552057
1628,0.0005895233480259776,,0.0038058599457144737
1629,0.0005952862557023764,,0.0035358613822609186
1630,0.0010321344016119838,,0.003948310390114784
1631,0.0007389910751953721,,0.004204369615763426
1632,0.0005465756985358894,,0.0030432436615228653
1633,0.0005183150060474873,,0.003081167582422495
1634,0.0007530070724897087,,0.0047040581703186035
1635,0.0008569237543269992,,0.003721757559105754
1636,0.0009039362776093185,,0.005993980914354324
1637,0.0008327392279170454,,0.004062273073941469
1638,0.0010389978997409344,,0.007524906191974878
1639,0.0006776453810743988,,0.003363710595294833
1640,0.0006781711126677692,,0.006837253458797932
1641,0.0006377850659191608,,0.002875569509342313
1642,0.0007830478134565055,,0.005751292686909437
1643,0.0006547832163050771,,0.0046251434832811356
1644,0.00086884357733652,,0.0056337458081543446
1645,0.0009114507120102644,,0.005738652776926756
1646,0.0006164727383293211,,0.003701569279655814
1647,0.0004953636089339852,,0.0050209565088152885
1648,0.0005012864130549133,,0.003283802652731538
1649,0.0004971580929122865,,0.006381030660122633
1650,0.000600638915784657,,0.00343904085457325
1651,0.0006423075683414936,,0.005377857480198145
1652,0.0006961577455513179,,0.003990016411989927
1653,0.000616303354036063,,0.0053816805593669415
1654,0.0005477305385284126,,0.004667992237955332
1655,0.0006238783244043589,,0.003673410275951028
1656,0.0006239284994080663,,0.005955353379249573
1657,0.0007465511444024742,,0.004010315518826246
1658,0.0008683758205734193,,0.006233517546206713
1659,0.00084601656999439,,0.00370883010327816
1660,0.0005798191414214671,,0.005702371709048748
1661,0.0006442097947001457,,0.0034480029717087746
1662,0.0006832998478785157,,0.004363623913377523
1663,0.0005669350503012538,,0.003342417534440756
1664,0.0005338812479749322,,0.0044469451531767845
1665,0.0006505876081064343,,0.003580139484256506
1666,0.0010021926136687398,,0.0047731236554682255
1667,0.0008212280226871371,,0.004149929154664278
1668,0.0005982434377074242,,0.00493406318128109
1669,0.0008226511999964714,,0.003215680830180645
1670,0.0006605508970096707,,0.005353572778403759
1671,0.0007387771038338542,,0.00472228555008769
1672,0.0007360794115811586,,0.004995736293494701
1673,0.0007160676177591085,,0.0034838018473237753
1674,0.0010638841195032,,0.004181087948381901
1675,0.0006881927838549018,,0.004749226849526167
1676,0.0005655833519995213,,0.0041685812175273895
1677,0.0006059379084035754,,0.0050440295599401
1678,0.0005810719449073076,,0.0046439082361757755
1679,0.0006540499161928892,,0.005208417773246765
1680,0.0005735214217565954,,0.003446286777034402
1681,0.0005313367582857609,,0.004858866333961487
1682,0.0007560340454801917,,0.004280174616724253
1683,0.0006739086238667369,,0.003569971304386854
1684,0.0005042598349973559,,0.005485622677952051
1685,0.0010386889334768057,,0.004412147216498852
1686,0.0005745270173065364,,0.0030252679716795683
1687,0.0006307499716058373,,0.004914095625281334
1688,0.0006162957288324833,,0.0035782840568572283
1689,0.0006469398504123092,,0.005348704289644957
1690,0.0009944606572389603,,0.0037567217368632555
1691,0.0006090493989177048,,0.005368558689951897
1692,0.0007235712255351245,,0.004425705876201391
1693,0.000976822804659605,,0.004177212715148926
1694,0.0005414232145994902,,0.006023006979376078
1695,0.0005978622939437628,,0.003364834003150463
1696,0.0006635633762925863,,0.004908347502350807
1697,0.0009217595215886831,,0.004435278475284576
1698,0.0008973914664238691,,0.0029407464899122715
1699,0.0005078274989500642,,0.0052689360454678535
1700,0.000586051435675472,,0.003000261727720499
1701,0.0005393917672336102,,0.0051088533364236355
1702,0.0005702071357518435,,0.003494702046737075
1703,0.0007055965252220631,,0.003866618499159813
1704,0.000724583282135427,,0.003597920760512352
1705,0.000778640154749155,,0.002902334788814187
1706,0.0005611864035017788,,0.003106703283265233
1707,0.00045217270962893963,,0.00338220433332026
1708,0.0006751128239557147,,0.0038144222926348448
1709,0.000532502424903214,,0.003861122066155076
1710,0.0004927513073198497,,0.002603996079415083
1711,0.0005409152945503592,,0.004130861256271601
1712,0.0006071440875530243,,0.004178714007139206
1713,0.0010516312904655933,,0.005794258788228035
1714,0.0006198249757289886,,0.0030195533763617277
1715,0.0005926298908889294,,0.0049226777628064156
1716,0.0005632491665892303,,0.0031178933568298817
1717,0.0005303126526996493,,0.003505743807181716
1718,0.0009545236825942993,,0.0033369821030646563
1719,0.0006981009501032531,,0.0038267842028290033
1720,0.0006612916477024555,,0.003708792617544532
1721,0.0005356436595320702,,0.004782726522535086
1722,0.0008305443334393203,,0.004466955084353685
1723,0.000575222191400826,,0.004310699179768562
1724,0.0005893245688639581,,0.004274730104953051
1725,0.0005449887830764055,,0.005187300033867359
1726,0.0007495617028325796,,0.004081463906913996
1727,0.0007139354711398482,,0.004391128197312355
1728,0.0010264519369229674,,0.005499404855072498
1729,0.0005599085707217455,,0.004022065084427595
1730,0.0004997718497179449,,0.004285272676497698
1731,0.0006994502618908882,,0.004607734270393848
1732,0.0006661172956228256,,0.003573335474357009
1733,0.000539952190592885,,0.004387926310300827
1734,0.001049787737429142,,0.004709800239652395
1735,0.0005511478520929813,,0.00450642267242074
1736,0.0008127816836349666,,0.00716739846393466
1737,0.000617237645201385,,0.0041307564824819565
1738,0.000656924385111779,,0.007502133492380381
1739,0.000552842509932816,,0.003444207366555929
1740,0.0006577756721526384,,0.005246961954981089
1741,0.001019695308059454,,0.0056089721620082855
1742,0.0005629988154396415,,0.005694987252354622
1743,0.0005245889769867063,,0.005015283357352018
1744,0.00048275929293595254,,0.00471032178029418
1745,0.0009353865752927959,,0.006944653112441301
1746,0.0006238694768399,,0.004287331365048885
1747,0.00063332449644804,,0.0070589883252978325
1748,0.0005611585802398622,,0.004057429730892181
1749,0.0006209899438545108,,0.006917783059179783
1750,0.0005810490110889077,,0.004453314933925867
1751,0.0005907824961468577,,0.004750027786940336
1752,0.0005062561831437051,,0.004122242797166109
1753,0.0005733667640015483,,0.0036059273406863213
1754,0.0005163826863281429,,0.006050413008779287
1755,0.0006771585904061794,,0.002971045672893524
1756,0.0005029593594372272,,0.004340385086834431
1757,0.0005865949206054211,,0.0036025128792971373
1758,0.0008673270931467414,,0.003753385506570339
1759,0.0006996061420068145,,0.004084579646587372
1760,0.0006631219293922186,,0.0035696038976311684
1761,0.0008647124050185084,,0.0041408659890294075
1762,0.0004974729381501675,,0.003228438552469015
1763,0.0005573232192546129,,0.0040462748147547245
1764,0.0005779828643426299,,0.004262837581336498
1765,0.0005007248837500811,,0.003362091025337577
1766,0.0007283826125785708,,0.004135258961468935
1767,0.0005684568895958364,,0.003495055017992854
1768,0.0005755318561568856,,0.002820652909576893
1769,0.0005887860315851867,,0.0035433140583336353
1770,0.0005019328091293573,,0.0025541463401168585
1771,0.000501157424878329,,0.0025836352724581957
1772,0.0009042431483976543,,0.003051639534533024
1773,0.0006199738709256053,,0.003326319856569171
1774,0.0007733275997452438,,0.00277139013633132
1775,0.0006157415919005871,,0.0034920815378427505
1776,0.0005910866893827915,,0.0031988623086363077
1777,0.0007358439033851027,,0.0028576264157891273
1778,0.0008201535092666745,,0.004204447381198406
1779,0.0010228133760392666,,0.004610057920217514
1780,0.0009078995208255947,,0.004232823848724365
1781,0.0007410909747704864,,0.003005551639944315
1782,0.000996537390165031,,0.005092991050332785
1783,0.0006296020001173019,,0.004458232317119837
1784,0.0005209261435084045,,0.003530150279402733
1785,0.000457440793979913,,0.0037228462751954794
1786,0.0005150582874193788,,0.0037618556525558233
1787,0.0005416549975052476,,0.0028978290501981974
1788,0.0007562482496723533,,0.003917038906365633
1789,0.0005693190032616258,,0.005019442178308964
1790,0.0006725813145749271,,0.004345716908574104
1791,0.0005696219159290195,,0.005695808213204145
1792,0.0007202806882560253,,0.004399260506033897
1793,0.0006693442119285464,,0.005178588442504406
1794,0.00044338320731185377,,0.00366785004734993
1795,0.0005634258850477636,,0.007672626059502363
1796,0.0007160640088841319,,0.003685330506414175
1797,0.0007768880459479988,,0.0063989609479904175
1798,0.0008777044713497162,,0.005457370076328516
1799,0.0006608768599107862,,0.0051061068661510944
1800,0.0011517792008817196,,0.008367449045181274
1801,0.0009708692668937147,,0.005981556139886379
1802,0.0007462413050234318,,0.008360001258552074
1803,0.0007823279011063278,,0.006081671919673681
1804,0.0005964201409369707,,0.0070044901221990585
1805,0.0006106018554419279,,0.00799296423792839
1806,0.0006431720103137195,,0.006579926703125238
1807,0.0005786394467577338,,0.007265228312462568
1808,0.0007181499968282878,,0.004584002774208784
1809,0.0006113995332270861,,0.006355801597237587
1810,0.0005882084369659424,,0.006578827276825905
1811,0.0006865574978291988,,0.007473204284906387
1812,0.0005870828172191978,,0.0053523532114923
1813,0.001175284618511796,,0.005804714281111956
1814,0.001412846613675356,,0.005477272439748049
1815,0.0006430069915950298,,0.0057060313411056995
1816,0.0007652835920453072,,0.007067995145916939
1817,0.0008011492900550365,,0.0049701570533216
1818,0.00047534791519865394,,0.004043973982334137
1819,0.0006105835782364011,,0.0044408394023776054
1820,0.0006321268156170845,,0.005401128903031349
1821,0.0005361277726478875,,0.004031908232718706
1822,0.0007435122970491648,,0.00541427917778492
1823,0.0009821238927543163,,0.005311782006174326
1824,0.0005220110761001706,,0.004516324959695339
1825,0.0008087329333648086,,0.004951633512973785
1826,0.00046258658403530717,,0.0028906448278576136
1827,0.0005681415786966681,,0.003912691492587328
1828,0.0005170714575797319,,0.003714203368872404
1829,0.00048640783643350005,,0.00408936059102416
1830,0.0005852275062352419,,0.004247420933097601
1831,0.000886527996044606,,0.0067626601085066795
1832,0.0006768754683434963,,0.004786910023540258
1833,0.000532701553311199,,0.0032780116889625788
1834,0.0006405417225323617,,0.0044271075166761875
1835,0.0005777982296422124,,0.0059262653812766075
1836,0.0006077696452848613,,0.005627451464533806
1837,0.0006291421595960855,,0.004953429568558931
1838,0.0006226861150935292,,0.005609102081507444
1839,0.0005707397940568626,,0.005640537012368441
1840,0.0008683700580149889,,0.005955882370471954
1841,0.0007831468246877193,,0.006099547725170851
1842,0.0009895202238112688,,0.003972633741796017
1843,0.0008339855121448636,,0.006983712315559387
1844,0.0005419512162916362,,0.0062835728749632835
1845,0.0008137630647979677,,0.005734222941100597
1846,0.0007677315734326839,,0.008110461756587029
1847,0.0007627393933944404,,0.0037643590476363897
1848,0.0006771173211745918,,0.005951442755758762
1849,0.0012407529866322875,,0.008132826536893845
1850,0.0007350996020250022,,0.006362941116094589
1851,0.0009205177775584161,,0.005746818147599697
1852,0.000583481159992516,,0.006240833550691605
1853,0.0007167932926677167,,0.003998319152742624
1854,0.0006341440021060407,,0.0060736751183867455
1855,0.000578568025957793,,0.005942456424236298
1856,0.001226396532729268,,0.005455981008708477
1857,0.000759611080866307,,0.004031670279800892
1858,0.0005540828569792211,,0.005840083118528128
1859,0.0005591811495833099,,0.0037714324425905943
1860,0.0006243943935260177,,0.004077103920280933
1861,0.0009212596341967583,,0.003898104652762413
1862,0.0005904658464714885,,0.003778691403567791
1863,0.0005181528977118433,,0.004664467182010412
1864,0.0006354469805955887,,0.004212389700114727
1865,0.0010428340174257755,,0.005248643923550844
1866,0.001022536656819284,,0.007045968435704708
1867,0.0009357880335301161,,0.006878696847707033
1868,0.0008447637665085495,,0.004596751648932695
1869,0.000497897039167583,,0.004943466745316982
1870,0.0005684932693839073,,0.005126569420099258
1871,0.0008991316426545382,,0.006081342231482267
1872,0.0005503440625034273,,0.004710546229034662
1873,0.0005507964524440467,,0.007425306364893913
1874,0.0006194700254127383,,0.004983960185199976
1875,0.0005009331507608294,,0.0070681520737707615
1876,0.0005266080843284726,,0.0050273472443223
1877,0.0004904236411675811,,0.004273824859410524
1878,0.000915729789994657,,0.005226378329098225
1879,0.0006518905865959823,,0.004606134258210659
1880,0.0004959236830472946,,0.005409385543316603
1881,0.00053585966816172,,0.00529960123822093
1882,0.00043487208313308656,,0.005076616536825895
1883,0.0005758263287134469,,0.0061546796932816505
1884,0.0006871161749586463,,0.003267542691901326
1885,0.0005258003948256373,,0.006618076004087925
1886,0.0010660577099770308,,0.004870808217674494
1887,0.0007817071746103466,,0.004998752847313881
1888,0.0004828962846659124,,0.007503787521272898
1889,0.0006147254025563598,,0.004586992785334587
1890,0.0005259154713712633,,0.00732218474149704
1891,0.0008392079034820199,,0.004298807121813297
1892,0.0006582626956515014,,0.006058983039110899
1893,0.0011723926290869713,,0.007020946126431227
1894,0.0006771352491341531,,0.004580617882311344
1895,0.0005175462574698031,,0.0038355581928044558
1896,0.0005532177165150642,,0.0033235016744583845
1897,0.0007014555740170181,,0.005429142154753208
1898,0.0007566385320387781,,0.004440991673618555
1899,0.0008802789961919188,,0.007169816642999649
1900,0.0007940630312077701,,0.004241171292960644
1901,0.000625551154371351,,0.00589354382827878
1902,0.0005434072809293866,,0.006023111753165722
1903,0.0007967245182953775,,0.0033219230826944113
1904,0.00047320936573669314,,0.006056827027350664
1905,0.0006247627316042781,,0.004159910138696432
1906,0.0005536307580769062,,0.005310330539941788
1907,0.0005119959241710603,,0.00698998523876071
1908,0.00046594449668191373,,0.00531107047572732
1909,0.0005597879062406719,,0.006221899762749672
1910,0.0007471675053238869,,0.0028771033976227045
1911,0.000508007244206965,,0.005379788111895323
1912,0.0007213479839265347,,0.003979089204221964
1913,0.0005105928285047412,,0.004241259302943945
1914,0.0004241653950884938,,0.003243369050323963
1915,0.00043264421401545405,,0.0033572546672075987
1916,0.0005349755520001054,,0.0030187934171408415
1917,0.0005205249763093889,,0.0031749617774039507
1918,0.0005811076844111085,,0.0034564672969281673
1919,0.0007073106244206429,,0.003068043850362301
1920,0.000703688885550946,,0.004200630355626345
1921,0.0006873531965538859,,0.003998064436018467
1922,0.0007884373189881444,,0.0034955651499330997
1923,0.0006031946977600455,,0.005301725585013628
1924,0.0005632702959701419,,0.00425331387668848
1925,0.000791735656093806,,0.004456616938114166
1926,0.0006713619222864509,,0.0032345950603485107
1927,0.0006981566548347473,,0.003935863263905048
1928,0.0005690031102858484,,0.005072344094514847
1929,0.0007242591818794608,,0.004688853397965431
1930,0.0006431347574107349,,0.005340016912668943
1931,0.0006768861785531044,,0.00480737816542387
1932,0.000718067807611078,,0.005776163190603256
1933,0.000571935554035008,,0.003866871353238821
1934,0.0009874207898974419,,0.005491370335221291
1935,0.0006762718548998237,,0.005290513392537832
1936,0.000709250511135906,,0.00473543256521225
1937,0.0007366740028373897,,0.005527685396373272
1938,0.0005050523323006928,,0.005277842283248901
1939,0.000734889879822731,,0.0037877338472753763
1940,0.0007307149353437126,,0.007690625265240669
1941,0.0008079428225755692,,0.0056443046778440475
1942,0.0008181192679330707,,0.005800968036055565
1943,0.0005240803584456444,,0.0053520286455750465
1944,0.0006017020787112415,,0.0063853273168206215
1945,0.0005138090346008539,,0.005846194922924042
1946,0.0006893915124237537,,0.0054026697762310505
1947,0.0009028817876242101,,0.005685942713171244
1948,0.0008903428679332137,,0.005190322175621986
1949,0.0008195284754037857,,0.005723773967474699
1950,0.0004780955787282437,,0.0051129646599292755
1951,0.0005629655788652599,,0.005588356871157885
1952,0.000842614914290607,,0.004287190269678831
1953,0.0004365475324448198,,0.003430148819461465
1954,0.0006119472673162818,,0.006317461375147104
1955,0.0007466751849278808,,0.0030425256118178368
1956,0.0006590985576622188,,0.004176395013928413
1957,0.0012537059374153614,,0.0036206499207764864
1958,0.0008616994018666446,,0.0043970574624836445
1959,0.0005901789991185069,,0.005983756855130196
1960,0.0004743972676806152,,0.0036026351153850555
1961,0.0005047579761594534,,0.005487865302711725
1962,0.000677670759614557,,0.004629397764801979
1963,0.0008241023751907051,,0.005959376227110624
1964,0.0004364234337117523,,0.0038365651853382587
1965,0.0007966876728460193,,0.006090679205954075
1966,0.0004252792277839035,,0.004054209683090448
1967,0.0006939994054846466,,0.003148189280182123
1968,0.0008910892065614462,,0.005897019058465958
1969,0.0005139773129485548,,0.0049233767203986645
1970,0.0005435142666101456,,0.005020940210670233
1971,0.0005278049502521753,,0.005618806462734938
1972,0.0010152219329029322,,0.003704558126628399
1973,0.0006991822156123817,,0.005517412442713976
1974,0.0005489708855748177,,0.0044403583742678165
1975,0.0008370293653570116,,0.005540803540498018
1976,0.0005857113283127546,,0.005518430843949318
1977,0.0006285130511969328,,0.003172870259732008
1978,0.0005222272593528032,,0.006035820581018925
1979,0.0005098661058582366,,0.005588316824287176
1980,0.0005118619883432984,,0.0033725968096405268
1981,0.000708366627804935,,0.0069330367259681225
1982,0.0005391344893723726,,0.004596840590238571
1983,0.0007809919188730419,,0.005149416159838438
1984,0.000586336012929678,,0.007144656032323837
1985,0.00047207833267748356,,0.003309189574792981
1986,0.00047814063145779073,,0.006011668127030134
1987,0.0004969860310666263,,0.004411414265632629
1988,0.0007005065563134849,,0.005408283788710833
1989,0.0007834908319637179,,0.0045430660247802734
1990,0.0006234556203708053,,0.003354217391461134
1991,0.0007915759924799204,,0.00756267923861742
1992,0.0004924231907352805,,0.003343165386468172
1993,0.0006627952097915113,,0.006400843616575003
1994,0.000595869030803442,,0.0050878277979791164
1995,0.0007338179275393486,,0.006378028076142073
1996,0.0006461250595748425,,0.0051984163001179695
1997,0.0008582437294535339,,0.005434872582554817
1998,0.000528596923686564,,0.007146863732486963
1999,0.0006829380290582776,,0.004211816005408764
2000,0.0005367344710975885,0.0004703969936450275,0.005834502633661032
2001,0.000572219374589622,,0.004333323799073696
2002,0.0005561368889175355,,0.003681183559820056
2003,0.0009571399423293769,,0.004362522624433041
2004,0.0005978817353025079,,0.005528489127755165
2005,0.0007873402792029083,,0.00453576585277915
2006,0.0006206820253282785,,0.005158852785825729
2007,0.0007949384744279087,,0.004931708797812462
2008,0.0008308867691084743,,0.004551565274596214
2009,0.0004926919937133789,,0.004675813019275665
2010,0.0005875499919056892,,0.0040713148191571236
2011,0.0006230451399460435,,0.004699467681348324
2012,0.0005750380805693567,,0.004894341342151165
2013,0.0005615241825580597,,0.004370017442852259
2014,0.0008033681660890579,,0.005211063660681248
2015,0.0005499626859091222,,0.0044141728430986404
2016,0.0006800922565162182,,0.004903047811239958
2017,0.0005949471960775554,,0.004914653487503529
2018,0.0005103555740788579,,0.004451508168131113
2019,0.0006777595262974501,,0.0037565610837191343
2020,0.0007524614920839667,,0.0040015848353505135
2021,0.000724046491086483,,0.006438903976231813
2022,0.000522537506185472,,0.00417160103097558
2023,0.0005840523517690599,,0.004848659038543701
2024,0.0005765779642388225,,0.0034458984155207872
2025,0.0005143930902704597,,0.0036264199297875166
2026,0.0005852495087310672,,0.00510811572894454
2027,0.000500313239172101,,0.003955618478357792
2028,0.0005399668589234352,,0.0028871074318885803
2029,0.0006597174215130508,,0.005405191332101822
2030,0.0008604981703683734,,0.00592492101714015
2031,0.0005112335784360766,,0.0040662856772542
2032,0.0005642360774800181,,0.005091143772006035
2033,0.0009831285569816828,,0.0038544880226254463
2034,0.0007119957590475678,,0.004869373980909586
2035,0.0010822261683642864,,0.0030722683295607567
2036,0.0004890313139185309,,0.003704422153532505
2037,0.0004936912446282804,,0.004482543095946312
2038,0.000513911887537688,,0.004737759009003639
2039,0.0008680542814545333,,0.005669168196618557
2040,0.0004851953126490116,,0.004831755068153143
2041,0.00048062470159493387,,0.0036031783092767
2042,0.0007789472001604736,,0.004738831892609596
2043,0.0005321934586390853,,0.004349784925580025
2044,0.000537981977686286,,0.0054476154036819935
2045,0.000823056441731751,,0.005224283784627914
2046,0.00045072147622704506,,0.0034410138614475727
2047,0.0008940016268752515,,0.004601079970598221
2048,0.0006330671603791416,,0.003659918438643217
2049,0.0006891427328810096,,0.0035422968212515116
2050,0.0007141698151826859,,0.004393117502331734
2051,0.0007491568103432655,,0.004553555976599455
2052,0.0004883697838522494,,0.003983259666711092
2053,0.0007874700240790844,,0.004281813744455576
2054,0.0005837548524141312,,0.004298011772334576
2055,0.0005128387128934264,,0.0038214700762182474
2056,0.0007137550855986774,,0.005116967484354973
2057,0.0011378448689356446,,0.004632818046957254
2058,0.000522174290381372,,0.0031112406868487597
2059,0.0007096866029314697,,0.004449923988431692
2060,0.0005510385381057858,,0.00432570930570364
2061,0.0007940190844237804,,0.004074271768331528
2062,0.0004930414143018425,,0.003341419156640768
2063,0.00048525340389460325,,0.004140867386013269
2064,0.000566291157156229,,0.003915530629456043
2065,0.000570013013202697,,0.003205353394150734
2066,0.0007206906448118389,,0.004635728430002928
2067,0.0006733392365276814,,0.0036581179592758417
2068,0.0005826253327541053,,0.005165947135537863
2069,0.0006720369565300643,,0.003447518218308687
2070,0.000604586151894182,,0.0052133467979729176
2071,0.0005293171852827072,,0.004105688072741032
2072,0.0006242833333089948,,0.005034679546952248
2073,0.0007604149868711829,,0.004476516041904688
2074,0.0010893528815358877,,0.008435992524027824
2075,0.0005376628250814974,,0.005869392305612564
2076,0.0005983036244288087,,0.004508286248892546
2077,0.0006024843896739185,,0.0052184914238750935
2078,0.0006494758417829871,,0.0040323310531675816
2079,0.0006594033911824226,,0.004897937178611755
2080,0.0004702467122115195,,0.0030123295728117228
2081,0.0005555418902076781,,0.004381805192679167
2082,0.00047514651669189334,,0.003043001750484109
2083,0.0007871286943554878,,0.004538068547844887
2084,0.0007146027637645602,,0.004278360400348902
2085,0.0007351214298978448,,0.004847418982535601
2086,0.0005425169947557151,,0.0043312604539096355
2087,0.0005230219103395939,,0.004816856235265732
2088,0.0006137375603429973,,0.004203349817544222
2089,0.0007221895502880216,,0.003997748252004385
2090,0.0007143323309719563,,0.004985232837498188
2091,0.0007366501959040761,,0.0036230727564543486
2092,0.0006186576210893691,,0.004648066125810146
2093,0.0004681103746406734,,0.0033840718679130077
2094,0.0005237514851614833,,0.005119448993355036
2095,0.0006087904330343008,,0.003918164875358343
2096,0.0008588688797317445,,0.00453689182177186
2097,0.0006778009119443595,,0.004670785274356604
2098,0.0006274217739701271,,0.004561126232147217
2099,0.0006895243423059583,,0.00553991599008441
2100,0.0009151154081337154,,0.0043421960435807705
2101,0.0004912334261462092,,0.00400844169780612
2102,0.00043712821207009256,,0.0030481209978461266
2103,0.00045831617899239063,,0.005084638018161058
2104,0.0006788703612983227,,0.003732475684955716
2105,0.0005132436053827405,,0.004110573325306177
2106,0.0004896012833341956,,0.0036679301410913467
2107,0.0006347007001750171,,0.00438147084787488
2108,0.0003959312743972987,,0.0038666215259581804
2109,0.00057569908676669,,0.005723163019865751
2110,0.00061806570738554,,0.00461163092404604
2111,0.000711657979991287,,0.0039917537942528725
2112,0.0007932297885417938,,0.004246640484780073
2113,0.0004957892815582454,,0.0029448054265230894
2114,0.0004889091360382736,,0.003287103958427906
2115,0.0008271777769550681,,0.0036227633245289326
2116,0.0006934733828529716,,0.0038067686837166548
2117,0.0006427310290746391,,0.004492246545851231
2118,0.0006165053928270936,,0.003564858343452215
2119,0.000601111794821918,,0.0033449146430939436
2120,0.0007565990090370178,,0.003585204714909196
2121,0.0004844539798796177,,0.003495430340990424
2122,0.000852514524012804,,0.006102739367634058
2123,0.0007406700751744211,,0.004357717465609312
2124,0.000611841503996402,,0.003562855301424861
2125,0.0007343871984630823,,0.0036091345828026533
2126,0.0005704560317099094,,0.004413033835589886
2127,0.0011078587267547846,,0.0038503932300955057
2128,0.0008466611616313457,,0.0049217683263123035
2129,0.0005441404646262527,,0.005037007853388786
2130,0.0012027599150314927,,0.0032913617324084044
2131,0.0007132100290618837,,0.004847357049584389
2132,0.0006204242818057537,,0.004362537059932947
2133,0.00045563021558336914,,0.004218921530991793
2134,0.0007456863531842828,,0.00416157441213727
2135,0.0005352575099095702,,0.004002273082733154
2136,0.0005671260878443718,,0.0038896326441317797
2137,0.0006569293327629566,,0.00640252185985446
2138,0.0006166407256387174,,0.004583350848406553
2139,0.000517795910127461,,0.006366949062794447
2140,0.0005622835597023368,,0.0032372798305004835
2141,0.0008352097938768566,,0.008212867192924023
2142,0.0009232008596882224,,0.006603672634810209
2143,0.0011224404443055391,,0.0055354018695652485
2144,0.0005362812080420554,,0.005630815867334604
2145,0.0006500550080090761,,0.0044763414189219475
2146,0.000618207675870508,,0.0066579608246684074
2147,0.0005885955761186779,,0.004136913921684027
2148,0.0005526156164705753,,0.0049637421034276485
2149,0.0005336407339200377,,0.004751452710479498
2150,0.0007205315632745624,,0.006149045191705227
2151,0.0007286964682862163,,0.006021684966981411
2152,0.00046865580952726305,,0.0044531975872814655
2153,0.0008603184251114726,,0.004269042052328587
2154,0.0007356461137533188,,0.005486707668751478
2155,0.00048160701408050954,,0.005265593994408846
2156,0.0005792941083200276,,0.0057492428459227085
2157,0.0006603716756217182,,0.004725003615021706
2158,0.00047677845577709377,,0.005723921116441488
2159,0.00048734364099800587,,0.0037720813415944576
2160,0.0006512156105600297,,0.004873272497206926
2161,0.0004942294326610863,,0.004096928518265486
2162,0.00045322859659790993,,0.004981507547199726
2163,0.000740894116461277,,0.0034643819089978933
2164,0.0005329898558557034,,0.003914897795766592
2165,0.00044843245996162295,,0.0049432977102696896
2166,0.0004475017194636166,,0.0030702438671141863
2167,0.0007247914327308536,,0.0069184936583042145
2168,0.0007542127277702093,,0.0037721365224570036
2169,0.0003985919465776533,,0.003990389872342348
2170,0.0004797469300683588,,0.004157296847552061
2171,0.0007031990098766983,,0.003700344357639551
2172,0.0007221981650218368,,0.004344912711530924
2173,0.0007591207977384329,,0.005323792342096567
2174,0.0007692892104387283,,0.006804130505770445
2175,0.0006159403710626066,,0.0038251669611781836
2176,0.0005528725450858474,,0.006955366116017103
2177,0.00045528210466727614,,0.003016956616193056
2178,0.0004744679608847946,,0.004605311434715986
2179,0.0006592916324734688,,0.005016005132347345
2180,0.0008311585406772792,,0.0048547242768108845
2181,0.0007540225051343441,,0.006156653165817261
2182,0.0006685096304863691,,0.006753880996257067
2183,0.0005212980904616416,,0.003705988172441721
2184,0.0005174639518372715,,0.003817665623500943
2185,0.0009231131407432258,,0.004124439787119627
2186,0.0006224421667866409,,0.004177114926278591
2187,0.0007533311727456748,,0.003672665450721979
2188,0.0008612414821982384,,0.004299307242035866
2189,0.0006965722423046827,,0.003586414037272334
2190,0.0008073073113337159,,0.004043019376695156
2191,0.0005584544851444662,,0.0033891748171299696
2192,0.0005497714737430215,,0.004012584686279297
2193,0.0004100091755390167,,0.004013246390968561
2194,0.0006171392160467803,,0.003614405868574977
2195,0.000755418324843049,,0.004306361544877291
2196,0.0010739192366600037,,0.008033840917050838
2197,0.0005403407267294824,,0.004872930236160755
2198,0.0007874506991356611,,0.005456968210637569
2199,0.0006146151572465897,,0.0038015327882021666
2200,0.0006030284566804767,,0.004793258383870125
2201,0.0006610235432162881,,0.004620843101292849
2202,0.0006360381958074868,,0.004156528506428003
2203,0.0010383229237049818,,0.004490708466619253
2204,0.0009640859207138419,,0.005850845016539097
2205,0.0010931972647085786,,0.004667789209634066
2206,0.0009282907703891397,,0.004595684353262186
2207,0.0005068279569968581,,0.004793267697095871
2208,0.000493764819111675,,0.0041244435124099255
2209,0.0005143139860592782,,0.005812639370560646
2210,0.0005436403444036841,,0.004043055698275566
2211,0.0006165930535644293,,0.004721856210380793
2212,0.0005039336974732578,,0.005149730946868658
2213,0.0007580087403766811,,0.004597288090735674
2214,0.0006852758815512061,,0.00477945152670145
2215,0.0004602277185767889,,0.0036987054627388716
2216,0.0008715438889339566,,0.004992437083274126
2217,0.0006528042140416801,,0.00542169576510787
2218,0.0007392000406980515,,0.004436405375599861
2219,0.0007947917911224067,,0.00544640002772212
2220,0.0004988477448932827,,0.0029402284417301416
2221,0.000645554973743856,,0.0030551543459296227
2222,0.0004429333785083145,,0.0030829140450805426
2223,0.0004445369995664805,,0.003848322667181492
2224,0.0005107607576064765,,0.004324039909988642
2225,0.0007652993081137538,,0.005109165795147419
2226,0.0005491916672326624,,0.0038094420451670885
2227,0.00042643811320886016,,0.003130525117740035
2228,0.0004952580202370882,,0.004350881092250347
2229,0.0006289075827226043,,0.003614394925534725
2230,0.0005576706025749445,,0.003127812873572111
2231,0.0006229890277609229,,0.003906957805156708
2232,0.001048144418746233,,0.006497085560113192
2233,0.0008181646699085832,,0.004739866126328707
2234,0.0007122820243239403,,0.003714729333296418
2235,0.00047794985584914684,,0.004473612178117037
2236,0.00039582938188686967,,0.0032830561976879835
2237,0.0008970077033154666,,0.0047794911079108715
2238,0.0005563494632951915,,0.003914268687367439
2239,0.0004879268235526979,,0.003183310618624091
2240,0.0006823741714470088,,0.004315379541367292
2241,0.0005031037726439536,,0.0038575984071940184
2242,0.0008140741847455502,,0.004640807397663593
2243,0.0007708134944550693,,0.003807584522292018
2244,0.0004666876047849655,,0.0030158318113535643
2245,0.0006508249207399786,,0.0043692332692444324
2246,0.0007580833043903112,,0.004225851036608219
2247,0.0006299036322161555,,0.006291451398283243
2248,0.0007858725730329752,,0.0028980032075196505
2249,0.0006166130769997835,,0.0039738076739013195
2250,0.000469831982627511,,0.0035704795736819506
2251,0.0005056949448771775,,0.003744022222235799
2252,0.0006234736647456884,,0.006573294755071402
2253,0.000582634937018156,,0.0045905644074082375
2254,0.000515169114805758,,0.005793513730168343
2255,0.00041852876893244684,,0.004670394584536552
2256,0.0004912653239443898,,0.005850499030202627
2257,0.0005242479383014143,,0.004052596166729927
2258,0.0004866993986070156,,0.0031253150664269924
2259,0.0006349653704091907,,0.004427806008607149
2260,0.0005813046591356397,,0.0042939321137964725
2261,0.0007462894427590072,,0.003321911906823516
2262,0.00041823461651802063,,0.0024297102354466915
2263,0.0006960397004149854,,0.004757937043905258
2264,0.0005641968455165625,,0.004463566467165947
2265,0.0007620052201673388,,0.005109294783324003
2266,0.00046084445784799755,,0.0036471548955887556
2267,0.0007283359300345182,,0.0028598951175808907
2268,0.0005318559124134481,,0.004605074413120747
2269,0.0009207045659422874,,0.005590466782450676
2270,0.000503285089507699,,0.005454597529023886
2271,0.000529698038008064,,0.0036446689628064632
2272,0.0006992256967350841,,0.0036048598121851683
2273,0.0005145168397575617,,0.004437336232513189
2274,0.0005340790376067162,,0.0032126575242727995
2275,0.0006544108036905527,,0.0043564774096012115
2276,0.0004711727087851614,,0.004815296269953251
2277,0.0006538974121212959,,0.0043986220844089985
2278,0.0005247994558885694,,0.004857586696743965
2279,0.0006580123445019126,,0.003929413855075836
2280,0.0005118309054523706,,0.0053681619465351105
2281,0.000504147494211793,,0.004668742883950472
2282,0.0005151773802936077,,0.0030994536355137825
2283,0.00047043125960044563,,0.0028374113608151674
2284,0.0005381064838729799,,0.003664032556116581
2285,0.0007185704889707267,,0.004883235320448875
2286,0.0004986192216165364,,0.0059165251441299915
2287,0.0005184013862162828,,0.00291804363951087
2288,0.0006686578271910548,,0.005637593567371368
2289,0.0007804309716448188,,0.004022456239908934
2290,0.000608638976700604,,0.005526664201170206
2291,0.0004412757116369903,,0.004182783886790276
2292,0.0004497038898989558,,0.004668524954468012
2293,0.0006570027908310294,,0.0049094343557953835
2294,0.0007657964597456157,,0.003701484063640237
2295,0.0004942995146848261,,0.0059531331062316895
2296,0.0004143942496739328,,0.003259852761402726
2297,0.0006534517742693424,,0.0053109703585505486
2298,0.0010187128791585565,,0.005665121600031853
2299,0.0005467776209115982,,0.003633731510490179
2300,0.0005311926361173391,,0.0053235567174851894
2301,0.0005794588942080736,,0.0034580184146761894
2302,0.00048130573122762144,,0.00626110564917326
2303,0.0006921268068253994,,0.004153801128268242
2304,0.0005445973947644234,,0.003744205692782998
2305,0.0007366406498476863,,0.004683515522629023
2306,0.000732976826839149,,0.004874242469668388
2307,0.0005379292415454984,,0.005763388238847256
2308,0.0008900370448827744,,0.006709655746817589
2309,0.0004276089312043041,,0.004203421995043755
2310,0.00045795607729814947,,0.005962424445897341
2311,0.0005013850750401616,,0.004169420804828405
2312,0.0006841217982582748,,0.004701444413512945
2313,0.0006125804502516985,,0.006020462606102228
2314,0.0005341985379345715,,0.004040525294840336
2315,0.000562473083846271,,0.005349203944206238
2316,0.0006191997090354562,,0.00409264862537384
2317,0.0007701021386310458,,0.004712790250778198
2318,0.0007248946349136531,,0.005968893878161907
2319,0.0004901433130726218,,0.004944115411490202
2320,0.0006793948705308139,,0.005472554359585047
2321,0.0004978479701094329,,0.002986743114888668
2322,0.0004672194772865623,,0.0035957659129053354
2323,0.0006468783249147236,,0.004225021228194237
2324,0.0006137874443084002,,0.0036199407186359167
2325,0.0008112471550703049,,0.003736453829333186
2326,0.00046398534323088825,,0.0027278470806777477
2327,0.00043581167119555175,,0.0028301426209509373
2328,0.0008610470104031265,,0.003976169042289257
2329,0.00047744339099153876,,0.0040701767429709435
2330,0.0004897271865047514,,0.0031926948577165604
2331,0.0005090008489787579,,0.004551799036562443
2332,0.0004337501886766404,,0.0032833244185894728
2333,0.0004937105695717037,,0.0027346466667950153
2334,0.00048795389011502266,,0.003362707793712616
2335,0.0004867246316280216,,0.003827605163678527
2336,0.00045473125646822155,,0.0027448239270597696
2337,0.0004209159524179995,,0.0037744941655546427
2338,0.0007351309759542346,,0.004276290535926819
2339,0.0004300054570194334,,0.003984041512012482
2340,0.0005926404846832156,,0.0038548950105905533
2341,0.0010174608323723078,,0.0037982843350619078
2342,0.0005883946432732046,,0.0035496188793331385
2343,0.0009984925854951143,,0.003607654944062233
2344,0.00045862834667786956,,0.0037595101166516542
2345,0.0008085839217528701,,0.004410293884575367
2346,0.00047609646571800113,,0.0025985052343457937
2347,0.0005057641537860036,,0.00430694967508316
2348,0.0005039067473262548,,0.0038712334353476763
2349,0.0007661021663807333,,0.005026310682296753
2350,0.0007219238905236125,,0.004849432501941919
2351,0.0005311236600391567,,0.0030734590254724026
2352,0.0009420650312677026,,0.00528806122019887
2353,0.0005831391317769885,,0.005919882096350193
2354,0.0005623194738291204,,0.007589453831315041
2355,0.0006197019829414785,,0.004335246980190277
2356,0.000421278877183795,,0.0028950462583452463
2357,0.0006196592003107071,,0.00595303438603878
2358,0.0007594443741254508,,0.00517648970708251
2359,0.0006719314260408282,,0.004985202569514513
2360,0.0010007404489442706,,0.005412574857473373
2361,0.000520532310474664,,0.004770589992403984
2362,0.0007036846945993602,,0.00608490826562047
2363,0.0005400337395258248,,0.005427542142570019
2364,0.0006044139736331999,,0.004387998022139072
2365,0.00049047009088099,,0.004739901050925255
2366,0.00044424989027902484,,0.0042523909360170364
2367,0.000524127040989697,,0.0049752285704016685
2368,0.00042540341382846236,,0.004686426836997271
2369,0.00045163309550844133,,0.004043092019855976
2370,0.0005062338896095753,,0.004417245276272297
2371,0.0006508880760520697,,0.004816597793251276
2372,0.0004945064429193735,,0.004864295478910208
2373,0.0004518604255281389,,0.003234584117308259
2374,0.00048123556189239025,,0.004538772162050009
2375,0.0006634143646806479,,0.004021300468593836
2376,0.0007450464181602001,,0.004966640379279852
2377,0.0005455772625282407,,0.003881267737597227
2378,0.0006321604014374316,,0.0036103937309235334
2379,0.0004886249080300331,,0.0036505884490907192
2380,0.000532967213075608,,0.004539879038929939
2381,0.0007060185889713466,,0.004481264390051365
2382,0.0003795476513914764,,0.002807625802233815
2383,0.0008107377216219902,,0.004351445008069277
2384,0.0004860971821472049,,0.004341568797826767
2385,0.00039562114397995174,,0.0025529132690280676
2386,0.0008058999665081501,,0.004501863848417997
2387,0.0007092807209119201,,0.004682667087763548
2388,0.0004722255689557642,,0.006312421523034573
2389,0.0007484778761863708,,0.0032782871276140213
2390,0.0005680036265403032,,0.004640363622456789
2391,0.0006312161567620933,,0.003556639887392521
2392,0.0004571249010041356,,0.005881636869162321
2393,0.0006838612025603652,,0.0037484983913600445
2394,0.00042726105311885476,,0.0030438201501965523
2395,0.0007746414048597217,,0.004192405845969915
2396,0.0007594446651637554,,0.004475685302168131
2397,0.0006662271916866302,,0.0037127062678337097
2398,0.0008968736510723829,,0.00603384617716074
2399,0.000585826812312007,,0.007113356608897448
2400,0.0004203786957077682,,0.0026575441006571054
2401,0.00044649242772720754,,0.003953318111598492
2402,0.00106686947401613,,0.0051470245234668255
2403,0.0005816457560285926,,0.00456314766779542
2404,0.0005935652879998088,,0.004810899030417204
2405,0.00048366765258833766,,0.00385289266705513
2406,0.0007016111048869789,,0.006228129845112562
2407,0.00047821522457525134,,0.004504155833274126
2408,0.0004886157112196088,,0.004747277125716209
2409,0.0004943766398355365,,0.005085224285721779
2410,0.0003808634355664253,,0.0027957712300121784
2411,0.0004165679565630853,,0.005063810385763645
2412,0.0005259831086732447,,0.00355119863525033
2413,0.00046775012742727995,,0.0040746647864580154
2414,0.00042625144124031067,,0.005189211573451757
2415,0.00048670207615941763,,0.0035578934475779533
2416,0.000484293675981462,,0.008479457348585129
2417,0.0004827375232707709,,0.003519870340824127
2418,0.0006811866769567132,,0.006387578789144754
2419,0.0005240316968411207,,0.005325416103005409
2420,0.0005698064924217761,,0.00471850112080574
2421,0.0007902621291577816,,0.007754726801067591
2422,0.0004943378735333681,,0.004114814568310976
2423,0.0007203856366686523,,0.005103603005409241
2424,0.0006200277712196112,,0.006355450954288244
2425,0.0005681723123416305,,0.006369210314005613
2426,0.0005757209146395326,,0.00581872696056962
2427,0.0004886902752332389,,0.004196160938590765
2428,0.0007590310997329652,,0.005367963574826717
2429,0.0005315905436873436,,0.005756382830440998
2430,0.0007290032226592302,,0.003982665482908487
2431,0.0007753046229481697,,0.0043739755637943745
2432,0.000577604107093066,,0.005774025805294514
2433,0.0005109945777803659,,0.0057495455257594585
2434,0.0007514683529734612,,0.005489802453666925
2435,0.0006346937734633684,,0.004739999305456877
2436,0.00046283844858407974,,0.004150466062128544
2437,0.0006559686735272408,,0.004671724978834391
2438,0.0006127736996859312,,0.004652907140552998
2439,0.000850337091833353,,0.003934906329959631
2440,0.0005011542816646397,,0.006018621847033501
2441,0.0004966473788954318,,0.004772429820150137
2442,0.000536823645234108,,0.004447856452316046
2443,0.00046713263145647943,,0.004887871444225311
2444,0.0006148835527710617,,0.005561690777540207
2445,0.0005272789276205003,,0.004324717912822962
2446,0.0005843722610734403,,0.00417880667373538
2447,0.000835559971164912,,0.0035121035762131214
2448,0.00043349660700187087,,0.0042962441220879555
2449,0.0008595830295234919,,0.0052039301954209805
2450,0.0006921747117303312,,0.004094884730875492
2451,0.0004596853978000581,,0.003272497560828924
2452,0.0007003429345786572,,0.004779631271958351
2453,0.00045724300434812903,,0.003405003109946847
2454,0.0006935407873243093,,0.003572501242160797
2455,0.00045823591062799096,,0.003633730811998248
2456,0.000470330793177709,,0.0038246321491897106
2457,0.0004584651906043291,,0.004439190961420536
2458,0.0005221710307523608,,0.004075728356838226
2459,0.0004659678670577705,,0.004008174408227205
2460,0.0005760373896919191,,0.005058943293988705
2461,0.0004990699235349894,,0.003856213064864278
2462,0.000617937243077904,,0.005478433333337307
2463,0.00041498016798868775,,0.0024803015403449535
2464,0.0005173803656361997,,0.004251021426171064
2465,0.00043480770546011627,,0.0037269326858222485
2466,0.0007007138337939978,,0.004758002702146769
2467,0.0005594862741418183,,0.00385459465906024
2468,0.0008693397394381464,,0.00336553156375885
2469,0.000678500859066844,,0.004718414973467588
2470,0.0005781299551017582,,0.003777972422540188
2471,0.0008324907976202667,,0.004918516613543034
2472,0.0004953042371198535,,0.005287427920848131
2473,0.0007036541355773807,,0.003356370609253645
2474,0.0006012992816977203,,0.005213599186390638
2475,0.0006180656491778791,,0.0025909622199833393
2476,0.0005895888316445053,,0.004606708884239197
2477,0.0005843671387992799,,0.00431295670568943
2478,0.0005469071911647916,,0.0037779139820486307
2479,0.0005075547378510237,,0.00409227330237627
2480,0.0007551346789114177,,0.003964921459555626
2481,0.0004098436329513788,,0.0036699827760457993
2482,0.0007614737842231989,,0.0032395392190665007
2483,0.0003619350609369576,,0.0027375435456633568
2484,0.0005795525503344834,,0.003591294167563319
2485,0.0005971529753878713,,0.004619761370122433
2486,0.0007315263501368463,,0.0040569910779595375
2487,0.0007710972568020225,,0.0037706177681684494
2488,0.0008122670697048306,,0.0041640689596533775
2489,0.0005345966201275587,,0.005161356646567583
2490,0.0004775183624587953,,0.0037757486570626497
2491,0.00046836756519041955,,0.003823749488219619
2492,0.0005373012972995639,,0.00393603416159749
2493,0.0005055669462308288,,0.003116453066468239
2494,0.0005272412672638893,,0.005239925347268581
2495,0.0005156616680324078,,0.004579300060868263
2496,0.0005171594675630331,,0.004611143842339516
2497,0.0006153115537017584,,0.006822602823376656
2498,0.00044921465450897813,,0.004003609996289015
2499,0.0006825883756391704,,0.005682498682290316
2500,0.000647851440589875,0.0004025013807424222,0.004211938474327326
2501,0.00046863959869369864,,0.00557909719645977
2502,0.0006534805870614946,,0.00515876105055213
2503,0.0007373753469437361,,0.004503268748521805
2504,0.0005441969260573387,,0.004203683231025934
2505,0.0004063105152454227,,0.003667612560093403
2506,0.0004613341297954321,,0.004263536538928747
2507,0.0004802968760486692,,0.0036272855941206217
2508,0.0005519435508176684,,0.004623028915375471
2509,0.0005675472784787416,,0.004587971605360508
2510,0.0003988620301242918,,0.003914120141416788
2511,0.00041702669113874435,,0.0033032565843313932
2512,0.0005849445005878806,,0.00517240259796381
2513,0.0004302379093132913,,0.004669826943427324
2514,0.0006268739234656096,,0.0034746676683425903
2515,0.0006980986800044775,,0.006658634170889854
2516,0.0005657933070324361,,0.0053694965317845345
2517,0.0006586091476492584,,0.0032153634820133448
2518,0.0005147784249857068,,0.003825064981356263
2519,0.0008023758418858051,,0.005276711191982031
2520,0.0004351218813098967,,0.004683209583163261
2521,0.000537159270606935,,0.005516200792044401
2522,0.0006536629516631365,,0.004796378314495087
2523,0.0005486734444275498,,0.005626451689749956
2524,0.0005011706962250173,,0.0038609541952610016
2525,0.0005282066413201392,,0.005247665569186211
2526,0.00044696242548525333,,0.0038503948599100113
2527,0.0004654776712413877,,0.004704136401414871
2528,0.0004564523114822805,,0.0045279767364263535
2529,0.00036726368125528097,,0.005037110764533281
2530,0.0011007603025063872,,0.005896172486245632
2531,0.0004984265542589128,,0.004645875189453363
2532,0.0005690742982551455,,0.0048880199901759624
2533,0.0005783977103419602,,0.0032917449716478586
2534,0.0005189122748561203,,0.005025658756494522
2535,0.0007573341717943549,,0.005429657641798258
2536,0.0005014187190681696,,0.004556187428534031
2537,0.000407588726375252,,0.0035855667665600777
2538,0.0004899243358522654,,0.002843636553734541
2539,0.0004512955783866346,,0.004325756803154945
2540,0.0004460285126697272,,0.002496350323781371
2541,0.0006261880043894053,,0.002496822737157345
2542,0.000649854657240212,,0.004397028125822544
2543,0.0005372993182390928,,0.0036146831698715687
2544,0.0006132330745458603,,0.003920238930732012
2545,0.0006973238196223974,,0.005155487451702356
2546,0.00044543150579556823,,0.00454742880538106
2547,0.0005419799126684666,,0.0035351922269910574
2548,0.00048041518311947584,,0.005254670977592468
2549,0.00040914188139140606,,0.003804875537753105
2550,0.0004565039125736803,,0.004912268370389938
2551,0.00041117306682281196,,0.004393766168504953
2552,0.0008519517141394317,,0.003956305328756571
2553,0.00046070441021583974,,0.0052310447208583355
2554,0.0005074188229627907,,0.004767235834151506
2555,0.0004985682317055762,,0.005372375249862671
2556,0.0006770530599169433,,0.004052773583680391
2557,0.000438094197306782,,0.00509325135499239
2558,0.00045330761349759996,,0.004481614101678133
2559,0.0004003325884696096,,0.0029511726461350918
2560,0.00047733692917972803,,0.004582783207297325
2561,0.0004982907557860017,,0.00324186310172081
2562,0.0006058098515495658,,0.004234463442116976
2563,0.0005700253532268107,,0.0034771477803587914
2564,0.0008309399127028883,,0.0033334398176521063
2565,0.0005560041172429919,,0.004341030027717352
2566,0.0004976078635081649,,0.004161330405622721
2567,0.0004077725752722472,,0.005241717677563429
2568,0.0004390805261209607,,0.003439252497628331
2569,0.0004603251290973276,,0.00398982921615243
2570,0.0008117479155771434,,0.004673882853239775
2571,0.0003977748565375805,,0.003151717595756054
2572,0.0005383583484217525,,0.004022915381938219
2573,0.000975227914750576,,0.0036872976925224066
2574,0.0004408348468132317,,0.004069008864462376
2575,0.0003908882790710777,,0.004357169382274151
2576,0.0003831989597529173,,0.004169540014117956
2577,0.0005311777349561453,,0.004087447188794613
2578,0.0007557854405604303,,0.006006825249642134
2579,0.0003910634550265968,,0.0037897478323429823
2580,0.00038976254290901124,,0.004486314952373505
2581,0.000559645181056112,,0.004050558432936668
2582,0.0004911742871627212,,0.004861254245042801
2583,0.00044152684859000146,,0.005529886577278376
2584,0.0004479300696402788,,0.005024006124585867
2585,0.00048578178393654525,,0.005063566844910383
2586,0.000408829131629318,,0.005135602783411741
2587,0.0006281094392761588,,0.005252614617347717
2588,0.0005439452361315489,,0.004370789043605328
2589,0.0004700773861259222,,0.004111731890588999
2590,0.00043321106932125986,,0.004135046619921923
2591,0.00047893612645566463,,0.00474517559632659
2592,0.0006159081240184605,,0.004091824404895306
2593,0.0008040381362661719,,0.005515236407518387
2594,0.0004643975989893079,,0.003908894956111908
2595,0.0004152021137997508,,0.003024693112820387
2596,0.0003979458415415138,,0.003693863283842802
2597,0.0004195237415842712,,0.0034297103993594646
2598,0.00042502753785811365,,0.004708546679466963
2599,0.0007393883424811065,,0.004666543565690517
2600,0.0006865132017992437,,0.0031515969894826412
2601,0.0007070294814184308,,0.0035878901835530996
2602,0.0007384095224551857,,0.004127677530050278
2603,0.0005606987397186458,,0.004208933562040329
2604,0.0006935353158041835,,0.004053604323416948
2605,0.0005082382704131305,,0.0061675929464399815
2606,0.0004540671070571989,,0.0033302833326160908
2607,0.0004586459544952959,,0.006337796803563833
2608,0.00042593281250447035,,0.004221373703330755
2609,0.0009971812833100557,,0.00741370115429163
2610,0.00062508974224329,,0.006637122016400099
2611,0.0006877595442347229,,0.002795651089400053
2612,0.0004954360192641616,,0.008218221366405487
2613,0.0005043926648795605,,0.004854976199567318
2614,0.0005822912789881229,,0.007818869315087795
2615,0.0004267075564712286,,0.004930256400257349
2616,0.00043189915595576167,,0.003934124018996954
2617,0.00047528313007205725,,0.006062407977879047
2618,0.0007021591882221401,,0.00413933489471674
2619,0.0010108270216733217,,0.008702091872692108
2620,0.0004276174586266279,,0.003324235789477825
2621,0.0007360274321399629,,0.006461651995778084
2622,0.0006560097681358457,,0.006997617427259684
2623,0.0004682077269535512,,0.006223346572369337
2624,0.001025174860842526,,0.007756327744573355
2625,0.0004252439830452204,,0.002866785041987896
2626,0.0005002407124266028,,0.005817890632897615
2627,0.00045835942728444934,,0.0045824209228158
2628,0.0006193108856678009,,0.00546077499166131
2629,0.0005020822281949222,,0.004337377846240997
2630,0.0005766766844317317,,0.005787909496575594
2631,0.0005013358895666897,,0.007350062020123005
2632,0.00041814096039161086,,0.0037771048955619335
2633,0.00043872761307284236,,0.0055352505296468735
2634,0.0007433505961671472,,0.004959121346473694
2635,0.0005150929209776223,,0.003923545591533184
2636,0.00042164261685684323,,0.0042568533681333065
2637,0.0007660997798666358,,0.003069409169256687
2638,0.0004137608630117029,,0.003572929184883833
2639,0.0007019780459813774,,0.003927376586943865
2640,0.0006988820387050509,,0.0034781312569975853
2641,0.0005181845044717193,,0.003279472002759576
2642,0.000581952859647572,,0.0037377539556473494
2643,0.0004268183547537774,,0.0029155162628740072
2644,0.000611516647040844,,0.004035893827676773
2645,0.00040781250572763383,,0.002049871254712343
2646,0.0006922726752236485,,0.0030300363432615995
2647,0.00045273866271600127,,0.003804863430559635
2648,0.0004781722091138363,,0.003689215984195471
2649,0.0007607449078932405,,0.0046608662232756615
2650,0.0005799042992293835,,0.0032092593610286713
2651,0.0006454927497543395,,0.0037660535890609026
2652,0.0004872292629443109,,0.004450714215636253
2653,0.0008247785153798759,,0.004056969657540321
2654,0.0005457580555230379,,0.004967129789292812
2655,0.0004982675891369581,,0.0028281467966735363
2656,0.000561955152079463,,0.004287132993340492
2657,0.0004927896079607308,,0.003582597943022847
2658,0.0008161192527040839,,0.005660342052578926
2659,0.00038333667907863855,,0.004861812572926283
2660,0.00044420905760489404,,0.0033550825901329517
2661,0.0007354507688432932,,0.003794820746406913
2662,0.00045910407789051533,,0.006089461501687765
2663,0.0005072899512015283,,0.002904269378632307
2664,0.0004463670775294304,,0.004689437337219715
2665,0.0009570798720233142,,0.0035614368971437216
2666,0.0006952923722565174,,0.0049596913158893585
2667,0.0004668431356549263,,0.0028176961932331324
2668,0.0007040483760647476,,0.0028255023062229156
2669,0.00048531300853937864,,0.00564396008849144
2670,0.0004892483120784163,,0.0032176843378692865
2671,0.0005321920034475625,,0.003971029072999954
2672,0.000477340305224061,,0.005206161178648472
2673,0.0004480901116039604,,0.0029260460287332535
2674,0.0006545326905325055,,0.006282224785536528
2675,0.0008391937590204179,,0.005517347250133753
2676,0.00037985629751347005,,0.003521277103573084
2677,0.0004644386353902519,,0.005489340052008629
2678,0.0006764603313058615,,0.003514294046908617
2679,0.000648663321044296,,0.006366055458784103
2680,0.00040218987851403654,,0.0029204529710114002
2681,0.00045400075032375753,,0.00569083821028471
2682,0.0006781094125472009,,0.0032261901069432497
2683,0.00043849085341207683,,0.0028478691820055246
2684,0.0004691425710916519,,0.004288183990865946
2685,0.0005517168319784105,,0.004868949297815561
2686,0.0005077101523056626,,0.003928444813936949
2687,0.0004473965091165155,,0.005393356084823608
2688,0.00048379087820649147,,0.004181071184575558
2689,0.0004725817125290632,,0.004142332822084427
2690,0.0004823796625714749,,0.006384603213518858
2691,0.00041407786193303764,,0.00264755473472178
2692,0.00037235658965073526,,0.004255309235304594
2693,0.0006563693168573081,,0.003959463443607092
2694,0.0004175608919467777,,0.00333875953219831
2695,0.0004119927471037954,,0.004022045060992241
2696,0.0004045541281811893,,0.003713287878781557
2697,0.00041149763274006546,,0.0032152635976672173
2698,0.000463465868961066,,0.00530522083863616
2699,0.0004558481741696596,,0.004292895086109638
2700,0.0004983780672773719,,0.004817578010261059
2701,0.0004516426706686616,,0.00495676277205348
2702,0.00041527533903717995,,0.003587158862501383
2703,0.0005772882723249495,,0.004678554832935333
2704,0.0004154835769440979,,0.003455698024481535
2705,0.0005514947697520256,,0.004232514183968306
2706,0.0004881360218860209,,0.0037427134811878204
2707,0.00042183540062978864,,0.00425145635381341
2708,0.0005052525084465742,,0.002920149127021432
2709,0.0005571551155298948,,0.003802546998485923
2710,0.0004284889146219939,,0.004436552058905363
2711,0.00041656623943708837,,0.002932392293587327
2712,0.0005872888723388314,,0.0032559935934841633
2713,0.00035391104756854475,,0.004313892684876919
2714,0.0005880420794710517,,0.004445835016667843
2715,0.0004131378373131156,,0.003336961381137371
2716,0.0007741243462078273,,0.004442043602466583
2717,0.0005207363865338266,,0.0037893555127084255
2718,0.0006499377777799964,,0.004633453208953142
2719,0.0004778964794240892,,0.0034300978295505047
2720,0.0005686729564331472,,0.003929705824702978
2721,0.00038786011282354593,,0.0037525943480432034
2722,0.0005426459829322994,,0.003211883595213294
2723,0.0005336614558473229,,0.00532466359436512
2724,0.0006044491892680526,,0.004914014600217342
2725,0.000776530709117651,,0.0033615310676395893
2726,0.000382383557735011,,0.0034205950796604156
2727,0.00038912100717425346,,0.0031496144365519285
2728,0.0006434518145397305,,0.0045473286882042885
2729,0.0004646751913242042,,0.003521256847307086
2730,0.0005340647767297924,,0.005162805784493685
2731,0.000748999125789851,,0.005133477039635181
2732,0.00042703666258603334,,0.006227648351341486
2733,0.000655875657685101,,0.00474924873560667
2734,0.0004930470022372901,,0.00402796221897006
2735,0.000509038451127708,,0.004373303148895502
2736,0.0006513182888738811,,0.005857997108250856
2737,0.0006021494045853615,,0.004872067365795374
2738,0.0006504442426376045,,0.0048992447555065155
2739,0.0005153095698915422,,0.006310603581368923
2740,0.0005035990616306663,,0.006130940280854702
2741,0.0005281261401250958,,0.005206055007874966
2742,0.000445857469458133,,0.0065014781430363655
2743,0.0003833579830825329,,0.004768020939081907
2744,0.00042916156235150993,,0.005439588334411383
2745,0.0003948130179196596,,0.005127585027366877
2746,0.0004719508287962526,,0.0053919292986392975
2747,0.0007066936232149601,,0.006615717429667711
2748,0.0005024166312068701,,0.004682100843638182
2749,0.0004469450213946402,,0.005024408455938101
2750,0.0004526310949586332,,0.0036757648922502995
2751,0.0007154465420171618,,0.005435352213680744
2752,0.0004651069175451994,,0.00500568188726902
2753,0.0005818940117023885,,0.0038732215762138367
2754,0.0007270247442647815,,0.005039411596953869
2755,0.000703605473972857,,0.004307696595788002
2756,0.0006981316837482154,,0.004703534301370382
2757,0.0004229727201163769,,0.003403889015316963
2758,0.0004192937631160021,,0.004436827264726162
2759,0.000669634435325861,,0.004784216172993183
2760,0.0005110940546728671,,0.0038651535287499428
2761,0.000507033837493509,,0.0032633733935654163
2762,0.0005498934770002961,,0.0039535039104521275
2763,0.0003798372927121818,,0.0036762866657227278
2764,0.0004486454126890749,,0.0038971612229943275
2765,0.0005093967774882913,,0.004375679884105921
2766,0.00042181703611277044,,0.0037433200050145388
2767,0.0005775775061920285,,0.00459533603861928
2768,0.00042293983278796077,,0.003457272658124566
2769,0.00045836414210498333,,0.004418961238116026
2770,0.0004344204207882285,,0.003226479049772024
2771,0.00038564851274713874,,0.0028409515507519245
2772,0.0004973316099494696,,0.00537529494613409
2773,0.0008326279930770397,,0.0032178296241909266
2774,0.000465663819340989,,0.005050685256719589
2775,0.0007510825525969267,,0.005342173855751753
2776,0.0004962567472830415,,0.004558198153972626
2777,0.0006230468861758709,,0.006422685459256172
2778,0.0006299640517681837,,0.0037582763470709324
2779,0.00045175175182521343,,0.005485338158905506
2780,0.0007270894711837173,,0.004728551954030991
2781,0.00042658098391257226,,0.0038021570071578026
2782,0.0005224319756962359,,0.004996483214199543
2783,0.000410634558647871,,0.0036869447212666273
2784,0.0004898846964351833,,0.003577480325475335
2785,0.0004045921377837658,,0.0035118646919727325
2786,0.00044038784108124673,,0.0038761061150580645
2787,0.0004961095983162522,,0.003990566823631525
2788,0.0005963635630905628,,0.0028530966956168413
2789,0.0004550351877696812,,0.004926926456391811
2790,0.00046592828584834933,,0.0035539346281439066
2791,0.00038638501428067684,,0.0032563507556915283
2792,0.000581244588829577,,0.005032995715737343
2793,0.00048572765081189573,,0.004652137402445078
2794,0.00042079732520505786,,0.0034253711346536875
2795,0.0005464114947244525,,0.0037203733809292316
2796,0.0004240699054207653,,0.0031556994654238224
2797,0.00044518883805722,,0.003328680992126465
2798,0.00046002896851859987,,0.003131442004814744
2799,0.0005248402594588697,,0.004489569924771786
2800,0.0004099201178178191,,0.0026233531534671783
2801,0.0004727735067717731,,0.003938855137676001
2802,0.0004665290180128068,,0.0031845029443502426
2803,0.00042441324330866337,,0.0037183247040957212
2804,0.00046282479888759553,,0.003770688083022833
2805,0.00048204881022684276,,0.005103765055537224
2806,0.00043686231947503984,,0.003315084148198366
2807,0.000667220854666084,,0.005423137918114662
2808,0.0005174666875973344,,0.003961267881095409
2809,0.0005650364328175783,,0.007273633033037186
2810,0.00039717397885397077,,0.0038461927324533463
2811,0.0006455773836933076,,0.006109790410846472
2812,0.000444847100879997,,0.005112655460834503
2813,0.00037151738069951534,,0.004778886679559946
2814,0.0006301839603111148,,0.004906148184090853
2815,0.0005670255050063133,,0.003217946505174041
2816,0.0004738065763376653,,0.0035439005587249994
2817,0.00041929035796783864,,0.0037162357475608587
2818,0.0004918693448416889,,0.0035621330607682467
2819,0.0009496965794824064,,0.004149050917476416
2820,0.0004945287946611643,,0.004279563669115305
2821,0.0004742770688608289,,0.0035318706650286913
2822,0.00039795570774003863,,0.002984689548611641
2823,0.0004767491191159934,,0.0038790367543697357
2824,0.0003768326423596591,,0.0035223555751144886
2825,0.0004905938403680921,,0.004513821564614773
2826,0.0006581121124327183,,0.004338898230344057
2827,0.00039896194357424974,,0.003053136635571718
2828,0.000595275720115751,,0.0036990016233175993
2829,0.00047272673691622913,,0.005986685864627361
2830,0.0006982909399084747,,0.0041321502067148685
2831,0.00036696932511404157,,0.004339076112955809
2832,0.0004612902121152729,,0.0033101080916821957
2833,0.0004582304391078651,,0.0037105174269527197
2834,0.0005405843257904053,,0.004308479372411966
2835,0.00045638071605935693,,0.003433471778407693
2836,0.00041984725976362824,,0.004331682808697224
2837,0.00043697209912352264,,0.004507541656494141
2838,0.00036266082315705717,,0.0038659970741719007
2839,0.0004736724658869207,,0.004954751580953598
2840,0.000449526181910187,,0.003175998805090785
2841,0.0006357870879583061,,0.0052833217196166515
2842,0.0004609501629602164,,0.003768135793507099
2843,0.000575387617573142,,0.003962735179811716
2844,0.00042879043030552566,,0.004599349573254585
2845,0.0003964323550462723,,0.004792395513504744
2846,0.0003473976394161582,,0.003924154676496983
2847,0.0004636230878531933,,0.004764250945299864
2848,0.0003514837007969618,,0.00323019758798182
2849,0.0004896555910818279,,0.0058850920759141445
2850,0.0006090740207582712,,0.003513216506689787
2851,0.0006664114771410823,,0.004634005483239889
2852,0.00045045308070257306,,0.005836704280227423
2853,0.0005957154207862914,,0.003992017358541489
2854,0.0005220813909545541,,0.005649292841553688
2855,0.0005639601731672883,,0.0050566247664391994
2856,0.000435488298535347,,0.004332857206463814
2857,0.0003929579397663474,,0.005289833061397076
2858,0.0005902897100895643,,0.005106370430439711
2859,0.000748421938624233,,0.00525639345869422
2860,0.0008256748551502824,,0.007550072390586138
2861,0.000395098642911762,,0.004030254203826189
2862,0.000574061181396246,,0.008194834925234318
2863,0.00043306220322847366,,0.005605481564998627
2864,0.00048698828322812915,,0.005089765414595604
2865,0.0006847260519862175,,0.008480299264192581
2866,0.00041939684888347983,,0.004847451578825712
2867,0.0007640078547410667,,0.00818841252475977
2868,0.0006841364083811641,,0.003982910420745611
2869,0.0005538388504646719,,0.005976898595690727
2870,0.0004180865944363177,,0.004870533477514982
2871,0.0006648008711636066,,0.005812154617160559
2872,0.00046488933730870485,,0.0037211040034890175
2873,0.0003917434369213879,,0.0035799029283225536
2874,0.0006816430250182748,,0.004851706326007843
2875,0.000474260508781299,,0.004930586088448763
2876,0.00046888680662959814,,0.003767161862924695
2877,0.00043310486944392323,,0.00314927170984447
2878,0.0005424894625321031,,0.004280837718397379
2879,0.00044104093103669584,,0.004342116881161928
2880,0.0006267442367970943,,0.004165135324001312
2881,0.00040630539297126234,,0.003697324078530073
2882,0.0004742382443509996,,0.006916608661413193
2883,0.0005461946129798889,,0.004433007910847664
2884,0.000636289652902633,,0.004237618762999773
2885,0.0005350997671484947,,0.004444262012839317
2886,0.00041852472350001335,,0.003705573733896017
2887,0.000713914108928293,,0.00430285045877099
2888,0.00038961978862062097,,0.003081491682678461
2889,0.0004039202758576721,,0.003222787519916892
2890,0.00047288305358961225,,0.0033849221654236317
2891,0.0005920726107433438,,0.006062797736376524
2892,0.0004140213131904602,,0.0033224395010620356
2893,0.00045264256186783314,,0.0037254199851304293
2894,0.0007070625433698297,,0.004838888067752123
2895,0.0005816520424559712,,0.003192830365151167
2896,0.00041710128425620496,,0.003197369398549199
2897,0.00041845414671115577,,0.0040654754266142845
2898,0.0004640679690055549,,0.0040256790816783905
2899,0.0005521957646124065,,0.0036686547100543976
2900,0.0003883976605720818,,0.003743023844435811
2901,0.0004584665293805301,,0.003965731244534254
2902,0.00045677213347516954,,0.0035968744195997715
2903,0.0004861125198658556,,0.005035670939832926
2904,0.00041898590279743075,,0.0039241318590939045
2905,0.0004474807938095182,,0.0051969606429338455
2906,0.00040496731526218355,,0.0027663088403642178
2907,0.0010769406799227,,0.0063398489728569984
2908,0.0006303798872977495,,0.005721048451960087
2909,0.00040195899782702327,,0.0047248187474906445
2910,0.0004747963394038379,,0.00495548639446497
2911,0.000433760549640283,,0.003559323027729988
2912,0.0011143776355311275,,0.006981115322560072
2913,0.0003751227632164955,,0.00402647303417325
2914,0.00045408433652482927,,0.005409827455878258
2915,0.0005011376342736185,,0.00406680116429925
2916,0.0005499791586771607,,0.0036078530829399824
2917,0.0005213299300521612,,0.0035423883236944675
2918,0.000729627616237849,,0.005100033711642027
2919,0.0004558041400741786,,0.003529183566570282
2920,0.0004992014728486538,,0.004269331693649292
2921,0.0004256353422533721,,0.0038179552648216486
2922,0.0005869026645086706,,0.0031532743014395237
2923,0.000532765407115221,,0.0045735156163573265
2924,0.000590020208619535,,0.005062681157141924
2925,0.0004309575888328254,,0.004203154239803553
2926,0.0004299224237911403,,0.0033450014889240265
2927,0.00045583758037537336,,0.0038772192783653736
2928,0.00042402706458233297,,0.003465383080765605
2929,0.00046193934394977987,,0.004592245910316706
2930,0.0005073091597296298,,0.0031408779323101044
2931,0.00039017523522488773,,0.0027535369154065847
2932,0.0004932057345286012,,0.004187566693872213
2933,0.0005957771791145205,,0.0029333927668631077
2934,0.0004036429454572499,,0.002511161146685481
2935,0.0005697373999282718,,0.005050293635576963
2936,0.0003866781189572066,,0.0032050148583948612
2937,0.0004358732549007982,,0.00383805762976408
2938,0.0005019657546654344,,0.004005682189017534
2939,0.0005701621412299573,,0.003689040197059512
2940,0.00039197629666887224,,0.0027857953682541847
2941,0.0005485927686095238,,0.004548746161162853
2942,0.0005330335116013885,,0.004574974998831749
2943,0.0003763034474104643,,0.005614197812974453
2944,0.00041589370812289417,,0.004815968219190836
2945,0.0005146767944097519,,0.004797992296516895
2946,0.0005928897298872471,,0.005017687100917101
2947,0.0003923907352145761,,0.004955981392413378
2948,0.0006650419672951102,,0.004399030935019255
2949,0.0005803372478112578,,0.004740671720355749
2950,0.0009062773315235972,,0.003396653803065419
2951,0.0003746251459233463,,0.00489001115784049
2952,0.000720446405466646,,0.005919254384934902
2953,0.0005123717710375786,,0.003469197079539299
2954,0.0004380994359962642,,0.003780144965276122
2955,0.0006790267070755363,,0.003966253250837326
2956,0.00046638803905807436,,0.005225052125751972
2957,0.0004780119634233415,,0.00502419751137495
2958,0.00041298576979897916,,0.0041507696732878685
2959,0.0007969107246026397,,0.00650916900485754
2960,0.00043529795948415995,,0.004640004597604275
2961,0.0004846787778660655,,0.004077129997313023
2962,0.00035892875166609883,,0.0034258966334164143
2963,0.000466794561361894,,0.00506361061707139
2964,0.0006363453576341271,,0.004937080666422844
2965,0.0006598922191187739,,0.005383859854191542
2966,0.00038550124736502767,,0.0026349807158112526
2967,0.00043031747918576,,0.005867569707334042
2968,0.00045958528062328696,,0.005995346233248711
2969,0.0004904199740849435,,0.004679127596318722
2970,0.0003713262267410755,,0.0027631456032395363
2971,0.000450377439847216,,0.00416826456785202
2972,0.0005999242421239614,,0.0064711784943938255
2973,0.0004273153026588261,,0.0036144962068647146
2974,0.0004489819402806461,,0.003620068309828639
2975,0.0005977103719487786,,0.0026634568348526955
2976,0.0006610703421756625,,0.0042143953032791615
2977,0.0005078173126094043,,0.0039040506817400455
2978,0.0004149085143581033,,0.003963416907936335
2979,0.0005634677945636213,,0.003903463948518038
2980,0.0004359822196420282,,0.003612369764596224
2981,0.00039924937300384045,,0.0039571477100253105
2982,0.0004301072913222015,,0.004819388035684824
2983,0.000383890001103282,,0.0033622896298766136
2984,0.0005124435992911458,,0.004241787362843752
2985,0.0004025028320029378,,0.003558071330189705
2986,0.0005373271415010095,,0.003727349918335676
2987,0.0005889741005375981,,0.004227130673825741
2988,0.0008966763271018863,,0.0036073680967092514
2989,0.00038275326369330287,,0.0032089767046272755
2990,0.00043310815817676485,,0.004131045192480087
2991,0.0008693216368556023,,0.008119892328977585
2992,0.000482551462482661,,0.003947922494262457
2993,0.0004287204355932772,,0.005408712197095156
2994,0.0004097255296073854,,0.0057416982017457485
2995,0.000539179309271276,,0.004145646467804909
2996,0.00040798186091706157,,0.0058520399034023285
2997,0.0005484723951667547,,0.004054555669426918
2998,0.000794842024333775,,0.005921732168644667
2999,0.00044217496179044247,,0.0050558000802993774
3000,0.0004321085289120674,0.00036600248086160117,0.004733781795948744
3001,0.0005348635604605079,,0.005689970217645168
3002,0.0004951369483023882,,0.004255360458046198
3003,0.0006548335077241063,,0.005961393937468529
3004,0.0003838270204141736,,0.0025550422724336386
3005,0.0004173623747192323,,0.003940187860280275
3006,0.00042344999383203685,,0.003540809266269207
3007,0.00043980672489851713,,0.004275261424481869
3008,0.00044960755622014403,,0.005763559602200985
3009,0.00038126198342069983,,0.002894179429858923
3010,0.0004376756842248142,,0.004088629502803087
3011,0.0005494921933859587,,0.004354102537035942
3012,0.0003581192286219448,,0.003311039647087455
3013,0.0003696608473546803,,0.004244328010827303
3014,0.00039109837962314487,,0.003351626917719841
3015,0.0004737752606160939,,0.0033668112009763718
3016,0.0004716562107205391,,0.004289759788662195
3017,0.00034267164301127195,,0.002136283554136753
3018,0.0006895335391163826,,0.005208034534007311
3019,0.0005310033448040485,,0.004634023644030094
3020,0.0006965742795728147,,0.004852916579693556
3021,0.0005041630356572568,,0.006663341540843248
3022,0.0003993303398601711,,0.0037839405704289675
3023,0.0003991822886746377,,0.005651502870023251
3024,0.0007763055036775768,,0.0044068628922104836
3025,0.0004282408335711807,,0.005738281644880772
3026,0.0006604354130104184,,0.005670999642461538
3027,0.00042998697608709335,,0.005721441935747862
3028,0.0004893888253718615,,0.006445402279496193
3029,0.0006904557230882347,,0.005738820880651474
3030,0.00045411125756800175,,0.004602000117301941
3031,0.0004991657333448529,,0.0033864877186715603
3032,0.0004452146531548351,,0.00575973279774189
3033,0.0003992707352153957,,0.005003734491765499
3034,0.0003957068547606468,,0.0038990676403045654
3035,0.00045424452400766313,,0.004880439955741167
3036,0.00036576902493834496,,0.00458923913538456
3037,0.00042981142178177834,,0.005063172895461321
3038,0.0004529697762336582,,0.005000823177397251
3039,0.000573039404116571,,0.004372388124465942
3040,0.0004536556953098625,,0.004722084850072861
3041,0.00032991194166243076,,0.0027097947895526886
3042,0.000406646984629333,,0.0048865363933146
3043,0.0004782357718795538,,0.003649334888905287
3044,0.0006257157074287534,,0.004237311892211437
3045,0.0006140365730971098,,0.004487220663577318
3046,0.00048195882118307054,,0.007973870262503624
3047,0.0004598173254635185,,0.003289534943178296
3048,0.00041413455619476736,,0.005054768640547991
3049,0.0005075837252661586,,0.004978402052074671
3050,0.0008051706245169044,,0.004012750461697578
3051,0.0004159088712185621,,0.005068723112344742
3052,0.0006590266129933298,,0.004184888210147619
3053,0.00040974360308609903,,0.0027555800043046474
3054,0.0005193154793232679,,0.004268287215381861
3055,0.0004089200810994953,,0.0039870114997029305
3056,0.000809097196906805,,0.003997999243438244
3057,0.00042139203287661076,,0.004639551974833012
3058,0.0004125011037103832,,0.0033029585611075163
3059,0.0005487783346325159,,0.003906868863850832
3060,0.0008518745889887214,,0.005824017338454723
3061,0.0006638608756475151,,0.004392922390252352
3062,0.0003516337019391358,,0.0036389788147062063
3063,0.00041293117101304233,,0.0033427218440920115
3064,0.0004144483245909214,,0.004199857823550701
3065,0.0006924238987267017,,0.003369928104802966
3066,0.0004069575516041368,,0.004496769048273563
3067,0.0004314593970775604,,0.0032393173314630985
3068,0.00046990683767944574,,0.0035011479631066322
3069,0.0003454319084994495,,0.0032101296819746494
3070,0.0004845118965022266,,0.0026338500902056694
3071,0.0004455402959138155,,0.0048464881256222725
3072,0.00043029984226450324,,0.003611532039940357
3073,0.000489146332256496,,0.0058943964540958405
3074,0.00043697631917893887,,0.005666217766702175
3075,0.0004607683513313532,,0.004254832398146391
3076,0.0006833745865151286,,0.004241316579282284
3077,0.00037457654252648354,,0.002878050319850445
3078,0.0005025190184824169,,0.003678677836433053
3079,0.0004342684696894139,,0.003357998561114073
3080,0.0008588023483753204,,0.0054774037562310696
3081,0.0007297813426703215,,0.004245881922543049
3082,0.00038711767410859466,,0.004560148809105158
3083,0.0005509929615072906,,0.003082603681832552
3084,0.0004697199910879135,,0.006186318583786488
3085,0.00037379463901743293,,0.003871142864227295
3086,0.0004077657067682594,,0.004682875704020262
3087,0.00065982824889943,,0.0035207977052778006
3088,0.0008808149723336101,,0.004243745934218168
3089,0.0005355974426493049,,0.005141047760844231
3090,0.0007679397240281105,,0.006681481376290321
3091,0.0004073063610121608,,0.00417356239631772
3092,0.0006719003431499004,,0.004429956432431936
3093,0.0004919675411656499,,0.004048637580126524
3094,0.0004946081899106503,,0.004598911385983229
3095,0.0007573462789878249,,0.00407499261200428
3096,0.0004247195029165596,,0.0037709821481257677
3097,0.00041334802517667413,,0.0039568813517689705
3098,0.0004117873031646013,,0.0036164121702313423
3099,0.0006430940702557564,,0.006239274051040411
3100,0.0007514440221711993,,0.004521678201854229
3101,0.00035691208904609084,,0.004278603475540876
3102,0.000397377647459507,,0.0042829355224967
3103,0.0008311396231874824,,0.003768583759665489
3104,0.0004190070030745119,,0.003578650066629052
3105,0.00038357055746018887,,0.003830708796158433
3106,0.0005718660540878773,,0.00388456997461617
3107,0.00040057202568277717,,0.0036057813558727503
3108,0.0005788852577097714,,0.004352932795882225
3109,0.0005807969719171524,,0.004863504786044359
3110,0.0006687475251965225,,0.0038508677389472723
3111,0.0003858731943182647,,0.003983067814260721
3112,0.0006739746313542128,,0.003838403383269906
3113,0.0004959748475812376,,0.003671145997941494
3114,0.00042373070027679205,,0.00486060930415988
3115,0.00048555596731603146,,0.0030278486665338278
3116,0.00042519852286204696,,0.006179944612085819
3117,0.0007011141860857606,,0.004072162788361311
3118,0.0006569718243554235,,0.005392447113990784
3119,0.00046689793816767633,,0.004951865877956152
3120,0.00045692955609411,,0.004134323913604021
3121,0.0004607182927429676,,0.005074718501418829
3122,0.00039986075717024505,,0.0036083951126784086
3123,0.00033450551563873887,,0.004350458737462759
3124,0.0004597768129315227,,0.0031831138767302036
3125,0.0004420978366397321,,0.004564580507576466
3126,0.00032870526774786413,,0.004033307079225779
3127,0.0004726359620690346,,0.0031225187703967094
3128,0.0003869857173413038,,0.0035917554050683975
3129,0.0003738843370229006,,0.0048555294051766396
3130,0.00049170310376212,,0.0033745509572327137
3131,0.0004938036436215043,,0.004005023278295994
3132,0.0007958468049764633,,0.006418982055038214
3133,0.0003519464225973934,,0.003553966525942087
3134,0.0005115793901495636,,0.0035946585703641176
3135,0.00048444775165989995,,0.0048062801361083984
3136,0.00043927348451688886,,0.0037684461567550898
3137,0.00048138730926439166,,0.00347264320589602
3138,0.00036867635208182037,,0.003626556834205985
3139,0.0005053489003330469,,0.003587494371458888
3140,0.000391199195291847,,0.003898770082741976
3141,0.0006587808020412922,,0.00591250928118825
3142,0.00039540528086945415,,0.0043530771508812904
3143,0.00039851380279287696,,0.005352438427507877
3144,0.00046314322389662266,,0.002998982323333621
3145,0.00041704648174345493,,0.004503087606281042
3146,0.0003992691054008901,,0.004268193151801825
3147,0.0007533954922109842,,0.0033652428537607193
3148,0.0003950830432586372,,0.005231418181210756
3149,0.00042932515498250723,,0.003556842217221856
3150,0.0007085511460900307,,0.005216742865741253
3151,0.00036843871930614114,,0.0025138468481600285
3152,0.00039441464468836784,,0.004104113671928644
3153,0.0004816001746803522,,0.003979263827204704
3154,0.0005647992365993559,,0.0037976501043885946
3155,0.00041455376776866615,,0.005111802369356155
3156,0.0005038543022237718,,0.004804419819265604
3157,0.0006279103108681738,,0.004820393398404121
3158,0.000537790241651237,,0.00428979704156518
3159,0.0007019610493443906,,0.006799941882491112
3160,0.0004412736161611974,,0.00445307232439518
3161,0.0005980255082249641,,0.006395034957677126
3162,0.00045708249672316015,,0.004987653810530901
3163,0.00039808405563235283,,0.004387951456010342
3164,0.00041425618110224605,,0.004744923673570156
3165,0.0007080092909745872,,0.005505315028131008
3166,0.00041092344326898456,,0.003489105962216854
3167,0.0005026146536692977,,0.005496940575540066
3168,0.0004894791636615992,,0.005071665626019239
3169,0.0004875097656622529,,0.006138683762401342
3170,0.0004893250297755003,,0.004215958062559366
3171,0.000687306746840477,,0.004451089538633823
3172,0.0005725497612729669,,0.005686148535460234
3173,0.000504567171446979,,0.004158372990787029
3174,0.0004776907153427601,,0.004693471826612949
3175,0.0004464249068405479,,0.0035159243270754814
3176,0.0005891885375604033,,0.00546764163300395
3177,0.0007069087587296963,,0.004089493304491043
3178,0.0007226249435916543,,0.004179838579148054
3179,0.000500029418617487,,0.004754356574267149
3180,0.0004810687096323818,,0.008103610947728157
3181,0.0005319023039191961,,0.003816920565441251
3182,0.0006210511201061308,,0.0065157157368958
3183,0.0006121274782344699,,0.005339887458831072
3184,0.0007149227312766016,,0.0056091006845235825
3185,0.0004159792442806065,,0.004568296018987894
3186,0.0005780257051810622,,0.004998729098588228
3187,0.0005621415912173688,,0.007061751559376717
3188,0.0006592834834009409,,0.006613770965486765
3189,0.0004691840149462223,,0.005209212191402912
3190,0.000683583493810147,,0.0043844785541296005
3191,0.0004246753524057567,,0.005154462996870279
3192,0.0003937582951039076,,0.005547643639147282
3193,0.00041513354517519474,,0.005079819820821285
3194,0.0006110435351729393,,0.004090602975338697
3195,0.0003908337967004627,,0.003913586027920246
3196,0.0004361842293292284,,0.004335444886237383
3197,0.0005048830062150955,,0.004206553101539612
3198,0.0004270884091965854,,0.0046223849058151245
3199,0.0003799856058321893,,0.00332525628618896
3200,0.0008989336783997715,,0.0036821854300796986
3201,0.0005057294620200992,,0.004164815414696932
3202,0.0009459714638069272,,0.005062836688011885
3203,0.0003795099910348654,,0.005014408845454454
3204,0.0004250443889759481,,0.002869409741833806
3205,0.0004304635804146528,,0.002466736361384392
3206,0.0006321266409941018,,0.003908788785338402
3207,0.0004550637095235288,,0.003756487276405096
3208,0.0003770743205677718,,0.003317401744425297
3209,0.0004272435326129198,,0.003927471581846476
3210,0.000423393736127764,,0.0028083466459065676
3211,0.00043335481313988566,,0.004330283962190151
3212,0.0005028356681577861,,0.0040580835193395615
3213,0.0003658260393422097,,0.0028708591125905514
3214,0.0007901277276687324,,0.004176372662186623
3215,0.00035865881363861263,,0.0038752027321606874
3216,0.0005420222296379507,,0.003930503968149424
3217,0.00037396521656773984,,0.004058371298015118
3218,0.00055796152446419,,0.0039907172322273254
3219,0.00040577477193437517,,0.00384669192135334
3220,0.0009853377705439925,,0.006232449319213629
3221,0.00038589281029999256,,0.0033982787281274796
3222,0.0004121921374462545,,0.0058138929307460785
3223,0.00043243830441497266,,0.006014452315866947
3224,0.0004479149356484413,,0.005030123516917229
3225,0.0004611619224306196,,0.0052919890731573105
3226,0.00039638811722397804,,0.00508880615234375
3227,0.0005161176668480039,,0.006553509272634983
3228,0.00043998233741149306,,0.003693453734740615
3229,0.0003886539489030838,,0.005261864047497511
3230,0.0008599426946602762,,0.004258918575942516
3231,0.0006711501628160477,,0.004033656790852547
3232,0.0005891832988709211,,0.0038309709634631872
3233,0.0004130345187149942,,0.004666405264288187
3234,0.0005884011625312269,,0.004393831826746464
3235,0.0003660096263047308,,0.0026476539205759764
3236,0.0004246319585945457,,0.004184357356280088
3237,0.0007171479519456625,,0.004992814734578133
3238,0.0004166486323811114,,0.003911920823156834
3239,0.00040633417665958405,,0.004189020022749901
3240,0.0005356293404474854,,0.004662282764911652
3241,0.0004561426758300513,,0.003875426249578595
3242,0.0004195312212686986,,0.004077898804098368
3243,0.00042467095772735775,,0.003393816528841853
3244,0.0003903862088918686,,0.003591442247852683
3245,0.0004807928344234824,,0.003632166190072894
3246,0.00035224127350375056,,0.0028953314758837223
3247,0.0006086883367970586,,0.004751935601234436
3248,0.0003852843656204641,,0.0034571101423352957
3249,0.0009051002562046051,,0.0036863749846816063
3250,0.0006329781608656049,,0.0046380446292459965
3251,0.0004555339692160487,,0.0042408183217048645
3252,0.00043898774310946465,,0.0036394482012838125
3253,0.0003650421276688576,,0.0037790476344525814
3254,0.00038100144593045115,,0.0036312181036919355
3255,0.00039873854257166386,,0.005055952817201614
3256,0.00038904882967472076,,0.003736859420314431
3257,0.00044399354374036193,,0.003671945072710514
3258,0.0003266563580837101,,0.0041073402389883995
3259,0.0003885795013047755,,0.004514716565608978
3260,0.0005778060294687748,,0.004929911345243454
3261,0.0004988067084923387,,0.004154335241764784
3262,0.00037209183210507035,,0.00349974911659956
3263,0.00043138893670402467,,0.004963505081832409
3264,0.000926488428376615,,0.0054987408220767975
3265,0.0006125466898083687,,0.004925619810819626
3266,0.0004423876234795898,,0.0052031101658940315
3267,0.0004307646013330668,,0.006680977996438742
3268,0.0004889009287580848,,0.0062441714107990265
3269,0.00035769533133134246,,0.003547240514308214
3270,0.00044574946514330804,,0.005456129088997841
3271,0.00047961476957425475,,0.006269192323088646
3272,0.00041142641566693783,,0.002886745147407055
3273,0.0004803831106983125,,0.0043600862845778465
3274,0.00037310924381017685,,0.004709143191576004
3275,0.000863888650201261,,0.005491548217833042
3276,0.0008388515561819077,,0.0056512667797505856
3277,0.00035371966077946126,,0.004658228252083063
3278,0.0005286308005452156,,0.005503058433532715
3279,0.0003924884076695889,,0.005740151274949312
3280,0.00043127755634486675,,0.003805109765380621
3281,0.00074323161970824,,0.007172458805143833
3282,0.00041502155363559723,,0.0037620372604578733
3283,0.0005704014911316335,,0.0030639860779047012
3284,0.000600084662437439,,0.007256864570081234
3285,0.00046437382115982473,,0.004819716792553663
3286,0.00043600014760158956,,0.004220344591885805
3287,0.0005589567590504885,,0.004083787556737661
3288,0.0006039434229023755,,0.004811319522559643
3289,0.0003431618679314852,,0.0036397897638380527
3290,0.00039283192018046975,,0.0037743146531283855
3291,0.0003731634933501482,,0.0032827609684318304
3292,0.0006244892138056457,,0.005694294814020395
3293,0.0004961545346304774,,0.003592449240386486
3294,0.0004625605361070484,,0.004594852682203054
3295,0.00040527101373299956,,0.003205167828127742
3296,0.0004413819988258183,,0.0031565488316118717
3297,0.00046145854867063463,,0.0037316549569368362
3298,0.000740138057153672,,0.005191687494516373
3299,0.0007651408086530864,,0.00648158835247159
3300,0.0004008402465842664,,0.0037503254134207964
3301,0.0005894333589822054,,0.0028238401282578707
3302,0.0004304979811422527,,0.0040634856559336185
3303,0.0004986810963600874,,0.0037135297898203135
3304,0.00038689232314936817,,0.002909533679485321
3305,0.000582945765927434,,0.005515585653483868
3306,0.0006100790342316031,,0.0031338506378233433
3307,0.00039786193519830704,,0.004660113714635372
3308,0.00044497469207271934,,0.006228710524737835
3309,0.0006347165908664465,,0.004090390168130398
3310,0.0004177462251391262,,0.00362767674960196
3311,0.00034424784826114774,,0.0033252337016165257
3312,0.00040350499330088496,,0.0037390210200101137
3313,0.0003822963626589626,,0.0032249349169433117
3314,0.0003560830373317003,,0.004399729426950216
3315,0.0004422491183504462,,0.0036829484160989523
3316,0.00036400347016751766,,0.003062289906665683
3317,0.0005206256173551083,,0.005015083122998476
3318,0.00045635929564014077,,0.003649224527180195
3319,0.00048416247591376305,,0.005184247624129057
3320,0.0003612982982303947,,0.002709277207031846
3321,0.00043807009933516383,,0.004934593569487333
3322,0.0004491893050726503,,0.004151394125074148
3323,0.00042259012116119266,,0.004136416129767895
3324,0.000464984419522807,,0.004940914921462536
3325,0.0003634410095401108,,0.0034443859476596117
3326,0.0005975175299681723,,0.002665490610525012
3327,0.00039558717980980873,,0.004073418211191893
3328,0.0004362590261735022,,0.004170713946223259
3329,0.0006509885424748063,,0.0031447308138012886
3330,0.0003684650582727045,,0.004377482458949089
3331,0.0003868060593958944,,0.003573418827727437
3332,0.00047660997370257974,,0.00511621218174696
3333,0.0003397687978576869,,0.00285500381141901
3334,0.0006275463383644819,,0.004977639298886061
3335,0.00039786435081623495,,0.003668123623356223
3336,0.00036755797918885946,,0.0029798713512718678
3337,0.00036500667920336127,,0.003324315417557955
3338,0.0004166833823546767,,0.004266828298568726
3339,0.00039809473673813045,,0.0031491187401115894
3340,0.00038248737109825015,,0.0038331588730216026
3341,0.0006537550943903625,,0.0038806681986898184
3342,0.0005471910117194057,,0.004591166507452726
3343,0.0003897850983776152,,0.004017380066215992
3344,0.0006272695609368384,,0.0030048545449972153
3345,0.00035665021277964115,,0.003656967543065548
3346,0.0004105443076696247,,0.0035189783666282892
3347,0.00037599666393361986,,0.004485429264605045
3348,0.0003783333522733301,,0.0027520598378032446
3349,0.0004789177037309855,,0.003765671281144023
3350,0.00038499091169796884,,0.0033563163597136736
3351,0.00037464400520548224,,0.0029732733964920044
3352,0.00037152483128011227,,0.0035164395812898874
3353,0.0006177236791700125,,0.00448692636564374
3354,0.00034479526220820844,,0.0024677831679582596
3355,0.00040797932888381183,,0.0035976998042315245
3356,0.0005462816916406155,,0.004275904502719641
3357,0.0004249930789228529,,0.003959250636398792
3358,0.0003962034825235605,,0.003814819734543562
3359,0.00039998465217649937,,0.002935000928118825
3360,0.0007368093356490135,,0.004359823185950518
3361,0.0005847715656273067,,0.005048238206654787
3362,0.0004091536102350801,,0.005882010329514742
3363,0.0006481708842329681,,0.004336804151535034
3364,0.0007348572253249586,,0.006553100887686014
3365,0.0006638944032602012,,0.003695050487294793
3366,0.00041354348650202155,,0.004349325783550739
3367,0.000451687112217769,,0.0038196288514882326
3368,0.0004179989919066429,,0.004313611891120672
3369,0.0006548806559294462,,0.004768676124513149
3370,0.0003951856051571667,,0.0035432393196970224
3371,0.0004895540187135339,,0.00421676691621542
3372,0.0004505487740971148,,0.0034974059090018272
3373,0.0006555441650561988,,0.003853794187307358
3374,0.00046159917837940156,,0.0035343202762305737
3375,0.000708818610291928,,0.00517334183678031
3376,0.00042324684909544885,,0.004127308260649443
3377,0.000372633890947327,,0.003133548889309168
3378,0.00036927562905475497,,0.003854690818116069
3379,0.00042473021312616765,,0.005637194961309433
3380,0.0004552516038529575,,0.0063609229400753975
3381,0.00052427634363994,,0.007004015613347292
3382,0.0004067379923071712,,0.004955848213285208
3383,0.00032748072408139706,,0.003454348770901561
3384,0.0003529347013682127,,0.003528158413246274
3385,0.0005550172063522041,,0.0037794734816998243
3386,0.0007957638008520007,,0.00459338678047061
3387,0.0006992117851041257,,0.004258822649717331
3388,0.0006122623453848064,,0.0037362545263022184
3389,0.00037945760414004326,,0.005486540962010622
3390,0.00045811914606019855,,0.0039249020628631115
3391,0.0004517917986959219,,0.005685934331268072
3392,0.000385735125746578,,0.0037437542341649532
3393,0.0004158371011726558,,0.004313592799007893
3394,0.00048367632552981377,,0.004993003327399492
3395,0.0005261442856863141,,0.006657244637608528
3396,0.0003903757897205651,,0.00445068534463644
3397,0.00038243341259658337,,0.0032306532375514507
3398,0.0003958089218940586,,0.004122097045183182
3399,0.0004131157766096294,,0.0035009928978979588
3400,0.0006557466695085168,,0.004119696095585823
3401,0.0005321191274560988,,0.004209061618894339
3402,0.000458243943285197,,0.003821662161499262
3403,0.00041886710096150637,,0.004404897335916758
3404,0.0007372326217591763,,0.004565607290714979
3405,0.0007727357442490757,,0.0037656472995877266
3406,0.00039629044476896524,,0.0039038164541125298
3407,0.00036079809069633484,,0.0034992252476513386
3408,0.00044083906686864793,,0.003931698855012655
3409,0.00039414619095623493,,0.004006745759397745
3410,0.000396886927774176,,0.004390116780996323
3411,0.0005692523554898798,,0.004501492250710726
3412,0.00042026955634355545,,0.003963759168982506
3413,0.0003459899453446269,,0.0027093475218862295
3414,0.0006623091176152229,,0.004922130145132542
3415,0.00032015860779210925,,0.004336274694651365
3416,0.0004643321444746107,,0.004105899948626757
3417,0.0005344803212210536,,0.0029361480847001076
3418,0.00037740968400612473,,0.0025914767757058144
3419,0.00039212912088260055,,0.0024049507919698954
3420,0.00045316931209526956,,0.005106187425553799
3421,0.0005674362764693797,,0.0058608343824744225
3422,0.0004941437509842217,,0.003538325894623995
3423,0.00046581559581682086,,0.005115073639899492
3424,0.0006146787200123072,,0.004712073598057032
3425,0.0005138237029314041,,0.00749213807284832
3426,0.0006646423134952784,,0.007563494611531496
3427,0.0005321341450326145,,0.0033165542408823967
3428,0.0005033052293583751,,0.003690968966111541
3429,0.000529698038008064,,0.004079991485923529
3430,0.00033398481900803745,,0.00316133676096797
3431,0.00040529726538807154,,0.003555108094587922
3432,0.0005703854840248823,,0.005338978487998247
3433,0.0006241464288905263,,0.004472273867577314
3434,0.0003840396529994905,,0.003010630374774337
3435,0.0005461022374220192,,0.005076116882264614
3436,0.0006175733869895339,,0.004837758373469114
3437,0.0005902638658881187,,0.004244672134518623
3438,0.0006426829495467246,,0.0036626544315367937
3439,0.0004635042860172689,,0.004410372115671635
3440,0.00043563079088926315,,0.006231792736798525
3441,0.0003843353479169309,,0.0028168377466499805
3442,0.0004149034502916038,,0.0030717975459992886
3443,0.0003575599694158882,,0.003157085971906781
3444,0.0004876151797361672,,0.00508630508556962
3445,0.0003888706851284951,,0.0025634393095970154
3446,0.00040863206959329545,,0.003825938329100609
3447,0.0004627206362783909,,0.0037804157473146915
3448,0.0005283175851218402,,0.004544304218143225
3449,0.00043210003059357405,,0.004239904228597879
3450,0.0004061104264110327,,0.0034954671282321215
3451,0.0004522943345364183,,0.003328227438032627
3452,0.0003964588395319879,,0.004518358502537012
3453,0.0003879538271576166,,0.0034081207122653723
3454,0.00037972809514030814,,0.002690002089366317
3455,0.0004309789219405502,,0.0050944117829203606
3456,0.000618748483248055,,0.004809868987649679
3457,0.0004782205796800554,,0.0055440389551222324
3458,0.0006185765960253775,,0.004724204074591398
3459,0.0006451323279179633,,0.009927264414727688
3460,0.0005168957286514342,,0.004108131397515535
3461,0.0005574074457399547,,0.0064635504968464375
3462,0.00045830613817088306,,0.008103931322693825
3463,0.00044697822886519134,,0.0053779552690684795
3464,0.0004333594988565892,,0.005900726653635502
3465,0.0006155737210065126,,0.005004473030567169
3466,0.0004174503847025335,,0.007256998214870691
3467,0.0007449975237250328,,0.008247015997767448
3468,0.0006008919444866478,,0.004677308723330498
3469,0.0007295457180589437,,0.0069027431309223175
3470,0.0005575393442995846,,0.006510002072900534
3471,0.0004368464578874409,,0.004299522377550602
3472,0.0004410886322148144,,0.006129712797701359
3473,0.000529914628714323,,0.006118037737905979
3474,0.00039426572038792074,,0.0047650085762143135
3475,0.0003662153612822294,,0.003525592852383852
3476,0.0005268498207442462,,0.0050881956703960896
3477,0.00041921433876268566,,0.005900384858250618
3478,0.00044277962297201157,,0.003697696141898632
3479,0.0007222304120659828,,0.005369315855205059
3480,0.00038672107621096075,,0.004271977115422487
3481,0.00044665992027148604,,0.003338515292853117
3482,0.00043795848614536226,,0.004183569923043251
3483,0.00044418423203751445,,0.00522101204842329
3484,0.0005068261525593698,,0.006230143830180168
3485,0.0005931235500611365,,0.004085112363100052
3486,0.0004019851330667734,,0.0038952515460550785
3487,0.0004784648772329092,,0.005048693623393774
3488,0.0007300276192836463,,0.006296978332102299
3489,0.0006397039396688342,,0.004616813734173775
3490,0.0007044553640298545,,0.007113427389413118
3491,0.000374362658476457,,0.00438320729881525
3492,0.0005002054385840893,,0.004235878586769104
3493,0.00038943541585467756,,0.005727710667997599
3494,0.000688101863488555,,0.0039562322199344635
3495,0.0005634917179122567,,0.005571387708187103
3496,0.00042555699474178255,,0.0042235879227519035
3497,0.00040568955591879785,,0.006023769732564688
3498,0.0004343173932284117,,0.005541003309190273
3499,0.00041653166408650577,,0.004184415563941002
3500,0.000768462079577148,0.00033854231087888275,0.0055196937173604965
3501,0.0006198814371600747,,0.003637651214376092
3502,0.00037029836676083505,,0.0029344784561544657
3503,0.0003600769559852779,,0.003928575199097395
3504,0.0007579179364256561,,0.0035319996532052755
3505,0.0006193181034177542,,0.003875148016959429
3506,0.0007786480127833784,,0.00472711818292737
3507,0.0004392754635773599,,0.004889618139714003
3508,0.00042151898378506303,,0.00357957580126822
3509,0.00033922059810720384,,0.004453396424651146
3510,0.0006412260700017214,,0.004920472856611013
3511,0.0003424584283493459,,0.0039365170523524284
3512,0.0004561221576295793,,0.0045203957706689835
3513,0.0003704181872308254,,0.0039556920528411865
3514,0.0004503089003264904,,0.004946477245539427
3515,0.00039566861232742667,,0.0034119863994419575
3516,0.0004210953484289348,,0.0031572438310831785
3517,0.00043480284512043,,0.005166980903595686
3518,0.0006277762004174292,,0.004236070439219475
3519,0.0003916255082003772,,0.004000299144536257
3520,0.00037033375701867044,,0.0034716196823865175
3521,0.000521937501616776,,0.004904256202280521
3522,0.0004525623517110944,,0.0060625928454101086
3523,0.00033624412026256323,,0.0034755084197968245
3524,0.0006299954256974161,,0.00458240881562233
3525,0.0004232355277054012,,0.003622045274823904
3526,0.0003607003600336611,,0.002922342624515295
3527,0.00040845852345228195,,0.00404888903722167
3528,0.00047372057451866567,,0.003738222410902381
3529,0.0004869771655648947,,0.004597619641572237
3530,0.0006482111057266593,,0.0035199562553316355
3531,0.0005290524568408728,,0.004300328902900219
3532,0.0004045260138809681,,0.005018630996346474
3533,0.0008936484809964895,,0.0036915214732289314
3534,0.0005670161335729063,,0.0043690400198102
3535,0.0007066844846121967,,0.004199140705168247
3536,0.0005277713644318283,,0.00395634351298213
3537,0.0005232038092799485,,0.004061596002429724
3538,0.00040772647480480373,,0.0038061554078012705
3539,0.0003821943828370422,,0.004462427459657192
3540,0.0005317456088960171,,0.005250838585197926
3541,0.0003807757457252592,,0.0040677995420992374
3542,0.0006836919928900898,,0.002468243706971407
3543,0.0004934543976560235,,0.0074022430926561356
3544,0.00045968053746037185,,0.0051589650101959705
3545,0.00034070503897964954,,0.0035917481873184443
3546,0.0003294892958365381,,0.003170277224853635
3547,0.0003962642513215542,,0.0036653620190918446
3548,0.0004779967712238431,,0.004019696265459061
3549,0.00035670859506353736,,0.00279476260766387
3550,0.0003624682722147554,,0.004493319429457188
3551,0.0004269650671631098,,0.0033227771054953337
3552,0.0003653254243545234,,0.005513057112693787
3553,0.0005946472520008683,,0.0043105753138661385
3554,0.0005094166845083237,,0.005308785941451788
3555,0.0004688205081038177,,0.0034681931138038635
3556,0.00044244175660423934,,0.005789188202470541
3557,0.0003687984717544168,,0.002723378362134099
3558,0.00038692448288202286,,0.0033653522841632366
3559,0.0006703666877001524,,0.005070559214800596
3560,0.0003843875601887703,,0.004333382472395897
3561,0.00040380918653681874,,0.004622643813490868
3562,0.0005271620466373861,,0.004908098839223385
3563,0.00040056504076346755,,0.004523152019828558
3564,0.000444151577539742,,0.0055466629564762115
3565,0.0005001058452762663,,0.0029857081826776266
3566,0.0004069773422088474,,0.0052263461984694
3567,0.000473237712867558,,0.0046882349997758865
3568,0.0006745466962456703,,0.005673899780958891
3569,0.0005076087545603514,,0.005873292684555054
3570,0.0004961993545293808,,0.00602097949013114
3571,0.0006114788120612502,,0.00465463986620307
3572,0.0005798961501568556,,0.005252011585980654
3573,0.0003896857379004359,,0.0032222068402916193
3574,0.00036176209687255323,,0.00303416489623487
3575,0.00045347376726567745,,0.005178722087293863
3576,0.0003709067532327026,,0.003148613963276148
3577,0.00043906737118959427,,0.003623003838583827
3578,0.000410072214435786,,0.003696683095768094
3579,0.0007613011985085905,,0.004684796091169119
3580,0.00037281643017195165,,0.004279179498553276
3581,0.00038784975185990334,,0.0034470129758119583
3582,0.00041197947575710714,,0.003751693293452263
3583,0.0004198309616185725,,0.003839576616883278
3584,0.0003600402269512415,,0.002952041570097208
3585,0.000616119708865881,,0.004176460672169924
3586,0.00037796012475155294,,0.003958703484386206
3587,0.00034648223663680255,,0.0028199583757668734
3588,0.00040712239569984376,,0.003971001133322716
3589,0.00027813800261355937,,0.0022824867628514767
3590,0.0004896387690678239,,0.004291976802051067
3591,0.0005545466556213796,,0.004327721428126097
3592,0.0007633868954144418,,0.00557255744934082
3593,0.0003527247754391283,,0.0033341720700263977
3594,0.00045855934149585664,,0.0034587180707603693
3595,0.0004746236954815686,,0.0040475656278431416
3596,0.00045203138142824173,,0.0034789880737662315
3597,0.0005196227575652301,,0.007207200396806002
3598,0.0003485141205601394,,0.0033960945438593626
3599,0.00036127082421444356,,0.004277365747839212
3600,0.000408294697990641,,0.0051538110710680485
3601,0.00039411973557434976,,0.003222283674404025
3602,0.00046860583825036883,,0.005118872504681349
3603,0.0005431735189631581,,0.00360188283957541
3604,0.000412329682148993,,0.0039191595278680325
3605,0.0003565828956197947,,0.003354833461344242
3606,0.0004150610766373575,,0.0045021274127066135
3607,0.0003923035692423582,,0.0030403430573642254
3608,0.0007637152448296547,,0.005355448462069035
3609,0.0005541953723877668,,0.005649820901453495
3610,0.0004720952711068094,,0.0032272019889205694
3611,0.000356880365870893,,0.0032341161277145147
3612,0.0005292452406138182,,0.003157597268000245
3613,0.00037147532566450536,,0.0036304942332208157
3614,0.0003352212661411613,,0.002516200067475438
3615,0.0005459275562316179,,0.0036144726909697056
3616,0.00042581907473504543,,0.0034650966990739107
3617,0.0004122482496313751,,0.003140779444947839
3618,0.0004302124143578112,,0.004372184164822102
3619,0.0003750920295715332,,0.004078463651239872
3620,0.0003191547584719956,,0.002764448057860136
3621,0.00040045141940936446,,0.003340344410389662
3622,0.0004177577793598175,,0.0032677818089723587
3623,0.0004510172293521464,,0.004367956425994635
3624,0.0005103139556013048,,0.006364213302731514
3625,0.0003416019899304956,,0.003819113364443183
3626,0.00043682358227670193,,0.0056025078520178795
3627,0.00045265350490808487,,0.004529193509370089
3628,0.0003750328905880451,,0.003603978082537651
3629,0.00038531501195393503,,0.005124980118125677
3630,0.00038282107561826706,,0.002941465936601162
3631,0.0003896254929713905,,0.0044094775803387165
3632,0.00034875329583883286,,0.0039764270186424255
3633,0.0004428005195222795,,0.00420883996412158
3634,0.000580138701479882,,0.005298506934195757
3635,0.0005344534292817116,,0.003564477199688554
3636,0.0005061283009126782,,0.006306847557425499
3637,0.0005375734763219953,,0.005382091272622347
3638,0.0004018225590698421,,0.004268669988960028
3639,0.000542618683539331,,0.006594321224838495
3640,0.00042487666360102594,,0.004864978604018688
3641,0.00032422912772744894,,0.0034658696968108416
3642,0.00035999761894345284,,0.005757123697549105
3643,0.0004595336504280567,,0.004018536303192377
3644,0.00035999040119349957,,0.00472953962162137
3645,0.000391618930734694,,0.00472654914483428
3646,0.0006083330954425037,,0.005504978820681572
3647,0.0004489928833208978,,0.004548369906842709
3648,0.0005012557958252728,,0.005389056168496609
3649,0.0004257193941157311,,0.0038689591456204653
3650,0.0003923233016394079,,0.0037483989726752043
3651,0.00036654280847869813,,0.005326840095221996
3652,0.0007792559918016195,,0.007732326164841652
3653,0.0003761750995181501,,0.006507912650704384
3654,0.000386412808438763,,0.00798968505114317
3655,0.00040797912515699863,,0.0056836167350411415
3656,0.00034670106833800673,,0.00374492141418159
3657,0.0004872119752690196,,0.00457572378218174
3658,0.0003795496595557779,,0.004723587539047003
3659,0.0004075251054018736,,0.005189486313611269
3660,0.000394074828363955,,0.004681908525526524
3661,0.0007702596485614777,,0.006942683830857277
3662,0.0004710080975200981,,0.0038567963056266308
3663,0.0006717235082760453,,0.005758618004620075
3664,0.0005138390115462244,,0.005830022972077131
3665,0.0003272110770922154,,0.004261272959411144
3666,0.00041945575503632426,,0.0037734508514404297
3667,0.00044449427514337003,,0.003983431961387396
3668,0.0004189648316241801,,0.004186758305877447
3669,0.00041991411126218736,,0.004296034574508667
3670,0.00033426459413021803,,0.0038524738047271967
3671,0.00037072168197482824,,0.0028101797215640545
3672,0.0005384469986893237,,0.00415416993200779
3673,0.00039321795338764787,,0.0031623616814613342
3674,0.00037914834683761,,0.004462950862944126
3675,0.000386546365916729,,0.00415475107729435
3676,0.0003644970420282334,,0.003737377468496561
3677,0.00038129527820274234,,0.003608852857723832
3678,0.00059534702450037,,0.004142615478485823
3679,0.00033444189466536045,,0.0047742100432515144
3680,0.0003740089014172554,,0.0029426494147628546
3681,0.0005857888027094305,,0.005089595448225737
3682,0.00034754519583657384,,0.003437406849116087
3683,0.0007731836521998048,,0.005206178408116102
3684,0.00040640158113092184,,0.004464725963771343
3685,0.0005729685071855783,,0.004706736654043198
3686,0.0007106534903869033,,0.004746084567159414
3687,0.0005147928604856133,,0.004737716168165207
3688,0.0004173872002866119,,0.005692234728485346
3689,0.0005151098594069481,,0.005119481589645147
3690,0.0012008068151772022,,0.004061628133058548
3691,0.0005404468392953277,,0.00530658196657896
3692,0.0005220384337007999,,0.004651544149965048
3693,0.00033517053816467524,,0.004041576758027077
3694,0.00038485703407786787,,0.0040366933681070805
3695,0.00038595066871494055,,0.003883883124217391
3696,0.00037058626185171306,,0.0034963584039360285
3697,0.00047742249444127083,,0.003934355918318033
3698,0.00035446975380182266,,0.003830383997410536
3699,0.00039563438622280955,,0.00380321079865098
3700,0.0003148306277580559,,0.0023317772429436445
3701,0.00048661671462468803,,0.004892981611192226
3702,0.0005104433512315154,,0.0040612053126096725
3703,0.00043826428009197116,,0.0041510118171572685
3704,0.0006276810308918357,,0.005742990877479315
3705,0.00038090848829597235,,0.006292995065450668
3706,0.0006587700918316841,,0.005178132560104132
3707,0.0007311936933547258,,0.004568576812744141
3708,0.0004977851058356464,,0.00671304389834404
3709,0.00038066698471084237,,0.00353713845834136
3710,0.00041801398037932813,,0.004173957277089357
3711,0.00045733287697657943,,0.0048956419341266155
3712,0.0004946394474245608,,0.003919227514415979
3713,0.00037254678318277,,0.003950803074985743
3714,0.00037116091698408127,,0.0036775278858840466
3715,0.00041833100840449333,,0.0035446006804704666
3716,0.00046864355681464076,,0.0071454583667218685
3717,0.0006355374353006482,,0.00637001683935523
3718,0.0005617107381112874,,0.0033906882163137197
3719,0.0004432357964105904,,0.007333314046263695
3720,0.0003531429683789611,,0.003144138725474477
3721,0.00039972696686163545,,0.00561495590955019
3722,0.0003670414153020829,,0.003729623043909669
3723,0.0003445580950938165,,0.0038225757889449596
3724,0.0007288631750270724,,0.003906841389834881
3725,0.0003664969408418983,,0.0037270905449986458
3726,0.0003181691572535783,,0.003268782515078783
3727,0.0005594882532022893,,0.003801505547016859
3728,0.0004587906878441572,,0.004594596102833748
3729,0.00040045109926722944,,0.004419814795255661
3730,0.0006684746476821601,,0.004896031226962805
3731,0.00038428226253017783,,0.004666279070079327
3732,0.0003989756805822253,,0.004910328425467014
3733,0.0003816003445535898,,0.003743588924407959
3734,0.00037620181683450937,,0.003872120752930641
3735,0.0008278847672045231,,0.004941549617797136
3736,0.00040383459418080747,,0.004348160699009895
3737,0.0004379486199468374,,0.0037853545509278774
3738,0.0004131330642849207,,0.004991203546524048
3739,0.0005079135298728943,,0.005815156269818544
3740,0.0003699158551171422,,0.004625371657311916
3741,0.0003090093960054219,,0.0028141045477241278
3742,0.0005574845126830041,,0.004264993593096733
3743,0.000699235126376152,,0.004369361326098442
3744,0.00038241231231950223,,0.004867231473326683
3745,0.0007817083969712257,,0.004060464911162853
3746,0.00035863788798451424,,0.0032389273401349783
3747,0.0004457192844711244,,0.0038536018691956997
3748,0.00044069450814276934,,0.0038330561947077513
3749,0.00036631751572713256,,0.004314296413213015
3750,0.0004307780181989074,,0.0032418635673820972
3751,0.0003615163150243461,,0.0037919001188129187
3752,0.000335661054123193,,0.0040793148800730705
3753,0.0005867408472113311,,0.005726974457502365
3754,0.00035325181670486927,,0.004644848871976137
3755,0.00045059085823595524,,0.0046229432336986065
3756,0.00033604339114390314,,0.003786481684073806
3757,0.0003750941250473261,,0.0030943742021918297
3758,0.0004656276141759008,,0.003829182591289282
3759,0.00042333174496889114,,0.005410568322986364
3760,0.00047740014269948006,,0.0039036311209201813
3761,0.00037589046405628324,,0.003193049691617489
3762,0.00041696656262502074,,0.0037498907186090946
3763,0.00038336566649377346,,0.004726021084934473
3764,0.0006140879122540355,,0.002831765217706561
3765,0.0003869703214149922,,0.0048549845814704895
3766,0.0006103806663304567,,0.004762217402458191
3767,0.0003806765307672322,,0.003171818098053336
3768,0.00038558346568606794,,0.00445621507242322
3769,0.00036654583527706563,,0.0039908126927912235
3770,0.0003702265676110983,,0.004882319830358028
3771,0.0005263263592496514,,0.005999239161610603
3772,0.00032846140675246716,,0.003108053235337138
3773,0.0003330277686472982,,0.0030477410182356834
3774,0.00036605633795261383,,0.0051733506843447685
3775,0.00033988949144259095,,0.003652766114100814
3776,0.0003048638754989952,,0.003308124840259552
3777,0.0003798774559982121,,0.004293584730476141
3778,0.0003107520460616797,,0.002204076386988163
3779,0.00032024941174313426,,0.0033668309915810823
3780,0.0004819683381356299,,0.005635594017803669
3781,0.00048086230526678264,,0.0031814465764909983
3782,0.00032748986268416047,,0.004425862804055214
3783,0.00037089380202814937,,0.0026147302705794573
3784,0.0004963455721735954,,0.0046910615637898445
3785,0.00035349579411558807,,0.0032463206443935633
3786,0.0003496105200611055,,0.00433359807357192
3787,0.0003620916395448148,,0.0038707840722054243
3788,0.0003317210066597909,,0.0022844423074275255
3789,0.0003983097558375448,,0.003827477339655161
3790,0.00032216846011579037,,0.0026568288449198008
3791,0.00042323704110458493,,0.004122539423406124
3792,0.0006368867470882833,,0.00300716538913548
3793,0.0003169331466779113,,0.002876871731132269
3794,0.00038019107887521386,,0.003403765382245183
3795,0.0004077528137713671,,0.004534413106739521
3796,0.00036687342799268663,,0.00427680229768157
3797,0.0006668209098279476,,0.002752342028543353
3798,0.0003381988499313593,,0.003535450203344226
3799,0.0003444835892878473,,0.004089055582880974
3800,0.00038404599763453007,,0.004298154264688492
3801,0.0003532252158038318,,0.002826862270012498
3802,0.00036218491732142866,,0.0026598309632390738
3803,0.00038057658821344376,,0.0027924913447350264
3804,0.0005853117909282446,,0.003790985094383359
3805,0.00039242295315489173,,0.0039036779198795557
3806,0.00035700175794772804,,0.003015946364030242
3807,0.000334323791321367,,0.002896490739658475
3808,0.00032776425359770656,,0.00315991323441267
3809,0.0006677954806946218,,0.0028844501357525587
3810,0.0003648611600510776,,0.003953610081225634
3811,0.0003266878193244338,,0.002563999965786934
3812,0.00039831234607845545,,0.004198543261736631
3813,0.00035937235224992037,,0.0033602530602365732
3814,0.0004623706918209791,,0.004904939327389002
3815,0.00041457274346612394,,0.0035406043753027916
3816,0.0004918896593153477,,0.0040348609909415245
3817,0.0003381335409358144,,0.003208182053640485
3818,0.0005596834234893322,,0.00344657339155674
3819,0.00034784848685376346,,0.003907592501491308
3820,0.0005816883640363812,,0.004332192707806826
3821,0.0006898427382111549,,0.004289211705327034
3822,0.0005957182147540152,,0.005315235350281
3823,0.0003604642115533352,,0.0028203341644257307
3824,0.0004228843317832798,,0.0052513061091303825
3825,0.0003355958906468004,,0.004972910042852163
3826,0.00033192275441251695,,0.0036597561556845903
3827,0.00032812071731314063,,0.004954454489052296
3828,0.00032315892167389393,,0.003516455879434943
3829,0.00033231283305212855,,0.003448356641456485
3830,0.00038831745041534305,,0.004670692142099142
3831,0.00070168700767681,,0.0034035458229482174
3832,0.0004729565407615155,,0.0039728921838104725
3833,0.00031854468397796154,,0.004207134712487459
3834,0.0003967123047914356,,0.003121678251773119
3835,0.0003197749610990286,,0.003217624966055155
3836,0.0003632255829870701,,0.003651058068498969
3837,0.0004067624395247549,,0.0034793235827237368
3838,0.00046155398013070226,,0.004365235101431608
3839,0.0004127860884182155,,0.004775533452630043
3840,0.00042551077785901725,,0.003370781196281314
3841,0.0003829302731901407,,0.0038009444251656532
3842,0.00037268278538249433,,0.003414503764361143
3843,0.0005360678187571466,,0.006015492603182793
3844,0.00034579806379042566,,0.002792890416458249
3845,0.0003811785427387804,,0.004880032502114773
3846,0.0003928040387108922,,0.003634187625721097
3847,0.0003897084388881922,,0.004507801495492458
3848,0.0003344592114444822,,0.004651388619095087
3849,0.00037115090526640415,,0.0030043525621294975
3850,0.0003743361448869109,,0.004875672049820423
3851,0.000538690946996212,,0.004508771933615208
3852,0.0006806926103308797,,0.008133846335113049
3853,0.000426894606789574,,0.007524020504206419
3854,0.00036032305797562003,,0.004341913852840662
3855,0.0004218039975967258,,0.003727004863321781
3856,0.0003447872295510024,,0.003917627967894077
3857,0.00044264094321988523,,0.004973307717591524
3858,0.00043903719051741064,,0.0037636617198586464
3859,0.0004172953777015209,,0.005757536273449659
3860,0.0005596501869149506,,0.0030585050117224455
3861,0.0006370862829498947,,0.004948650021106005
3862,0.0004350880335550755,,0.005014397203922272
3863,0.000415562535636127,,0.0037782378494739532
3864,0.00034163612872362137,,0.002585457172244787
3865,0.0003846759791485965,,0.0026774858124554157
3866,0.0003227170673198998,,0.002619257429614663
3867,0.000622717197984457,,0.003629118436947465
3868,0.0006325212307274342,,0.003858971642330289
3869,0.0005837384960614145,,0.003575556678697467
3870,0.00043566952808760107,,0.003813268383964896
3871,0.0009160200133919716,,0.006303710397332907
3872,0.00037773000076413155,,0.003569746855646372
3873,0.0007836061413399875,,0.006336207501590252
3874,0.00037944252835586667,,0.004205789882689714
3875,0.0003345920122228563,,0.002643356565386057
3876,0.00034403809695504606,,0.0030051248613744974
3877,0.0004304650647100061,,0.004929776769131422
3878,0.00038089335430413485,,0.003912144340574741
3879,0.00044545542914420366,,0.004840743727982044
3880,0.00031973133445717394,,0.002748513361439109
3881,0.0004079845966771245,,0.005045178346335888
3882,0.0007090658764354885,,0.00549976946786046
3883,0.0005857128417119384,,0.003241006750613451
3884,0.00039708020631223917,,0.004019955173134804
3885,0.0003587885294109583,,0.003382961032912135
3886,0.00045287678949534893,,0.006268143188208342
3887,0.0003236574411857873,,0.0028219157829880714
3888,0.0003470839001238346,,0.0037658014334738255
3889,0.0003717239887919277,,0.005004629958420992
3890,0.0006786639569327235,,0.004915248136967421
3891,0.0003310655592940748,,0.0042787943966686726
3892,0.0003373015206307173,,0.0037265948485583067
3893,0.00047088321298360825,,0.003938810899853706
3894,0.0004010424599982798,,0.00396598968654871
3895,0.0003314374480396509,,0.0033148201182484627
3896,0.00033645244548097253,,0.003820311278104782
3897,0.0003837409894913435,,0.0033398354426026344
3898,0.00036350893788039684,,0.0037542220670729876
3899,0.0003971497935708612,,0.003656588029116392
3900,0.0003379160480108112,,0.0027925309259444475
3901,0.00039918761467561126,,0.004073573742061853
3902,0.0004147673898842186,,0.003073729109019041
3903,0.0007337600691244006,,0.004552403464913368
3904,0.00040518183959648013,,0.00453093321993947
3905,0.00043109821854159236,,0.0033913219813257456
3906,0.0003750328905880451,,0.0034120718482881784
3907,0.00032503961119800806,,0.0026010849978774786
3908,0.0008226374047808349,,0.006137946154922247
3909,0.0004680604615714401,,0.004609955940395594
3910,0.0003921675670426339,,0.00458092475309968
3911,0.0004383283667266369,,0.004253722727298737
3912,0.0004416550509631634,,0.004392385948449373
3913,0.0004019301268272102,,0.00413637375459075
3914,0.0003432108205743134,,0.0032601843122392893
3915,0.0005514961667358875,,0.0037771144416183233
3916,0.0007625931757502258,,0.007998961955308914
3917,0.0003679137153085321,,0.0027201101183891296
3918,0.00035813538124784827,,0.00349012715741992
3919,0.00035439501516520977,,0.004084043670445681
3920,0.00043694814667105675,,0.005657085217535496
3921,0.00054010353051126,,0.004289408680051565
3922,0.00037890623207204044,,0.00495915999636054
3923,0.0003326449077576399,,0.00329240458086133
3924,0.00046006389311514795,,0.004617467522621155
3925,0.0003532595874276012,,0.0035044467076659203
3926,0.0003696932108141482,,0.0046809460036456585
3927,0.00044667941983789206,,0.0031613039318472147
3928,0.0003538491146173328,,0.004703796934336424
3929,0.0003564406360965222,,0.003604268189519644
3930,0.0003686819109134376,,0.003427881048992276
3931,0.000538766325917095,,0.003991242963820696
3932,0.0003539782192092389,,0.003689573612064123
3933,0.0004573932383209467,,0.004253045190125704
3934,0.0005690183024853468,,0.006104416213929653
3935,0.00041847204556688666,,0.0035728500224649906
3936,0.0008227782091125846,,0.0039240093901753426
3937,0.0006220675422810018,,0.0031096001621335745
3938,0.00035690199001692235,,0.003465265268459916
3939,0.00033121297019533813,,0.004182095173746347
3940,0.0004242019494995475,,0.004663684871047735
3941,0.00035519356606528163,,0.003301803721114993
3942,0.00048596758279018104,,0.005787358153611422
3943,0.00043095252476632595,,0.004224523436278105
3944,0.0005102122668176889,,0.008936705999076366
3945,0.0003914878470823169,,0.004019571468234062
3946,0.00041902781231328845,,0.005242053885012865
3947,0.00036649027606472373,,0.0042703417129814625
3948,0.0003420144785195589,,0.0041460939683020115
3949,0.0004444338846951723,,0.005042308010160923
3950,0.0003498347941786051,,0.0036857258528470993
3951,0.00035865214886143804,,0.003083320101723075
3952,0.0003617985057644546,,0.0032924488186836243
3953,0.00038008688716217875,,0.004478018265217543
3954,0.0003542367776390165,,0.0031664895359426737
3955,0.00035369102261029184,,0.0043093180283904076
3956,0.00034583406522870064,,0.003666308708488941
3957,0.0003748300368897617,,0.0038538691587746143
3958,0.0003473454562481493,,0.004332317039370537
3959,0.0003891398082487285,,0.004745748825371265
3960,0.00031614856561645865,,0.003491475246846676
3961,0.0003959430323448032,,0.004997216630727053
3962,0.0003450791700743139,,0.002694752998650074
3963,0.0004280274733901024,,0.005178204737603664
3964,0.00033214734867215157,,0.0037963229697197676
3965,0.000710739754140377,,0.005464295390993357
3966,0.00046788709005340934,,0.004187349695712328
3967,0.0004130033776164055,,0.005546679254621267
3968,0.0005643857293762267,,0.00499737448990345
3969,0.0004027002432849258,,0.00647099269554019
3970,0.0003725273418240249,,0.0030914167873561382
3971,0.0006971399998292327,,0.006097943522036076
3972,0.00037509360117837787,,0.0042511820793151855
3973,0.0005864384002052248,,0.003260224824771285
3974,0.00037565105594694614,,0.0040202965028584
3975,0.00039958039997145534,,0.0035543148405849934
3976,0.00037816906115040183,,0.0053664022125303745
3977,0.0003678640932776034,,0.003340729046612978
3978,0.00030264913220889866,,0.003678831970319152
3979,0.00037764437729492784,,0.0036870078183710575
3980,0.0003624906239565462,,0.003349507227540016
3981,0.00034180161310359836,,0.003559261094778776
3982,0.0003209552669432014,,0.0027966899797320366
3983,0.00029677554266527295,,0.0021972779650241137
3984,0.0005371062434278429,,0.00494156451895833
3985,0.0003487272188067436,,0.002855820581316948
3986,0.0005950494669377804,,0.0036190226674079895
3987,0.0003285429556854069,,0.002538903383538127
3988,0.00034795491956174374,,0.0029045066330581903
3989,0.00042981287697330117,,0.0066589172929525375
3990,0.00034691402106545866,,0.003198325866833329
3991,0.0005500416737049818,,0.003947099205106497
3992,0.0004599643871188164,,0.003413621336221695
3993,0.0003329285536892712,,0.0035684090107679367
3994,0.0003933430998586118,,0.004458792973309755
3995,0.0003197391051799059,,0.0021274969913065434
3996,0.00031395809492096305,,0.0022803691681474447
3997,0.00034103900543414056,,0.0028022904880344868
3998,0.00039953214582055807,,0.003917855676263571
3999,0.00034893755218945444,,0.003449806245043874
4000,0.00035532889887690544,0.00029795448913729855,0.0028240836691111326
4001,0.0003456818521954119,,0.0029414365999400616
4002,0.00035758945159614086,,0.003939828835427761
4003,0.00031964690424501896,,0.0035812605638056993
4004,0.00038211437640711665,,0.0038733608089387417
4005,0.000421825738158077,,0.0029628793708980083
4006,0.00036812396137975156,,0.0033950223587453365
4007,0.00034528598189353943,,0.0025376288685947657
4008,0.000509534846059978,,0.004069054499268532
4009,0.000675749673973769,,0.005913849454373121
4010,0.0003375955857336521,,0.002761593321338296
4011,0.000373678223695606,,0.0035500354133546352
4012,0.0003399341076146811,,0.004322385881096125
4013,0.000551171600818634,,0.004244484473019838
4014,0.0003663807292468846,,0.005460956133902073
4015,0.00042957565165124834,,0.004140577744692564
4016,0.0003451688389759511,,0.002989404834806919
4017,0.00036511613870970905,,0.004969033878296614
4018,0.0003847961197607219,,0.0035223523154854774
4019,0.00035766378277912736,,0.0031247218139469624
4020,0.0004001818015240133,,0.005014712922275066
4021,0.0004724853206425905,,0.00309046171605587
4022,0.0004246769240126014,,0.0047022937797009945
4023,0.00041699077701196074,,0.0048129684291779995
4024,0.00037867692299187183,,0.004082106053829193
4025,0.0008273568237200379,,0.005017952062189579
4026,0.0003489387163426727,,0.004909391514956951
4027,0.00042846822179853916,,0.003648719983175397
4028,0.0003870625514537096,,0.0038417507894337177
4029,0.00035272003151476383,,0.0035568212624639273
4030,0.0004287082119844854,,0.005004384554922581
4031,0.0004533246101345867,,0.005118120461702347
4032,0.0006445409380830824,,0.004020027816295624
4033,0.0003591574204619974,,0.0036330653820186853
4034,0.0003483801265247166,,0.004143142141401768
4035,0.0006254947511479259,,0.004828023258596659
4036,0.0008842946263030171,,0.006353587377816439
4037,0.00038837367901578546,,0.002580362604930997
4038,0.0007423443021252751,,0.0033566998317837715
4039,0.0004702493897639215,,0.008461632765829563
4040,0.00039798778016120195,,0.0036370009183883667
4041,0.0005630856612697244,,0.005689019802957773
4042,0.00044812983833253384,,0.004632698372006416
4043,0.0003372414503246546,,0.004429149441421032
4044,0.00040416288538835943,,0.00454944372177124
4045,0.0003744858258869499,,0.004938123747706413
4046,0.00041618215618655086,,0.004420377314090729
4047,0.0003497761208564043,,0.0037696934305131435
4048,0.00043585081584751606,,0.006906745955348015
4049,0.00037479394813999534,,0.003583473153412342
4050,0.00039951782673597336,,0.005735432729125023
4051,0.0003736753424163908,,0.00455600256100297
4052,0.0003220612998120487,,0.003374069929122925
4053,0.0004768691724166274,,0.005399518180638552
4054,0.00042614559060893953,,0.00425953371450305
4055,0.0003385178279131651,,0.0027510474901646376
4056,0.00039463560096919537,,0.0038365416694432497
4057,0.0004206869634799659,,0.005872536450624466
4058,0.000362465507350862,,0.004525214433670044
4059,0.0005802864907309413,,0.003810747293755412
4060,0.00029753876151517034,,0.0036343128886073828
4061,0.0003453008830547333,,0.0032036970369517803
4062,0.00035941749229095876,,0.005109455902129412
4063,0.00034025366767309606,,0.003788478672504425
4064,0.0003893791581504047,,0.003759224433451891
4065,0.0005099718691781163,,0.003958717919886112
4066,0.00036721708602271974,,0.003918493632227182
4067,0.0004111715534236282,,0.0037402259185910225
4068,0.0002959116827696562,,0.002324601635336876
4069,0.0006391297793015838,,0.005031845532357693
4070,0.0003250337904319167,,0.0032071638852357864
4071,0.00045928353210911155,,0.0034247657749801874
4072,0.00036330308648757637,,0.004638741258531809
4073,0.0006856431718915701,,0.006592490244656801
4074,0.0005038781673647463,,0.002689485903829336
4075,0.00031245144782587886,,0.002689874731004238
4076,0.0003292059409432113,,0.0033388626761734486
4077,0.00037150082061998546,,0.002926557557657361
4078,0.000340054277330637,,0.002825828967615962
4079,0.000517826178111136,,0.003957148641347885
4080,0.0003269886365160346,,0.003659026464447379
4081,0.0006131316185928881,,0.003166490700095892
4082,0.0003251371381338686,,0.0031675943173468113
4083,0.0004157902440056205,,0.004594739526510239
4084,0.0003099358582403511,,0.0021299575455486774
4085,0.00036514352541416883,,0.0033709208946675062
4086,0.00048741704085841775,,0.005828617140650749
4087,0.0003999228065367788,,0.005813196301460266
4088,0.0003513809642754495,,0.0036851263139396906
4089,0.0003469162620604038,,0.0023298209998756647
4090,0.0004723667516373098,,0.006078299600630999
4091,0.00039610773092135787,,0.005366526078432798
4092,0.000334918440785259,,0.003898456459864974
4093,0.0004499172791838646,,0.008154641836881638
4094,0.00030687334947288036,,0.002849929966032505
4095,0.0003431597724556923,,0.005666358396410942
4096,0.0003150195407215506,,0.003395830048248172
4097,0.0003829742781817913,,0.006653317715972662
4098,0.00037519604666158557,,0.0029489905573427677
4099,0.00031730736372992396,,0.0038316124118864536
4100,0.0003475609119050205,,0.004890706390142441
4101,0.0003533504786901176,,0.002492767060175538
4102,0.0003287977888248861,,0.004741942975670099
4103,0.0005826434935443103,,0.005269219167530537
4104,0.0005829986766912043,,0.009179296903312206
4105,0.00037358663394115865,,0.004150582477450371
4106,0.0005416910862550139,,0.00591242266818881
4107,0.0004698685370385647,,0.0046899099834263325
4108,0.0003643041127361357,,0.0043816701509058475
4109,0.0003972215054091066,,0.004937418736517429
4110,0.00039508595364168286,,0.004898875951766968
4111,0.0003971807600464672,,0.0035138761159032583
4112,0.0005320945056155324,,0.004569879733026028
4113,0.0003076401771977544,,0.0023647446651011705
4114,0.0005737983155995607,,0.006486857309937477
4115,0.0005043454002588987,,0.0045300559140741825
4116,0.0007108114659786224,,0.010501663200557232
4117,0.00031877472065389156,,0.0041068848222494125
4118,0.0005724207730963826,,0.005868737120181322
4119,0.0005448876181617379,,0.005656126886606216
4120,0.0006122784689068794,,0.004417294170707464
4121,0.0006712670437991619,,0.0128700640052557
4122,0.00046043418115004897,,0.005408439319580793
4123,0.0004324834735598415,,0.0063594067469239235
4124,0.0006270119920372963,,0.006985833402723074
4125,0.00038159015821292996,,0.004635607358068228
4126,0.0003772667550947517,,0.004886523820459843
4127,0.0003742033732123673,,0.003928973339498043
4128,0.0009537824662402272,,0.005583920516073704
4129,0.0005542716826312244,,0.005278956610709429
4130,0.0003291665343567729,,0.0039133550599217415
4131,0.000527392141520977,,0.0037554812151938677
4132,0.0003993152058683336,,0.004377907142043114
4133,0.0004692216753028333,,0.005303480662405491
4134,0.0004313414392527193,,0.00702268909662962
4135,0.0004010669363196939,,0.005124440882354975
4136,0.00032843247754499316,,0.004380486905574799
4137,0.00033027573954313993,,0.0035675400868058205
4138,0.0006285597919486463,,0.004726875573396683
4139,0.0005601794109679759,,0.005514014977961779
4140,0.0004986420972272754,,0.005259600467979908
4141,0.00036197970621287823,,0.004138991702347994
4142,0.0004919293569400907,,0.00650158291682601
4143,0.0003907584468834102,,0.006338036619126797
4144,0.0006739596137776971,,0.0038085912819951773
4145,0.0004006663803011179,,0.005738393869251013
4146,0.00048451300244778395,,0.007853211835026741
4147,0.0003463156463112682,,0.0031692141201347113
4148,0.0004884611116722226,,0.005429306533187628
4149,0.0004150918102823198,,0.006118209101259708
4150,0.00035611598286777735,,0.004228840582072735
4151,0.0003581447235774249,,0.0035030453000217676
4152,0.0003478026483207941,,0.003132206853479147
4153,0.0004402678459882736,,0.006540387868881226
4154,0.00040245670243166387,,0.0036933659575879574
4155,0.00040226057171821594,,0.005783275235444307
4156,0.0004883710644207895,,0.007810664363205433
4157,0.0004102684906683862,,0.003588052000850439
4158,0.00040857557905837893,,0.004261330235749483
4159,0.0003897449641954154,,0.0040220110677182674
4160,0.00040280850953422487,,0.00455042440444231
4161,0.0005334640736691654,,0.006510148290544748
4162,0.0003510506357997656,,0.0037866802886128426
4163,0.00037330278428271413,,0.00423958757892251
4164,0.00042370494338683784,,0.00751473056152463
4165,0.00029436894692480564,,0.0032308935187757015
4166,0.00035165599547326565,,0.005696020554751158
4167,0.0004226835153531283,,0.004400901962071657
4168,0.0003247713320888579,,0.0038330992683768272
4169,0.0006828915211372077,,0.004919772036373615
4170,0.00041697960114106536,,0.004760872106999159
4171,0.0003380554262548685,,0.002938174642622471
4172,0.0003585226077120751,,0.004754847381263971
4173,0.000321419007377699,,0.003989626187831163
4174,0.00037955291918478906,,0.0034688476007431746
4175,0.0005931121995672584,,0.004188538994640112
4176,0.0004567412834148854,,0.004027230199426413
4177,0.00030429766047745943,,0.0032229346688836813
4178,0.0003550729888956994,,0.0027758697979152203
4179,0.00039321029908023775,,0.0036535325925797224
4180,0.0003739665262401104,,0.003627774538472295
4181,0.0003660488873720169,,0.004541667178273201
4182,0.0003532969858497381,,0.002901347354054451
4183,0.0003111700643785298,,0.0031313044019043446
4184,0.00037086731754243374,,0.0037687206640839577
4185,0.0004016128950752318,,0.005174924153834581
4186,0.0003995058941654861,,0.0035247148480266333
4187,0.00031001685420051217,,0.002882068045437336
4188,0.0003463711473159492,,0.0028384262695908546
4189,0.0003549379762262106,,0.0032364181242883205
4190,0.0004388646630104631,,0.003574448637664318
4191,0.0004878950712736696,,0.005939169321209192
4192,0.0003316505462862551,,0.003674838226288557
4193,0.0003908277431037277,,0.003661086782813072
4194,0.0006443837191909552,,0.004168958868831396
4195,0.0004044435918331146,,0.004291956778615713
4196,0.0006328064482659101,,0.0035818542819470167
4197,0.0003721940447576344,,0.004030795302242041
4198,0.00030620768666267395,,0.002375765470787883
4199,0.00030458331457339227,,0.0036775977350771427
4200,0.00035307410871610045,,0.0034889616072177887
4201,0.00030713752494193614,,0.003143054200336337
4202,0.0003796193632297218,,0.003964248113334179
4203,0.00030884717125445604,,0.0030303995590656996
4204,0.00030240329215303063,,0.0034033257979899645
4205,0.00034499235334806144,,0.003271247260272503
4206,0.000313851167447865,,0.003388470271602273
4207,0.0006488146027550101,,0.005116781685501337
4208,0.0003222964587621391,,0.002716406714171171
4209,0.0004031118005514145,,0.00515029625967145
4210,0.0003576001327019185,,0.0030855813529342413
4211,0.0003344744327478111,,0.0042121149599552155
4212,0.00042449840111657977,,0.004820486065000296
4213,0.00039923778967931867,,0.003994568716734648
4214,0.0003376467793714255,,0.0043004644103348255
4215,0.0004057542828377336,,0.0033165072090923786
4216,0.0003704307018779218,,0.0039266301319003105
4217,0.00034277880331501365,,0.0024887938052415848
4218,0.00032843276858329773,,0.003725422313436866
4219,0.0004764677432831377,,0.004132651258260012
4220,0.0005531839560717344,,0.005985501687973738
4221,0.0003087870718445629,,0.003074516775086522
4222,0.0004859932232648134,,0.005809071473777294
4223,0.00041575924842618406,,0.004055194556713104
4224,0.00039098781417123973,,0.005488416645675898
4225,0.0003728660230990499,,0.004381747916340828
4226,0.00039990805089473724,,0.003557686461135745
4227,0.0003627908299677074,,0.0028001852333545685
4228,0.0003864274767693132,,0.003083108924329281
4229,0.0007799078011885285,,0.007505433633923531
4230,0.0004374031559564173,,0.005306558217853308
4231,0.00035113567719236016,,0.004776396788656712
4232,0.0003806313034147024,,0.006329309660941362
4233,0.00033879303373396397,,0.004025445319712162
4234,0.00035013514570891857,,0.004388547036796808
4235,0.0003461417509242892,,0.004217054694890976
4236,0.0003939011075999588,,0.004054137971252203
4237,0.0002973669907078147,,0.002646934473887086
4238,0.0004577923100441694,,0.004540880210697651
4239,0.0003733648336492479,,0.003633318468928337
4240,0.0003245834377594292,,0.003050172934308648
4241,0.0003602934011723846,,0.0035959745291620493
4242,0.00037942040944471955,,0.004031328484416008
4243,0.0004380814207252115,,0.0037283331621438265
4244,0.0003543391067069024,,0.0036525574978441
4245,0.000483436044305563,,0.005935976281762123
4246,0.000452604319434613,,0.003972219303250313
4247,0.00036987150087952614,,0.004931541625410318
4248,0.0003639650531113148,,0.004069247283041477
4249,0.0003142931673210114,,0.003901961026713252
4250,0.00031193220638670027,,0.0029688796494156122
4251,0.0003437948180362582,,0.003461031708866358
4252,0.0003424322640057653,,0.0028142479714006186
4253,0.00033799881930463016,,0.0034507764503359795
4254,0.0002765463723335415,,0.0018595438450574875
4255,0.00030268728733062744,,0.002470842096954584
4256,0.0003163981018587947,,0.0032059105578809977
4257,0.0003233739989809692,,0.00265101226978004
4258,0.00031560900970362127,,0.003077929839491844
4259,0.0003363325959071517,,0.0026068822480738163
4260,0.00041140441317111254,,0.004784947261214256
4261,0.00031788466731086373,,0.004419869277626276
4262,0.00036008976167067885,,0.0030060624703764915
4263,0.0003106515505351126,,0.004056709818542004
4264,0.00041771968244574964,,0.0045158592984080315
4265,0.00033287261612713337,,0.002676762407645583
4266,0.0003313687047921121,,0.005032814107835293
4267,0.0003106436925008893,,0.003675332060083747
4268,0.00034440052695572376,,0.0036360628437250853
4269,0.00032353834831155837,,0.004276954103261232
4270,0.00029517512302845716,,0.0027755682822316885
4271,0.00032798488973639905,,0.0028913202695548534
4272,0.00033260355121456087,,0.0032199774868786335
4273,0.0003682594688143581,,0.003368773963302374
4274,0.00032395144808106124,,0.0031565679237246513
4275,0.0002991853398270905,,0.002736105816438794
4276,0.0003090625978074968,,0.0038592801429331303
4277,0.0003574222791939974,,0.004018064122647047
4278,0.0005971236969344318,,0.0033841468393802643
4279,0.00034906677319668233,,0.004193545319139957
4280,0.0009651209111325443,,0.00464292149990797
4281,0.0003301336837466806,,0.0026019196957349777
4282,0.0003462868044152856,,0.0038604598958045244
4283,0.0003187191323377192,,0.002937835641205311
4284,0.00042894319631159306,,0.004094745963811874
4285,0.0003297551011200994,,0.0035270648077130318
4286,0.00036695366725325584,,0.0020945346914231777
4287,0.0003623344819061458,,0.003400153247639537
4288,0.0004615143407136202,,0.0034177203197032213
4289,0.00045419984962791204,,0.006481659598648548
4290,0.0003373436047695577,,0.002358146710321307
4291,0.00033924280432984233,,0.0033822760451585054
4292,0.0005761852371506393,,0.00440837349742651
4293,0.0003501970204524696,,0.0023962410632520914
4294,0.0003622802905738354,,0.002980903722345829
4295,0.00037521609920077026,,0.0050375740975141525
4296,0.0005741060012951493,,0.008956593461334705
4297,0.00031661830144003034,,0.003781377337872982
4298,0.00036530575016513467,,0.004358834587037563
4299,0.0004224078147672117,,0.00795641541481018
4300,0.0003496134886518121,,0.0036856376100331545
4301,0.000433280598372221,,0.004374291747808456
4302,0.00040054399869404733,,0.004612730350345373
4303,0.0003760799008887261,,0.004419300705194473
4304,0.00046224601101130247,,0.009555897675454617
4305,0.0003588784602470696,,0.0036611345130950212
4306,0.0005871886387467384,,0.005614204797893763
4307,0.00047501758672297,,0.012060546316206455
4308,0.00041326461359858513,,0.004169251304119825
4309,0.0006728137377649546,,0.011644458398222923
4310,0.0003384440205991268,,0.0032831053249537945
4311,0.000599426741246134,,0.008047482930123806
4312,0.0003968240926042199,,0.006440309341996908
4313,0.00044306315248832107,,0.009106937795877457
4314,0.0006654019234701991,,0.004263196140527725
4315,0.0004853063728660345,,0.005753174424171448
4316,0.0004443866200745106,,0.005504302214831114
4317,0.0004204384458716959,,0.004246559925377369
4318,0.0005170728545635939,,0.011753697879612446
4319,0.00031497416784986854,,0.0030471733771264553
4320,0.0003849809872917831,,0.0036068344488739967
4321,0.0004080837534274906,,0.0047042821533977985
4322,0.0004389219102449715,,0.004177183378487825
4323,0.0003645609540399164,,0.0035924140829592943
4324,0.0004856651648879051,,0.005930114537477493
4325,0.0004935780889354646,,0.009146405383944511
4326,0.00040553236613050103,,0.0044507659040391445
4327,0.000515420688316226,,0.00571872154250741
4328,0.0005783176748082042,,0.004306175746023655
4329,0.00038014393066987395,,0.004483657423406839
4330,0.0003446353948675096,,0.0030678641051054
4331,0.00037171406438574195,,0.00404765922576189
4332,0.0003760639519896358,,0.00438219727948308
4333,0.0004166953731328249,,0.004896143916994333
4334,0.0003610810381360352,,0.005309970583766699
4335,0.00036447233287617564,,0.0038770558312535286
4336,0.0003672254388220608,,0.0036771728191524744
4337,0.00044231140054762363,,0.005287674255669117
4338,0.0004222709103487432,,0.004098907578736544
4339,0.0004938036436215043,,0.009157223626971245
4340,0.0002931618073489517,,0.0034793533850461245
4341,0.0003718279767781496,,0.00404388690367341
4342,0.00046231196029111743,,0.005633445922285318
4343,0.0004844595678150654,,0.004603761713951826
4344,0.000354602059815079,,0.003633231855928898
4345,0.00034219850203953683,,0.004043526481837034
4346,0.0004385801439639181,,0.0035211544018238783
4347,0.0004978654906153679,,0.008936700411140919
4348,0.00039053818909451365,,0.0038476723711937666
4349,0.00035610253689810634,,0.006201031617820263
4350,0.0004053078591823578,,0.004397560376673937
4351,0.000492735009174794,,0.004701698664575815
4352,0.0003486923815216869,,0.005768422037363052
4353,0.0007050065323710442,,0.0036541512235999107
4354,0.0003564836806617677,,0.0033406850416213274
4355,0.0005932415369898081,,0.0063552409410476685
4356,0.0007740470464341342,,0.006443220656365156
4357,0.00037259841337800026,,0.004036359954625368
4358,0.00040359896956942976,,0.00351828639395535
4359,0.00045759364729747176,,0.003147243056446314
4360,0.0003610526619013399,,0.003790416521951556
4361,0.0003204474924132228,,0.0033844257704913616
4362,0.0003866499464493245,,0.0031079468317329884
4363,0.0003905986377503723,,0.006945141591131687
4364,0.0003889335785061121,,0.0032759320456534624
4365,0.0006921401945874095,,0.0065320516005158424
4366,0.00031094567384570837,,0.0028248284943401814
4367,0.0003447218332439661,,0.003185329958796501
4368,0.0006159398471936584,,0.0038277653511613607
4369,0.000372325477655977,,0.0032460507936775684
4370,0.0005655344575643539,,0.002490399405360222
4371,0.0006097640725784004,,0.0032871512230485678
4372,0.0003221805382054299,,0.002498800400644541
4373,0.0004516923800110817,,0.012828814797103405
4374,0.00029942236142233014,,0.0032647803891450167
4375,0.00041033708839677274,,0.006533235777169466
4376,0.0004985508276149631,,0.004906207788735628
4377,0.00038670399226248264,,0.004408048465847969
4378,0.00038592913188040257,,0.005607633385807276
4379,0.00034355229581706226,,0.0038081174716353416
4380,0.00032903262763284147,,0.0037812856025993824
4381,0.0003464742039795965,,0.0035003377124667168
4382,0.0003836626128759235,,0.0038180267438292503
4383,0.0003134688886348158,,0.0037772131618112326
4384,0.00032966601429507136,,0.002667636377736926
4385,0.0004506705445237458,,0.0038470516446977854
4386,0.0003360342816449702,,0.002820435678586364
4387,0.00035447528352960944,,0.002676810370758176
4388,0.00033787789288908243,,0.0031861073803156614
4389,0.0003248323919251561,,0.0030520225409418344
4390,0.00033558084396645427,,0.0034142201766371727
4391,0.0006361404666677117,,0.0026301618199795485
4392,0.00038709957152605057,,0.003982052206993103
4393,0.0003048900398425758,,0.003343152115121484
4394,0.00036672409623861313,,0.00245221727527678
4395,0.00044250075006857514,,0.005706930998712778
4396,0.00041778231388889253,,0.003897759597748518
4397,0.00041105374111793935,,0.0032752924598753452
4398,0.00038708816282451153,,0.003472115844488144
4399,0.0004023126093670726,,0.0033934307284653187
4400,0.0007544003892689943,,0.004575512371957302
4401,0.00036210421239957213,,0.003204421838745475
4402,0.000319417507853359,,0.0030890617053955793
4403,0.00035031180595979095,,0.0035437284968793392
4404,0.00038850167766213417,,0.003700749482959509
4405,0.0006292309844866395,,0.00349033554084599
4406,0.0004181100521236658,,0.0032739080488681793
4407,0.00034769653575494885,,0.002790878526866436
4408,0.00031279082759283483,,0.002599474973976612
4409,0.000643818115349859,,0.00764485215768218
4410,0.0008978565456345677,,0.011806664057075977
4411,0.00035625798045657575,,0.0037711679469794035
4412,0.0004034131416119635,,0.00695438776165247
4413,0.00036974268732592463,,0.0057449908927083015
4414,0.00037122488720342517,,0.007812358904629946
4415,0.0003693496691994369,,0.002904599765315652
4416,0.0003579484182409942,,0.004606322385370731
4417,0.0005027180886827409,,0.0068837618455290794
4418,0.00035909502184949815,,0.0047013708390295506
4419,0.00038099390803836286,,0.0034655039198696613
4420,0.0003681919479276985,,0.0036134335678070784
4421,0.0005830288864672184,,0.009270100854337215
4422,0.0004839006287511438,,0.0051097990944981575
4423,0.00044699752470478415,,0.00933986995369196
4424,0.00033886387245729566,,0.004272071644663811
4425,0.00029238418210297823,,0.002840336412191391
4426,0.0004194517096038908,,0.004953406285494566
4427,0.0005682931514456868,,0.00325409765355289
4428,0.0003017206327058375,,0.003248958382755518
4429,0.0003679492510855198,,0.0030027437023818493
4430,0.00029635330429300666,,0.003111358731985092
4431,0.0004806684737559408,,0.005637845024466515
4432,0.00034972437424585223,,0.0027433696668595076
4433,0.00032976962393149734,,0.0030580584425479174
4434,0.00039488234324380755,,0.0038093181792646646
4435,0.0004991383175365627,,0.005367480684071779
4436,0.00029662257293239236,,0.00249677337706089
4437,0.00039354991167783737,,0.003162511857226491
4438,0.0005151162622496486,,0.004052417352795601
4439,0.0007445286028087139,,0.0038576480001211166
4440,0.0004565398849081248,,0.005265132058411837
4441,0.0003879048745147884,,0.004918403923511505
4442,0.0003726248978637159,,0.003168380819261074
4443,0.00040401946171186864,,0.0045684934593737125
4444,0.0003480780287645757,,0.002372737741097808
4445,0.00033830979373306036,,0.0033738785423338413
4446,0.00037992195575498044,,0.003619143972173333
4447,0.00047573697520419955,,0.002986666513606906
4448,0.0004144262638874352,,0.00512074725702405
4449,0.0006437792326323688,,0.006899059750139713
4450,0.000529049604665488,,0.005565078463405371
4451,0.0002978178672492504,,0.0042639803141355515
4452,0.00033767963759601116,,0.005134162027388811
4453,0.00038401837809942663,,0.004932914860546589
4454,0.00042777368798851967,,0.004560933448374271
4455,0.00036810251185670495,,0.002770431572571397
4456,0.00043486658250913024,,0.005974121391773224
4457,0.0005658750887960196,,0.0047347452491521835
4458,0.00033657890162430704,,0.0030372291803359985
4459,0.00036356033524498343,,0.0047675748355686665
4460,0.00038268763455562294,,0.0050470903515815735
4461,0.0003577885217964649,,0.002902883803471923
4462,0.0003585568629205227,,0.006507274229079485
4463,0.00035403872607275844,,0.004565068986266851
4464,0.00041236699325963855,,0.005553065333515406
4465,0.00036422055563889444,,0.004906811751425266
4466,0.00029038748471066356,,0.00270193163305521
4467,0.0009418394765816629,,0.005632008425891399
4468,0.00043872848618775606,,0.004749737214297056
4469,0.0004785323399119079,,0.0031897774897515774
4470,0.0004042218788526952,,0.004996657371520996
4471,0.00030750076984986663,,0.003838269505649805
4472,0.0004370068199932575,,0.0035841334611177444
4473,0.000304949760902673,,0.004683506675064564
4474,0.0005884285201318562,,0.004680690821260214
4475,0.00046492868568748236,,0.004494179040193558
4476,0.00045703802607022226,,0.004556532017886639
4477,0.0003404999151825905,,0.004257721360772848
4478,0.0003659949288703501,,0.004015400540083647
4479,0.0003501642495393753,,0.0032558278180658817
4480,0.0005276567535474896,,0.003176626516506076
4481,0.00030728449928574264,,0.0032873114105314016
4482,0.0003853961534332484,,0.004771884065121412
4483,0.0003267445135861635,,0.0029480999801307917
4484,0.000350351445376873,,0.003053783904761076
4485,0.00040891929529607296,,0.006504909135401249
4486,0.00033958180574700236,,0.0031209171283990145
4487,0.0003395508974790573,,0.003528894856572151
4488,0.0003959507157560438,,0.003212647745385766
4489,0.0004638799000531435,,0.0035119459498673677
4490,0.0003464528126642108,,0.002808383898809552
4491,0.0005110834608785808,,0.009360596537590027
4492,0.0003880435542669147,,0.0032131539192050695
4493,0.0003647059784270823,,0.00658479193225503
4494,0.00035667719203047454,,0.005730382166802883
4495,0.00035662594018504024,,0.0033160168677568436
4496,0.0004125953419134021,,0.003711789147928357
4497,0.00025893686688505113,,0.002094556577503681
4498,0.00037581700598821044,,0.0054253507405519485
4499,0.0004778317525051534,,0.0037772858049720526
4500,0.0002880346146412194,0.00030152813330650854,0.003180336905643344
4501,0.0005233587580733001,,0.0063359797932207584
4502,0.00028177612693980336,,0.002598503604531288
4503,0.0003613166627474129,,0.004772706888616085
4504,0.00033933910890482366,,0.0027488507330417633
4505,0.0005620505544357002,,0.004039375111460686
4506,0.000327300833305344,,0.004088776186108589
4507,0.00036739505594596267,,0.0036677808966487646
4508,0.0003700809902511537,,0.004016301594674587
4509,0.00034184230025857687,,0.0034730860497802496
4510,0.0003214571624994278,,0.0027565578930079937
4511,0.00033936830004677176,,0.005608874838799238
4512,0.0003715102793648839,,0.0027918394189327955
4513,0.0003997566527687013,,0.005675663240253925
4514,0.00038117525400593877,,0.004253391642123461
4515,0.0003406733740121126,,0.004332802724093199
4516,0.0003633823653217405,,0.005999294109642506
4517,0.000340157508617267,,0.003218367462977767
4518,0.00031720107654109597,,0.003903685137629509
4519,0.0004066296969540417,,0.0041964356787502766
4520,0.0009481913293711841,,0.003030669642612338
4521,0.0007084479439072311,,0.005437612067908049
4522,0.00038093741750344634,,0.004169653169810772
4523,0.0003336119407322258,,0.004117600619792938
4524,0.0003848443157039583,,0.0051100910641252995
4525,0.00043022207682952285,,0.009343158453702927
4526,0.00033267622347921133,,0.0037767530884593725
4527,0.0005201454041525722,,0.006903271656483412
4528,0.0002952516661025584,,0.002883488778024912
4529,0.00047145222197286785,,0.003720648819580674
4530,0.00033740908838808537,,0.0030655208975076675
4531,0.0005276947631500661,,0.004576615057885647
4532,0.00047580196405760944,,0.005252916365861893
4533,0.00040630396688356996,,0.0044493721798062325
4534,0.0004107425338588655,,0.0054064225405454636
4535,0.0006193226436153054,,0.003954680636525154
4536,0.0003416032704990357,,0.0034574950113892555
4537,0.0003305060090497136,,0.0045295883901417255
4538,0.0003535669238772243,,0.003636549459770322
4539,0.0003574125003069639,,0.0049077849835157394
4540,0.00038434783346019685,,0.005212338175624609
4541,0.0003459342406131327,,0.003462290856987238
4542,0.00042240641778334975,,0.005042803939431906
4543,0.00041042070370167494,,0.003774716518819332
4544,0.0006534568965435028,,0.004257665481418371
4545,0.0003165013622492552,,0.0032788505777716637
4546,0.0003218896163161844,,0.00301497639156878
4547,0.0003608492552302778,,0.0031253022607415915
4548,0.000404410035116598,,0.008104335516691208
4549,0.00038916486664675176,,0.004447115585207939
4550,0.00036044229636900127,,0.003051552688702941
4551,0.00037879610317759216,,0.0042031314224004745
4552,0.0003677670320030302,,0.004865079652518034
4553,0.00041368973325006664,,0.004780220333486795
4554,0.0006282222457230091,,0.0054939743131399155
4555,0.0003025613259524107,,0.0037737663369625807
4556,0.00032482025562785566,,0.0027215450536459684
4557,0.00034140897332690656,,0.00434449827298522
4558,0.00032764390925876796,,0.003943006973713636
4559,0.0003189763519912958,,0.0028149066492915154
4560,0.0002920983242802322,,0.004580219276249409
4561,0.0003410194767639041,,0.0025057897437363863
4562,0.00035460907383821905,,0.0037139486521482468
4563,0.0003154429141432047,,0.003951043356209993
4564,0.00039683631621301174,,0.004266422241926193
4565,0.00032409868435934186,,0.0037176806945353746
4566,0.0002972052607219666,,0.0025791123043745756
4567,0.00037236016942188144,,0.0040976665914058685
4568,0.00038894006866030395,,0.008453236892819405
4569,0.0003068963997066021,,0.0027793359477072954
4570,0.0005519617116078734,,0.0054857186041772366
4571,0.0002856939972843975,,0.004331194795668125
4572,0.0003289527667220682,,0.0036297780461609364
4573,0.0003290631284471601,,0.00356577942147851
4574,0.0003694378538057208,,0.0037205296102911234
4575,0.0003039024886675179,,0.0031109775882214308
4576,0.0002994633687194437,,0.0020379945635795593
4577,0.00033458718098700047,,0.004017429891973734
4578,0.0003955162246711552,,0.003242759732529521
4579,0.000820501591078937,,0.003955512307584286
4580,0.0003250099834986031,,0.0032914995681494474
4581,0.00030491460347548127,,0.0032254732213914394
4582,0.0003296744544059038,,0.0033296896144747734
4583,0.00040706174331717193,,0.008504064753651619
4584,0.0007754857651889324,,0.0041299741715192795
4585,0.00037816292024217546,,0.004489060956984758
4586,0.0005603901809081435,,0.008998366072773933
4587,0.00035620888229459524,,0.004297986160963774
4588,0.00044389531831257045,,0.002839665161445737
4589,0.0006267152493819594,,0.004141617566347122
4590,0.0007662296993657947,,0.005900787655264139
4591,0.0003545599174685776,,0.0027016359381377697
4592,0.00038248603232204914,,0.0025149905122816563
4593,0.0003558931639418006,,0.0034745708107948303
4594,0.0003550115507096052,,0.0025937061291188
4595,0.00032950425520539284,,0.0028887998778373003
4596,0.0002993061498273164,,0.0029012677259743214
4597,0.0002814619801938534,,0.002676172647625208
4598,0.00030468645854853094,,0.0032800936605781317
4599,0.0004557429056148976,,0.0058650304563343525
4600,0.0006405858439393342,,0.0027382588014006615
4601,0.0003101771872024983,,0.0024406646843999624
4602,0.00044070297735743225,,0.0031336296815425158
4603,0.0004212407802697271,,0.003604813478887081
4604,0.00044140833779238164,,0.004828209988772869
4605,0.00032441457733511925,,0.003958167973905802
4606,0.0003230287693440914,,0.004074739292263985
4607,0.0003265115083195269,,0.003262964077293873
4608,0.00042714676237665117,,0.00982039887458086
4609,0.00046610631397925317,,0.007239490281790495
4610,0.00041158683598041534,,0.004786625504493713
4611,0.0004522945382632315,,0.010822135955095291
4612,0.0004869443946518004,,0.004677181132137775
4613,0.0006870917859487236,,0.003235558280721307
4614,0.0005100445123389363,,0.006892683450132608
4615,0.0003756468358915299,,0.0037523319479078054
4616,0.000446429563453421,,0.004842767491936684
4617,0.0005147653282620013,,0.0045310151763260365
4618,0.0003387735632713884,,0.0032841924112290144
4619,0.0003924246411770582,,0.0037568891420960426
4620,0.0003675992484204471,,0.004013448022305965
4621,0.00027866935124620795,,0.0023697896394878626
4622,0.0003349868056830019,,0.0030856782104820013
4623,0.0003624289238359779,,0.0030720254871994257
4624,0.00033054681262001395,,0.0032195737585425377
4625,0.0003180868807248771,,0.0037328030448406935
4626,0.0003908399667125195,,0.002624767366796732
4627,0.0003162024077028036,,0.002630360424518585
4628,0.00041907510603778064,,0.003915612585842609
4629,0.0002891202748287469,,0.0033454077783972025
4630,0.00029754708521068096,,0.0029735020361840725
4631,0.00031326976022683084,,0.0036210219841450453
4632,0.0007282816804945469,,0.004656482953578234
4633,0.00034837768180295825,,0.005312255583703518
4634,0.0003224122920073569,,0.0029662977904081345
4635,0.0003001854638569057,,0.0031781347934156656
4636,0.0003672547172755003,,0.002435502829030156
4637,0.0003357228997629136,,0.0023152409121394157
4638,0.0003370999766048044,,0.003093426115810871
4639,0.00043119286419823766,,0.0034539694897830486
4640,0.0003629100974649191,,0.004255365114659071
4641,0.0003261206147726625,,0.002661182312294841
4642,0.00028164644027128816,,0.002981323515996337
4643,0.0003161091299261898,,0.00196829647757113
4644,0.0003370625781826675,,0.003689266974106431
4645,0.0004070021095685661,,0.002648969879373908
4646,0.0005727157695218921,,0.0027617434971034527
4647,0.00031863199546933174,,0.003776068100705743
4648,0.00029083358822390437,,0.0026619897689670324
4649,0.0003732193144969642,,0.003731916891410947
4650,0.00041238637641072273,,0.0031970166601240635
4651,0.00035756954457610846,,0.004327602218836546
4652,0.0003218514611944556,,0.003412836929783225
4653,0.0005841456586495042,,0.004564227070659399
4654,0.0002547508920542896,,0.0020111845806241035
4655,0.00040283528505824506,,0.009030045010149479
4656,0.0005525488522835076,,0.003191519295796752
4657,0.00046300143003463745,,0.018208788707852364
4658,0.0003128817188553512,,0.004438082687556744
4659,0.00032039001234807074,,0.003435105551034212
4660,0.0003878239949699491,,0.004374466836452484
4661,0.00032318991725333035,,0.0031484488863497972
4662,0.0003403973241802305,,0.0033172443509101868
4663,0.00028601381927728653,,0.0026699991431087255
4664,0.0003794921503867954,,0.003300504991784692
4665,0.0003577556926757097,,0.0041071632876992226
4666,0.0006658920901827514,,0.01606057584285736
4667,0.00028807399212382734,,0.0023523401468992233
4668,0.0003309452149551362,,0.003741745138540864
4669,0.0004187201848253608,,0.004443020094186068
4670,0.00044221716234460473,,0.010388600639998913
4671,0.00044054375030100346,,0.004952784162014723
4672,0.0003430197248235345,,0.00420782994478941
4673,0.0003362129209563136,,0.0037978864274919033
4674,0.00034182853414677083,,0.002995613031089306
4675,0.0003265385457780212,,0.0034224216360598803
4676,0.000359090743586421,,0.0034947674721479416
4677,0.00030941044678911567,,0.0028511625714600086
4678,0.0003890711523126811,,0.004487500060349703
4679,0.00037071225233376026,,0.0037296395748853683
4680,0.00038795554428361356,,0.004356081131845713
4681,0.0003097727312706411,,0.0030030300840735435
4682,0.00036143645411357284,,0.0035426635295152664
4683,0.0003264128463342786,,0.002548872260376811
4684,0.00034435553243383765,,0.0025493395514786243
4685,0.00031812911038286984,,0.0028622408863157034
4686,0.0003669251163955778,,0.003478812053799629
4687,0.00043425027979537845,,0.002176751848310232
4688,0.00033165194327011704,,0.0036862113047391176
4689,0.0003559744800440967,,0.0036180613096803427
4690,0.00033612397965043783,,0.0032062376849353313
4691,0.0003183889202773571,,0.0029027187265455723
4692,0.00030446366872638464,,0.0018758875085040927
4693,0.0003221818769816309,,0.002655289601534605
4694,0.0006495632114820182,,0.0032470938749611378
4695,0.0003064580960199237,,0.00300698378123343
4696,0.0003891726955771446,,0.002904715947806835
4697,0.00045505963498726487,,0.0032257349230349064
4698,0.0004012493882328272,,0.002659381367266178
4699,0.0002929717884398997,,0.0020711414981633425
4700,0.0003081991453655064,,0.002572824480012059
4701,0.0003560110926628113,,0.003133626887574792
4702,0.00032929942244663835,,0.002005732851102948
4703,0.00034464173950254917,,0.0031419547740370035
4704,0.00028941099299117923,,0.002461482537910342
4705,0.00031156514887697995,,0.0034059614408761263
4706,0.00028922531055286527,,0.0024358038790524006
4707,0.0007830299437046051,,0.009267574176192284
4708,0.00033675646409392357,,0.00294041121378541
4709,0.00028270698385313153,,0.0024383962154388428
4710,0.0003550806432031095,,0.0043912664987146854
4711,0.0005181453307159245,,0.004342849366366863
4712,0.0003380862472113222,,0.0034691470209509134
4713,0.00030698056798428297,,0.003934742417186499
4714,0.0002997677947860211,,0.0030885476153343916
4715,0.0004636000085156411,,0.0039046406745910645
4716,0.00041252694791182876,,0.0062273042276501656
4717,0.0004769311926793307,,0.004471994005143642
4718,0.00034683634294196963,,0.003308787476271391
4719,0.00026889832224696875,,0.00404988881200552
4720,0.00028687564190477133,,0.0027333961334079504
4721,0.0003855212708003819,,0.004501688294112682
4722,0.0006259248475544155,,0.0048769451677799225
4723,0.00033667823299765587,,0.004309733398258686
4724,0.0003420016437303275,,0.002764774253591895
4725,0.0005084778531454504,,0.002207075245678425
4726,0.00029424758395180106,,0.002482570242136717
4727,0.00030664989026263356,,0.002735686022788286
4728,0.0004008121322840452,,0.004246430471539497
4729,0.0003113612183369696,,0.002518527675420046
4730,0.00032747918157838285,,0.002606744645163417
4731,0.0002962395956274122,,0.0038207496982067823
4732,0.00031172606395557523,,0.002836572704836726
4733,0.00029705913038924336,,0.003030799562111497
4734,0.0002662022307049483,,0.0022443204652518034
4735,0.00037736305966973305,,0.003293888410553336
4736,0.00031239265808835626,,0.0032024190295487642
4737,0.00030969479121267796,,0.003497520461678505
4738,0.0003005301987286657,,0.0030454115476459265
4739,0.0004364364722277969,,0.0038393435534089804
4740,0.0005027728620916605,,0.006187011022120714
4741,0.00029486266430467367,,0.002514668507501483
4742,0.0003387852921150625,,0.003997677471488714
4743,0.00035632969229482114,,0.003422487759962678
4744,0.0002851290046237409,,0.0026584002189338207
4745,0.00037925862125121057,,0.004055106081068516
4746,0.00039652688428759575,,0.0034680357202887535
4747,0.00045017636148259044,,0.0030882004648447037
4748,0.00034472550032660365,,0.004268145654350519
4749,0.0003435947000980377,,0.002579057589173317
4750,0.0003203903906978667,,0.0027211683336645365
4751,0.0003269818553235382,,0.0032156314700841904
4752,0.00037486705696210265,,0.003109283046796918
4753,0.0002881583641283214,,0.0029630919452756643
4754,0.00039196127909235656,,0.0025623703841120005
4755,0.0003520403988659382,,0.0030605418141931295
4756,0.0003190781862940639,,0.0023340745829045773
4757,0.0003097699664067477,,0.002424015197902918
4758,0.0002851974277291447,,0.0022226900327950716
4759,0.00029253202956169844,,0.0040229810401797295
4760,0.0003319342795293778,,0.00293453480117023
4761,0.0003265304258093238,,0.0027668725233525038
4762,0.00034339618287049234,,0.003108215518295765
4763,0.00027032734942622483,,0.003328475868329406
4764,0.00035379044129513204,,0.004330961965024471
4765,0.0006015197141095996,,0.0036696840543299913
4766,0.00032260289299301803,,0.003313440829515457
4767,0.0005582146113738418,,0.0036266113165766
4768,0.00030032696668058634,,0.0029741644393652678
4769,0.0003765728324651718,,0.00835733488202095
4770,0.00034217871143482625,,0.002719294046983123
4771,0.0004347811918705702,,0.011876449920237064
4772,0.00029306160286068916,,0.0028853837866336107
4773,0.00034725520526990294,,0.0046204752288758755
4774,0.0003560852201189846,,0.002665349980816245
4775,0.0003941658651456237,,0.010158829391002655
4776,0.0003545762156136334,,0.004218938294798136
4777,0.000520391040481627,,0.008969858288764954
4778,0.0006100786849856377,,0.007791232317686081
4779,0.00027754143229685724,,0.0023796274326741695
4780,0.0002917370875366032,,0.004074007272720337
4781,0.0004354817792773247,,0.003727525006979704
4782,0.00038836459862068295,,0.00532958609983325
4783,0.00033289240673184395,,0.0029831482097506523
4784,0.0003338803944643587,,0.004111371003091335
4785,0.00031409680377691984,,0.006105236709117889
4786,0.0003389600897207856,,0.003883654484525323
4787,0.000338234705850482,,0.004601803608238697
4788,0.0003489087685011327,,0.00315086985938251
4789,0.0004962361417710781,,0.008894827216863632
4790,0.0002980641438625753,,0.0031372630037367344
4791,0.0003276680945418775,,0.0035262329038232565
4792,0.0003988787648268044,,0.004514610860496759
4793,0.0002851661993190646,,0.0034458590671420097
4794,0.0003711312892846763,,0.003708610078319907
4795,0.00033438648097217083,,0.004508509300649166
4796,0.00041931518353521824,,0.0034692720510065556
4797,0.0003651857259683311,,0.0038814374711364508
4798,0.00033074276871047914,,0.0028807364869862795
4799,0.00030909039196558297,,0.0029976810328662395
4800,0.0003445824549999088,,0.004526245873421431
4801,0.0004742871969938278,,0.005575823597609997
4802,0.00034946040250360966,,0.003694480285048485
4803,0.0003757668600883335,,0.0034406334161758423
4804,0.0003044053155463189,,0.0029277063440531492
4805,0.00034518446773290634,,0.004302795976400375
4806,0.00027990431408397853,,0.0021776300854980946
4807,0.0003334295470267534,,0.004811951890587807
4808,0.000707183382473886,,0.009563622064888477
4809,0.00035278103314340115,,0.004172123968601227
4810,0.0003253210452385247,,0.006107710767537355
4811,0.00035890669096261263,,0.0029993243515491486
4812,0.0005611478118225932,,0.008512324653565884
4813,0.0004124202241655439,,0.0033551184460520744
4814,0.0003188474220223725,,0.0029954463243484497
4815,0.0006192945293150842,,0.0038600247353315353
4816,0.000521850073710084,,0.002611912786960602
4817,0.0005152450175955892,,0.013763277791440487
4818,0.00044773047557100654,,0.003911841660737991
4819,0.0002832950558513403,,0.003717564744874835
4820,0.000423426681663841,,0.0060347882099449635
4821,0.0003267823485657573,,0.004014870617538691
4822,0.0003648785350378603,,0.004003330133855343
4823,0.0003329936589580029,,0.003895868081599474
4824,0.00032223720336332917,,0.0028424726333469152
4825,0.00029609407647512853,,0.003054679837077856
4826,0.0003250234294682741,,0.004126039799302816
4827,0.0003484212211333215,,0.0027137340512126684
4828,0.00038254959508776665,,0.0037722517736256123
4829,0.0003160136111546308,,0.003310214029625058
4830,0.0003303728881292045,,0.0031239402014762163
4831,0.0003537395386956632,,0.005554765462875366
4832,0.0003272159956395626,,0.005823864601552486
4833,0.0002830414741765708,,0.0026006794068962336
4834,0.0005379481008276343,,0.003254662035033107
4835,0.00028001092141494155,,0.0030151717364788055
4836,0.00032331893453374505,,0.0026036682538688183
4837,0.000363356142770499,,0.0023204986937344074
4838,0.0003425019676797092,,0.003946482669562101
4839,0.00029839982744306326,,0.002620663959532976
4840,0.00030839763348922133,,0.0030435831286013126
4841,0.0003074380219914019,,0.004072387237101793
4842,0.0003315155045129359,,0.0030982999596744776
4843,0.0003190687857568264,,0.0031676406506448984
4844,0.0005188036011531949,,0.0062660640105605125
4845,0.0003430216747801751,,0.0023073721677064896
4846,0.000551719858776778,,0.0037826441694051027
4847,0.0002855539496522397,,0.003203508211299777
4848,0.00032856169855222106,,0.0044232327491045
4849,0.00034114765003323555,,0.004103626124560833
4850,0.00030706459074281156,,0.0022307431790977716
4851,0.00032927142456173897,,0.003408638993278146
4852,0.00031750567723065615,,0.0028660367242991924
4853,0.00037826711195521057,,0.00265697343274951
4854,0.0002948276815004647,,0.002720156218856573
4855,0.00028361406293697655,,0.0024522761814296246
4856,0.00032290146918967366,,0.0022766541223973036
4857,0.0004154522903263569,,0.003980968613177538
4858,0.0003152178833261132,,0.002415492432191968
4859,0.00033813537447713315,,0.0025398177094757557
4860,0.000320140621624887,,0.0033439763356000185
4861,0.0003037560672964901,,0.0021814852952957153
4862,0.0004820802132599056,,0.0038881455548107624
4863,0.00034282513661310077,,0.002997341100126505
4864,0.00030610468820668757,,0.002175590954720974
4865,0.0003051786916330457,,0.003303973004221916
4866,0.0006678318604826927,,0.003226393600925803
4867,0.0002609877265058458,,0.0024579709861427546
4868,0.0004368032969068736,,0.010052971541881561
4869,0.00042971502989530563,,0.0031971975695341825
4870,0.000280028791166842,,0.0028802177403122187
4871,0.00032306305365636945,,0.0028235563077032566
4872,0.0004362335312180221,,0.008901823312044144
4873,0.00031449925154447556,,0.004075835458934307
4874,0.00037248892476782203,,0.008911391720175743
4875,0.0003294453490525484,,0.0030769482254981995
4876,0.0003004934114869684,,0.003663147334009409
4877,0.0004321727901697159,,0.00461615202948451
4878,0.0003308757150080055,,0.0033582602627575397
4879,0.0006600338383577764,,0.004814906511455774
4880,0.0003142483765259385,,0.002653308678418398
4881,0.00035457557532936335,,0.002665149047970772
4882,0.00040183798409998417,,0.003471081843599677
4883,0.00035974671482108533,,0.0032951696775853634
4884,0.0003213393210899085,,0.002603934146463871
4885,0.00030123209580779076,,0.0035660003777593374
4886,0.00038207051693461835,,0.01221343781799078
4887,0.0004055297467857599,,0.006625290960073471
4888,0.00035476344055496156,,0.003629392711445689
4889,0.0006608475814573467,,0.029222626239061356
4890,0.0003319168172311038,,0.0031844291370362043
4891,0.00034716943628154695,,0.004466515500098467
4892,0.0003967823868151754,,0.003284791950136423
4893,0.00040373223600909114,,0.004572693258523941
4894,0.000562973553314805,,0.007773923687636852
4895,0.0004894988960586488,,0.00580517016351223
4896,0.0003906575730070472,,0.004396786913275719
4897,0.00044599093962460756,,0.006327626295387745
4898,0.0004206705780234188,,0.0035935870837420225
4899,0.000528686388861388,,0.003912507556378841
4900,0.0005767769180238247,,0.0029782545752823353
4901,0.00039460835978388786,,0.0037539280019700527
4902,0.000369481451343745,,0.0041678608395159245
4903,0.00033911521313712,,0.003052686108276248
4904,0.0005909078172408044,,0.003581145778298378
4905,0.0005392854800447822,,0.0042719971388578415
4906,0.00035552604822441936,,0.002969007706269622
4907,0.00033977031125687063,,0.0032305053900927305
4908,0.0005761603824794292,,0.002850238000974059
4909,0.00038613550714217126,,0.004161855671554804
4910,0.0005697489250451326,,0.003084179712459445
4911,0.0008551161736249924,,0.004891098011285067
4912,0.00032184526207856834,,0.002927088877186179
4913,0.00028468758682720363,,0.0027177617885172367
4914,0.0007890325505286455,,0.008089023642241955
4915,0.00035665472387336195,,0.0026444755494594574
4916,0.00032047214335761964,,0.004594662692397833
4917,0.000569945783354342,,0.0040435995906591415
4918,0.0003120149194728583,,0.0032808713149279356
4919,0.0003504240303300321,,0.0034835573751479387
4920,0.0005059617105871439,,0.004844300448894501
4921,0.0003212233423255384,,0.0035001258365809917
4922,0.00031290127662941813,,0.004146532155573368
4923,0.00036950845969840884,,0.0030028510373085737
4924,0.0003697318898048252,,0.0032829013653099537
4925,0.0003666641132440418,,0.0029105637222528458
4926,0.0003273836337029934,,0.0028983959928154945
4927,0.000488377409055829,,0.0038048492278903723
4928,0.0002746921090874821,,0.003153812838718295
4929,0.0004432408604770899,,0.0031351246871054173
4930,0.0003102258197031915,,0.003913623746484518
4931,0.0003454245743341744,,0.005435998551547527
4932,0.00031908132950775325,,0.002852825680747628
4933,0.0003019983123522252,,0.0029982386622577906
4934,0.0004080484504811466,,0.006419033277779818
4935,0.0003261029196437448,,0.0030662433709949255
4936,0.00041401907219551504,,0.0025116591714322567
4937,0.0003390841593500227,,0.002650077920407057
4938,0.0003350847400724888,,0.004046394489705563
4939,0.0003410477365832776,,0.003682020353153348
4940,0.0003035585395991802,,0.002784250769764185
4941,0.00032262943568639457,,0.002660827012732625
4942,0.000288608658593148,,0.0027362091932445765
4943,0.0004917311598546803,,0.00864641647785902
4944,0.0003185846144333482,,0.0031238608062267303
4945,0.00044426153181120753,,0.0050458903424441814
4946,0.00031613005558028817,,0.0027973372489213943
4947,0.000551163568161428,,0.0029190988279879093
4948,0.00030814032652415335,,0.003078487701714039
4949,0.0003001207369379699,,0.002353195333853364
4950,0.0005398287321440876,,0.004218833986669779
4951,0.00037875259295105934,,0.005009484943002462
4952,0.0003606993122957647,,0.0028741727583110332
4953,0.00034528630203567445,,0.00249838805757463
4954,0.00026973115745931864,,0.002557630417868495
4955,0.00037694055936299264,,0.002561480738222599
4956,0.0003586973762139678,,0.0029903321992605925
4957,0.00040930681279860437,,0.008737428113818169
4958,0.00036332826130092144,,0.0028307351749390364
4959,0.000560459797270596,,0.0026497168000787497
4960,0.0003663561656139791,,0.007799267768859863
4961,0.0003778200480155647,,0.0035923230461776257
4962,0.00043168728007003665,,0.010002948343753815
4963,0.00033615221036598086,,0.002571865450590849
4964,0.00039472823846153915,,0.005946714896708727
4965,0.00037035293644294143,,0.0042615910060703754
4966,0.0005273153074085712,,0.00309417094103992
4967,0.0003070192178711295,,0.0025991133879870176
4968,0.00029048294527456164,,0.0019393227994441986
4969,0.0003808528126683086,,0.003074822947382927
4970,0.0003099326859228313,,0.002405723324045539
4971,0.0003325961879454553,,0.0018654265441000462
4972,0.00033352558966726065,,0.003766975598409772
4973,0.00031734321964904666,,0.002909683855250478
4974,0.0003085563366767019,,0.002888485323637724
4975,0.00028836121782660484,,0.0037216423079371452
4976,0.00028285846929065883,,0.0020232712849974632
4977,0.0006231523584574461,,0.0030242123175412416
4978,0.0003045799385290593,,0.0035504510160535574
4979,0.00031009881058707833,,0.0025110982824116945
4980,0.0002928741741925478,,0.004586846102029085
4981,0.0006528230733238161,,0.003232884220778942
4982,0.00032829324482008815,,0.0030957814306020737
4983,0.00048011046601459384,,0.01043630950152874
4984,0.00028788577765226364,,0.002550034550949931
4985,0.0005692350678145885,,0.016701949760317802
4986,0.00031871674582362175,,0.004071655683219433
4987,0.0003338991664350033,,0.002978394739329815
4988,0.00033010353217832744,,0.0030912633519619703
4989,0.0002926205634139478,,0.0032424996607005596
4990,0.00033136139973066747,,0.002906372305005789
4991,0.0003247261047363281,,0.003602968994528055
4992,0.0004196160880383104,,0.005389494821429253
4993,0.0004270092467777431,,0.003454730147495866
4994,0.0003382655559107661,,0.003739746520295739
4995,0.0004626817535609007,,0.0045878044329583645
4996,0.00035204202868044376,,0.0034443619661033154
4997,0.00037519587203860283,,0.0047407797537744045
4998,0.0002965002495329827,,0.0023138578981161118
4999,0.00030124856857582927,,0.003247989574447274
5000,0.00029760709730908275,0.00027956541395355574,0.003587105544283986
5001,0.00034000573214143515,,0.002346418797969818
5002,0.00030292297014966607,,0.0030908642802387476
5003,0.0002937976678367704,,0.0032799500040709972
5004,0.0002799900248646736,,0.0032565006986260414
5005,0.00025443133199587464,,0.002753990702331066
5006,0.0003133760183118284,,0.0030057185795158148
5007,0.00031948747346177697,,0.0035008431877940893
5008,0.00032424047822132707,,0.0034166029654443264
5009,0.00028174856561236084,,0.0023452360183000565
5010,0.0003253206377848983,,0.0034840365406125784
5011,0.0002799882786348462,,0.002530017402023077
5012,0.0002956548414658755,,0.0024491942021995783
5013,0.00029741571051999927,,0.0032923035323619843
5014,0.0004991387249901891,,0.006913711316883564
5015,0.0002929696929641068,,0.0026538644451647997
5016,0.00030995215638540685,,0.003745543770492077
5017,0.0005468551535159349,,0.0034821592271327972
5018,0.0003159704792778939,,0.003234807401895523
5019,0.00031470280373468995,,0.003661708440631628
5020,0.0003003528108820319,,0.0031322662252932787
5021,0.00033679790794849396,,0.0030224709771573544
5022,0.0003859429561998695,,0.007309803273528814
5023,0.0003301289107184857,,0.004713295493274927
5024,0.00034269382013008,,0.0024910042993724346
5025,0.00034589762799441814,,0.0028715285006910563
5026,0.0003510437672957778,,0.005654530134052038
5027,0.00031008172663860023,,0.0037126243114471436
5028,0.0003086514479946345,,0.0032706521451473236
5029,0.00026820931816473603,,0.002326944610103965
5030,0.0006784505094401538,,0.009391316212713718
5031,0.00033268629340454936,,0.003438967280089855
5032,0.00042343768291175365,,0.002769976854324341
5033,0.0003193182637915015,,0.0034282240085303783
5034,0.0003617919282987714,,0.0026064945850521326
5035,0.0003379217814654112,,0.0024281437508761883
5036,0.0003272159956395626,,0.005538161378353834
5037,0.0002746055251918733,,0.002768369624391198
5038,0.0002909399336203933,,0.002639059443026781
5039,0.00037972978316247463,,0.005052383057773113
5040,0.0004834959690924734,,0.004294838290661573
5041,0.00033697212347760797,,0.003749225055798888
5042,0.0002714002621360123,,0.002345823682844639
5043,0.0003089714446105063,,0.0031910131219774485
5044,0.00032869153073988855,,0.0034573287703096867
5045,0.0003249782312195748,,0.0024250606074929237
5046,0.00029202536097727716,,0.0033715188037604094
5047,0.0003105765790678561,,0.0025126892141997814
5048,0.0002769024868030101,,0.002396540716290474
5049,0.00034599495120346546,,0.003882544580847025
5050,0.00038362445775419474,,0.006280022207647562
5051,0.0005760110216215253,,0.002477191388607025
5052,0.00034811539808288217,,0.005725365597754717
5053,0.00042793023749254644,,0.0038513836916536093
5054,0.0003280351811554283,,0.0030879026744514704
5055,0.00033673516009002924,,0.004556992556899786
5056,0.0003401650465093553,,0.0047649601474404335
5057,0.0003974099818151444,,0.004504094365984201
5058,0.00032205175375565886,,0.0032755930442363024
5059,0.00030082554440014064,,0.002413929905742407
5060,0.0003280458622612059,,0.003686628071591258
5061,0.00047957710921764374,,0.004153591115027666
5062,0.00028913194546476007,,0.0036394193302839994
5063,0.0003313167253509164,,0.004655358847230673
5064,0.000283428787952289,,0.00197502039372921
5065,0.00035941455280408263,,0.0035265693441033363
5066,0.0002921668055932969,,0.004613626282662153
5067,0.0003389427438378334,,0.0026949066668748856
5068,0.0004401064943522215,,0.005031113512814045
5069,0.00042360665975138545,,0.005071654915809631
5070,0.0003410818462725729,,0.006457889452576637
5071,0.0005488974275067449,,0.005820979829877615
5072,0.00034050780232064426,,0.0039879027754068375
5073,0.0003169678966514766,,0.0040324353612959385
5074,0.00033978428109548986,,0.00427345372736454
5075,0.0008212365210056305,,0.002418571850284934
5076,0.0003904221812263131,,0.0046255565248429775
5077,0.0002870715979952365,,0.00392733933404088
5078,0.000722171738743782,,0.00633385730907321
5079,0.0003390203637536615,,0.004257658962160349
5080,0.00033216128940694034,,0.005032128654420376
5081,0.0003046322090085596,,0.0036745499819517136
5082,0.00035314232809469104,,0.005028866231441498
5083,0.00033072102814912796,,0.00419054739177227
5084,0.00030601592152379453,,0.0038757254369556904
5085,0.0004983375547453761,,0.013280303217470646
5086,0.0002952133654616773,,0.004525258671492338
5087,0.0003350809565745294,,0.0036610732786357403
5088,0.00034836315899156034,,0.004937081132084131
5089,0.00027536635752767324,,0.0024540715385228395
5090,0.00032998627284541726,,0.004083561711013317
5091,0.0003928944352082908,,0.004111698362976313
5092,0.0003944117925129831,,0.007310782093554735
5093,0.0004051946452818811,,0.006448254454880953
5094,0.0005548326298594475,,0.002907936228439212
5095,0.0005584922037087381,,0.0036261880304664373
5096,0.00043200302752666175,,0.007458752021193504
5097,0.0005666565848514438,,0.003805080195888877
5098,0.0003857914707623422,,0.005155435297638178
5099,0.0005925923469476402,,0.00637067062780261
5100,0.00042073195800185204,,0.012563235126435757
5101,0.00037893926491960883,,0.00452812947332859
5102,0.0002919526305049658,,0.002815931336954236
5103,0.0006387907778844237,,0.0033942093141376972
5104,0.00034157908521592617,,0.004589989315718412
5105,0.0002783638774417341,,0.0027986301574856043
5106,0.0003798328689299524,,0.00467414828017354
5107,0.00032215623650699854,,0.0038066799752414227
5108,0.0004180888063274324,,0.010478976182639599
5109,0.0002827495336532593,,0.0023466574493795633
5110,0.000478330155601725,,0.006852068472653627
5111,0.0003309228632133454,,0.0037111679557710886
5112,0.0005904908757656813,,0.0056434255093336105
5113,0.00032956706127151847,,0.0040343934670090675
5114,0.00038472353480756283,,0.005615134723484516
5115,0.00040641287341713905,,0.009050293825566769
5116,0.0003204129170626402,,0.003069658763706684
5117,0.0003443029709160328,,0.0036261684726923704
5118,0.00031753219082020223,,0.003220102284103632
5119,0.0002796785265672952,,0.0027270365972071886
5120,0.0003696208295878023,,0.003373859915882349
5121,0.00031281894189305604,,0.004795966204255819
5122,0.00033325699041597545,,0.003347862046211958
5123,0.0002927932364400476,,0.0028049773536622524
5124,0.00032965312129817903,,0.0037968421820551157
5125,0.0003392799699213356,,0.0030897357501089573
5126,0.0003123764763586223,,0.002816429827362299
5127,0.00040900520980358124,,0.004672706592828035
5128,0.000300379644613713,,0.00312082190066576
5129,0.0003337112138979137,,0.0030106680933386087
5130,0.0002738765615504235,,0.002441657241433859
5131,0.0004453237052075565,,0.0034271792974323034
5132,0.0002870601892936975,,0.0017864853143692017
5133,0.0003405730240046978,,0.002957693301141262
5134,0.00029888059361837804,,0.003371943486854434
5135,0.0005492236232385039,,0.0034277476370334625
5136,0.00031134625896811485,,0.0019894258584827185
5137,0.0003218297497369349,,0.0028190899174660444
5138,0.00030116282869130373,,0.0026210458017885685
5139,0.000438457092968747,,0.006708274595439434
5140,0.0003413432277739048,,0.0032942292746156454
5141,0.00025888733216561377,,0.0030368396546691656
5142,0.00033729447750374675,,0.0026705150958150625
5143,0.0003330041654407978,,0.005089262966066599
5144,0.0003186696849297732,,0.0029540061950683594
5145,0.000308533082716167,,0.0022461514454334974
5146,0.0003020352160092443,,0.003981956280767918
5147,0.0005256315344013274,,0.002477829810231924
5148,0.00029685787740163505,,0.004494874272495508
5149,0.00031645208946429193,,0.002570919692516327
5150,0.0002526314929127693,,0.002572413068264723
5151,0.0005035543581470847,,0.0030194094870239496
5152,0.0003610642161220312,,0.004130340646952391
5153,0.00026879459619522095,,0.002456729067489505
5154,0.000277959305094555,,0.0023116960655897856
5155,0.0006745969876646996,,0.004296911880373955
5156,0.000321302650263533,,0.0030435374937951565
5157,0.0002722317585721612,,0.0033306460827589035
5158,0.0003288416191935539,,0.002875144826248288
5159,0.00050623610150069,,0.0038223944138735533
5160,0.00037184133543632925,,0.0033482678700238466
5161,0.0005285589722916484,,0.002981480211019516
5162,0.00045319597120396793,,0.008562889881432056
5163,0.00033328038989566267,,0.0034572454169392586
5164,0.0003483064938336611,,0.005572805646806955
5165,0.00031196800409816206,,0.0029784729704260826
5166,0.0003344752767588943,,0.0031743792351335287
5167,0.00027811614563688636,,0.0024041878059506416
5168,0.00042640254832804203,,0.008740628138184547
5169,0.0002944727602880448,,0.0028023943305015564
5170,0.0003210351860616356,,0.0027850589249283075
5171,0.0002836658386513591,,0.0030120087321847677
5172,0.0003492675896268338,,0.007411977741867304
5173,0.0003431260120123625,,0.004465893376618624
5174,0.0003261802194174379,,0.006879128515720367
5175,0.0003449459036346525,,0.0034512600395828485
5176,0.00031046703225001693,,0.00297159724868834
5177,0.0005356073379516602,,0.0065643978305161
5178,0.0004914820892736316,,0.012841982766985893
5179,0.0003372106875758618,,0.003115433966740966
5180,0.00034219096414744854,,0.004532319959253073
5181,0.0003060505841858685,,0.003664265153929591
5182,0.00033811992034316063,,0.004290916956961155
5183,0.00032666389597579837,,0.003780412720516324
5184,0.0003357317764312029,,0.0033303662203252316
5185,0.00035692472010850906,,0.0037735244259238243
5186,0.00033236033050343394,,0.005845545791089535
5187,0.0003317938535474241,,0.003966825548559427
5188,0.00040340673876926303,,0.004340080544352531
5189,0.0003060752060264349,,0.002429537009447813
5190,0.0003431282821111381,,0.003409043187275529
5191,0.00031944920192472637,,0.003822118742391467
5192,0.0003447927883826196,,0.0033061178401112556
5193,0.00034241005778312683,,0.003275644965469837
5194,0.0003356288652867079,,0.0034045472275465727
5195,0.00029556412482634187,,0.0027263700030744076
5196,0.0003180255298502743,,0.0038998667150735855
5197,0.00028084166115149856,,0.002153340494260192
5198,0.00029835564782842994,,0.003719005500897765
5199,0.0003379764675628394,,0.0033483346924185753
5200,0.0005339445197023451,,0.0027251453138887882
5201,0.0003327585000079125,,0.004388308152556419
5202,0.0002820581430569291,,0.00253163930028677
5203,0.0003238152712583542,,0.003451386233791709
5204,0.00038988114101812243,,0.0035977321676909924
5205,0.0003302955301478505,,0.0028356716502457857
5206,0.0002710960106924176,,0.00272131385281682
5207,0.0003312256303615868,,0.003247954649850726
5208,0.0003019657451659441,,0.0024671226274222136
5209,0.00034086659434251487,,0.0031567933037877083
5210,0.000317482918035239,,0.0031687438022345304
5211,0.00028170732548460364,,0.0023161894641816616
5212,0.00033778115175664425,,0.003971659112721682
5213,0.0002713676658459008,,0.002502682851627469
5214,0.0003350125625729561,,0.002871048403903842
5215,0.0003147813258692622,,0.002202302683144808
5216,0.00027376355137676,,0.0018985625356435776
5217,0.0002906683075707406,,0.0019210801692679524
5218,0.0005604583420790732,,0.0023950643371790648
5219,0.00031196267809718847,,0.002712841844186187
5220,0.00027488815248943865,,0.0018732616445049644
5221,0.00030056043760851026,,0.002225691918283701
5222,0.00044084031833335757,,0.0026169370394200087
5223,0.0004900085041299462,,0.005620375741273165
5224,0.0003625616664066911,,0.0028823628090322018
5225,0.0002699997276067734,,0.0021093615796417
5226,0.000267102790530771,,0.00252195680513978
5227,0.00030663434881716967,,0.0031690949108451605
5228,0.0003438570420257747,,0.004003833048045635
5229,0.00046548660611733794,,0.005411341320723295
5230,0.00035513535840436816,,0.007411961443722248
5231,0.00031081854831427336,,0.004592780023813248
5232,0.0002998972195200622,,0.0022689553443342447
5233,0.0003276434727013111,,0.0036418763920664787
5234,0.0003020124277099967,,0.002010986441746354
5235,0.000326717970892787,,0.0037150050047785044
5236,0.0003241566591896117,,0.0027800402604043484
5237,0.00028858068981207907,,0.002477992093190551
5238,0.0005438230582512915,,0.009562462568283081
5239,0.0002655013813637197,,0.0025886313524097204
5240,0.0005129312630742788,,0.0026490737218409777
5241,0.0002762063522823155,,0.001915013650432229
5242,0.000260822445852682,,0.0022680212277919054
5243,0.0003076219873037189,,0.0035749205853790045
5244,0.0003789127804338932,,0.00851578637957573
5245,0.00024453841615468264,,0.0023974881041795015
5246,0.00032928003929555416,,0.003203461179509759
5247,0.00026186014292761683,,0.0020752844866365194
5248,0.0003298693336546421,,0.003794194897636771
5249,0.00027815118664875627,,0.0025129688438028097
5250,0.00037288881139829755,,0.003942734096199274
5251,0.0004999961238354445,,0.0149940000846982
5252,0.00029176086536608636,,0.0028929130639880896
5253,0.0003006007173098624,,0.003035471076145768
5254,0.00032101519173011184,,0.0036845619324594736
5255,0.0003159896587021649,,0.0040953089483082294
5256,0.00030213649733923376,,0.0038921490777283907
5257,0.0004479218041524291,,0.009741381742060184
5258,0.000357885000994429,,0.006715685594826937
5259,0.00036210910184308887,,0.013669807463884354
5260,0.0002845335693564266,,0.0023396979086101055
5261,0.0003693278122227639,,0.0038977819494903088
5262,0.0003201545914635062,,0.0031611176673322916
5263,0.00033452242496423423,,0.002584792673587799
5264,0.00033789430744946003,,0.0029956765938550234
5265,0.00030108584905974567,,0.00307793659158051
5266,0.0003089220554102212,,0.002713568974286318
5267,0.0007386303041130304,,0.003640443319454789
5268,0.0004097335913684219,,0.0036548899952322245
5269,0.0004043926019221544,,0.00354405608959496
5270,0.00032226386247202754,,0.002852215664461255
5271,0.00031550353742204607,,0.00404303940013051
5272,0.0005915602087043226,,0.0029719716403633356
5273,0.0002753671142272651,,0.002491661347448826
5274,0.00032375045702792704,,0.003416356397792697
5275,0.00037694163620471954,,0.002251723315566778
5276,0.0003142156347166747,,0.0022245224099606276
5277,0.00033001339761540294,,0.0029151018243283033
5278,0.00035126711009070277,,0.003434204962104559
5279,0.0002946237800642848,,0.0023243322502821684
5280,0.0002736318565439433,,0.0029414379969239235
5281,0.00029462348902598023,,0.0027927488554269075
5282,0.0002783720556180924,,0.002046498702839017
5283,0.0002715820155572146,,0.0021998677402734756
5284,0.00028442160692065954,,0.0019603909458965063
5285,0.0005192868411540985,,0.00811220332980156
5286,0.0002920723636634648,,0.0023505582939833403
5287,0.0003171384450979531,,0.001923814183101058
5288,0.0004323426983319223,,0.0030156399589031935
5289,0.00037892101681791246,,0.0025760233402252197
5290,0.00032849828130565584,,0.0024598557502031326
5291,0.0004988698055967689,,0.009783314540982246
5292,0.00027882156427949667,,0.0020552733913064003
5293,0.0005931867053732276,,0.003794335061684251
5294,0.0005783134838566184,,0.016866644844412804
5295,0.0005278284079395235,,0.004761590156704187
5296,0.0006586415693163872,,0.011937578208744526
5297,0.0003194339224137366,,0.0038041204679757357
5298,0.0003076371212955564,,0.0036038807593286037
5299,0.0002803383977152407,,0.0029236902482807636
5300,0.0003206596302334219,,0.0028205672279000282
5301,0.00035487383138388395,,0.0039894157089293
5302,0.0005684103234671056,,0.0027512323576956987
5303,0.0003211965668015182,,0.0037084142677485943
5304,0.00029044176335446537,,0.0026472934987396
5305,0.0003467606147751212,,0.003782477928325534
5306,0.0003742203989531845,,0.003749459283426404
5307,0.00033862501732073724,,0.0029218511190265417
5308,0.0005950487102381885,,0.0037647662684321404
5309,0.0006287122378125787,,0.0030711886938661337
5310,0.0006524191703647375,,0.013712937943637371
5311,0.0005711810663342476,,0.0032647803891450167
5312,0.00040589383570477366,,0.003646052209660411
5313,0.0005932847270742059,,0.005679146386682987
5314,0.0003490969247650355,,0.003620459232479334
5315,0.0003229427966289222,,0.0039085280150175095
5316,0.000303319888189435,,0.003504499327391386
5317,0.0005409262957982719,,0.004123691003769636
5318,0.00032363872742280364,,0.0027812309563159943
5319,0.0003678076318465173,,0.00384818809106946
5320,0.0006625695386901498,,0.003441505366936326
5321,0.0003212675219401717,,0.002831909107044339
5322,0.0003873378736898303,,0.004109590779989958
5323,0.0003430761571507901,,0.0031618995126336813
5324,0.0003368135658092797,,0.004358483012765646
5325,0.00032337495940737426,,0.0029954444617033005
5326,0.0005371238803490996,,0.0044552916660904884
5327,0.0003064926131628454,,0.003510539187118411
5328,0.000484546588268131,,0.007259645964950323
5329,0.0003140390617772937,,0.0038279236759990454
5330,0.00037695406354032457,,0.007566686253994703
5331,0.0003893961547873914,,0.004295823629945517
5332,0.00034575327299535275,,0.004269828088581562
5333,0.0003568825195543468,,0.0034672082401812077
5334,0.0003678408684208989,,0.008950932882726192
5335,0.0005821808590553701,,0.00492530083283782
5336,0.0003756362129934132,,0.0035768048837780952
5337,0.0003614678862504661,,0.0034158569760620594
5338,0.000310355331748724,,0.0026865610852837563
5339,0.00032784309587441385,,0.0028531509451568127
5340,0.00034651634632609785,,0.0040533109568059444
5341,0.0003389695193618536,,0.0034779170528054237
5342,0.000255744147580117,,0.002763872966170311
5343,0.000328658934449777,,0.002967897104099393
5344,0.0003705221170093864,,0.007799165323376656
5345,0.00034093629801645875,,0.003305732971057296
5346,0.0006106874789111316,,0.002328259637579322
5347,0.00037101260386407375,,0.005317888222634792
5348,0.0002840493980329484,,0.002455872017890215
5349,0.0003108144155703485,,0.002849319949746132
5350,0.00030468980548903346,,0.0038673686794936657
5351,0.00033638725290074944,,0.003229054156690836
5352,0.00025907097733579576,,0.002612898824736476
5353,0.00039254280272871256,,0.0034684217534959316
5354,0.00031665293499827385,,0.0033783214166760445
5355,0.0002844155242200941,,0.0033993623219430447
5356,0.0003582276403903961,,0.0041281599551439285
5357,0.0003211091097909957,,0.002255624858662486
5358,0.00033625002834014595,,0.0042753033339977264
5359,0.0003830684581771493,,0.002732374705374241
5360,0.0003031406959053129,,0.0021889074705541134
5361,0.0003644346143119037,,0.0032108488958328962
5362,0.00027981866151094437,,0.002008049516007304
5363,0.00027176912408322096,,0.002299086656421423
5364,0.0002875319332815707,,0.003478042548522353
5365,0.00031240825774148107,,0.0033108629286289215
5366,0.000315154786221683,,0.002513471757993102
5367,0.00032154377549886703,,0.00334966741502285
5368,0.00044043658999726176,,0.004932539537549019
5369,0.0002851217577699572,,0.002339821308851242
5370,0.0003292263427283615,,0.004341017920523882
5371,0.00037309800973162055,,0.0037415276747196913
5372,0.00027342591783963144,,0.0022188129369169474
5373,0.00032125343568623066,,0.00537592638283968
5374,0.0002846869174391031,,0.002990431385114789
5375,0.00023732558474875987,,0.0029687294736504555
5376,0.0003007211198564619,,0.0026756925508379936
5377,0.0003079506568610668,,0.00272522890008986
5378,0.0003144282381981611,,0.003163509303703904
5379,0.0004957874189130962,,0.002086898311972618
5380,0.0002927965542767197,,0.003178410464897752
5381,0.00027939537540078163,,0.002803367329761386
5382,0.00028061424382030964,,0.0019631818868219852
5383,0.0002908800670411438,,0.0023291492834687233
5384,0.0003422103472985327,,0.010263001546263695
5385,0.000356346950866282,,0.007855450734496117
5386,0.00045929779298603535,,0.0027672855649143457
5387,0.0002730205887928605,,0.0027098273858428
5388,0.0004405668005347252,,0.01663236692547798
5389,0.00032888539135456085,,0.002817138098180294
5390,0.000328817346598953,,0.006458596792072058
5391,0.00047702956362627447,,0.012309427373111248
5392,0.00033723478554748,,0.005829554982483387
5393,0.00038446029066108167,,0.003623285563662648
5394,0.00033619263558648527,,0.0030164390336722136
5395,0.0003171719145029783,,0.0033449449110776186
5396,0.0006904469337314367,,0.0052377451211214066
5397,0.00033280704519711435,,0.003636045614257455
5398,0.00032005112734623253,,0.0026768064126372337
5399,0.00035494528128765523,,0.0032462829258292913
5400,0.0005782197695225477,,0.0037194103933870792
5401,0.0005880323005840182,,0.0030875953380018473
5402,0.00027680370840243995,,0.0026060803793370724
5403,0.00028108779224567115,,0.002387281972914934
5404,0.00045867529115639627,,0.004102300386875868
5405,0.00044149550376459956,,0.009839546866714954
5406,0.0004005778464488685,,0.0043010711669921875
5407,0.0003534510906320065,,0.003656397107988596
5408,0.00035933227627538145,,0.003350916551426053
5409,0.0006029677460901439,,0.0030876342207193375
5410,0.0003154371806886047,,0.00301344133913517
5411,0.00033293355954810977,,0.002951282076537609
5412,0.0003062401374336332,,0.0029642777517437935
5413,0.0003211293660569936,,0.003325030207633972
5414,0.0002753602748271078,,0.0019909278489649296
5415,0.00030280600185506046,,0.002557821571826935
5416,0.000297907623462379,,0.0027551259845495224
5417,0.0005347321275621653,,0.0028304264415055513
5418,0.0004717180854640901,,0.0030844027642160654
5419,0.0003680165100377053,,0.004646082408726215
5420,0.00026809770497493446,,0.0022611452732235193
5421,0.00036031100898981094,,0.008740728721022606
5422,0.00030452257487922907,,0.003762519918382168
5423,0.0005556636024266481,,0.004011306446045637
5424,0.0002847014111466706,,0.0031724167056381702
5425,0.00029581988928839564,,0.0023531781043857336
5426,0.00033251778222620487,,0.0038724704645574093
5427,0.00035885217948816717,,0.00262766913510859
5428,0.0002984251477755606,,0.005569422617554665
5429,0.00040896196151152253,,0.0051091392524540424
5430,0.0002983839949592948,,0.002973338356241584
5431,0.0003105031209997833,,0.0026774937286973
5432,0.0003191185533069074,,0.0024243297521024942
5433,0.0003101455804426223,,0.00350276124663651
5434,0.000574408273678273,,0.01177144329994917
5435,0.00029447919223457575,,0.002748823957517743
5436,0.00038792353007011116,,0.003482858184725046
5437,0.00034570725983940065,,0.0044570546597242355
5438,0.0003046414931304753,,0.003691962454468012
5439,0.000675482559017837,,0.005896418355405331
5440,0.00028603916871361434,,0.0036021023988723755
5441,0.0003590350388549268,,0.003886789083480835
5442,0.0002960774872917682,,0.0030788395088166
5443,0.00028838240541517735,,0.003291487693786621
5444,0.0003107158117927611,,0.0033850129693746567
5445,0.0003770555485971272,,0.012495212256908417
5446,0.00047283386811614037,,0.013828976079821587
5447,0.0003283492987975478,,0.004061512649059296
5448,0.00035201205173507333,,0.012622163631021976
5449,0.00035204715095460415,,0.0032866487745195627
5450,0.0004549757286440581,,0.007981641218066216
5451,0.00034572085132822394,,0.002469847211614251
5452,0.00031051260884851217,,0.00289194961078465
5453,0.00029955559875816107,,0.002301472704857588
5454,0.0002712209243327379,,0.0029503651894629
5455,0.00034815663821063936,,0.0030550973024219275
5456,0.000548613432329148,,0.003914032597094774
5457,0.00031458670855499804,,0.0029993311036378145
5458,0.0008658004808239639,,0.0033623981289565563
5459,0.0002994285605382174,,0.0024834834039211273
5460,0.0003104743082076311,,0.0029229670763015747
5461,0.00033275404712185264,,0.003599511692300439
5462,0.00034636500640772283,,0.002481186995282769
5463,0.00025777932023629546,,0.002277284860610962
5464,0.000268005533143878,,0.0019717903342097998
5465,0.0003133939753752202,,0.0024139138404279947
5466,0.00029734938289038837,,0.0037400336004793644
5467,0.0003234708565287292,,0.004437960684299469
5468,0.0002891008625738323,,0.0021531623788177967
5469,0.0002928841859102249,,0.0025235069915652275
5470,0.0003106069634668529,,0.0026938412338495255
5471,0.00046922589535824955,,0.009067858569324017
5472,0.000343863561283797,,0.0029121791012585163
5473,0.0006392874638549984,,0.009655793197453022
5474,0.0003900838491972536,,0.0032399005722254515
5475,0.0002993025700561702,,0.002504752017557621
5476,0.0003137820749543607,,0.004086093511432409
5477,0.0004981746315024793,,0.009988655336201191
5478,0.0006010100478306413,,0.002719031646847725
5479,0.00033526401966810226,,0.0031138083431869745
5480,0.00033920802525244653,,0.004085755441337824
5481,0.0003161476051900536,,0.0027847178280353546
5482,0.00030135654378682375,,0.005517689976841211
5483,0.0003882137534674257,,0.008460083045065403
5484,0.00030273705488070846,,0.0037124233786016703
5485,0.00033685643575154245,,0.00402555987238884
5486,0.0003147652605548501,,0.0025958435144275427
5487,0.00037480107857845724,,0.005677851848304272
5488,0.00034007884096354246,,0.00737852044403553
5489,0.0002897521189879626,,0.0039799874648451805
5490,0.00028925572405569255,,0.004487423226237297
5491,0.0002807334531098604,,0.002972675021737814
5492,0.000304754707030952,,0.0039725955575704575
5493,0.0003130671684630215,,0.0027354760095477104
5494,0.000361256068572402,,0.003425711765885353
5495,0.00042994541581720114,,0.0036749355494976044
5496,0.00032959957025013864,,0.0019382881000638008
5497,0.0002922829007729888,,0.004050306975841522
5498,0.0004002000205218792,,0.004238936584442854
5499,0.0005087329191155732,,0.003962778020650148
5500,0.00029040424851700664,0.0002529925112344413,0.004302003420889378
5501,0.0003509288071654737,,0.003425193950533867
5502,0.00027702527586370707,,0.0018454325618222356
5503,0.0002822497335728258,,0.004416006617248058
5504,0.0008638707222416997,,0.003811038564890623
5505,0.00028650672174990177,,0.0028707808814942837
5506,0.0003722391265910119,,0.004363690037280321
5507,0.00035325493081472814,,0.002750162500888109
5508,0.0005525412270799279,,0.005446844734251499
5509,0.0006381306448020041,,0.0095227574929595
5510,0.0005483628483489156,,0.003555628703907132
5511,0.00031864934135228395,,0.0038299213629215956
5512,0.00031981192296370864,,0.0046742260456085205
5513,0.00031931191915646195,,0.004156642593443394
5514,0.00045992349623702466,,0.018034646287560463
5515,0.00031291082268580794,,0.0036930879577994347
5516,0.0005506834713742137,,0.00351725029759109
5517,0.00044204675941728055,,0.0035767750814557076
5518,0.0003457718703430146,,0.004196810070425272
5519,0.000626486144028604,,0.0041551790200173855
5520,0.00034654090995900333,,0.0028879086021333933
5521,0.0003790070186369121,,0.0036967697087675333
5522,0.00035361325717531145,,0.002917739562690258
5523,0.0003353727515786886,,0.003677851054817438
5524,0.000324281572829932,,0.003016684204339981
5525,0.00030086623155511916,,0.0026435405015945435
5526,0.000296573038212955,,0.003180998144671321
5527,0.00033560182782821357,,0.0054639060981571674
5528,0.00032778712920844555,,0.0028001987375319004
5529,0.00031475216383114457,,0.0030007706955075264
5530,0.0003122499620076269,,0.003976820968091488
5531,0.00029907142743468285,,0.0032512545585632324
5532,0.00036745850229635835,,0.00395289296284318
5533,0.00029695447301492095,,0.0036170748062431812
5534,0.00030247302493080497,,0.003077531699091196
5535,0.00031475091236643493,,0.00281854928471148
5536,0.00026985767181031406,,0.002377679804340005
5537,0.0003233840689063072,,0.004169057123363018
5538,0.0005227520014159381,,0.0026290230453014374
5539,0.0003087160876020789,,0.002146308310329914
5540,0.0002744883531704545,,0.0029380866326391697
5541,0.00028619685326702893,,0.002982519334182143
5542,0.0005748044932261109,,0.012021660804748535
5543,0.00029560711118392646,,0.0030777344945818186
5544,0.00029551616171374917,,0.002917949575930834
5545,0.00027931283693760633,,0.0025236071087419987
5546,0.0002685348445083946,,0.0033571363892406225
5547,0.00030407795566134155,,0.002797340974211693
5548,0.000322965148370713,,0.0022607711143791676
5549,0.00030817947117611766,,0.002831232501193881
5550,0.0002921103732660413,,0.002431120490655303
5551,0.0003647562116384506,,0.00619858130812645
5552,0.00029082546825520694,,0.0034706182777881622
5553,0.00032795427250675857,,0.002403968246653676
5554,0.0002890157629735768,,0.0029706612695008516
5555,0.0003103508788626641,,0.0026102974079549313
5556,0.0003373119398020208,,0.003376001724973321
5557,0.0005352756706997752,,0.0035112686455249786
5558,0.0005706658121198416,,0.002272918587550521
5559,0.0003095475258305669,,0.002427079016342759
5560,0.0004088275018148124,,0.008495650254189968
5561,0.0005549216875806451,,0.002946007065474987
5562,0.0003376284148544073,,0.0033620765898376703
5563,0.0003049796214327216,,0.006137562915682793
5564,0.00032371061388403177,,0.004784470424056053
5565,0.0006308918818831444,,0.003114023944362998
5566,0.0002970502246171236,,0.0029743898194283247
5567,0.0002868706942535937,,0.002636534860357642
5568,0.0002576995175331831,,0.0025271351914852858
5569,0.00031424075132235885,,0.003148586954921484
5570,0.0004169033491052687,,0.003297740127891302
5571,0.0003251330927014351,,0.003750985022634268
5572,0.00032345764338970184,,0.0032665252219885588
5573,0.0002670005487743765,,0.0031573218293488026
5574,0.0004013018624391407,,0.009110299870371819
5575,0.0003047834907192737,,0.0030572079122066498
5576,0.0002949496847577393,,0.003980958368629217
5577,0.0003283155965618789,,0.0034903965424746275
5578,0.0003253047470934689,,0.0032223444432020187
5579,0.00029860271024517715,,0.004139701370149851
5580,0.0002918208483606577,,0.0027006634045392275
5581,0.0003337692469358444,,0.004100113175809383
5582,0.0002973833470605314,,0.003629496553912759
5583,0.00033843211713247,,0.003666620934382081
5584,0.0003305118007119745,,0.0034682760015130043
5585,0.0003517931036185473,,0.00416681170463562
5586,0.00029224803438410163,,0.002828896977007389
5587,0.0006307835574261844,,0.006970811169594526
5588,0.0005527131725102663,,0.001983014168217778
5589,0.0003189106937497854,,0.00320492684841156
5590,0.0003044532786589116,,0.0018268494168296456
5591,0.00044205118319951,,0.00396418571472168
5592,0.0003069023077841848,,0.0025141476653516293
5593,0.00035161207779310644,,0.0032229090575128794
5594,0.0003012557281181216,,0.002388418186455965
5595,0.0003027044585905969,,0.002614021534100175
5596,0.0002828200231306255,,0.0018603606149554253
5597,0.00029810398700647056,,0.002941801678389311
5598,0.0002968616026919335,,0.002475894056260586
5599,0.00028449430828914046,,0.002993709407746792
5600,0.00026272222748957574,,0.0025935324374586344
5601,0.00029403920052573085,,0.0017691066022962332
5602,0.0002719655749388039,,0.003144906833767891
5603,0.00026140897534787655,,0.002753661246970296
5604,0.0002615157573018223,,0.0028659761883318424
5605,0.00040743331192061305,,0.0021186901722103357
5606,0.0003213360905647278,,0.004697597119957209
5607,0.00044498604256659746,,0.003562263213098049
5608,0.0005224465858191252,,0.0025225377175956964
5609,0.0003409188357181847,,0.008571612648665905
5610,0.000632871116977185,,0.004164113663136959
5611,0.00030306351254694164,,0.002844229806214571
5612,0.00040335976518690586,,0.0160878486931324
5613,0.0002962420112453401,,0.005331671331077814
5614,0.0003337511734571308,,0.003391265170648694
5615,0.0002941612619906664,,0.003073113737627864
5616,0.0008451528265140951,,0.005691322963684797
5617,0.00030252005672082305,,0.003197897458449006
5618,0.00032763226772658527,,0.003131863893941045
5619,0.00031996777397580445,,0.0025928951799869537
5620,0.00030377620714716613,,0.003484576242044568
5621,0.0005434222402982414,,0.0035078853834420443
5622,0.0003548073582351208,,0.0036644942592829466
5623,0.0002871753240469843,,0.0031717256642878056
5624,0.0002885259746108204,,0.003174718003720045
5625,0.00037440931191667914,,0.003794395597651601
5626,0.0003242683014832437,,0.003248116932809353
5627,0.0005782150547020137,,0.0021953671239316463
5628,0.0002719418262131512,,0.002942862454801798
5629,0.0007705752504989505,,0.0030109232757240534
5630,0.00028027885127812624,,0.0028422470204532146
5631,0.0003250435402151197,,0.003351784311234951
5632,0.000269140989985317,,0.002496190834790468
5633,0.0005506834131665528,,0.0027920573484152555
5634,0.0006513443659059703,,0.0035132893826812506
5635,0.00027175602735951543,,0.0023308144882321358
5636,0.00032266389462165534,,0.00358252739533782
5637,0.00028460711473599076,,0.0024397901725023985
5638,0.00030303391395136714,,0.002748801838606596
5639,0.0002551507786847651,,0.002538831438869238
5640,0.0003653622407000512,,0.0036138168070465326
5641,0.00028472350095398724,,0.0023696962743997574
5642,0.0002859816304408014,,0.0022847799118608236
5643,0.00030949723441153765,,0.0040190755389630795
5644,0.0003125427756458521,,0.0024394234642386436
5645,0.00043491582619026303,,0.0022438683081418276
5646,0.00028684193966910243,,0.0024870603810995817
5647,0.000577096245251596,,0.002168872393667698
5648,0.0002748843689914793,,0.0022805160842835903
5649,0.0003185644745826721,,0.0026064347475767136
5650,0.0003976481966674328,,0.003032074775546789
5651,0.00024311180459335446,,0.0024742449168115854
5652,0.0002745583187788725,,0.002533145248889923
5653,0.00027007446624338627,,0.0030535829719156027
5654,0.0002489510807208717,,0.002333197044208646
5655,0.0002550638746470213,,0.002526596188545227
5656,0.00029526781872846186,,0.002718372270464897
5657,0.0005442146211862564,,0.002410617657005787
5658,0.00030817458173260093,,0.003866666927933693
5659,0.0002959779230877757,,0.0029499868396669626
5660,0.00024376902729272842,,0.0020665961783379316
5661,0.0003164720255881548,,0.0030116287525743246
5662,0.00027529895305633545,,0.0022989592980593443
5663,0.0002728719846345484,,0.0020289600361138582
5664,0.00027553681866265833,,0.002498282352462411
5665,0.00034716230584308505,,0.00259821186773479
5666,0.00027044667513109744,,0.0025751895736902952
5667,0.0003127857926301658,,0.0026476215571165085
5668,0.0003085237985942513,,0.0025536781176924706
5669,0.00027078326093032956,,0.0023771831765770912
5670,0.0003079358139075339,,0.003580200020223856
5671,0.0002566414186730981,,0.0024403282441198826
5672,0.00023638764105271548,,0.002121514640748501
5673,0.00029480826924555004,,0.0028567712288349867
5674,0.0003051515086553991,,0.0023425123654305935
5675,0.00033220788463950157,,0.00344274565577507
5676,0.0002710452536121011,,0.002260933630168438
5677,0.0002554956008680165,,0.002382756909355521
5678,0.0005603048484772444,,0.003138396656140685
5679,0.0002729000407271087,,0.0021426663734018803
5680,0.0002907252055592835,,0.0029265526682138443
5681,0.00025480156182311475,,0.002756709698587656
5682,0.0002549288037698716,,0.002263210015371442
5683,0.00036304822424426675,,0.0038970846217125654
5684,0.00025742241996340454,,0.002080474980175495
5685,0.00027649253024719656,,0.0024716381449252367
5686,0.00026497995713725686,,0.002320146420970559
5687,0.00026820297352969646,,0.0023942114785313606
5688,0.0002525725867599249,,0.0021087408531457186
5689,0.0004273437079973519,,0.009772853925824165
5690,0.00029625018942169845,,0.0020168893970549107
5691,0.00026232050731778145,,0.0020153396762907505
5692,0.00032960911630652845,,0.0028188058640807867
5693,0.00029279504087753594,,0.003287332598119974
5694,0.00030728871934115887,,0.00294273323379457
5695,0.00028278277022764087,,0.002996438415721059
5696,0.0002487041347194463,,0.002783653326332569
5697,0.0002908487804234028,,0.0023903402034193277
5698,0.00043512129923328757,,0.004007955547422171
5699,0.00030120156588964164,,0.0035140179097652435
5700,0.0003247223503421992,,0.003735543228685856
5701,0.0002937733952421695,,0.002169116400182247
5702,0.00032816475140862167,,0.0029892264865338802
5703,0.00026819854974746704,,0.001787555986084044
5704,0.0004102550446987152,,0.0033539815340191126
5705,0.00030362323741428554,,0.002249770797789097
5706,0.0002782836090773344,,0.0026027741841971874
5707,0.00027713360032066703,,0.002893830882385373
5708,0.00028772157384082675,,0.00204296107403934
5709,0.0004659225814975798,,0.003051336156204343
5710,0.00027005511219613254,,0.002431384287774563
5711,0.0005369661375880241,,0.0027914769016206264
5712,0.0003307530132587999,,0.002814226783812046
5713,0.0002782267110887915,,0.0021307484712451696
5714,0.000554127967916429,,0.003302276134490967
5715,0.0003154449805151671,,0.002934094751253724
5716,0.00027609613607637584,,0.0025675424840301275
5717,0.0002771661092992872,,0.002146691083908081
5718,0.00030838866950944066,,0.0025953911244869232
5719,0.00032371655106544495,,0.003475366858765483
5720,0.000279365194728598,,0.0026760322507470846
5721,0.0002632065152283758,,0.0029916781932115555
5722,0.00046904230839572847,,0.009749747812747955
5723,0.0002660205354914069,,0.0030724392272531986
5724,0.00028352870140224695,,0.002563324524089694
5725,0.00032663741149008274,,0.002863670466467738
5726,0.0002950502384919673,,0.0037351096980273724
5727,0.0002651435206644237,,0.0022083064541220665
5728,0.0002927522291429341,,0.0021855731029063463
5729,0.00031299726106226444,,0.0037120580673217773
5730,0.00041786785004660487,,0.013998621143400669
5731,0.00025777658447623253,,0.0025599319487810135
5732,0.00027633586432784796,,0.0032183921430259943
5733,0.0003947728546336293,,0.0035996409133076668
5734,0.0003243815153837204,,0.007909400388598442
5735,0.0002691636036615819,,0.002850996796041727
5736,0.00031523231882601976,,0.003738034749403596
5737,0.00025620157248340547,,0.0023390213027596474
5738,0.0005622885655611753,,0.004122440703213215
5739,0.0003104344359599054,,0.0037202045787125826
5740,0.00028150464640930295,,0.0024981859605759382
5741,0.00030311898444779217,,0.00257409387268126
5742,0.00031021819449961185,,0.002321055391803384
5743,0.0005441243993118405,,0.002785397693514824
5744,0.00040297798113897443,,0.0038200628478080034
5745,0.00024081801529973745,,0.0021982472389936447
5746,0.00034657641663216054,,0.004014712292701006
5747,0.0002283594512846321,,0.0023245345801115036
5748,0.0003513635601848364,,0.0032458503264933825
5749,0.0004718140116892755,,0.0030038084369152784
5750,0.0005592706729657948,,0.0027860989794135094
5751,0.00033018726389855146,,0.0029395653400570154
5752,0.0003202701627742499,,0.0026279299054294825
5753,0.00033453499781899154,,0.0028937049210071564
5754,0.0002916431985795498,,0.00274192588403821
5755,0.0002597636776044965,,0.002907907124608755
5756,0.0002794826286844909,,0.0027159997262060642
5757,0.0002610380470287055,,0.0024399382527917624
5758,0.0003094333806075156,,0.0024052413646131754
5759,0.00027715752366930246,,0.0035918978974223137
5760,0.0002660303143784404,,0.0027442595455795527
5761,0.00025237706722691655,,0.002304674591869116
5762,0.0002724741352722049,,0.0025949024129658937
5763,0.0002841102541424334,,0.003308479906991124
5764,0.00026249466463923454,,0.0021295612677931786
5765,0.00030389861785806715,,0.0033489724155515432
5766,0.0004647495225071907,,0.007585778832435608
5767,0.00028089768602512777,,0.0017900324892252684
5768,0.00030130401137284935,,0.003362722462043166
5769,0.0002955406089313328,,0.002968503162264824
5770,0.0002540498971939087,,0.002754072193056345
5771,0.0002878751256503165,,0.002403547754511237
5772,0.0002636684803292155,,0.002530121710151434
5773,0.0002630447270348668,,0.0021981315221637487
5774,0.0005800178623758256,,0.0028404544573277235
5775,0.0002919012331403792,,0.002226490993052721
5776,0.00030939726275391877,,0.006378799676895142
5777,0.0002978226693812758,,0.0029578928370028734
5778,0.00025970159913413227,,0.003176904981955886
5779,0.0002670931862667203,,0.0021432973444461823
5780,0.0002932397183030844,,0.002949162619188428
5781,0.0002556272957008332,,0.0029142596758902073
5782,0.00045976281398907304,,0.0033087849151343107
5783,0.00024296817719005048,,0.002298695268109441
5784,0.0003329183382447809,,0.002257943619042635
5785,0.00035069743171334267,,0.0029274364933371544
5786,0.00029231852386146784,,0.0020793508738279343
5787,0.0002458672970533371,,0.0024447678588330746
5788,0.0005425356794148684,,0.004496139939874411
5789,0.00028764241142198443,,0.0020637912675738335
5790,0.0002739627379924059,,0.003095911117270589
5791,0.0002706694067455828,,0.002858497202396393
5792,0.0002746298850979656,,0.0032555193174630404
5793,0.00026813813019543886,,0.003393013495951891
5794,0.0005597462877631187,,0.002604749519377947
5795,0.00028396863490343094,,0.003216504119336605
5796,0.0002911006740760058,,0.002469742437824607
5797,0.0003406456671655178,,0.0035982728004455566
5798,0.0002604859182611108,,0.002396386582404375
5799,0.00026134320069104433,,0.002139226533472538
5800,0.00025456625735387206,,0.002445637946948409
5801,0.0002538732369430363,,0.0032120125833898783
5802,0.00033374078338965774,,0.0032952860929071903
5803,0.00033373277983628213,,0.008453509770333767
5804,0.00029028422432020307,,0.002963793696835637
5805,0.0002793986350297928,,0.002773395273834467
5806,0.0003137309686280787,,0.0026550095062702894
5807,0.00028272473718971014,,0.0031594939064234495
5808,0.00030893977964296937,,0.004212444648146629
5809,0.0004864963120780885,,0.006875388789921999
5810,0.0004367180517874658,,0.003863131394609809
5811,0.0002869709278456867,,0.005442959256470203
5812,0.0002512943174224347,,0.002344704233109951
5813,0.00029376993188634515,,0.002751834923401475
5814,0.00026874180184677243,,0.002995722461491823
5815,0.0002911046030931175,,0.002347141271457076
5816,0.0006541364709846675,,0.008099494501948357
5817,0.00029870361322537065,,0.003095486667007208
5818,0.00045822805259376764,,0.0038682876620441675
5819,0.000277839251793921,,0.002932260511443019
5820,0.0002640123129822314,,0.0026188211049884558
5821,0.0005596534465439618,,0.00307315681129694
5822,0.00028637953801080585,,0.0028598716016858816
5823,0.0002875551872421056,,0.008193154819309711
5824,0.0003103329800069332,,0.004567112773656845
5825,0.00033812838955782354,,0.002995962044224143
5826,0.00028147149714641273,,0.002409072360023856
5827,0.0002924375294242054,,0.0027588612865656614
5828,0.00031988800037652254,,0.0032683969475328922
5829,0.00028237601509317756,,0.002068960340693593
5830,0.00029408541740849614,,0.0031860971357673407
5831,0.00036371214082464576,,0.003981896676123142
5832,0.00027967803180217743,,0.002217316534370184
5833,0.00028393612592481077,,0.0027896184474229813
5834,0.00027783188852481544,,0.0030373830813914537
5835,0.00035227363696321845,,0.00396864116191864
5836,0.0002716423477977514,,0.0024047994520515203
5837,0.0006379593396559358,,0.014176907017827034
5838,0.0002724732621572912,,0.002399776829406619
5839,0.00031353486701846123,,0.004477940499782562
5840,0.0003247249114792794,,0.0033364531118422747
5841,0.0004075662000104785,,0.005625498481094837
5842,0.0003411643556319177,,0.008891194127500057
5843,0.000663710234221071,,0.012079456821084023
5844,0.00035422289511188865,,0.0034972657449543476
5845,0.0003052986867260188,,0.003270910121500492
5846,0.0002854322665371001,,0.0025585824623703957
5847,0.0002926455927081406,,0.003190023824572563
5848,0.0006728835869580507,,0.00340017257258296
5849,0.00034940033219754696,,0.0030756264459341764
5850,0.00030243006767705083,,0.0029396917670965195
5851,0.0009355518268421292,,0.0038736953865736723
5852,0.0003675738989841193,,0.0029122813139110804
5853,0.00034132576547563076,,0.0035662769805639982
5854,0.0003170673444401473,,0.002994133625179529
5855,0.0003264513798058033,,0.0032480238005518913
5856,0.000310174364130944,,0.0026728094089776278
5857,0.0003075231215916574,,0.0035263814497739077
5858,0.0004180686955805868,,0.011239558458328247
5859,0.0004146339779254049,,0.00730513222515583
5860,0.0003034426481463015,,0.002892200369387865
5861,0.00028375323745422065,,0.0033362815156579018
5862,0.0003517352743074298,,0.0027068888302892447
5863,0.00048645128845237195,,0.003418819047510624
5864,0.0003858183918055147,,0.011142969131469727
5865,0.0003065095515921712,,0.0026670792140066624
5866,0.000285107409581542,,0.00240908726118505
5867,0.0005199402803555131,,0.002574673853814602
5868,0.0003741653636097908,,0.0034412608947604895
5869,0.000320709339575842,,0.003938592970371246
5870,0.0004599803942255676,,0.004446243401616812
5871,0.00030777158099226654,,0.0031856107525527477
5872,0.0003168673429172486,,0.003497241996228695
5873,0.0005130941863171756,,0.0033798038493841887
5874,0.00026978543610312045,,0.0023784213699400425
5875,0.000278624938800931,,0.002961359452456236
5876,0.0004352364339865744,,0.003900333773344755
5877,0.00031767573091201484,,0.0034965048544108868
5878,0.000515452295076102,,0.0028757050167769194
5879,0.0002891451003961265,,0.003002188168466091
5880,0.0003234843898098916,,0.005251004826277494
5881,0.00026097692898474634,,0.0024344150442630053
5882,0.0003414423845242709,,0.004606442991644144
5883,0.0003020842850673944,,0.0030506274197250605
5884,0.0002564700844231993,,0.0022375963162630796
5885,0.0005694939754903316,,0.011391193605959415
5886,0.0003379888366907835,,0.0040349941700696945
5887,0.0005308280233293772,,0.025345297530293465
5888,0.0002862837282009423,,0.0022834748961031437
5889,0.0002901648695115,,0.003144007408991456
5890,0.00027703066007234156,,0.002809300785884261
5891,0.0007436044979840517,,0.00495086470618844
5892,0.0002982233418151736,,0.0026640272699296474
5893,0.00030506227631121874,,0.0031477464362978935
5894,0.00030131262610666454,,0.003018936375156045
5895,0.00034861150197684765,,0.0026786616072058678
5896,0.0004237770044710487,,0.004277183674275875
5897,0.00031522553763352334,,0.002755638211965561
5898,0.000371056143194437,,0.003622222226113081
5899,0.00036040664417669177,,0.004067619331181049
5900,0.0002952154027298093,,0.002516705309972167
5901,0.00047285668551921844,,0.008093468844890594
5902,0.0002899771789088845,,0.0031790651846677065
5903,0.0005902684642933309,,0.0036782638635486364
5904,0.00028286196175031364,,0.004143919795751572
5905,0.000559820095077157,,0.0035619947593659163
5906,0.0005690688849426806,,0.003326783189550042
5907,0.0006503863260149956,,0.004909219685941935
5908,0.0005403434624895453,,0.002674082526937127
5909,0.0002681600162759423,,0.0036955121904611588
5910,0.00034609902650117874,,0.006761940196156502
5911,0.00034920888720080256,,0.0031776814721524715
5912,0.0002904405992012471,,0.0034389651846140623
5913,0.0003054140252061188,,0.0029230450745671988
5914,0.00037297274684533477,,0.003851916640996933
5915,0.00042645097710192204,,0.00874409731477499
5916,0.00032558845123276114,,0.0028643638361245394
5917,0.00030956725822761655,,0.0028744868468493223
5918,0.0003374055668246001,,0.0035128947347402573
5919,0.0005977454711683095,,0.0021118968725204468
5920,0.00026708838413469493,,0.0030404285062104464
5921,0.00031495961593464017,,0.003224811516702175
5922,0.0007281792350113392,,0.0029608611948788166
5923,0.0003123440546914935,,0.0030282370280474424
5924,0.0005858359509147704,,0.0030531208030879498
5925,0.0002553594531491399,,0.0027977267745882273
5926,0.0002898240345530212,,0.002873959019780159
5927,0.0002906185982283205,,0.0033146790228784084
5928,0.0003390374477021396,,0.0032764337956905365
5929,0.0002920918632298708,,0.003057287773117423
5930,0.0002575315011199564,,0.0029747223015874624
5931,0.0002774688764475286,,0.0026556693483144045
5932,0.00028930901316925883,,0.0036178678274154663
5933,0.0002952972427010536,,0.0029629808850586414
5934,0.00029742938932031393,,0.0018522648606449366
5935,0.00027595541905611753,,0.004675849806517363
5936,0.0002448386512696743,,0.002011552220210433
5937,0.00029139831895008683,,0.0049848416820168495
5938,0.00036708370316773653,,0.012318327091634274
5939,0.0002636730205267668,,0.002241239184513688
5940,0.00043469443335197866,,0.003549260552972555
5941,0.00025614933110773563,,0.0034928759559988976
5942,0.0002608325448818505,,0.003223052015528083
5943,0.0002908648457378149,,0.0038388215471059084
5944,0.0002723463694564998,,0.0028471089899539948
5945,0.00037333392538130283,,0.01170063391327858
5946,0.00030355059425346553,,0.004050800111144781
5947,0.0006329084280878305,,0.005829671863466501
5948,0.0003054584958590567,,0.0037683150731027126
5949,0.0002795599866658449,,0.004145659040659666
5950,0.0003028415085282177,,0.0025805900804698467
5951,0.00025956163881346583,,0.004010510630905628
5952,0.00047243988956324756,,0.0031270342878997326
5953,0.0003112863632850349,,0.003582796547561884
5954,0.0002525697636883706,,0.003323259064927697
5955,0.0002781494986265898,,0.002892695600166917
5956,0.00025485351216048,,0.002795229898765683
5957,0.00036179757444188,,0.010864311829209328
5958,0.0002665814245119691,,0.002873870776966214
5959,0.00041478307684883475,,0.0030895553063601255
5960,0.0002766673860605806,,0.002992275869473815
5961,0.00025186126003973186,,0.002856995677575469
5962,0.0003609060076996684,,0.0033719674684107304
5963,0.00026082195108756423,,0.0016159425722435117
5964,0.0005803116946481168,,0.002934912918135524
5965,0.0004739577416330576,,0.006787611171603203
5966,0.000272208679234609,,0.0025432901456952095
5967,0.0003116403822787106,,0.003976772539317608
5968,0.0005172009114176035,,0.0039853802882134914
5969,0.0003979997127316892,,0.005037710536271334
5970,0.000541195971891284,,0.00303989858366549
5971,0.00029087322764098644,,0.002612008946016431
5972,0.00028510563424788415,,0.0021693389862775803
5973,0.0002974450762849301,,0.002685282379388809
5974,0.00027440895792096853,,0.0026856614276766777
5975,0.0005065146833658218,,0.0021921542938798666
5976,0.0005757586332038045,,0.0031822810415178537
5977,0.0002860617823898792,,0.0025113006122410297
5978,0.0005350282299332321,,0.008374554105103016
5979,0.0003115107538178563,,0.0031238473020493984
5980,0.0003311132313683629,,0.0028224443085491657
5981,0.0002834135666489601,,0.0027609451208263636
5982,0.00028561113867908716,,0.0034363586455583572
5983,0.0002989907516166568,,0.0020874966867268085
5984,0.00026267379871569574,,0.0028428356163203716
5985,0.0006448495551012456,,0.004466863349080086
5986,0.00033874501241371036,,0.00278684520162642
5987,0.0003056431014556438,,0.003595619695261121
5988,0.00031184949330054224,,0.0037137623876333237
5989,0.0006845130119472742,,0.011953442357480526
5990,0.0002595449041109532,,0.003000405617058277
5991,0.00038120889803394675,,0.006980466190725565
5992,0.000300802435958758,,0.004107311367988586
5993,0.0003180306521244347,,0.0030925385653972626
5994,0.0003067788784392178,,0.0025812089443206787
5995,0.00032607163302600384,,0.005402092356234789
5996,0.00026368830003775656,,0.003926808014512062
5997,0.0002785188553389162,,0.0022680333349853754
5998,0.00032011547591537237,,0.0031776376999914646
5999,0.0003187666879966855,,0.003989688120782375
6000,0.00027559438603930175,0.00024378533986095464,0.0029380612540990114
6001,0.0002846544375643134,,0.0024005204904824495
6002,0.0005617563729174435,,0.012924387119710445
6003,0.0006579568143934011,,0.009724647738039494
6004,0.0003199129132553935,,0.0026920076925307512
6005,0.00032438882044516504,,0.005093391053378582
6006,0.00031007814686745405,,0.0024387361481785774
6007,0.00028268000460229814,,0.0025146061088889837
6008,0.0002681456389836967,,0.0030200497712939978
6009,0.0003418376436457038,,0.003865199163556099
6010,0.0002986220642924309,,0.0043741934932768345
6011,0.00032933190232142806,,0.005922276061028242
6012,0.00040539767360314727,,0.002917099744081497
6013,0.00027868186589330435,,0.002389166969805956
6014,0.0002908860333263874,,0.0029816036112606525
6015,0.0002655855496414006,,0.0021524333860725164
6016,0.00028284406289458275,,0.0028096691239625216
6017,0.000319089915137738,,0.0032269530929625034
6018,0.00031820908770896494,,0.0025562208611518145
6019,0.00028599376673810184,,0.0035315174609422684
6020,0.00026973881176672876,,0.002074195072054863
6021,0.00030707300174981356,,0.0028499746695160866
6022,0.0002783830277621746,,0.0029588984325528145
6023,0.0002588981296867132,,0.0025785351172089577
6024,0.00034234189661219716,,0.0028939528856426477
6025,0.00026217687991447747,,0.002780674258247018
6026,0.0002713344874791801,,0.0025742286816239357
6027,0.0002532036742195487,,0.0027362213004380465
6028,0.0002991430228576064,,0.00228361994959414
6029,0.0002964226878248155,,0.0023274701088666916
6030,0.00030521652661263943,,0.00231720507144928
6031,0.00028035914874635637,,0.002686708699911833
6032,0.00025429725064896047,,0.0025487246457487345
6033,0.0002766466932371259,,0.002308617578819394
6034,0.00024032678629737347,,0.0025878753513097763
6035,0.0002596790436655283,,0.0023295264691114426
6036,0.0002789769205264747,,0.002654723823070526
6037,0.0005282830097712576,,0.0074033127166330814
6038,0.000268614967353642,,0.0019805999472737312
6039,0.0002618408761918545,,0.0024014762602746487
6040,0.00025363877648487687,,0.0037659977097064257
6041,0.00028272223426029086,,0.002356432843953371
6042,0.0002937705139629543,,0.0036747867707163095
6043,0.0002725035301409662,,0.00280775991268456
6044,0.00026976363733410835,,0.0021351829636842012
6045,0.0002658924204297364,,0.002989835338667035
6046,0.0005517136305570602,,0.005218178033828735
6047,0.0002759606286417693,,0.002195307519286871
6048,0.0002534123486839235,,0.00275484099984169
6049,0.0003351426566950977,,0.0028606730047613382
6050,0.0002664134372025728,,0.004272153601050377
6051,0.00036317872582003474,,0.003650285303592682
6052,0.0002784320095088333,,0.0025085420347750187
6053,0.00025275914231315255,,0.0029057273641228676
6054,0.00026269053341820836,,0.0028030527755618095
6055,0.00031661908724345267,,0.0025781597942113876
6056,0.0002926407614722848,,0.0026562847197055817
6057,0.0002722216013353318,,0.0020972860511392355
6058,0.00033038941910490394,,0.0034940477926284075
6059,0.00037023425102233887,,0.004112563095986843
6060,0.0003116888692602515,,0.0071746897883713245
6061,0.00026082477415911853,,0.002533606719225645
6062,0.0003808184992522001,,0.0040050651878118515
6063,0.00028630145243369043,,0.003101492067798972
6064,0.00034504826180636883,,0.0059723625890910625
6065,0.0002780395734589547,,0.002952545415610075
6066,0.00031610782025381923,,0.0031054948922246695
6067,0.0002575378748588264,,0.0027651633135974407
6068,0.00026664644246920943,,0.0025271628983318806
6069,0.00029558443930000067,,0.003846792969852686
6070,0.0004410262336023152,,0.003275480354204774
6071,0.00028721228591166437,,0.004245541989803314
6072,0.0003298152587376535,,0.003213627962395549
6073,0.00028023915365338326,,0.002267847303301096
6074,0.0002447925799060613,,0.003038623370230198
6075,0.00025202822871506214,,0.0018252909649163485
6076,0.00028320628916844726,,0.0028042825870215893
6077,0.0004861630732193589,,0.014378145337104797
6078,0.0002826954878401011,,0.0028306616004556417
6079,0.0002757077745627612,,0.0032012276351451874
6080,0.0003448316128924489,,0.002901435364037752
6081,0.0005266424268484116,,0.025770068168640137
6082,0.00028817495331168175,,0.0033925899770110846
6083,0.00030075846007093787,,0.0036417311057448387
6084,0.00028688524616882205,,0.0034957167226821184
6085,0.0004893132718279958,,0.011878201737999916
6086,0.0005428006988950074,,0.006760952994227409
6087,0.0003018130664713681,,0.0035507124848663807
6088,0.0003082839830312878,,0.003130957717075944
6089,0.0002662671613506973,,0.002847926691174507
6090,0.0003039879957213998,,0.004105143249034882
6091,0.0002863106201402843,,0.0031994380988180637
6092,0.0002615722478367388,,0.003677235683426261
6093,0.00027285036048851907,,0.0027816363144665956
6094,0.0003178949700668454,,0.0034639565274119377
6095,0.00040432423702441156,,0.009325742721557617
6096,0.00033154815901070833,,0.00704605458304286
6097,0.00024581715115346014,,0.0023923164699226618
6098,0.0002789790742099285,,0.0036984323523938656
6099,0.0003229024005122483,,0.0026439602952450514
6100,0.0006648974376730621,,0.009240206331014633
6101,0.0003917054273188114,,0.011088783852756023
6102,0.0005128748598508537,,0.002646435284987092
6103,0.00028013455448672175,,0.0036794880870729685
6104,0.0003532037080731243,,0.00560360262170434
6105,0.0005562893347814679,,0.0030841236002743244
6106,0.0003029012877959758,,0.0035772151313722134
6107,0.0003033461980521679,,0.002823182148858905
6108,0.00027088160277344286,,0.0028257013764232397
6109,0.00030782978865318,,0.004820024594664574
6110,0.0002616801648400724,,0.002401212463155389
6111,0.0003214983153156936,,0.005110372789204121
6112,0.0002847372670657933,,0.0022574644535779953
6113,0.00026965860160999,,0.002545858034864068
6114,0.0002621441090013832,,0.003496679710224271
6115,0.00030645611695945263,,0.003659756388515234
6116,0.00032776009174995124,,0.0035829150583595037
6117,0.0003171465068589896,,0.003204881213605404
6118,0.0004291346704121679,,0.004770604893565178
6119,0.00030374430934898555,,0.0036971017252653837
6120,0.00029224518220871687,,0.002270061755552888
6121,0.00029348296811804175,,0.003379233181476593
6122,0.00031196189229376614,,0.003978819120675325
6123,0.0002705554070416838,,0.0030657665338367224
6124,0.0003106679068878293,,0.0023581685964018106
6125,0.00031831604428589344,,0.003721764776855707
6126,0.0002760184579528868,,0.002735276473686099
6127,0.000281499553238973,,0.002559915417805314
6128,0.0005016418872401118,,0.010749598033726215
6129,0.00026169646298512816,,0.00270401150919497
6130,0.00032374655711464584,,0.007862752303481102
6131,0.0002952999493572861,,0.007150455377995968
6132,0.00032140244729816914,,0.010552162304520607
6133,0.0005179701838642359,,0.020937662571668625
6134,0.00036804494448006153,,0.003851540619507432
6135,0.0003508609370328486,,0.00862039253115654
6136,0.0003259857767261565,,0.004074432887136936
6137,0.0003265680279582739,,0.00302130077034235
6138,0.00036623512278310955,,0.004739563446491957
6139,0.0003926513600163162,,0.005510519724339247
6140,0.00037018582224845886,,0.004663046915084124
6141,0.0008113216608762741,,0.004229439422488213
6142,0.0002954980591312051,,0.004136835690587759
6143,0.0003340216353535652,,0.0040724920108914375
6144,0.0003607845865190029,,0.005614234134554863
6145,0.0003435933031141758,,0.0034666068386286497
6146,0.0003052565734833479,,0.002896670950576663
6147,0.000323438027407974,,0.004427241161465645
6148,0.0002863110275939107,,0.0032489781733602285
6149,0.00030504068126901984,,0.0032268203794956207
6150,0.0002826764830388129,,0.0030770415905863047
6151,0.000592003227211535,,0.002796914428472519
6152,0.0002782445808406919,,0.0025884374044835567
6153,0.00033195523428730667,,0.004128924570977688
6154,0.0002839685184881091,,0.0031096492893993855
6155,0.00023766569211147726,,0.0019866249058395624
6156,0.00028345314785838127,,0.003066286211833358
6157,0.000269717798801139,,0.002708479994907975
6158,0.0005036520888097584,,0.00247751921415329
6159,0.00047552393516525626,,0.008760711178183556
6160,0.00026971346233040094,,0.002712537534534931
6161,0.000397322466596961,,0.0021260245703160763
6162,0.0006771525368094444,,0.004461534321308136
6163,0.00032214762177318335,,0.003502195468172431
6164,0.00029033911414444447,,0.0036869687028229237
6165,0.0005873569753021002,,0.005204753018915653
6166,0.0005345407407730818,,0.0026601855643093586
6167,0.0003068213118240237,,0.004802839830517769
6168,0.0008338543120771646,,0.004575036466121674
6169,0.00029207568150013685,,0.0031942666973918676
6170,0.00029400980565696955,,0.0035470854490995407
6171,0.00034285103902220726,,0.00462089478969574
6172,0.00030132551910355687,,0.0023478511720895767
6173,0.0005396681372076273,,0.00440259138122201
6174,0.0003082393668591976,,0.003014208981767297
6175,0.0002743026416283101,,0.0018658038461580873
6176,0.000409435189794749,,0.007521096616983414
6177,0.00027716433396562934,,0.002846233081072569
6178,0.0003163327637594193,,0.002867849078029394
6179,0.0002621636667754501,,0.003123535541817546
6180,0.0003432761295698583,,0.004462902434170246
6181,0.0005674814456142485,,0.0027882102876901627
6182,0.00024168266099877656,,0.0025341706350445747
6183,0.00031547469552606344,,0.003337835893034935
6184,0.0003265178529545665,,0.003053372958675027
6185,0.00042127788765355945,,0.009097421541810036
6186,0.00025431651738472283,,0.0023990117479115725
6187,0.00034623462124727666,,0.0027556801214814186
6188,0.00035690245567820966,,0.007559154648333788
6189,0.00027136789867654443,,0.0025462580379098654
6190,0.00028433045372366905,,0.003402957459911704
6191,0.0003275408816989511,,0.0050681703723967075
6192,0.0005684004863724113,,0.0032081876415759325
6193,0.0002803379320539534,,0.0029282330069690943
6194,0.0002583347668405622,,0.0022065977100282907
6195,0.00027905224123969674,,0.002421358600258827
6196,0.0003127683885395527,,0.0026927306316792965
6197,0.0003086561046075076,,0.002628499176353216
6198,0.0002615522244013846,,0.0025361140724271536
6199,0.0003113308339379728,,0.002976994961500168
6200,0.00028939294861629605,,0.00258682481944561
6201,0.00027432781644165516,,0.0029559985268861055
6202,0.00029702982283197343,,0.0023800607305020094
6203,0.0002539451525080949,,0.0020980292465537786
6204,0.00033983620232902467,,0.0028605323750525713
6205,0.0002649496600497514,,0.0026949243620038033
6206,0.00027845537988469005,,0.002362307859584689
6207,0.00026233517564833164,,0.0020701372995972633
6208,0.000287389091681689,,0.0018514464609324932
6209,0.00027125931228511035,,0.0019249439937993884
6210,0.00030987709760665894,,0.0035291449166834354
6211,0.0002540796413086355,,0.0020807688124477863
6212,0.00026974905631504953,,0.001861018012277782
6213,0.0002516327367629856,,0.0022691807243973017
6214,0.000516576983500272,,0.010801583528518677
6215,0.000503272283822298,,0.0056273452937603
6216,0.000389760360121727,,0.006485788617283106
6217,0.0002791668230202049,,0.004683967679738998
6218,0.00039117943379096687,,0.007766410708427429
6219,0.00041839745244942605,,0.011386957950890064
6220,0.00030655955197289586,,0.002859428059309721
6221,0.0003012253437191248,,0.0024702209047973156
6222,0.0007016506860964,,0.003541329875588417
6223,0.00038136413786560297,,0.004252760671079159
6224,0.0003407682233955711,,0.0032032481394708157
6225,0.0002623538894113153,,0.0023802430368959904
6226,0.00037596418405883014,,0.005005581304430962
6227,0.00036215916043147445,,0.0027472481597214937
6228,0.000328304769936949,,0.0032794098369777203
6229,0.00032854132587090135,,0.005202214699238539
6230,0.0002939069818239659,,0.0023156162351369858
6231,0.00040859784348867834,,0.010614797472953796
6232,0.00029964392888359725,,0.0023870100267231464
6233,0.0002773133455775678,,0.002936076605692506
6234,0.00028056110022589564,,0.0028823537286370993
6235,0.0004790161910932511,,0.015996843576431274
6236,0.0003400089335627854,,0.0033412333577871323
6237,0.00028307875618338585,,0.0036622921470552683
6238,0.00027207599487155676,,0.0037857808638364077
6239,0.00028949789702892303,,0.002910079900175333
6240,0.0003013404493685812,,0.003825430292636156
6241,0.0006127485539764166,,0.00992245227098465
6242,0.00024663223302923143,,0.0029434189200401306
6243,0.0005453467601910233,,0.0036280108615756035
6244,0.00029081254615448415,,0.0026478914078325033
6245,0.00023584729933645576,,0.001634549000300467
6246,0.0002823460381478071,,0.002813106868416071
6247,0.00031649231095798314,,0.0029870260041207075
6248,0.0004505605611484498,,0.006128676701337099
6249,0.0005474915960803628,,0.0027426141314208508
6250,0.0002753381268121302,,0.0020957537926733494
6251,0.00031512067653238773,,0.003028586506843567
6252,0.0002700519689824432,,0.0027021511923521757
6253,0.00027519528521224856,,0.00341222807765007
6254,0.0003221260558348149,,0.004716016817837954
6255,0.00032874903990887105,,0.0025924788787961006
6256,0.0003051428939215839,,0.0020544929429888725
6257,0.0006774867651984096,,0.002564095426350832
6258,0.0002612720418255776,,0.001976141007617116
6259,0.00028588034911081195,,0.003819023724645376
6260,0.0002608003851491958,,0.0019212192855775356
6261,0.0002691737608984113,,0.00285973958671093
6262,0.0002544111630413681,,0.0030094864778220654
6263,0.00024095212575048208,,0.002445167163386941
6264,0.0002694955328479409,,0.0031429824884980917
6265,0.000242647307459265,,0.0025025857612490654
6266,0.0002789561403915286,,0.002283078618347645
6267,0.00037240912206470966,,0.004960091784596443
6268,0.00045148079516366124,,0.0025912465061992407
6269,0.0002832834143191576,,0.0028410109225660563
6270,0.00022489075490739197,,0.0016976471524685621
6271,0.0002650245442055166,,0.0024616122245788574
6272,0.0002681258483789861,,0.002466992475092411
6273,0.0002455547219142318,,0.002922619925811887
6274,0.00024764437694102526,,0.0024753338657319546
6275,0.00023577977844979614,,0.0024847316090017557
6276,0.0003203892847523093,,0.0031262850388884544
6277,0.0002803230891004205,,0.002580801257863641
6278,0.000270774558885023,,0.002291606506332755
6279,0.00024355435743927956,,0.002139892429113388
6280,0.00024056408437900245,,0.0017568707698956132
6281,0.00029314367566257715,,0.007461873814463615
6282,0.00026361504569649696,,0.002090044552460313
6283,0.0004398925811983645,,0.004239481873810291
6284,0.0002592901873867959,,0.0020252359099686146
6285,0.0003000450669787824,,0.0034138753544539213
6286,0.0002723199431784451,,0.002949588932096958
6287,0.000255949969869107,,0.002494519343599677
6288,0.0003138617321383208,,0.0029807237442582846
6289,0.00025372306117787957,,0.002480190247297287
6290,0.00024501309962943196,,0.0024703936651349068
6291,0.0005056158406659961,,0.0038414124865084887
6292,0.0003326004953123629,,0.0026520462706685066
6293,0.00026976471417583525,,0.003734527388587594
6294,0.0002453526540193707,,0.002371960785239935
6295,0.00030139702721498907,,0.002613195450976491
6296,0.0002711309934966266,,0.0023200158029794693
6297,0.00030077341943979263,,0.0026778406463563442
6298,0.0002962435537483543,,0.003044543322175741
6299,0.0002857000508811325,,0.0022503247018903494
6300,0.0003091699327342212,,0.002799253212288022
6301,0.00024605949874967337,,0.00218041124753654
6302,0.00031088292598724365,,0.0026779978070408106
6303,0.00023071467876434326,,0.0027364827692508698
6304,0.00027103396132588387,,0.0020283181220293045
6305,0.00025743048172444105,,0.0021783821284770966
6306,0.0002768377889879048,,0.0019638859666883945
6307,0.0005866102874279022,,0.002395754912868142
6308,0.00031710186158306897,,0.0023629514034837484
6309,0.0006484650075435638,,0.0024226438254117966
6310,0.00022327361511997879,,0.0021041168365627527
6311,0.0003148706746287644,,0.004995899740606546
6312,0.0002772616280708462,,0.0029520730022341013
6313,0.00030641831108368933,,0.0023790993727743626
6314,0.0005271122790873051,,0.002879898063838482
6315,0.00028916061273775995,,0.003483101259917021
6316,0.0002674390561878681,,0.0033303271047770977
6317,0.00039117306005209684,,0.002718862844631076
6318,0.00027553687687031925,,0.002409721491858363
6319,0.00048749824054539204,,0.0023087169975042343
6320,0.0002842526591848582,,0.00475062383338809
6321,0.0002663804916664958,,0.0029804441146552563
6322,0.00031452751136384904,,0.0029978931415826082
6323,0.00025506128440611064,,0.002639066893607378
6324,0.00027751491870731115,,0.002703422447666526
6325,0.00031327930628322065,,0.002499294700101018
6326,0.00041152857011184096,,0.0022672077175229788
6327,0.0003013007517438382,,0.00409867474809289
6328,0.0002762803342193365,,0.0037928824312984943
6329,0.0002677883021533489,,0.003062519943341613
6330,0.0002831472083926201,,0.008763481862843037
6331,0.00029067450668662786,,0.00496297050267458
6332,0.00031962303910404444,,0.003226520726457238
6333,0.00028269508038647473,,0.0025781095027923584
6334,0.00030181033071130514,,0.0032027685083448887
6335,0.0005528711481019855,,0.0029881219379603863
6336,0.00023319711908698082,,0.0031452891416847706
6337,0.0004076526965945959,,0.026746217161417007
6338,0.0004289653152227402,,0.0038978299126029015
6339,0.00043795176316052675,,0.004596251528710127
6340,0.0003181127249263227,,0.003932097461074591
6341,0.00029397651087492704,,0.0026876863557845354
6342,0.0008663401240482926,,0.003728665644302964
6343,0.00029277714202180505,,0.0035512640606611967
6344,0.0004008227842859924,,0.014570957981050014
6345,0.00027309785946272314,,0.0037918533198535442
6346,0.00026400882052257657,,0.002297733211889863
6347,0.0005464641726575792,,0.0026882856618613005
6348,0.0005616048583760858,,0.0026993327774107456
6349,0.0009213631856255233,,0.008327140472829342
6350,0.0002803898532874882,,0.002971791662275791
6351,0.0002803210518322885,,0.0027656310703605413
6352,0.0003100722096860409,,0.006996942684054375
6353,0.00029647076735273004,,0.0027928233612328768
6354,0.0002836289640981704,,0.00302207306958735
6355,0.0002876072539947927,,0.0029701015446335077
6356,0.0003658061323221773,,0.005848482251167297
6357,0.00033915191306732595,,0.009187109768390656
6358,0.00028209551237523556,,0.002850319491699338
6359,0.00029708421789109707,,0.0028945470694452524
6360,0.0002974351809825748,,0.002640621503815055
6361,0.00026567859458737075,,0.0025807651691138744
6362,0.00032644812017679214,,0.010824811644852161
6363,0.00030364361009560525,,0.002940731355920434
6364,0.00026675654225982726,,0.0027817976661026478
6365,0.0005851522437296808,,0.0029645897448062897
6366,0.00029300793539732695,,0.0036561964079737663
6367,0.0002719354524742812,,0.0024269025307148695
6368,0.0002859287487808615,,0.0034814460668712854
6369,0.0003073577827308327,,0.003457720158621669
6370,0.00025505429948680103,,0.0017995709786191583
6371,0.00045703837531618774,,0.0125467199832201
6372,0.00033735454780980945,,0.012173610739409924
6373,0.0002728607505559921,,0.003002295270562172
6374,0.0003369287005625665,,0.0035181716084480286
6375,0.00034384801983833313,,0.002675344469025731
6376,0.0002904887078329921,,0.003441690467298031
6377,0.0005653204279951751,,0.003986364230513573
6378,0.000592443102505058,,0.0034202393144369125
6379,0.0003005798498634249,,0.0033383339177817106
6380,0.00028662136173807085,,0.0029455546755343676
6381,0.0003928701626136899,,0.004143483936786652
6382,0.0002970658824779093,,0.003134333761408925
6383,0.0006607090472243726,,0.006859384942799807
6384,0.00028673530323430896,,0.0029537260998040438
6385,0.00026492885081097484,,0.003257540985941887
6386,0.00026450486620888114,,0.002513401210308075
6387,0.00029425910906866193,,0.0029161397833377123
6388,0.0004957495257258415,,0.005794571712613106
6389,0.00029239716241136193,,0.002820767229422927
6390,0.00046069975360296667,,0.002720148302614689
6391,0.0003156628808937967,,0.003270621644333005
6392,0.0002979318960569799,,0.0028730372432619333
6393,0.00029386646929197013,,0.0030810004100203514
6394,0.0002923298452515155,,0.002899347571656108
6395,0.00028582356753759086,,0.0052324021235108376
6396,0.0002763780066743493,,0.002289462834596634
6397,0.0002548364573158324,,0.002810670528560877
6398,0.0002783254603855312,,0.0021898571867495775
6399,0.00026538665406405926,,0.0025999885983765125
6400,0.000580731313675642,,0.0029434985481202602
6401,0.00027862394927069545,,0.0038329840172082186
6402,0.00032654922688379884,,0.0038560936227440834
6403,0.0002433367626508698,,0.002361126011237502
6404,0.0002442546538077295,,0.0015392240602523088
6405,0.0002687789674382657,,0.002623974811285734
6406,0.0003031924716196954,,0.0034710336476564407
6407,0.00035260332515463233,,0.006817427463829517
6408,0.0003906872298102826,,0.004535763990134001
6409,0.00026692976825870574,,0.002506617223843932
6410,0.0002956648822873831,,0.003170493058860302
6411,0.0003180910716764629,,0.005589264910668135
6412,0.0002983110898640007,,0.007126794662326574
6413,0.0002753468288574368,,0.0028471704572439194
6414,0.000295995210763067,,0.003325113793835044
6415,0.00036643919884227216,,0.0030666484963148832
6416,0.0002681665646377951,,0.003709736978635192
6417,0.0003737462102435529,,0.0032202720176428556
6418,0.000238789216382429,,0.0023804144002497196
6419,0.00034472550032660365,,0.0037433116231113672
6420,0.0002785785181913525,,0.0025079429615288973
6421,0.00031350748031400144,,0.0034931914415210485
6422,0.00026766821974888444,,0.002862530993297696
6423,0.0002791757578961551,,0.0027273218147456646
6424,0.0005069219623692334,,0.004149193875491619
6425,0.0003067009965889156,,0.00321049802005291
6426,0.00025816631386987865,,0.003350212937220931
6427,0.00047522701788693666,,0.0033090277574956417
6428,0.00025928227114491165,,0.003371559316292405
6429,0.00024741998640820384,,0.0030142278410494328
6430,0.0002701922785490751,,0.0018615827430039644
6431,0.00026384650846011937,,0.003202639287337661
6432,0.00027453547227196395,,0.00340973655693233
6433,0.00022192100004758686,,0.002716012066230178
6434,0.00032709911465644836,,0.003224938875064254
6435,0.0002624971675686538,,0.0035513541661202908
6436,0.0002270831901114434,,0.0020606396719813347
6437,0.00033159120357595384,,0.003720174077898264
6438,0.0002900595136452466,,0.0025098046753555536
6439,0.0002570843789726496,,0.002405521459877491
6440,0.000292101816739887,,0.002961607649922371
6441,0.00026687129866331816,,0.0025328421033918858
6442,0.00031908959499560297,,0.004111046902835369
6443,0.00027610897086560726,,0.0022334307432174683
6444,0.0002589785435702652,,0.00294252741150558
6445,0.00027034178492613137,,0.004516309127211571
6446,0.00023984527797438204,,0.0020973298233002424
6447,0.0002888598828576505,,0.0028275172226130962
6448,0.0002717178431339562,,0.0020377114415168762
6449,0.0002557947882451117,,0.0019206012366339564
6450,0.0002687401429284364,,0.002922789193689823
6451,0.0002764178207144141,,0.00244202115572989
6452,0.00025297043612226844,,0.002155648311600089
6453,0.00024596438743174076,,0.0024282571393996477
6454,0.000498503097333014,,0.0021266962867230177
6455,0.0002411257883068174,,0.002013065619394183
6456,0.00026115431683138013,,0.0017354305600747466
6457,0.0002878372906707227,,0.0032225828617811203
6458,0.0004019018670078367,,0.014616022817790508
6459,0.00021475597168318927,,0.002168751787394285
6460,0.00030097452690824866,,0.00278083304874599
6461,0.00041185642476193607,,0.015822364017367363
6462,0.0003887426573783159,,0.0038000191561877728
6463,0.0005814423784613609,,0.0029371369164437056
6464,0.0003120206529274583,,0.0033620940521359444
6465,0.00028788886265829206,,0.003396952524781227
6466,0.0002635681303218007,,0.0018420444102957845
6467,0.0002809313009493053,,0.003509244415909052
6468,0.00029526741127483547,,0.0039769443683326244
6469,0.0002808700082823634,,0.002597565297037363
6470,0.0002712669665925205,,0.0032992062624543905
6471,0.00025887091760523617,,0.002511712722480297
6472,0.0002478169626556337,,0.0023295811843127012
6473,0.0003024978213943541,,0.0037086359225213528
6474,0.00023436063202098012,,0.0021559910383075476
6475,0.0002578545827418566,,0.0033957550767809153
6476,0.0002663457999005914,,0.002359359059482813
6477,0.00031232426408678293,,0.0037786264438182116
6478,0.0002865821006707847,,0.0029498545918613672
6479,0.00025136256590485573,,0.001967373304069042
6480,0.00025488436222076416,,0.004439370706677437
6481,0.00030517211416736245,,0.006776353809982538
6482,0.00023541378322988749,,0.002827121876180172
6483,0.0003112345584668219,,0.004138931166380644
6484,0.00031219786615110934,,0.00309041328728199
6485,0.0003147426759824157,,0.0033675862941890955
6486,0.000731424312107265,,0.022479867562651634
6487,0.0002489584730938077,,0.002367755165323615
6488,0.0003001568838953972,,0.0041243270970880985
6489,0.0002892040356528014,,0.0039789373986423016
6490,0.00031865847995504737,,0.0037789896596223116
6491,0.00027350211166776717,,0.00345250335521996
6492,0.0003068338264711201,,0.003821440041065216
6493,0.0004425683291628957,,0.012480050325393677
6494,0.0003903874894604087,,0.0046171629801392555
6495,0.00029860029462724924,,0.0029439665377140045
6496,0.0002665184438228607,,0.003529363078996539
6497,0.0003139604232273996,,0.0030528693459928036
6498,0.0004800077877007425,,0.0043809618800878525
6499,0.00027413616771809757,,0.0039641521871089935
6500,0.00025072769494727254,0.0002582335673707956,0.0022304984740912914
6501,0.0003178305923938751,,0.0035387587267905474
6502,0.000309297553030774,,0.0027129128575325012
6503,0.00033872172934934497,,0.004462012555450201
6504,0.00027696380857378244,,0.003548895474523306
6505,0.00030275090830400586,,0.0021831688936799765
6506,0.0002776996698230505,,0.0038324380293488503
6507,0.00026889453874900937,,0.002574083860963583
6508,0.0005515462253242731,,0.0027077794075012207
6509,0.00024102686438709497,,0.0030963083263486624
6510,0.0003636089968495071,,0.0031553294975310564
6511,0.0002700896584428847,,0.0030569001100957394
6512,0.00023756384325679392,,0.002693223999813199
6513,0.0002866744762286544,,0.0027706667315214872
6514,0.0004975020419806242,,0.006436544470489025
6515,0.0002889116876758635,,0.0025388728827238083
6516,0.0002631483948789537,,0.0031347523909062147
6517,0.00028148130513727665,,0.0026058596558868885
6518,0.00025805883342400193,,0.0021235360763967037
6519,0.00028130653663538396,,0.0028444454073905945
6520,0.0004214735236018896,,0.005732332821935415
6521,0.0002644062915351242,,0.003391014179214835
6522,0.00025805720360949636,,0.0023636578116565943
6523,0.00028933462454006076,,0.0033875531516969204
6524,0.00034491679980419576,,0.004091115202754736
6525,0.00024295327602885664,,0.0024195967707782984
6526,0.0002820506924763322,,0.006943251937627792
6527,0.00031611265148967505,,0.005700460635125637
6528,0.0003217905468773097,,0.00878051109611988
6529,0.0004272757505532354,,0.0030503191519528627
6530,0.00027805822901427746,,0.0031806740444153547
6531,0.000525571231264621,,0.004458599723875523
6532,0.0002962301659863442,,0.002404891885817051
6533,0.00026890612207353115,,0.0030063858721405268
6534,0.0002754686865955591,,0.0025557810440659523
6535,0.0006653073942288756,,0.006700762547552586
6536,0.000313703523715958,,0.0032243237365037203
6537,0.00026012008311226964,,0.0026579818222671747
6538,0.00041566681466065347,,0.002575455466285348
6539,0.0003497695433907211,,0.0029061834793537855
6540,0.0002514127700123936,,0.002333773532882333
6541,0.0002833810285665095,,0.0029354558791965246
6542,0.000250169076025486,,0.002864174311980605
6543,0.000257613486610353,,0.0030376471113413572
6544,0.00024845689767971635,,0.0025155337061733007
6545,0.00025331071810796857,,0.0034103032667189837
6546,0.0007580236997455359,,0.0032011254224926233
6547,0.0005047367885708809,,0.002435734262689948
6548,0.00025163241662085056,,0.002009620890021324
6549,0.0005271966801956296,,0.0023879853542894125
6550,0.0005322470096871257,,0.0024234845768660307
6551,0.00029944966081529856,,0.0030530812218785286
6552,0.0004446549282874912,,0.00717336218804121
6553,0.00028062431374564767,,0.0030794695485383272
6554,0.0004811328835785389,,0.002922928659245372
6555,0.0002444914716761559,,0.0024126332718878984
6556,0.0002923602587543428,,0.003794678021222353
6557,0.0002564220631029457,,0.0026303105987608433
6558,0.00022951641585677862,,0.002962410217151046
6559,0.0002651118265930563,,0.003254995448514819
6560,0.00026208336930722,,0.0022383430041372776
6561,0.00026080268435180187,,0.00237061339430511
6562,0.00028258049860596657,,0.0033431025221943855
6563,0.00029087497387081385,,0.0023048371076583862
6564,0.000258713960647583,,0.0027567846700549126
6565,0.00023773018619976938,,0.001845141057856381
6566,0.00029025389812886715,,0.0026671828236430883
6567,0.0002554612292442471,,0.002918157959356904
6568,0.0002772120642475784,,0.0031617116183042526
6569,0.0002521417918615043,,0.002434504684060812
6570,0.00026919334777630866,,0.006605006754398346
6571,0.000343061750754714,,0.0024388660676777363
6572,0.0002846312418114394,,0.002689528279006481
6573,0.0002869271847885102,,0.004059870261698961
6574,0.00025568087585270405,,0.002378154546022415
6575,0.00019969703862443566,,0.0023647563066333532
6576,0.000272258126642555,,0.0020644357427954674
6577,0.0002477121015544981,,0.002217295579612255
6578,0.000227965327212587,,0.002138705924153328
6579,0.00027321476954966784,,0.002007255796343088
6580,0.0002459576935507357,,0.0017208383651450276
6581,0.00033623690251260996,,0.0025086652021855116
6582,0.00025859568268060684,,0.002183763077482581
6583,0.0004969811416231096,,0.010077808983623981
6584,0.00031207603751681745,,0.002310866490006447
6585,0.0002783465897664428,,0.001980843720957637
6586,0.0004958894569426775,,0.010414181277155876
6587,0.0002636376884765923,,0.002272350015118718
6588,0.00025144973187707365,,0.002082246821373701
6589,0.000237045664107427,,0.002184710232540965
6590,0.00025603489484637976,,0.002190039260312915
6591,0.00025899303727783263,,0.0020112674683332443
6592,0.00025659060338512063,,0.0020683135371655226
6593,0.00022980190988164395,,0.0022377867717295885
6594,0.0002691254485398531,,0.0022468692623078823
6595,0.0002507771132513881,,0.00298130395822227
6596,0.00028896715957671404,,0.002506048884242773
6597,0.00024395021318923682,,0.0018231848953291774
6598,0.0002697254822123796,,0.0022598770447075367
6599,0.000263380934484303,,0.0030345418490469456
6600,0.0002452591434121132,,0.0026401281356811523
6601,0.00027288292767480016,,0.003449532901868224
6602,0.000253992504440248,,0.0027628960087895393
6603,0.0002449690655339509,,0.002530652331188321
6604,0.0002436679496895522,,0.0024380057584494352
6605,0.00045053206849843264,,0.008750323206186295
6606,0.0002620178274810314,,0.0024320383090525866
6607,0.0005260921898297966,,0.0038149822503328323
6608,0.00023535719083156437,,0.001743903267197311
6609,0.0002839616499841213,,0.002881451975554228
6610,0.00025369258946739137,,0.0024697836488485336
6611,0.0002596264239400625,,0.0028057927265763283
6612,0.00028879931778647006,,0.002804500050842762
6613,0.00027653781580738723,,0.002484346507117152
6614,0.00024728901917114854,,0.002235629828646779
6615,0.0002584294124972075,,0.0033137949649244547
6616,0.0002838315558619797,,0.005380916874855757
6617,0.00026296923169866204,,0.0027816344518214464
6618,0.00031226116698235273,,0.0033451339695602655
6619,0.00026031379820778966,,0.002341628074645996
6620,0.00029576767701655626,,0.0030475978273898363
6621,0.000267584779066965,,0.0034257471561431885
6622,0.0002771238796412945,,0.0028426016215234995
6623,0.0004139201482757926,,0.003290922148153186
6624,0.00022348125639837235,,0.0018737250939011574
6625,0.0003383934963494539,,0.003614730667322874
6626,0.000296224607154727,,0.0032320700120180845
6627,0.00027186668012291193,,0.0026812430005520582
6628,0.0003006535116583109,,0.002793072024360299
6629,0.0002551655925344676,,0.0027552132960408926
6630,0.000444785226136446,,0.0029738920275121927
6631,0.00027959930594079196,,0.0024082353338599205
6632,0.0002885920403059572,,0.003116741543635726
6633,0.00026023632381111383,,0.0029305375646799803
6634,0.0002533502411097288,,0.0025574038736522198
6635,0.0002830596349667758,,0.0023057174403220415
6636,0.00022373940737452358,,0.0018790883477777243
6637,0.00026103848358616233,,0.003020100761204958
6638,0.00027924595633521676,,0.002472503576427698
6639,0.000212069193366915,,0.001828618929721415
6640,0.00038152371416799724,,0.0032362951897084713
6641,0.00022451719269156456,,0.0019729486666619778
6642,0.0002802007948048413,,0.0026024833787232637
6643,0.0002325785899301991,,0.0022967432159930468
6644,0.00023038788640405983,,0.0020110795740038157
6645,0.00027724431129172444,,0.002908945083618164
6646,0.00025251490296795964,,0.002138871233910322
6647,0.0004979547811672091,,0.002696592826396227
6648,0.00020212415256537497,,0.002853208687156439
6649,0.00032599095720797777,,0.0027146567590534687
6650,0.00025584036484360695,,0.002720895688980818
6651,0.00026117998640984297,,0.0022713937796652317
6652,0.0002549641649238765,,0.0021180773619562387
6653,0.00022436030849348754,,0.00305110402405262
6654,0.0005117132095620036,,0.0024866429157555103
6655,0.0005193246761336923,,0.004955828655511141
6656,0.0002461407275404781,,0.0029037350323051214
6657,0.00030547447386197746,,0.0027594594284892082
6658,0.0002509081969037652,,0.003025130368769169
6659,0.00025791864027269185,,0.0028147513512521982
6660,0.00027173059061169624,,0.002711430424824357
6661,0.0002759201161097735,,0.0022297536488622427
6662,0.0002750877174548805,,0.006199229508638382
6663,0.00023635837715119123,,0.0020516780205070972
6664,0.00032266107155010104,,0.004399691708385944
6665,0.0002580943692009896,,0.0026165524031966925
6666,0.000270869757514447,,0.0024219034239649773
6667,0.00041222042636945844,,0.002342785242944956
6668,0.00025744782760739326,,0.00208080536685884
6669,0.0002399797085672617,,0.002754796063527465
6670,0.0002339923958061263,,0.0028058995958417654
6671,0.0002493250649422407,,0.0023590195924043655
6672,0.0002978535776492208,,0.0035802230704575777
6673,0.0002693920978344977,,0.0024500663857907057
6674,0.0003058617585338652,,0.0028301856946200132
6675,0.0002583250170573592,,0.0033916065003722906
6676,0.00031403545290231705,,0.002092798938974738
6677,0.0002731961430981755,,0.0027689416892826557
6678,0.0005090035265311599,,0.003104565665125847
6679,0.0002688004169613123,,0.002458898350596428
6680,0.0002540101995691657,,0.00338868354447186
6681,0.0002721620840020478,,0.001964682713150978
6682,0.00024339917581528425,,0.0020335661247372627
6683,0.0004008491523563862,,0.0046800002455711365
6684,0.00023976012016646564,,0.002230476588010788
6685,0.0003584780206438154,,0.001975471153855324
6686,0.00022440531756728888,,0.0021170831751078367
6687,0.00025184854166582227,,0.001853244029916823
6688,0.00023964533465914428,,0.0020061274990439415
6689,0.00036556809209287167,,0.002867087023332715
6690,0.00030222602072171867,,0.0028537181206047535
6691,0.00031159332138486207,,0.002739096060395241
6692,0.0002671207475941628,,0.0025161588564515114
6693,0.00031255604699254036,,0.002830538433045149
6694,0.00024129058874677867,,0.0017364941304549575
6695,0.00025982162333093584,,0.0034920373000204563
6696,0.00028005041531287134,,0.002060016617178917
6697,0.00028120435308665037,,0.0036762207746505737
6698,0.00029313325649127364,,0.0038361609913408756
6699,0.0002475269720889628,,0.0024815660435706377
6700,0.0005416768835857511,,0.002797513734549284
6701,0.0002642894978635013,,0.003468176117166877
6702,0.0002784167299978435,,0.0044120787642896175
6703,0.00024667917750775814,,0.003038835944607854
6704,0.00027328325086273253,,0.0021297885105013847
6705,0.00022326171165332198,,0.0033676575403660536
6706,0.0003491119423415512,,0.012855567038059235
6707,0.0002584949543233961,,0.002170649589970708
6708,0.00023325750953517854,,0.002056392841041088
6709,0.0002549446071498096,,0.0034980729687958956
6710,0.00025193829787895083,,0.0027790467720478773
6711,0.00033261714270338416,,0.004480032250285149
6712,0.00044448114931583405,,0.014388864859938622
6713,0.0003360083792358637,,0.005197407212108374
6714,0.0004240654525347054,,0.0133364237844944
6715,0.00029364338843151927,,0.004074459429830313
6716,0.0002874341153074056,,0.0030840053223073483
6717,0.0005281075136736035,,0.010604963637888432
6718,0.0002687540545593947,,0.002694029826670885
6719,0.000580811349209398,,0.0026338286697864532
6720,0.0002752874279394746,,0.0027714278548955917
6721,0.0010380548192188144,,0.00895431824028492
6722,0.00030233265715651214,,0.002501626266166568
6723,0.0002674574207048863,,0.0026425872929394245
6724,0.0005062104901298881,,0.005145545583218336
6725,0.0002681645273696631,,0.0023985616862773895
6726,0.0002801428781822324,,0.003476143116131425
6727,0.0002485277072992176,,0.0019925672095268965
6728,0.00023229725775308907,,0.002678458346053958
6729,0.0002902634732890874,,0.003539957106113434
6730,0.0002711080014705658,,0.0024185015354305506
6731,0.0002468000748194754,,0.0028409608639776707
6732,0.0002473419008310884,,0.0026423914823681116
6733,0.0002434310590615496,,0.0019172922475263476
6734,0.00029699591686949134,,0.005933642387390137
6735,0.00029626948526129127,,0.002448289655148983
6736,0.00027483084704726934,,0.003310333238914609
6737,0.000296885147690773,,0.002781878225505352
6738,0.00025105976965278387,,0.0022451074328273535
6739,0.00023374694865196943,,0.0025555589236319065
6740,0.0003359148686286062,,0.001638744492083788
6741,0.0002933915238827467,,0.00303020142018795
6742,0.00025078299222514033,,0.0020296305883675814
6743,0.00026937300572171807,,0.002114296890795231
6744,0.0002449571620672941,,0.0022287426982074976
6745,0.00026301125762984157,,0.0023298028390854597
6746,0.0002900894614867866,,0.0029033611062914133
6747,0.00025647837901487947,,0.0021396297961473465
6748,0.0002367317647440359,,0.0017353143775835633
6749,0.00040940227336250246,,0.012447820976376534
6750,0.00023009811411611736,,0.0017102976562455297
6751,0.0003108413075096905,,0.0024291668087244034
6752,0.0002669854729901999,,0.002300058025866747
6753,0.00029873865423724055,,0.00425542751327157
6754,0.00027650597621686757,,0.0029722992330789566
6755,0.0003280206292401999,,0.012755722738802433
6756,0.0002669442619662732,,0.0028383005410432816
6757,0.00027445651357993484,,0.0024634026922285557
6758,0.00024305940314661711,,0.002169092418625951
6759,0.000294019584544003,,0.0035861157812178135
6760,0.0002971692883875221,,0.0030786411371082067
6761,0.0004465910606086254,,0.014272471889853477
6762,0.0002806196571327746,,0.002829130971804261
6763,0.00027737487107515335,,0.0028290499467402697
6764,0.00026238284772261977,,0.0019069850677624345
6765,0.0002794020692817867,,0.002361782593652606
6766,0.00024195268633775413,,0.0021177094895392656
6767,0.00027988580404780805,,0.003779248334467411
6768,0.00024116183340083808,,0.0024491767399013042
6769,0.00044446368701756,,0.009068448096513748
6770,0.0002937961835414171,,0.002673127455636859
6771,0.0002399288205197081,,0.002407333580777049
6772,0.00030617567244917154,,0.0050504193641245365
6773,0.00028649892192333937,,0.0028036339208483696
6774,0.0002700388431549072,,0.003668701509013772
6775,0.0002702646888792515,,0.0031867618672549725
6776,0.000773735111579299,,0.003715978702530265
6777,0.00039632164407521486,,0.002822220791131258
6778,0.0002404505794402212,,0.002395806834101677
6779,0.00025088986149057746,,0.0023620396386832
6780,0.00026604533195495605,,0.0026226297486573458
6781,0.0002471712068654597,,0.002555962884798646
6782,0.00024692772421985865,,0.0018405334558337927
6783,0.0004199002287350595,,0.011623326689004898
6784,0.00027027897886000574,,0.00226964452303946
6785,0.0002477864327374846,,0.003499335376545787
6786,0.0003046640777029097,,0.0027874638326466084
6787,0.00030185579089447856,,0.002336280420422554
6788,0.00026255962438881397,,0.002420654986053705
6789,0.0002700387267395854,,0.002571230987086892
6790,0.00028500257758423686,,0.0030500725843012333
6791,0.00047389784594997764,,0.002506875665858388
6792,0.0002477062225807458,,0.003692171536386013
6793,0.0006767804734408855,,0.0054692467674613
6794,0.00027087086346000433,,0.002436063252389431
6795,0.0004321036103647202,,0.014922314323484898
6796,0.0002737010072451085,,0.002783433301374316
6797,0.00025619339430704713,,0.002892495831474662
6798,0.00035872304579243064,,0.011698774062097073
6799,0.000528780510649085,,0.002686508232727647
6800,0.000421800184994936,,0.01145673543214798
6801,0.00029599768458865583,,0.0024805436842143536
6802,0.00031438679434359074,,0.006689073052257299
6803,0.0003627194673754275,,0.0040457239374518394
6804,0.0002662170154508203,,0.0030306894332170486
6805,0.0002826610580086708,,0.003438954707235098
6806,0.00024698599008843303,,0.0018077155109494925
6807,0.0008324170485138893,,0.008249576203525066
6808,0.00028448851662687957,,0.00238928385078907
6809,0.0004352274991106242,,0.00482715992256999
6810,0.00029796353192068636,,0.00231082271784544
6811,0.00029648825875483453,,0.003370517399162054
6812,0.0005169605137780309,,0.0028311472851783037
6813,0.0002652140101417899,,0.0021952660754323006
6814,0.00033169385278597474,,0.0032452151644974947
6815,0.00029852587613277137,,0.0045767296105623245
6816,0.0002561506989877671,,0.0024873577058315277
6817,0.0002645098720677197,,0.003050833009183407
6818,0.0002664698986336589,,0.0030023346189409494
6819,0.0002576420083642006,,0.0026316570583730936
6820,0.00025895668659359217,,0.003252854570746422
6821,0.0005540561396628618,,0.0022881063632667065
6822,0.0002646555658429861,,0.002480795606970787
6823,0.0002334837627131492,,0.003081816714257002
6824,0.00035409070551395416,,0.005994880106300116
6825,0.0002917971578426659,,0.002976277144625783
6826,0.00025607855059206486,,0.003706475719809532
6827,0.00024961098097264767,,0.0021534592378884554
6828,0.00026460003573447466,,0.0034612356685101986
6829,0.0002520198468118906,,0.0024735061451792717
6830,0.0003117770829703659,,0.0027505436446517706
6831,0.00023364854860119522,,0.002661342965438962
6832,0.00023026163398753852,,0.002008211798965931
6833,0.0002963943115901202,,0.0054886918514966965
6834,0.00026247321511618793,,0.002694785827770829
6835,0.0002978391421493143,,0.003416704945266247
6836,0.00028555275639519095,,0.0025107807014137506
6837,0.000337400910211727,,0.004503705073148012
6838,0.00028238966478966177,,0.0028238610830157995
6839,0.0002543714363127947,,0.002332834992557764
6840,0.00044419203186407685,,0.0032224704045802355
6841,0.00022262507991399616,,0.0031175154726952314
6842,0.00045142206363379955,,0.010432715527713299
6843,0.0003090566024184227,,0.0034388441126793623
6844,0.0003343574935570359,,0.004161699675023556
6845,0.00033209333196282387,,0.0037265156861394644
6846,0.00034360922290943563,,0.0038727535866200924
6847,0.00023976375814527273,,0.003294948721304536
6848,0.00028481826302595437,,0.0033617636654525995
6849,0.00028752972139045596,,0.0035385903902351856
6850,0.0002494113286957145,,0.0023225245531648397
6851,0.00030060746939852834,,0.0031625309493392706
6852,0.00032701942836865783,,0.007327878847718239
6853,0.00024341540120076388,,0.002310556825250387
6854,0.0002625822089612484,,0.0020930333994328976
6855,0.0005440057720988989,,0.0021295356564223766
6856,0.00024750811280682683,,0.0021835649386048317
6857,0.00026619117124937475,,0.0019480506889522076
6858,0.000396656192606315,,0.0026966568548232317
6859,0.0002376654592808336,,0.001851369277574122
6860,0.00023880685330368578,,0.002770553808659315
6861,0.0003115434374194592,,0.0025979289785027504
6862,0.0005300879711285233,,0.0029326342046260834
6863,0.0002513087820261717,,0.00317276269197464
6864,0.00021508787176571786,,0.0017250975361093879
6865,0.0006236372282728553,,0.0048128776252269745
6866,0.00022201170213520527,,0.001948983990587294
6867,0.0006479822332039475,,0.003001683158800006
6868,0.00024314457550644875,,0.0019721342250704765
6869,0.00026800407795235515,,0.0035834419541060925
6870,0.0002723316429182887,,0.002945727203041315
6871,0.0003828846092801541,,0.002338422928005457
6872,0.00022059169714339077,,0.002316155703738332
6873,0.0002727142709773034,,0.0028424556367099285
6874,0.0002604376641102135,,0.003216847311705351
6875,0.00023221886658575386,,0.002200368558987975
6876,0.00026767473900690675,,0.0024406909942626953
6877,0.00026390631683170795,,0.002199679147452116
6878,0.0004963224055245519,,0.0028427618090063334
6879,0.00022912850545253605,,0.002670101122930646
6880,0.0002570525975897908,,0.003608719678595662
6881,0.000258656800724566,,0.0019658845849335194
6882,0.00033674840233288705,,0.0018653409788385034
6883,0.00028734607622027397,,0.003481842577457428
6884,0.0004812984843738377,,0.0023910552263259888
6885,0.00025160095538012683,,0.0022315415553748608
6886,0.0002654771669767797,,0.003073164029046893
6887,0.00024212889547925442,,0.002234045183286071
6888,0.00023961257829796523,,0.0025204250123351812
6889,0.00023219583090394735,,0.002650985261425376
6890,0.00033055184758268297,,0.00813400186598301
6891,0.00027101609157398343,,0.003006215440109372
6892,0.00023814667656552047,,0.0023483990225940943
6893,0.00024967710487544537,,0.0020510286558419466
6894,0.00022575113689526916,,0.0032528298906981945
6895,0.00025925517547875643,,0.0019621127285063267
6896,0.0002809723955579102,,0.00225089187733829
6897,0.0005106715834699571,,0.01621793955564499
6898,0.00026098371017724276,,0.0019518370972946286
6899,0.0002756969188340008,,0.002768103498965502
6900,0.000271451601292938,,0.0035091356839984655
6901,0.0002710347471293062,,0.0034602328669279814
6902,0.0002746650716289878,,0.0031387824565172195
6903,0.0002408921718597412,,0.002115847310051322
6904,0.0002592235105112195,,0.0027880044654011726
6905,0.0002841153764165938,,0.003175683319568634
6906,0.0002617403515614569,,0.0030128026846796274
6907,0.0002743578515946865,,0.002482379088178277
6908,0.00046065624337643385,,0.008198171854019165
6909,0.0003041387244593352,,0.002810673089697957
6910,0.00028054247377440333,,0.0022365760523825884
6911,0.00025327049661427736,,0.0023792930878698826
6912,0.00023857710766606033,,0.002023168606683612
6913,0.0002522399299778044,,0.0025234967470169067
6914,0.00025486768572591245,,0.0023201466538012028
6915,0.0002502380812074989,,0.0020420136861503124
6916,0.0002648484951350838,,0.002270744415000081
6917,0.00031825131736695766,,0.002557032275944948
6918,0.00025599554646760225,,0.001983808819204569
6919,0.0002604912733659148,,0.0017701571341603994
6920,0.0002706923696678132,,0.0022235005162656307
6921,0.00022557153715752065,,0.001741481595672667
6922,0.000519357156008482,,0.0023180022835731506
6923,0.00041994318598881364,,0.005548626650124788
6924,0.0005025349091738462,,0.0027691624127328396
6925,0.0002958058612421155,,0.001975205261260271
6926,0.000236199441133067,,0.002713460475206375
6927,0.00027941790176555514,,0.002206411212682724
6928,0.0003089078818447888,,0.003120796987786889
6929,0.0002273055724799633,,0.0021119010634720325
6930,0.0002797307970467955,,0.0024514738470315933
6931,0.0003391423379071057,,0.009089735336601734
6932,0.0002710868138819933,,0.003223144682124257
6933,0.0002193044638261199,,0.002011810662224889
6934,0.0003423448360990733,,0.0035155012737959623
6935,0.0002764914243016392,,0.002622228814288974
6936,0.00027637730818241835,,0.0025430747773498297
6937,0.0002296380407642573,,0.002676901640370488
6938,0.00021476302936207503,,0.0021011102944612503
6939,0.00044584786519408226,,0.0030815384816378355
6940,0.000250172772211954,,0.0025153947062790394
6941,0.00020372983999550343,,0.002610589377582073
6942,0.00024752150056883693,,0.002781570889055729
6943,0.0002972952206619084,,0.003063755575567484
6944,0.0002758537884801626,,0.00316416728310287
6945,0.00023910436721052974,,0.002421564655378461
6946,0.0003427507763262838,,0.009419409558176994
6947,0.00024530559312552214,,0.002314293757081032
6948,0.0004351269453763962,,0.0027217017486691475
6949,0.00020326899539213628,,0.0019005229696631432
6950,0.0002430369786452502,,0.002064452739432454
6951,0.00027643641806207597,,0.0031539020128548145
6952,0.00025920369080267847,,0.002318204613402486
6953,0.00023166881874203682,,0.0028080393094569445
6954,0.00022464447829406708,,0.002958235563710332
6955,0.00033865420846268535,,0.010622766800224781
6956,0.00025192229077219963,,0.002467183396220207
6957,0.0002847911964636296,,0.0031956196762621403
6958,0.0002505930024199188,,0.002721741097047925
6959,0.000256459868978709,,0.0030940514989197254
6960,0.0002712503192014992,,0.0030109542421996593
6961,0.00027890957426279783,,0.0025610809680074453
6962,0.00035460724029690027,,0.0056836954317986965
6963,0.00048230108222924173,,0.003030387219041586
6964,0.00024572573602199554,,0.0032931615132838488
6965,0.0003568046377040446,,0.011028289794921875
6966,0.0003013692912645638,,0.002688573906198144
6967,0.0002458866511005908,,0.0026137419044971466
6968,0.0005839913501404226,,0.0026982924900949
6969,0.0002962887811008841,,0.003319847397506237
6970,0.0002521511632949114,,0.0025942467618733644
6971,0.00034645566483959556,,0.003021733369678259
6972,0.0002881883119698614,,0.0033273000735789537
6973,0.00025014422135427594,,0.0027098243590444326
6974,0.0002693257702048868,,0.002888024551793933
6975,0.0003975227882619947,,0.002069631591439247
6976,0.0002482003765180707,,0.002834838582202792
6977,0.0003063105687033385,,0.002757606329396367
6978,0.00030617346055805683,,0.0031367356423288584
6979,0.0002834108890965581,,0.0036089306231588125
6980,0.00023051444441080093,,0.0020293102134019136
6981,0.000267938245087862,,0.0031677454244345427
6982,0.0003206563997082412,,0.003634583903476596
6983,0.00021096612908877432,,0.002008124254643917
6984,0.0002589456853456795,,0.0036169812083244324
6985,0.0002811595913954079,,0.0031826647464185953
6986,0.0002305019152117893,,0.0020624438766390085
6987,0.0002610518713481724,,0.002272262005135417
6988,0.0004469933919608593,,0.005965596064925194
6989,0.000266673305304721,,0.0024210407864302397
6990,0.0002397145435679704,,0.0020334834698587656
6991,0.0002438907977193594,,0.0025109974667429924
6992,0.00028310599736869335,,0.0027050755452364683
6993,0.00035709826624952257,,0.0027639351319521666
6994,0.0002785727847367525,,0.0028664860874414444
6995,0.0005469536408782005,,0.0037743132561445236
6996,0.0003399006091058254,,0.01570088602602482
6997,0.00023926683934405446,,0.0033289329148828983
6998,0.00023104704450815916,,0.0021161320619285107
6999,0.0002961659920401871,,0.006506738718599081
7000,0.0002616328129079193,0.0002272396920582212,0.002684371080249548
7001,0.0002579883439466357,,0.0024622338823974133
7002,0.00021898798877373338,,0.002483958378434181
7003,0.0002878993400372565,,0.002615914214402437
7004,0.00023805504315532744,,0.0018825960578396916
7005,0.00029257225105538964,,0.0030298742931336164
7006,0.00025686039589345455,,0.002257293090224266
7007,0.0002550006320234388,,0.0028448861557990313
7008,0.00025661822292022407,,0.004041146021336317
7009,0.0002718734322115779,,0.002170725492760539
7010,0.00027340935776010156,,0.0033313422463834286
7011,0.000286854337900877,,0.002152260160073638
7012,0.00025454891147091985,,0.002448993967846036
7013,0.00037859147414565086,,0.004835688974708319
7014,0.0002490846673026681,,0.0025805565528571606
7015,0.00026820629136636853,,0.0018549567321315408
7016,0.000485248863697052,,0.003359135240316391
7017,0.00027253988082520664,,0.0024121988099068403
7018,0.0002264451904920861,,0.0020776446908712387
7019,0.0002881766704376787,,0.003384980605915189
7020,0.00027795584173873067,,0.0020645982585847378
7021,0.0002489035250619054,,0.002936061006039381
7022,0.000242076042923145,,0.002669278532266617
7023,0.0002782387600746006,,0.0058907391503453255
7024,0.0002640110324136913,,0.0029545295983552933
7025,0.00040730784530751407,,0.003533475799486041
7026,0.0002578480343800038,,0.002834135666489601
7027,0.00027517613489180803,,0.002683013677597046
7028,0.0002468932361807674,,0.0018480715807527304
7029,0.0002789086429402232,,0.00250265933573246
7030,0.0004588559386320412,,0.0023023218382149935
7031,0.0005822924431413412,,0.002474525710567832
7032,0.000258459011092782,,0.0024940259754657745
7033,0.00048660565516911447,,0.0018857123795896769
7034,0.0005089829210191965,,0.00254391273483634
7035,0.000300534360576421,,0.007121777627617121
7036,0.00022823733161203563,,0.0017762917559593916
7037,0.00034200373920612037,,0.0035231716465204954
7038,0.000488452089484781,,0.00266684009693563
7039,0.0005171252996660769,,0.0021158920135349035
7040,0.0002621508901938796,,0.003232919843867421
7041,0.0002552795922383666,,0.0024442935828119516
7042,0.00028072725399397314,,0.002154272049665451
7043,0.00023993311333470047,,0.002357675228267908
7044,0.000485565367853269,,0.0020456279162317514
7045,0.00023782288189977407,,0.002769079292193055
7046,0.0003836204996332526,,0.005862019490450621
7047,0.00025176897179335356,,0.0022060482297092676
7048,0.0002763730299193412,,0.0023749638348817825
7049,0.00029120425460860133,,0.002817561151459813
7050,0.00034132879227399826,,0.006442907731980085
7051,0.0002473608765285462,,0.002239905297756195
7052,0.0002536397660151124,,0.0022619925439357758
7053,0.0002022559492615983,,0.0016466198721900582
7054,0.0004343129403423518,,0.004647024441510439
7055,0.0002332096773898229,,0.0019740320276468992
7056,0.00027156725991517305,,0.002909479197114706
7057,0.00024924188619479537,,0.002690680092200637
7058,0.00025575145264156163,,0.0022057113237679005
7059,0.0002708434476517141,,0.0051080165430903435
7060,0.00027808453887701035,,0.0023854232858866453
7061,0.0002414199261693284,,0.0019224671414121985
7062,0.0002887051668949425,,0.002973919967189431
7063,0.00045857997611165047,,0.0032016790937632322
7064,0.0002387857239227742,,0.0020823210943490267
7065,0.0005325842066667974,,0.00327405147254467
7066,0.00023218609567265958,,0.002112607704475522
7067,0.00027660615160129964,,0.003409246215596795
7068,0.0002553839876782149,,0.003622129326686263
7069,0.00029534142231568694,,0.0023856929037719965
7070,0.0003080384340137243,,0.0035371112171560526
7071,0.0002633528201840818,,0.006147152744233608
7072,0.00023478057119064033,,0.002621009713038802
7073,0.0002711171400733292,,0.0030327127315104008
7074,0.0001982047688215971,,0.001811643480323255
7075,0.0002815001644194126,,0.0022404424380511045
7076,0.0005582334706559777,,0.003218752797693014
7077,0.0002480810508131981,,0.00236305920407176
7078,0.000254046666668728,,0.002631673589348793
7079,0.00022730072669219226,,0.0022113961167633533
7080,0.00023408597917295992,,0.002298759762197733
7081,0.00023611076176166534,,0.0024053119122982025
7082,0.0002536133397370577,,0.0032549912575632334
7083,0.0005101710557937622,,0.0019320739666000009
7084,0.00025038092280738056,,0.0028151855804026127
7085,0.00023754060384817421,,0.0025652730837464333
7086,0.0002576654951553792,,0.0020326857920736074
7087,0.00024846309679560363,,0.0025941405910998583
7088,0.00027435465017333627,,0.0023294235579669476
7089,0.0002772048464976251,,0.002363443374633789
7090,0.0002696509473025799,,0.002269458258524537
7091,0.00022695536608807743,,0.001709328847937286
7092,0.0002513696381356567,,0.002164561068639159
7093,0.0005714405560865998,,0.0034572859294712543
7094,0.0002221014437964186,,0.0019081365317106247
7095,0.00024723511887714267,,0.0025980151258409023
7096,0.00021351943723857403,,0.0021252622827887535
7097,0.00029827753314748406,,0.003911162260919809
7098,0.0002106974134221673,,0.002737285802140832
7099,0.0002345274406252429,,0.0019360444275662303
7100,0.00028947528335265815,,0.002483665244653821
7101,0.0002630051749292761,,0.0025742908474057913
7102,0.0002092410286422819,,0.0020782393403351307
7103,0.0002489315520506352,,0.0021920064464211464
7104,0.0002454457280691713,,0.0027703188825398684
7105,0.000247388583375141,,0.0023653870448470116
7106,0.00021087570348754525,,0.0021114833652973175
7107,0.00023910426534712315,,0.0021532373502850533
7108,0.00025324890157207847,,0.0026299050077795982
7109,0.00033999510924331844,,0.002771734492853284
7110,0.0002553044760134071,,0.0020899020601063967
7111,0.00024265761021524668,,0.002166214631870389
7112,0.00024522721651010215,,0.002001716522499919
7113,0.00023712986148893833,,0.0024450919590890408
7114,0.0002409394073765725,,0.0028186060953885317
7115,0.0002178783470299095,,0.0020198479760438204
7116,0.00025981824728660285,,0.0023060417734086514
7117,0.0004963153623975813,,0.00537615641951561
7118,0.00022277035168372095,,0.0026134769432246685
7119,0.00024074013344943523,,0.0024237248580902815
7120,0.00040335278026759624,,0.013374485075473785
7121,0.00023162066645454615,,0.0030465780291706324
7122,0.00024289845896419138,,0.002600864740088582
7123,0.0003226567932870239,,0.009018071927130222
7124,0.00023272421094588935,,0.003079339861869812
7125,0.00024090168881230056,,0.002438061172142625
7126,0.0002255685831187293,,0.002627456560730934
7127,0.00023603055160492659,,0.0036971603985875845
7128,0.00025239979731850326,,0.0028306450694799423
7129,0.0003656577900983393,,0.010687568224966526
7130,0.0002822104434017092,,0.003187336726114154
7131,0.00024357860093005002,,0.0032230112701654434
7132,0.0002688331005629152,,0.002179740695282817
7133,0.0002546404430177063,,0.002717353403568268
7134,0.00031117117032408714,,0.004527110606431961
7135,0.0002566297771409154,,0.003125615417957306
7136,0.00025016747531481087,,0.00258889002725482
7137,0.00025734974769875407,,0.0034263436682522297
7138,0.0002917378442361951,,0.003668769495561719
7139,0.00026226104819215834,,0.002821220550686121
7140,0.00028219184605404735,,0.004729408770799637
7141,0.0002448165905661881,,0.0024700502399355173
7142,0.00028284714790061116,,0.0023752818815410137
7143,0.0002731968997977674,,0.0026693022809922695
7144,0.0002505358716007322,,0.002587482100352645
7145,0.0005132307996973395,,0.009824422188103199
7146,0.00023672185488976538,,0.0022973371669650078
7147,0.00024819010286591947,,0.0026123698335140944
7148,0.00025976516189984977,,0.003016799222677946
7149,0.00026539151440374553,,0.002965080551803112
7150,0.0002457791706547141,,0.002046075416728854
7151,0.00035527185536921024,,0.013508155941963196
7152,0.0002699914912227541,,0.0021529248915612698
7153,0.0002771646832115948,,0.00430038059130311
7154,0.00027203280478715897,,0.0029139709658920765
7155,0.00023833481827750802,,0.0021136938594281673
7156,0.0005047469167038798,,0.004116457886993885
7157,0.0002846374991349876,,0.003222743747755885
7158,0.00024184223730117083,,0.0021993271075189114
7159,0.0002630657982081175,,0.002124857623130083
7160,0.0002264221984660253,,0.0018932687817141414
7161,0.00026306958170607686,,0.0028396546840667725
7162,0.0002503737632650882,,0.003988171461969614
7163,0.00024745636619627476,,0.0021386181470006704
7164,0.00027571135433390737,,0.0031810300424695015
7165,0.00021086334891151637,,0.0018416119273751974
7166,0.00026276521384716034,,0.001964365132153034
7167,0.00023545771546196193,,0.0022375094704329967
7168,0.00021935717086307704,,0.0039096856489777565
7169,0.00025546763208694756,,0.0024036183021962643
7170,0.0002823971153702587,,0.004488015081733465
7171,0.0003066841745749116,,0.003968510311096907
7172,0.0002437090006424114,,0.0026325045619159937
7173,0.0002846330462489277,,0.0026956817600876093
7174,0.00025579979410395026,,0.002197535475715995
7175,0.00032748267403803766,,0.0027541439048945904
7176,0.0002534223604016006,,0.002047484740614891
7177,0.0003003645106218755,,0.0023033975157886744
7178,0.00026781338965520263,,0.0020311539992690086
7179,0.00034553217119537294,,0.005097788292914629
7180,0.00023600374697707593,,0.0022319613490253687
7181,0.0005059384275227785,,0.006773666478693485
7182,0.00025684828869998455,,0.0024059524293988943
7183,0.0002354389289394021,,0.0020981759298592806
7184,0.00022964022355154157,,0.002295741345733404
7185,0.0002579445135779679,,0.002200579736381769
7186,0.00046785006998106837,,0.0018293026369065046
7187,0.0002688178501557559,,0.0028255777433514595
7188,0.00027211406268179417,,0.005746746901422739
7189,0.0002598596620373428,,0.002381676807999611
7190,0.0007771207019686699,,0.0029948537703603506
7191,0.00028910289984196424,,0.002999436343088746
7192,0.0003011440276168287,,0.0025967350229620934
7193,0.0002526183961890638,,0.0030411563348025084
7194,0.00026616567629389465,,0.00282061449252069
7195,0.000258478190517053,,0.0026309003587812185
7196,0.0002460884861648083,,0.003495162120088935
7197,0.000254167418461293,,0.0021399660035967827
7198,0.00027425569714978337,,0.002851558616384864
7199,0.00022914975124876946,,0.002203223994001746
7200,0.00026288791559636593,,0.002242308109998703
7201,0.0002588006900623441,,0.003035089233890176
7202,0.00024576651048846543,,0.0028218282386660576
7203,0.00023607327602803707,,0.003124668262898922
7204,0.00024815124925225973,,0.0023615385871380568
7205,0.00026359944604337215,,0.003264371305704117
7206,0.0002874918864108622,,0.004190879873931408
7207,0.0002427624713163823,,0.0024897069670259953
7208,0.00024558123550377786,,0.003132173325866461
7209,0.00028794194804504514,,0.005068890750408173
7210,0.00027796425274573267,,0.002505606273189187
7211,0.00032465351978316903,,0.0030290165450423956
7212,0.00030404693097807467,,0.004739203490316868
7213,0.000244992901571095,,0.0019486112287268043
7214,0.00024054927052929997,,0.002390880836173892
7215,0.00022838529548607767,,0.0018706765258684754
7216,0.00031586666591465473,,0.0027328510768711567
7217,0.00023312796838581562,,0.0020718572195619345
7218,0.00023839557252358645,,0.002059495309367776
7219,0.0005026980652473867,,0.02334550768136978
7220,0.00024369038874283433,,0.001955372514203191
7221,0.0003203104133717716,,0.003619021736085415
7222,0.0005453669000416994,,0.0044319648295640945
7223,0.000745370693039149,,0.023145444691181183
7224,0.00032806210219860077,,0.008208993822336197
7225,0.00029274396365508437,,0.0047801039181649685
7226,0.0002735099697019905,,0.003192279953509569
7227,0.0002729526022449136,,0.0029828394763171673
7228,0.0004005083756055683,,0.010835681110620499
7229,0.0003645877295639366,,0.0034203375689685345
7230,0.0002791265142150223,,0.0033017757814377546
7231,0.00027045811293646693,,0.003708204021677375
7232,0.00028389471117407084,,0.0030951991211622953
7233,0.0002740390773396939,,0.0027159254532307386
7234,0.0004081031074747443,,0.00365392304956913
7235,0.00031070076511241496,,0.0031810677610337734
7236,0.0002520732523407787,,0.0025665024295449257
7237,0.0006190252024680376,,0.003379014553502202
7238,0.000239839922869578,,0.0029280465096235275
7239,0.0002916105149779469,,0.002681650687009096
7240,0.00035824088263325393,,0.009980316273868084
7241,0.00025501553318463266,,0.0024189732503145933
7242,0.00032507540890946984,,0.002921272534877062
7243,0.0003182498912792653,,0.003356266999617219
7244,0.0003170741256326437,,0.0021531281527131796
7245,0.00024638287140987813,,0.002686543157324195
7246,0.0003409654018469155,,0.011016158387064934
7247,0.0002602561144158244,,0.0030083274468779564
7248,0.00024166084767784923,,0.002641462255269289
7249,0.000255826860666275,,0.0019225286087021232
7250,0.0002517830580472946,,0.002431208034977317
7251,0.0003079261223319918,,0.007390521001070738
7252,0.0003209231363143772,,0.0024964604526758194
7253,0.00025181472301483154,,0.0025623494293540716
7254,0.00022501192870549858,,0.0021940902806818485
7255,0.000209727295441553,,0.002378587843850255
7256,0.0002539791166782379,,0.002943397732451558
7257,0.00029671716038137674,,0.002611889038234949
7258,0.00023091319599188864,,0.0032248860225081444
7259,0.000247200601734221,,0.0035070967860519886
7260,0.00025988364359363914,,0.0021844329312443733
7261,0.0002577623527031392,,0.0028753923252224922
7262,0.00024537817807868123,,0.0029567405581474304
7263,0.00024231667339336127,,0.002804527757689357
7264,0.00033860464463941753,,0.0034887283109128475
7265,0.00021808093879371881,,0.0023198574781417847
7266,0.00022246662410907447,,0.0023963460698723793
7267,0.0002717773604672402,,0.0031879323069006205
7268,0.0002749753766693175,,0.0024645584635436535
7269,0.00026396740577183664,,0.0026032368186861277
7270,0.0003810214693658054,,0.003432223340496421
7271,0.00023432623129338026,,0.002277523744851351
7272,0.00025014294078573585,,0.0032292327377945185
7273,0.00024555239360779524,,0.001841326360590756
7274,0.00023358833277598023,,0.002627223962917924
7275,0.00026270103990100324,,0.0037566828541457653
7276,0.00026217661798000336,,0.002706906059756875
7277,0.00031251879408955574,,0.0037848344072699547
7278,0.0002909850445576012,,0.0027792169712483883
7279,0.0002971524081658572,,0.004465898498892784
7280,0.00026601480203680694,,0.0033580560702830553
7281,0.000254673941526562,,0.003140967572107911
7282,0.00026221381267532706,,0.003366373013705015
7283,0.00025703664869070053,,0.0027561222668737173
7284,0.0002468042657710612,,0.0029894141480326653
7285,0.0002640760503709316,,0.007475600112229586
7286,0.0002543404989410192,,0.0028701398987323046
7287,0.00025387690402567387,,0.0020683365873992443
7288,0.0002752541040536016,,0.004020562395453453
7289,0.0002660223690327257,,0.002370572881773114
7290,0.000234327744692564,,0.0028199879452586174
7291,0.0002582776069175452,,0.0029573491774499416
7292,0.0002377085475018248,,0.0026470546144992113
7293,0.00025006773648783565,,0.0024245642125606537
7294,0.00025616801576688886,,0.00271092657931149
7295,0.0002530064666643739,,0.003741205669939518
7296,0.0002712089626584202,,0.0023054161574691534
7297,0.0002543054870329797,,0.0032968248706310987
7298,0.00027166528161615133,,0.002644046675413847
7299,0.0002728748950175941,,0.0040559726767241955
7300,0.000222333925194107,,0.0028255621436983347
7301,0.00024995155399665236,,0.002028294373303652
7302,0.0002648971858434379,,0.002411056775599718
7303,0.00022479076869785786,,0.0026364638470113277
7304,0.0002591704542282969,,0.0035833423025906086
7305,0.000226966745685786,,0.001784500782378018
7306,0.00025880930479615927,,0.0062387194484472275
7307,0.00023009421420283616,,0.0019034012220799923
7308,0.0002843432012014091,,0.002167344093322754
7309,0.00021810561884194613,,0.0016245130682364106
7310,0.0002268139214720577,,0.0022476413287222385
7311,0.00025167191051878035,,0.003018165472894907
7312,0.00026741559850052,,0.002371618989855051
7313,0.00020973346545360982,,0.0030313897877931595
7314,0.0002854804915841669,,0.012684667482972145
7315,0.0002621083986014128,,0.0034243131522089243
7316,0.00033584143966436386,,0.011025813408195972
7317,0.0002887359296437353,,0.0060791452415287495
7318,0.00028986355755478144,,0.007265289314091206
7319,0.00032205291790887713,,0.006845945492386818
7320,0.00022349413484334946,,0.002381764119490981
7321,0.000276747829047963,,0.00289098359644413
7322,0.0003013638488482684,,0.0034480274189263582
7323,0.00024389097234234214,,0.0022909976541996002
7324,0.0002769753336906433,,0.0024327195715159178
7325,0.0002875861246138811,,0.0027066045440733433
7326,0.0002388505672570318,,0.001943842158652842
7327,0.0002532074577175081,,0.003091418417170644
7328,0.0002587830531410873,,0.0018262257799506187
7329,0.0002860873646568507,,0.004552933853119612
7330,0.00023362363572232425,,0.0017875676276162267
7331,0.0002495005901437253,,0.0036046351306140423
7332,0.0002363981620874256,,0.002277686959132552
7333,0.00029086106223985553,,0.00304504600353539
7334,0.00023252548999153078,,0.0019942396320402622
7335,0.00023881223751232028,,0.00250850897282362
7336,0.00023547487217001617,,0.002236950444057584
7337,0.00025589403230696917,,0.002239751163870096
7338,0.00024963216856122017,,0.002786169992759824
7339,0.00022788270143792033,,0.0018381563713774085
7340,0.00022223211999516934,,0.0030610919930040836
7341,0.00024978944566100836,,0.0027029761113226414
7342,0.00024111328821163625,,0.002272679703310132
7343,0.0002809474244713783,,0.002188017126172781
7344,0.00027164549101144075,,0.0031887541990727186
7345,0.0002670919639058411,,0.002145470818504691
7346,0.0005283422069624066,,0.0030459046829491854
7347,0.00024252120056189597,,0.0025607775896787643
7348,0.00021955283591523767,,0.002126478124409914
7349,0.00021931655646767467,,0.0017503886483609676
7350,0.00048655987484380603,,0.002088617067784071
7351,0.000259608612395823,,0.006669098045676947
7352,0.0002341704093851149,,0.0021520613227039576
7353,0.00025919085601344705,,0.004856386687606573
7354,0.0002713038120418787,,0.002315941033884883
7355,0.00025618294603191316,,0.0027426534797996283
7356,0.0002741436182986945,,0.0030141465831547976
7357,0.0002522329450584948,,0.0025195416528731585
7358,0.0004553960170596838,,0.00288238818757236
7359,0.00028274289797991514,,0.002444012789055705
7360,0.00021506671328097582,,0.0020849397405982018
7361,0.00023974268697202206,,0.0021390970796346664
7362,0.00023954184143804014,,0.0017870598239824176
7363,0.0002290410193381831,,0.002095595933496952
7364,0.00026873708702623844,,0.0019418912706896663
7365,0.00028512600692920387,,0.0019081487553194165
7366,0.00025405018823221326,,0.002469636034220457
7367,0.00023967388551682234,,0.0017823179950937629
7368,0.0002611188101582229,,0.0025078600738197565
7369,0.00022992216690909117,,0.0018503159517422318
7370,0.0002361598890274763,,0.002463561249896884
7371,0.0002206492645200342,,0.0027020631823688745
7372,0.00031574140302836895,,0.0042953104712069035
7373,0.00022378331050276756,,0.002301508095115423
7374,0.00021933586685918272,,0.0026066128630191088
7375,0.000493593281134963,,0.003472158219665289
7376,0.00024545611813664436,,0.0021147977095097303
7377,0.00023603904992341995,,0.0020803159568458796
7378,0.00021712911257054657,,0.0019029126269742846
7379,0.00022025707585271448,,0.002136954804882407
7380,0.00023160481941886246,,0.002048362512141466
7381,0.00047214640653692186,,0.0029092570766806602
7382,0.0002824914117809385,,0.0033267901744693518
7383,0.00020988662436138839,,0.002226813230663538
7384,0.00024642981588840485,,0.002435732167214155
7385,0.0002769477432593703,,0.0025387268979102373
7386,0.00021446147002279758,,0.0021175870206207037
7387,0.00025355099933221936,,0.0025472110137343407
7388,0.0002469036844559014,,0.0023294121492654085
7389,0.000306838599499315,,0.0027133189141750336
7390,0.00023388589033856988,,0.002019231440499425
7391,0.00022227263252716511,,0.0018199795158579946
7392,0.00028455344727262855,,0.0025940141640603542
7393,0.0003432916128076613,,0.00291930022649467
7394,0.0002309021510882303,,0.002047628862783313
7395,0.00032547031878493726,,0.0035839176271110773
7396,0.0002408650325378403,,0.0021824114955961704
7397,0.0002631988318171352,,0.0021212929859757423
7398,0.00022953524603508413,,0.001892257947474718
7399,0.00021230602578725666,,0.0019910677801817656
7400,0.0002652803377714008,,0.0018944249022752047
7401,0.00029399682534858584,,0.0133501086384058
7402,0.0002769051061477512,,0.0022054819855839014
7403,0.00023100466933101416,,0.002138811396434903
7404,0.0002486912999302149,,0.0019673220813274384
7405,0.000253651145612821,,0.0020350117702037096
7406,0.0002643649058882147,,0.002672237576916814
7407,0.0005056689842604101,,0.0026034563779830933
7408,0.000589169911108911,,0.003082945244386792
7409,0.0005372004816308618,,0.004063473083078861
7410,0.0003112340928055346,,0.0025715655647218227
7411,0.0002244290371891111,,0.0027928974013775587
7412,0.0005578576237894595,,0.002342323772609234
7413,0.00033794791670516133,,0.010334513150155544
7414,0.00023150088964030147,,0.0028295789379626513
7415,0.00043554528383538127,,0.0018990918761119246
7416,0.0002561641449574381,,0.0021255859173834324
7417,0.0006455695256590843,,0.002717014867812395
7418,0.000282735942164436,,0.0030403747223317623
7419,0.00021479077986441553,,0.0021060968283563852
7420,0.00029457430355250835,,0.0068128216080367565
7421,0.00030290050199255347,,0.004731758031994104
7422,0.00030032015638425946,,0.008882051333785057
7423,0.0002798495697788894,,0.0037103588692843914
7424,0.0002541228896006942,,0.004743516445159912
7425,0.0006434227107092738,,0.007367235142737627
7426,0.0007025905651971698,,0.015114318579435349
7427,0.0002421564859105274,,0.0027538153808563948
7428,0.0003187121474184096,,0.006621924228966236
7429,0.00024647341342642903,,0.0024508230853825808
7430,0.00027071067597717047,,0.002555673476308584
7431,0.00031726702582091093,,0.0031884205527603626
7432,0.0002768850536085665,,0.002424597507342696
7433,0.0002463063574396074,,0.002833377802744508
7434,0.0003003002784680575,,0.002610383555293083
7435,0.0002665547654032707,,0.002374243689700961
7436,0.0002807418932206929,,0.0027278494089841843
7437,0.0005129861528985202,,0.00260242004878819
7438,0.00023543367569800466,,0.002499326830729842
7439,0.000375756761059165,,0.003028838662430644
7440,0.0005353025044314563,,0.0030169226229190826
7441,0.0005119710694998503,,0.0029649129137396812
7442,0.00024717021733522415,,0.0025532233994454145
7443,0.0002222812472609803,,0.0026170695200562477
7444,0.0002960544952657074,,0.004936228971928358
7445,0.00024260701320599765,,0.0032285668421536684
7446,0.0003033877583220601,,0.003106957534328103
7447,0.000287890899926424,,0.002568526891991496
7448,0.000280031468719244,,0.002930231159552932
7449,0.00022796072880737484,,0.0026368156541138887
7450,0.0003901099553331733,,0.005643339361995459
7451,0.00023333604622166604,,0.0028780882712453604
7452,0.0005230305250734091,,0.003327723825350404
7453,0.0002701192279346287,,0.003350211540237069
7454,0.000534121529199183,,0.002531770383939147
7455,0.0005379113717935979,,0.0030753749888390303
7456,0.0003402847796678543,,0.0021033843513578176
7457,0.0002654092386364937,,0.003513003932312131
7458,0.00029725171043537557,,0.002748677507042885
7459,0.0002962924772873521,,0.008747928775846958
7460,0.00021003936126362532,,0.0021215444430708885
7461,0.00024337036302313209,,0.0019258257234469056
7462,0.00029792627901770175,,0.002204581629484892
7463,0.0002689457032829523,,0.0026533198542892933
7464,0.00022347725462168455,,0.0017781660426408052
7465,0.00027993140975013375,,0.0026498567312955856
7466,0.0002407194988336414,,0.0028774901293218136
7467,0.00026625656755641103,,0.0024516931734979153
7468,0.00027433325885795057,,0.0027311621233820915
7469,0.0003345535951666534,,0.0024512740783393383
7470,0.00026296553551219404,,0.00323748541995883
7471,0.0002728251274675131,,0.0022268143948167562
7472,0.00029076330247335136,,0.0025429774541407824
7473,0.00033732643350958824,,0.005592531058937311
7474,0.0002498842659406364,,0.0020737501326948404
7475,0.00024709393619559705,,0.0032055447809398174
7476,0.00028007657965645194,,0.0031028324738144875
7477,0.00020890598534606397,,0.0020654979161918163
7478,0.00026568843168206513,,0.0028449520468711853
7479,0.00023998795950319618,,0.0020441007800400257
7480,0.0005323883378878236,,0.0027794339694082737
7481,0.0002271354605909437,,0.002171330852434039
7482,0.00021770663443021476,,0.0018071969971060753
7483,0.00024208318791352212,,0.0031455226708203554
7484,0.00023702980251982808,,0.0020447480492293835
7485,0.0002248043892905116,,0.0039044779259711504
7486,0.00024281365040224046,,0.0027116674464195967
7487,0.00027294940082356334,,0.0034277928061783314
7488,0.00030339742079377174,,0.009158957749605179
7489,0.00023820791102480143,,0.0018796123331412673
7490,0.0002840507950168103,,0.002455575857311487
7491,0.00022465281654149294,,0.0021554690320044756
7492,0.00023903290275484324,,0.002058965153992176
7493,0.00024765683338046074,,0.0020525152795016766
7494,0.0002840094093699008,,0.007459787651896477
7495,0.00038486981065943837,,0.0023578102700412273
7496,0.0002313061704626307,,0.0026700778398662806
7497,0.00023549608886241913,,0.0019677754025906324
7498,0.00024611791013740003,,0.002377210184931755
7499,0.0003003313031513244,,0.002706280443817377
7500,0.00023826536198612303,0.0002366987619554233,0.0018980217864736915
7501,0.00024156537256203592,,0.0021090074442327023
7502,0.00020914373453706503,,0.002155524678528309
7503,0.0002093646180583164,,0.0025145141407847404
7504,0.0002711880370043218,,0.0018060848815366626
7505,0.00030948559287935495,,0.0024008851032704115
7506,0.00020110011973883957,,0.002261693589389324
7507,0.0002368778659729287,,0.003819386474788189
7508,0.00020935572683811188,,0.0021725113037973642
7509,0.0004824860952794552,,0.0021725210826843977
7510,0.00024809586466290057,,0.0024123878683894873
7511,0.0002272050187457353,,0.0020688327495008707
7512,0.00021578848827630281,,0.002240011002868414
7513,0.00026096144574694335,,0.0027655588928610086
7514,0.0002651214017532766,,0.0025435523129999638
7515,0.00023637623235117644,,0.001950803678482771
7516,0.0002603189495857805,,0.002828374272212386
7517,0.00024212853168137372,,0.002028026385232806
7518,0.0002240992325823754,,0.0032085825223475695
7519,0.0005367014673538506,,0.003687554970383644
7520,0.0002349192218389362,,0.0018280595541000366
7521,0.00046956478036008775,,0.0026558316312730312
7522,0.00024341836979147047,,0.002270026598125696
7523,0.00021849559561815113,,0.001893069944344461
7524,0.0002325904497411102,,0.0018024415476247668
7525,0.00023396694450639188,,0.002132638357579708
7526,0.00025923512293957174,,0.002068142406642437
7527,0.0003143044887110591,,0.002926385961472988
7528,0.0002525875752326101,,0.002290395088493824
7529,0.000260640139458701,,0.0022759470157325268
7530,0.00024124111223500222,,0.002151781227439642
7531,0.00023174383386503905,,0.002065102569758892
7532,0.00026009039720520377,,0.0026820520870387554
7533,0.00024016035604290664,,0.0024810342583805323
7534,0.00024051123182289302,,0.0021994952112436295
7535,0.0002447222941555083,,0.0035448414273560047
7536,0.0002366396365687251,,0.001934518339112401
7537,0.0002617032150737941,,0.0030260069761425257
7538,0.0002548101474530995,,0.0024097582791000605
7539,0.00023434315517079085,,0.002389577217400074
7540,0.0008641625754535198,,0.014856552705168724
7541,0.00022691753110848367,,0.002591676777228713
7542,0.0002674591960385442,,0.002395026385784149
7543,0.0005158354761078954,,0.0035214091185480356
7544,0.0005603798781521618,,0.02040809765458107
7545,0.0002495626104064286,,0.003101581009104848
7546,0.0002458274830132723,,0.0030787093564867973
7547,0.00035254849353805184,,0.002748309401795268
7548,0.0002619221340864897,,0.0030438329558819532
7549,0.00031338882399722934,,0.0026706361677497625
7550,0.000223848270252347,,0.002286371774971485
7551,0.0002832100144587457,,0.008835699409246445
7552,0.00024268472043331712,,0.002134906593710184
7553,0.0002970293571706861,,0.0026406373362988234
7554,0.00024283949460368603,,0.0019477703608572483
7555,0.00025723507860675454,,0.002685673302039504
7556,0.0002865983988158405,,0.0030860905535519123
7557,0.0002476988302078098,,0.002350255148485303
7558,0.0005455652717500925,,0.0022639650851488113
7559,0.0005043133278377354,,0.0025618320796638727
7560,0.00025308161275461316,,0.0026074405759572983
7561,0.00025119801284745336,,0.00354900024831295
7562,0.00024730293080210686,,0.002301650121808052
7563,0.0006398532423190773,,0.016053371131420135
7564,0.0005132334772497416,,0.002433910733088851
7565,0.00023645027249585837,,0.0022649639286100864
7566,0.0004387746739666909,,0.0025766848120838404
7567,0.0003131708945147693,,0.0028540119528770447
7568,0.00037700001848861575,,0.01125197485089302
7569,0.00048153180978260934,,0.002794671803712845
7570,0.00027822511037811637,,0.0044047217816114426
7571,0.0002758853370323777,,0.003268215339630842
7572,0.00024494639365002513,,0.003040091600269079
7573,0.0003189838316757232,,0.0060662440955638885
7574,0.0003558505268301815,,0.003174959449097514
7575,0.0004765121848322451,,0.004581056069582701
7576,0.00025500962510704994,,0.0030897874385118484
7577,0.0003153596189804375,,0.003947569988667965
7578,0.0003831620269920677,,0.005021123215556145
7579,0.00035268673673272133,,0.003240586258471012
7580,0.0002829504373949021,,0.004234860185533762
7581,0.0002883955603465438,,0.0030175726860761642
7582,0.00023738399613648653,,0.003359636990353465
7583,0.00029604113660752773,,0.003082467010244727
7584,0.0005177783314138651,,0.0024729655124247074
7585,0.00031656824285164475,,0.004181012976914644
7586,0.00024266188847832382,,0.003165997564792633
7587,0.0003270372690167278,,0.006677207071334124
7588,0.00031497370218858123,,0.004633202683180571
7589,0.00024925515754148364,,0.002934830030426383
7590,0.0002562438603490591,,0.0029289491940289736
7591,0.00024292826128657907,,0.003143235808238387
7592,0.00027314023463986814,,0.0024829991161823273
7593,0.0003435184189584106,,0.011179784312844276
7594,0.00026313596754334867,,0.003258268116042018
7595,0.00029177044052630663,,0.0033754745963960886
7596,0.00026593287475407124,,0.001951363985426724
7597,0.0002460359828546643,,0.0029604246374219656
7598,0.0002572049852460623,,0.0029781456105411053
7599,0.0004081954248249531,,0.013545787893235683
7600,0.0002855279890354723,,0.004178514238446951
7601,0.00027582424809224904,,0.005989351309835911
7602,0.0003033174143638462,,0.002946576802060008
7603,0.00026579591212794185,,0.002411634661257267
7604,0.00024463917361572385,,0.003053660737350583
7605,0.000542885041795671,,0.00374011741951108
7606,0.00027960550505667925,,0.002100609475746751
7607,0.00029659579740837216,,0.002517934190109372
7608,0.0002487915917299688,,0.0038757259026169777
7609,0.0002749284903984517,,0.0020540282130241394
7610,0.0002388911525486037,,0.0022080407943576574
7611,0.00023765210062265396,,0.0019160168012604117
7612,0.0002878005616366863,,0.0026368191465735435
7613,0.0003140332119073719,,0.0032128370366990566
7614,0.00024301603843923658,,0.00306794885545969
7615,0.00023068266455084085,,0.0026223408058285713
7616,0.00026242679450660944,,0.0027284668758511543
7617,0.00025482065393589437,,0.002081130864098668
7618,0.00026659792638383806,,0.006266213487833738
7619,0.0002406436251476407,,0.0020479043014347553
7620,0.0002234653802588582,,0.003015178022906184
7621,0.00025170904700644314,,0.0023999896366149187
7622,0.0002468029852025211,,0.0018445051973685622
7623,0.00027844475698657334,,0.0030840635299682617
7624,0.00031796470284461975,,0.006984064355492592
7625,0.0002483896096237004,,0.002522774739190936
7626,0.0003211185394320637,,0.0021260646171867847
7627,0.00026368291582912207,,0.003598094917833805
7628,0.00023091274488251656,,0.0016112948069348931
7629,0.0002127728657796979,,0.002148090861737728
7630,0.00022439034364651889,,0.0020858384668827057
7631,0.00024266407126560807,,0.002056647092103958
7632,0.00022921831987332553,,0.0019877429585903883
7633,0.0005200721207074821,,0.0025042863562703133
7634,0.0002562642330303788,,0.0020154444500803947
7635,0.0002572518424130976,,0.0028695196378976107
7636,0.0002281784254591912,,0.0019306364702060819
7637,0.00022386826458387077,,0.0017230657394975424
7638,0.0002340921782888472,,0.0030631632544100285
7639,0.00021881300199311227,,0.0021894576493650675
7640,0.00032831134740263224,,0.002944392152130604
7641,0.00025711418129503727,,0.0022506173700094223
7642,0.000218114277231507,,0.0020555034279823303
7643,0.00021606413065455854,,0.0024807637091726065
7644,0.0004908648552373052,,0.0017926439177244902
7645,0.00024219427723437548,,0.0023659204598516226
7646,0.00022205253480933607,,0.0020318226888775826
7647,0.0002797264023683965,,0.002668241737410426
7648,0.00025997773627750576,,0.002228774596005678
7649,0.00025017926236614585,,0.0028486629016697407
7650,0.00021011642820667475,,0.0024629360996186733
7651,0.00022124875977169722,,0.0016327238408848643
7652,0.00020362084615044296,,0.002801507478579879
7653,0.00022996231564320624,,0.0016626843716949224
7654,0.00023841384972911328,,0.0021696940530091524
7655,0.00024250712885987014,,0.002470636973157525
7656,0.000518749060574919,,0.0032247311901301146
7657,0.0002847971336450428,,0.00715344212949276
7658,0.0002100741257891059,,0.0025777295231819153
7659,0.00025213416665792465,,0.002921364037320018
7660,0.0002388959692325443,,0.002791648730635643
7661,0.000291122734779492,,0.0032248427160084248
7662,0.000362022896297276,,0.0019842544570565224
7663,0.00024033361114561558,,0.00470008747652173
7664,0.0002808158751577139,,0.004701477009803057
7665,0.0002640440361574292,,0.004527968354523182
7666,0.00032393127912655473,,0.010282979346811771
7667,0.0002088190522044897,,0.002503594383597374
7668,0.00022570515284314752,,0.002632411429658532
7669,0.00024002857389859855,,0.0028846068307757378
7670,0.0002882510016206652,,0.0029940693639218807
7671,0.0002473540371283889,,0.0023000750225037336
7672,0.00028750518686138093,,0.0037361609283834696
7673,0.00024030590429902077,,0.002042760606855154
7674,0.0002922808635048568,,0.0033323110546916723
7675,0.0002545830502640456,,0.003954942338168621
7676,0.0005920795956626534,,0.006708640139549971
7677,0.00024911219952628016,,0.003758168313652277
7678,0.0002430064487271011,,0.0031797338742762804
7679,0.00023820539354346693,,0.002468111924827099
7680,0.0004334672703407705,,0.013829334639012814
7681,0.00038292966200970113,,0.004027620889246464
7682,0.00029254110995680094,,0.0033818541560322046
7683,0.0003160061314702034,,0.009440162219107151
7684,0.0004138652584515512,,0.014361645095050335
7685,0.0002494684886187315,,0.0029891137965023518
7686,0.0004863064968958497,,0.00276106595993042
7687,0.00022304712911136448,,0.002730870619416237
7688,0.0002822594251483679,,0.002479501301422715
7689,0.00022066431120038033,,0.0024153287522494793
7690,0.00026466979761607945,,0.003180151106789708
7691,0.000250742508796975,,0.0022156680934131145
7692,0.00030660582706332207,,0.002515877829864621
7693,0.00024201003543566912,,0.0029277068097144365
7694,0.0003009744395967573,,0.0024232896976172924
7695,0.0006049678195267916,,0.0028908145613968372
7696,0.00022600704687647521,,0.002132980851456523
7697,0.00023457389033865184,,0.0018059503054246306
7698,0.00024688587291166186,,0.001655991654843092
7699,0.0002338317281100899,,0.002318041864782572
7700,0.00020647959900088608,,0.0016883278731256723
7701,0.00021695617760997266,,0.0021868173498660326
7702,0.0002469041501171887,,0.0018876109970733523
7703,0.0003421502187848091,,0.0022417199797928333
7704,0.0005308499094098806,,0.01349007710814476
7705,0.00024972064420580864,,0.001864485559053719
7706,0.000240172230405733,,0.002178370952606201
7707,0.00029787118546664715,,0.0026459344662725925
7708,0.00024378960370086133,,0.0023355239536613226
7709,0.0002514302614144981,,0.002232700353488326
7710,0.00031033699633553624,,0.01130963396281004
7711,0.000243111775489524,,0.0020740325562655926
7712,0.0002583737950772047,,0.002265367191284895
7713,0.00021867055329494178,,0.0032283985055983067
7714,0.0002800452639348805,,0.0024940534494817257
7715,0.0003263194521423429,,0.002615185221657157
7716,0.00023394000891130418,,0.00229342351667583
7717,0.00021053606178611517,,0.0018378867534920573
7718,0.00023035344202071428,,0.0017021361272782087
7719,0.00025624202680774033,,0.002634533913806081
7720,0.00022462100605480373,,0.00204524421133101
7721,0.00025452207773923874,,0.0025267607998102903
7722,0.000228147953748703,,0.002163166180253029
7723,0.000273481709882617,,0.0027532244566828012
7724,0.00024207110982388258,,0.0026755251456052065
7725,0.00022486268426291645,,0.0025814163964241743
7726,0.00026119680842384696,,0.003275178372859955
7727,0.00022571146837435663,,0.0029214827809482813
7728,0.0002167634665966034,,0.0019269258482381701
7729,0.0002626767673064023,,0.0034363409504294395
7730,0.0002557493280619383,,0.002599504543468356
7731,0.00020882654644083232,,0.002669957932084799
7732,0.0002710362314246595,,0.0025607505813241005
7733,0.0002244704810436815,,0.0019324850291013718
7734,0.0002591775846667588,,0.0025248669553548098
7735,0.0002589987707324326,,0.002460276009514928
7736,0.00044207583414390683,,0.010464458726346493
7737,0.00025045499205589294,,0.0018559989985078573
7738,0.00024932189262472093,,0.0027550733648240566
7739,0.00043759768595919013,,0.0022959960624575615
7740,0.0003325428697280586,,0.010484108701348305
7741,0.00021887515322305262,,0.001957992324605584
7742,0.00026174538652412593,,0.0024184230715036392
7743,0.00034566805697977543,,0.0036234429571777582
7744,0.00026105527649633586,,0.0024517332203686237
7745,0.00021736571216024458,,0.0016937602777034044
7746,0.0002555254031904042,,0.0022684261202812195
7747,0.00023716727446299046,,0.0020116171799600124
7748,0.00021185788500588387,,0.0016673726495355368
7749,0.00021648422989528626,,0.0019078493351116776
7750,0.00025390053633600473,,0.001931645441800356
7751,0.00026136834640055895,,0.0027703808154910803
7752,0.00019402883481234312,,0.0016395642887800932
7753,0.0004430255794432014,,0.0027358029037714005
7754,0.00022850655659567565,,0.0020261304453015327
7755,0.00021131236280780286,,0.002176763955503702
7756,0.0002177943242713809,,0.0020728064700961113
7757,0.00021798722445964813,,0.0019267111783847213
7758,0.00025840592570602894,,0.0023326638620346785
7759,0.0002538682892918587,,0.004506360739469528
7760,0.00021971730166114867,,0.0018361724214628339
7761,0.00024117852444760501,,0.0025310779456049204
7762,0.00023806873650755733,,0.0019722268916666508
7763,0.0003359051188454032,,0.0029107213485985994
7764,0.0002332329167984426,,0.002113600727170706
7765,0.000492268183734268,,0.0028755287639796734
7766,0.00027939496794715524,,0.0024243632797151804
7767,0.0003228515270166099,,0.003699801629409194
7768,0.0002552567166276276,,0.004476431757211685
7769,0.00024199920881073922,,0.0025864678900688887
7770,0.0005212752148509026,,0.003160452703014016
7771,0.00023899326333776116,,0.0023877311032265425
7772,0.00022018339950591326,,0.0015511747915297747
7773,0.0002471497864462435,,0.002183920470997691
7774,0.0002490029437467456,,0.0030293038580566645
7775,0.0002483960415702313,,0.0025490715634077787
7776,0.00021334560005925596,,0.001797178410924971
7777,0.00024261089856736362,,0.0022684945724904537
7778,0.00022598709620069712,,0.0023873229511082172
7779,0.00023263070033863187,,0.0020897442009299994
7780,0.00022783134772907943,,0.0019986592233181
7781,0.00023715567658655345,,0.0018718480132520199
7782,0.00021222204668447375,,0.0020614636596292257
7783,0.00020336090528871864,,0.0019323412561789155
7784,0.0002161277661798522,,0.001898086629807949
7785,0.00027268179110251367,,0.0021716118790209293
7786,0.00025040851323865354,,0.0021145546343177557
7787,0.00022013505804352462,,0.001769032794982195
7788,0.00024194542493205518,,0.0014031106838956475
7789,0.0002216825814684853,,0.002400375669822097
7790,0.00023095727374311537,,0.0021144149359315634
7791,0.00024387035227846354,,0.0023380545899271965
7792,0.00023447148851118982,,0.004386066924780607
7793,0.00023382063955068588,,0.002220727037638426
7794,0.00026171101490035653,,0.0021026600152254105
7795,0.00022640006500296295,,0.0024174144491553307
7796,0.00021524503245018423,,0.0016878679161891341
7797,0.00027741934172809124,,0.002344920765608549
7798,0.000352608592947945,,0.014762981794774532
7799,0.00024344929261133075,,0.0030647413805127144
7800,0.00022854309645481408,,0.0019149831496179104
7801,0.0002541836875025183,,0.002981727011501789
7802,0.000462701398646459,,0.008660677820444107
7803,0.0002755195600911975,,0.003054999280720949
7804,0.0003900465089827776,,0.003905614372342825
7805,0.00022721430286765099,,0.002598926890641451
7806,0.00024772650795057416,,0.00285135954618454
7807,0.00026001769583672285,,0.003748930525034666
7808,0.00024258552002720535,,0.0027165869250893593
7809,0.0002551019424572587,,0.004365629982203245
7810,0.0002563823072705418,,0.0030552183743566275
7811,0.0003263613616582006,,0.003787287976592779
7812,0.00021817960077896714,,0.0026778909377753735
7813,0.00033181902836076915,,0.007219742517918348
7814,0.00027031611534766853,,0.0037226451095193624
7815,0.00022670242469757795,,0.0025215530768036842
7816,0.0005626878119073808,,0.012336810119450092
7817,0.00026391324354335666,,0.0024119948502629995
7818,0.000266247836407274,,0.003092082217335701
7819,0.0003315479261800647,,0.016684068366885185
7820,0.0002619989973027259,,0.005439229309558868
7821,0.00047421682393178344,,0.0033673306461423635
7822,0.0004965192056261003,,0.0032098162919282913
7823,0.0004849953984376043,,0.010469488799571991
7824,0.0003624515375122428,,0.0052958945743739605
7825,0.0003004494938068092,,0.003021750133484602
7826,0.0002450132160447538,,0.0030180010944604874
7827,0.00026847730623558164,,0.0030024657025933266
7828,0.00023378692276310176,,0.0028611989691853523
7829,0.00047722371527925134,,0.003988803829997778
7830,0.00022587704006582499,,0.0029065897688269615
7831,0.000215812586247921,,0.002552715828642249
7832,0.0005193337565287948,,0.0028266070876270533
7833,0.00030209412216208875,,0.0034739060793071985
7834,0.00023688752844464034,,0.0019546421244740486
7835,0.000510053476318717,,0.010662962682545185
7836,0.0005414224578998983,,0.0053842333145439625
7837,0.00023178492847364396,,0.002615944482386112
7838,0.000302628061035648,,0.0041426559910178185
7839,0.00024336778733413666,,0.00254893209785223
7840,0.00028127379482612014,,0.0035290485247969627
7841,0.0002672789560165256,,0.0029762398917227983
7842,0.00027217980823479593,,0.0026351171545684338
7843,0.00027201510965824127,,0.0027103673201054335
7844,0.000240842200582847,,0.002556947758421302
7845,0.00022377973073162138,,0.0028662330005317926
7846,0.00025669843307696283,,0.002397602191194892
7847,0.00047751516103744507,,0.010486861690878868
7848,0.000535234110429883,,0.002463764511048794
7849,0.00025249633472412825,,0.0023635397665202618
7850,0.00032883029780350626,,0.00881008431315422
7851,0.00029650196665897965,,0.004419287666678429
7852,0.00030416224035434425,,0.0030523547902703285
7853,0.0002488211030140519,,0.0028702220879495144
7854,0.0002883305714931339,,0.0039366609416902065
7855,0.00023854341998230666,,0.0027726334519684315
7856,0.0003776914090849459,,0.0027753286994993687
7857,0.00025646534049883485,,0.0030391232576221228
7858,0.0002544927119743079,,0.0037029327359050512
7859,0.00024543507606722414,,0.003216482000425458
7860,0.0003424219321459532,,0.00390796922147274
7861,0.0002246638759970665,,0.0023949502501636744
7862,0.0002650887763593346,,0.002711733803153038
7863,0.00024842601851560175,,0.0028798480052500963
7864,0.0002793794556055218,,0.002802032046020031
7865,0.00023047649301588535,,0.0029605720192193985
7866,0.00025332055520266294,,0.002208228688687086
7867,0.00026770593831315637,,0.003437238745391369
7868,0.0005203040782362223,,0.0020563597790896893
7869,0.0005579593125730753,,0.0029320961330085993
7870,0.00023938133381307125,,0.0026960689574480057
7871,0.000290934753138572,,0.00291075324639678
7872,0.0002603576285764575,,0.0026268386282026768
7873,0.00025296499370597303,,0.0020824060775339603
7874,0.00024025740276556462,,0.0027537040878087282
7875,0.00023294401762541384,,0.002348063513636589
7876,0.00043043363257311285,,0.002723426092416048
7877,0.00021441452554427087,,0.0024562894832342863
7878,0.0003120987385045737,,0.0031648222357034683
7879,0.0002089824411086738,,0.0016782509628683329
7880,0.000274446967523545,,0.0046182977966964245
7881,0.00027558719739317894,,0.0026871063746511936
7882,0.0002672469709068537,,0.0025408193469047546
7883,0.00026944035198539495,,0.002637642901390791
7884,0.0005254818825051188,,0.002834553364664316
7885,0.00023229215003084391,,0.002337799407541752
7886,0.00020876561757177114,,0.001924992655403912
7887,0.00022601404634770006,,0.0020081819966435432
7888,0.0002494961954653263,,0.0020952322520315647
7889,0.0004837719607166946,,0.0020182933658361435
7890,0.00021006737370043993,,0.0023476469796150923
7891,0.00021377243683673441,,0.002402797807008028
7892,0.0004917843616567552,,0.002180609619244933
7893,0.00023628362396266311,,0.0038207005709409714
7894,0.00021895951067563146,,0.0023105372674763203
7895,0.00026243162574246526,,0.0031763336155563593
7896,0.00029063152032904327,,0.0033663008362054825
7897,0.00022043024364393204,,0.0024543849285691977
7898,0.00025464879581704736,,0.0026268579531461
7899,0.0005187883507460356,,0.0034255539067089558
7900,0.0005057760281488299,,0.005039646290242672
7901,0.00022868896485306323,,0.003010290674865246
7902,0.0002613335964269936,,0.002602913184091449
7903,0.00024025914899539202,,0.002553042955696583
7904,0.0002595445839688182,,0.008525144308805466
7905,0.00025220433599315584,,0.0026470075827091932
7906,0.00022050837287679315,,0.002313735196366906
7907,0.0002505425945855677,,0.00280482298694551
7908,0.0002377197379246354,,0.0024032597430050373
7909,0.00024110438243951648,,0.0023083570413291454
7910,0.0002629081136547029,,0.0023787731770426035
7911,0.0005020917160436511,,0.0026096105575561523
7912,0.00030447676545009017,,0.009598656557500362
7913,0.00021693913731724024,,0.0021599777974188328
7914,0.00026669728686101735,,0.002369346097111702
7915,0.00025821715826168656,,0.002067004330456257
7916,0.0002484097785782069,,0.0019898666068911552
7917,0.0003182522195857018,,0.008667378686368465
7918,0.0002648119698278606,,0.0020487364381551743
7919,0.00024256188771687448,,0.0027225923258811235
7920,0.00028839497826993465,,0.0022898325696587563
7921,0.00025449827080592513,,0.004349058028310537
7922,0.0005105562740936875,,0.003035455709323287
7923,0.0004859746841248125,,0.005375909153372049
7924,0.00032065194682218134,,0.016045652329921722
7925,0.00028977851616218686,,0.0025086472742259502
7926,0.000292569980956614,,0.0024870436172932386
7927,0.00024126915377564728,,0.0027153154369443655
7928,0.00021785416174679995,,0.002020518761128187
7929,0.00028835481498390436,,0.002940680366009474
7930,0.00033352835453115404,,0.0023936533834785223
7931,0.0002704724611248821,,0.0026650698855519295
7932,0.0005187762435525656,,0.002532684477046132
7933,0.0008720840560272336,,0.01509844046086073
7934,0.00021452740475069731,,0.002396887866780162
7935,0.0002877557126339525,,0.0024572701659053564
7936,0.00028416409622877836,,0.0028538156766444445
7937,0.00029474898474290967,,0.003015318885445595
7938,0.0005675394786521792,,0.0020957891829311848
7939,0.00020966745796613395,,0.002281934255734086
7940,0.0005415270570665598,,0.0028982481453567743
7941,0.00030482065631076694,,0.0028021233156323433
7942,0.00022847890795674175,,0.002836711471900344
7943,0.000272885721642524,,0.0024442183785140514
7944,0.00024078116985037923,,0.002913858275860548
7945,0.00021478114649653435,,0.0028423068579286337
7946,0.0002522674622014165,,0.0025882346089929342
7947,0.00027807976584881544,,0.004095771349966526
7948,0.0002659438760019839,,0.0029711409006267786
7949,0.0002510412596166134,,0.0037357897963374853
7950,0.0005279590259306133,,0.0030798432417213917
7951,0.00022024250938557088,,0.00253954972140491
7952,0.00024212070275098085,,0.0036883659195154905
7953,0.0003792927018366754,,0.01666269451379776
7954,0.00026438984787091613,,0.003866284852847457
7955,0.000261985813267529,,0.0028779744170606136
7956,0.00019025556684937328,,0.002179156756028533
7957,0.00021667664987035096,,0.0030087607447057962
7958,0.0002706400118768215,,0.004874324891716242
7959,0.00039511086652055383,,0.01012041512876749
7960,0.00027279555797576904,,0.0030292156152427197
7961,0.00024055875837802887,,0.0025158829521387815
7962,0.00023630232317373157,,0.0021725918632000685
7963,0.0002642489271238446,,0.006320064887404442
7964,0.00023913514451123774,,0.0023728013038635254
7965,0.00023755792062729597,,0.002522373339161277
7966,0.0002585657057352364,,0.0024605700746178627
7967,0.00022725455346517265,,0.0019650389440357685
7968,0.00041546006104908884,,0.006337246857583523
7969,0.00021899833518546075,,0.00268084229901433
7970,0.0002381818339927122,,0.0032971042674034834
7971,0.0002306963870069012,,0.002396306721493602
7972,0.00021791894687339664,,0.0020217399578541517
7973,0.0002494984364602715,,0.0024222349748015404
7974,0.0002979469718411565,,0.007572114933282137
7975,0.0002865478163585067,,0.0024989068042486906
7976,0.0002821563684847206,,0.003478361526504159
7977,0.0002321770298294723,,0.0019624154083430767
7978,0.00021860352717339993,,0.002758959773927927
7979,0.00023392512230202556,,0.0027275653555989265
7980,0.0002120598655892536,,0.001923037227243185
7981,0.0002340334904147312,,0.0018204788211733103
7982,0.0002790957223623991,,0.002527380594983697
7983,0.0002491460181772709,,0.0027612701524049044
7984,0.00024617044255137444,,0.0024858457036316395
7985,0.00023821427021175623,,0.0017510178731754422
7986,0.0002167265338357538,,0.001601270865648985
7987,0.0003873576351907104,,0.010561428032815456
7988,0.0002424660779070109,,0.002695778850466013
7989,0.00029156336677260697,,0.0029790461994707584
7990,0.0002990119392052293,,0.0021163939964026213
7991,0.00023524538846686482,,0.0020079240202903748
7992,0.0002689669490791857,,0.0024967482313513756
7993,0.00027564901392906904,,0.00876607932150364
7994,0.00023814194719307125,,0.0017093004425987601
7995,0.00023749761749058962,,0.0046092914417386055
7996,0.00022821006132289767,,0.0023905818816274405
7997,0.00023451288871001452,,0.00252293492667377
7998,0.0004664757288992405,,0.0018092805985361338
7999,0.0002625925117172301,,0.002394594019278884
8000,0.00022136354527901858,0.00021729705079170385,0.002271191217005253
8001,0.0002380746154813096,,0.002083932515233755
8002,0.0004953873576596379,,0.0029752079863101244
8003,0.00047488947166129947,,0.0020545099396258593
8004,0.00029819493647664785,,0.0030886114109307528
8005,0.0002488007885403931,,0.0024970523081719875
8006,0.00022932227875571698,,0.0018530378583818674
8007,0.0003651687875390053,,0.004704033490270376
8008,0.00026630115462467074,,0.0026460879016667604
8009,0.000226778065552935,,0.0020952937193214893
8010,0.00031082105124369264,,0.01334409136325121
8011,0.00024769484298303723,,0.005659394897520542
8012,0.00022853224072605371,,0.005866247694939375
8013,0.0002492009662091732,,0.002302103443071246
8014,0.00035803020000457764,,0.012186230160295963
8015,0.0002714396105147898,,0.002388382563367486
8016,0.00022616740898229182,,0.0025019547902047634
8017,0.0002868014562409371,,0.0031746902968734503
8018,0.00024307824787683785,,0.0024270492140203714
8019,0.0002298815961694345,,0.0019906144589185715
8020,0.00033866576268337667,,0.006180901080369949
8021,0.00020458316430449486,,0.0023556379601359367
8022,0.0003051405947189778,,0.003322863020002842
8023,0.00022777289268560708,,0.0017363185761496425
8024,0.00027247756952419877,,0.0028038572054356337
8025,0.00023844907991588116,,0.002786534372717142
8026,0.00025576853659003973,,0.00272819004021585
8027,0.0004842872731387615,,0.0030338873621076345
8028,0.00024226808454841375,,0.0026409283746033907
8029,0.00047144037671387196,,0.0032622222788631916
8030,0.0003246408305130899,,0.0033902174327522516
8031,0.00044953159522265196,,0.003769297618418932
8032,0.00020726840011775494,,0.002795897191390395
8033,0.00024875267990864813,,0.0032706388738006353
8034,0.0002504644216969609,,0.003494234522804618
8035,0.00023254772531799972,,0.002841482637450099
8036,0.0005692202830687165,,0.0044176289811730385
8037,0.0002630705130286515,,0.0027672608848661184
8038,0.0002847943687811494,,0.003771964693441987
8039,0.0002602956083137542,,0.004325117450207472
8040,0.00026577027165330946,,0.002448216313496232
8041,0.0002432361216051504,,0.004196610301733017
8042,0.00026799269835464656,,0.0027296042535454035
8043,0.0002659666643012315,,0.0034584887325763702
8044,0.00022402114700526,,0.004413767717778683
8045,0.0007362469914369285,,0.0020266042556613684
8046,0.00031986620160751045,,0.008668513037264347
8047,0.00022749195341020823,,0.0036163523327559233
8048,0.00021907144400756806,,0.0022169549483805895
8049,0.00025265663862228394,,0.0033140808809548616
8050,0.00022549186542164534,,0.00214124983176589
8051,0.0002453709894325584,,0.003009101143106818
8052,0.00025021639885380864,,0.003182015847414732
8053,0.00025715475203469396,,0.0022759849671274424
8054,0.0002594339312054217,,0.0031058716122061014
8055,0.00020472618052735925,,0.002000743756070733
8056,0.000245878123678267,,0.0021745841950178146
8057,0.000497230386827141,,0.002971565118059516
8058,0.00039343262324109674,,0.0027684010565280914
8059,0.00025247022858820856,,0.0033880684059113264
8060,0.0002292835561092943,,0.003579509211704135
8061,0.0005373136955313385,,0.0022140578366816044
8062,0.00032056740019470453,,0.002942567691206932
8063,0.00024875893723219633,,0.0027105684857815504
8064,0.00026588584296405315,,0.003244787221774459
8065,0.00021671174908988178,,0.0035536999348551035
8066,0.0002462013508193195,,0.0023288896773010492
8067,0.0002587356138974428,,0.0026118471287190914
8068,0.00018017823458649218,,0.0019024366047233343
8069,0.000241891568293795,,0.002488552127033472
8070,0.0002340676583116874,,0.001973761012777686
8071,0.00024987917277030647,,0.0019516159081831574
8072,0.0002654445415828377,,0.0022247538436204195
8073,0.00025289933546446264,,0.0032338802702724934
8074,0.00020002853125333786,,0.0017163658048957586
8075,0.0005283976788632572,,0.0026096161454916
8076,0.00022313323279377073,,0.0018860002746805549
8077,0.0002220930764451623,,0.0018004984594881535
8078,0.00021248485427349806,,0.0029258891008794308
8079,0.0004975385963916779,,0.002217779401689768
8080,0.0004016391176264733,,0.013891910202801228
8081,0.00024767385912127793,,0.0024009160697460175
8082,0.00023300593602471054,,0.002334773540496826
8083,0.0005139985587447882,,0.002560853026807308
8084,0.0002503222203813493,,0.002659947844222188
8085,0.00023752759443596005,,0.004476738628000021
8086,0.0003936489229090512,,0.014922542497515678
8087,0.00025367847410961986,,0.002626043278723955
8088,0.00024873274378478527,,0.0024094146210700274
8089,0.00022857077419757843,,0.0024939822033047676
8090,0.000252243917202577,,0.0021217057947069407
8091,0.00021708625718019903,,0.002361862687394023
8092,0.0002638434525579214,,0.0029185155872255564
8093,0.0002937493263743818,,0.0028367461636662483
8094,0.00028199865482747555,,0.005664049182087183
8095,0.0002510530757717788,,0.0027227860409766436
8096,0.0005318900221027434,,0.009828389622271061
8097,0.0002807952696457505,,0.0021197889000177383
8098,0.00024823565036058426,,0.002803959883749485
8099,0.0002307211107108742,,0.002003822475671768
8100,0.00028939172625541687,,0.0024430537596344948
8101,0.00028258602833375335,,0.002416641917079687
8102,0.0005355823086574674,,0.006207844242453575
8103,0.00023399386554956436,,0.0018047449411824346
8104,0.0002725621161516756,,0.001970392419025302
8105,0.0002573463716544211,,0.002221741247922182
8106,0.00026612242800183594,,0.002663403283804655
8107,0.0002300237974850461,,0.002517727902159095
8108,0.00020008852879982442,,0.002322402084246278
8109,0.0002736096503213048,,0.005251188296824694
8110,0.0004635327204596251,,0.0028753564693033695
8111,0.0002664249041117728,,0.0023299260064959526
8112,0.0002257354062749073,,0.0022496217861771584
8113,0.000224979012273252,,0.00236801290884614
8114,0.0002608593786135316,,0.0023935979697853327
8115,0.00024695548927411437,,0.0021316814236342907
8116,0.0002645002386998385,,0.0025125588290393353
8117,0.00020376165048219264,,0.001973095815628767
8118,0.00027049286291003227,,0.003167859511449933
8119,0.00030278999474830925,,0.0025288534816354513
8120,0.00022635764617007226,,0.002378738485276699
8121,0.00024450221098959446,,0.0021900308784097433
8122,0.00024911260697990656,,0.008151127956807613
8123,0.00035285562626086175,,0.0024742167443037033
8124,0.00040040616295300424,,0.011963351629674435
8125,0.00023374694865196943,,0.0017600427381694317
8126,0.00024366012075915933,,0.002623105188831687
8127,0.00022442647605203092,,0.0021954812109470367
8128,0.00024216971360147,,0.0020440672524273396
8129,0.0002549302880652249,,0.0019623329862952232
8130,0.0002487855381332338,,0.002235962776467204
8131,0.00021422666031867266,,0.0021914872340857983
8132,0.00022313620138447732,,0.002460033865645528
8133,0.00023239168513100594,,0.003446246962994337
8134,0.0004663366707973182,,0.002555118640884757
8135,0.00025312541401945055,,0.004106367472559214
8136,0.00023635706747882068,,0.002088049426674843
8137,0.0002502122661098838,,0.002696647308766842
8138,0.00027166990912519395,,0.002146391663700342
8139,0.00022265870939008892,,0.002504191594198346
8140,0.000244629307417199,,0.002218151232227683
8141,0.00026479954249225557,,0.002789100632071495
8142,0.00025224348064512014,,0.0037103770300745964
8143,0.00021996656141709536,,0.0018518422730267048
8144,0.00027555180713534355,,0.0019487490644678473
8145,0.00020700343884527683,,0.0025619505904614925
8146,0.00022470438852906227,,0.006481713615357876
8147,0.00024400015536230057,,0.0024376080837100744
8148,0.00021871236094739288,,0.0017271818360313773
8149,0.0002567166229709983,,0.002357326215133071
8150,0.00027790089370682836,,0.0058465199545025826
8151,0.00022464511857833713,,0.0030196006409823895
8152,0.0004926336114294827,,0.0015842493157833815
8153,0.0002407869033049792,,0.0018842928111553192
8154,0.00026023940881714225,,0.006024340633302927
8155,0.00021804729476571083,,0.001762677333317697
8156,0.0002275309234391898,,0.0024426067247986794
8157,0.00024513539392501116,,0.007957293651998043
8158,0.000334323471179232,,0.0021675555035471916
8159,0.00019781103765126318,,0.0013419726165011525
8160,0.00019025764777325094,,0.0017278349259868264
8161,0.0004182624979875982,,0.002393192145973444
8162,0.00025082065258175135,,0.002234809100627899
8163,0.00022642675321549177,,0.001877548173069954
8164,0.0002493909269105643,,0.002314645564183593
8165,0.00021051177463959903,,0.0019918440375477076
8166,0.00022065805387683213,,0.002402809215709567
8167,0.00026828452246263623,,0.0024546352215111256
8168,0.00023237208370119333,,0.0024205134250223637
8169,0.00023007810523267835,,0.00204076268710196
8170,0.00019629919552244246,,0.0017701961332932115
8171,0.0004050081770401448,,0.016249362379312515
8172,0.0004754254478029907,,0.0017218452412635088
8173,0.00026905175764113665,,0.0038649686612188816
8174,0.00025497254682704806,,0.004108042921870947
8175,0.0002531707286834717,,0.0026299504097551107
8176,0.0005157300620339811,,0.010432775132358074
8177,0.00032937776995822787,,0.008873493410646915
8178,0.000274625577731058,,0.002896940568462014
8179,0.0002814255130942911,,0.003005369333550334
8180,0.00023366627283394337,,0.0029652321245521307
8181,0.0002257785527035594,,0.0022901752963662148
8182,0.0002261547779198736,,0.0025912041310220957
8183,0.0002261598565382883,,0.0019549678545445204
8184,0.0004570841265376657,,0.01071068737655878
8185,0.00026451307348906994,,0.0026141235139220953
8186,0.00024387790472246706,,0.0026223105378448963
8187,0.00023904451518319547,,0.0022790164221078157
8188,0.00047088583232834935,,0.002058850135654211
8189,0.0003012667875736952,,0.008475950919091702
8190,0.0002519545378163457,,0.002856113249436021
8191,0.0002746161771938205,,0.002277862746268511
8192,0.0003201924846507609,,0.0031674476340413094
8193,0.000255999097134918,,0.0028057044837623835
8194,0.00021859158005099744,,0.002046259120106697
8195,0.000388248881790787,,0.003273792564868927
8196,0.00024775948259048164,,0.0026576791424304247
8197,0.0005381706869229674,,0.0028953636065125465
8198,0.00021885172463953495,,0.0024696749169379473
8199,0.00028228064184077084,,0.002462259028106928
8200,0.0002741028438322246,,0.0027241860516369343
8201,0.00023035643971525133,,0.0026968831662088633
8202,0.0002634946722537279,,0.0032537211664021015
8203,0.00022203118714969605,,0.0020041936077177525
8204,0.0002617710269987583,,0.0029045443516224623
8205,0.0002164201287087053,,0.0024836084339767694
8206,0.0002121792349498719,,0.0021492275409400463
8207,0.00022144880495034158,,0.0026839347556233406
8208,0.00019351427908986807,,0.0022589624859392643
8209,0.0005835077026858926,,0.012755271978676319
8210,0.00022617753711529076,,0.0031533155124634504
8211,0.00022054572764318436,,0.003142177825793624
8212,0.00023967877496033907,,0.003782596904784441
8213,0.00024169590324163437,,0.002314624609425664
8214,0.000234036982874386,,0.0025968824047595263
8215,0.00033255998278036714,,0.007519158069044352
8216,0.0002810221049003303,,0.008607030846178532
8217,0.0002976275281980634,,0.0033773791510611773
8218,0.00021772713807877153,,0.0026384603697806597
8219,0.00021666963584721088,,0.002794227795675397
8220,0.00023356560268439353,,0.0017306340159848332
8221,0.00024160908651538193,,0.0026102380361407995
8222,0.00022072582214605063,,0.002442606957629323
8223,0.000265768903773278,,0.002488303929567337
8224,0.00023170176427811384,,0.0025593105237931013
8225,0.000565517577342689,,0.003242592327296734
8226,0.0001930961589096114,,0.0019409210653975606
8227,0.00045539377606473863,,0.003592642256990075
8228,0.00040757772512733936,,0.010731276124715805
8229,0.00043150264536961913,,0.003139226697385311
8230,0.0002534742816351354,,0.0025813139509409666
8231,0.0004945883410982788,,0.003495754674077034
8232,0.00024011943605728447,,0.002774393418803811
8233,0.0002659784513525665,,0.002624470740556717
8234,0.0002748720289673656,,0.00220711762085557
8235,0.00023973114730324596,,0.0023827794939279556
8236,0.0002391665184404701,,0.002621327294036746
8237,0.0007644788711331785,,0.0024104630574584007
8238,0.0005598480347543955,,0.0024929249193519354
8239,0.00022168696159496903,,0.002013973193243146
8240,0.00021119303710293025,,0.0017342346254736185
8241,0.0002656644210219383,,0.002872323151677847
8242,0.00021994925918988883,,0.002455751411616802
8243,0.00021421448036562651,,0.002859639236703515
8244,0.00024728671996854246,,0.002535969251766801
8245,0.00026677176356315613,,0.0030511566437780857
8246,0.0004982291138730943,,0.0027320743538439274
8247,0.00024177627346944064,,0.002135545015335083
8248,0.00024374327040277421,,0.002430967055261135
8249,0.00022159412037581205,,0.002686843043193221
8250,0.0002318580955034122,,0.0023840456269681454
8251,0.00022758159320801497,,0.0017802435904741287
8252,0.00022064399672672153,,0.0025315359234809875
8253,0.00028046342777088284,,0.002828746335580945
8254,0.0002893050550483167,,0.007792448624968529
8255,0.0005241016042418778,,0.004727719817310572
8256,0.00021309863950591534,,0.002945174463093281
8257,0.00027447365573607385,,0.00313239055685699
8258,0.00023443831014446914,,0.0023700951132923365
8259,0.00026620374410413206,,0.007968917489051819
8260,0.00021289565484039485,,0.0022614907938987017
8261,0.00023005902767181396,,0.002661182777956128
8262,0.00029933208134025335,,0.0028703014831990004
8263,0.0002681003825273365,,0.002432889072224498
8264,0.00019956630421802402,,0.002276057144626975
8265,0.0002374345058342442,,0.0029853880405426025
8266,0.0002223257179139182,,0.0023046324495226145
8267,0.00028712485800497234,,0.0029785276856273413
8268,0.0002799491339828819,,0.002479719463735819
8269,0.0002250771940452978,,0.0022317846305668354
8270,0.00022638693917542696,,0.0020516589283943176
8271,0.00021403444407042116,,0.002347384812310338
8272,0.000229768076678738,,0.0022365485783666372
8273,0.00024182487686630338,,0.0023390629794448614
8274,0.00026012666057795286,,0.0027479538694024086
8275,0.0004328146460466087,,0.0022900844924151897
8276,0.0004631943884305656,,0.00214764173142612
8277,0.0002212009858340025,,0.002785177668556571
8278,0.00021910128998570144,,0.0016771939117461443
8279,0.00021482752345036715,,0.0020360371563583612
8280,0.00030818028608337045,,0.003296210430562496
8281,0.0002461547846905887,,0.0019604465924203396
8282,0.0003114818246103823,,0.003025846555829048
8283,0.00022732015349902213,,0.0021270832512527704
8284,0.00022811669623479247,,0.0023708660155534744
8285,0.00023209824576042593,,0.0018454266246408224
8286,0.00020331695850472897,,0.0018091294914484024
8287,0.0002507875324226916,,0.0020879742223769426
8288,0.00023247026547323912,,0.002044038148596883
8289,0.00024229215341620147,,0.0029669594950973988
8290,0.00022013054694980383,,0.0018894209060817957
8291,0.00021270461729727685,,0.002355807228013873
8292,0.00024160032626241446,,0.0022529547568410635
8293,0.00022482461645267904,,0.002211009617894888
8294,0.00021623486827593297,,0.0028984711971133947
8295,0.0004978072829544544,,0.0031508421525359154
8296,0.00023285241331905127,,0.0019440032774582505
8297,0.0002674486022442579,,0.004665560554713011
8298,0.00023015201441012323,,0.0027548070065677166
8299,0.00024936962290667,,0.0033574202097952366
8300,0.0002390686422586441,,0.003354195971041918
8301,0.00020813521405216306,,0.0020873986650258303
8302,0.00028337596450001,,0.003698543179780245
8303,0.0002455342619214207,,0.002769280457869172
8304,0.000229748897254467,,0.002277352847158909
8305,0.00025327331968583167,,0.003320883959531784
8306,0.00022294389782473445,,0.002397313015535474
8307,0.00020374063751660287,,0.002071134280413389
8308,0.00023156832321546972,,0.0031269975006580353
8309,0.0002463140990585089,,0.0025938493199646473
8310,0.00020028764265589416,,0.002329425420612097
8311,0.00030418665846809745,,0.005382769275456667
8312,0.0002514830557629466,,0.0026825324166566133
8313,0.00023779153707437217,,0.002315244870260358
8314,0.0004408574604894966,,0.0035897474735975266
8315,0.0002440214593661949,,0.003087118733674288
8316,0.0002274478756589815,,0.002971192356199026
8317,0.0001960638037417084,,0.0024843188002705574
8318,0.00022894050925970078,,0.0023063626140356064
8319,0.00024721919908188283,,0.002487837802618742
8320,0.00025610532611608505,,0.002836203435435891
8321,0.00021884136367589235,,0.0021412840578705072
8322,0.00019737622642423958,,0.001697911648079753
8323,0.000189813639735803,,0.0017925179563462734
8324,0.0005035455687902868,,0.002459772862493992
8325,0.0005217831349000335,,0.002560009714215994
8326,0.0002004598209168762,,0.0019103667000308633
8327,0.00025615724734961987,,0.002241402631625533
8328,0.00022855812858324498,,0.0021710717119276524
8329,0.0002506858145352453,,0.0022280728444457054
8330,0.0002205743658123538,,0.0018281482625752687
8331,0.00022748878109268844,,0.001852779765613377
8332,0.0004904507077299058,,0.002034839941188693
8333,0.0002096937969326973,,0.001812883885577321
8334,0.00019096687901765108,,0.002136803697794676
8335,0.0002319531049579382,,0.0030415095388889313
8336,0.00024196009326260537,,0.0023174071684479713
8337,0.00023632647935301065,,0.002672417089343071
8338,0.00021730188746005297,,0.0024321002420037985
8339,0.0002366673870710656,,0.001964084105566144
8340,0.0002610453520901501,,0.0027657332830131054
8341,0.00019864416390191764,,0.0028118889313191175
8342,0.0004914592718705535,,0.0029926998540759087
8343,0.00021090012160129845,,0.0026786564849317074
8344,0.0002791709266602993,,0.004633869044482708
8345,0.00022368537611328065,,0.002388856140896678
8346,0.0002213719708379358,,0.002619015984237194
8347,0.00021943467436358333,,0.0019073180155828595
8348,0.00021830183686688542,,0.0022042833734303713
8349,0.00021461401775013655,,0.0022103609517216682
8350,0.0002170655643567443,,0.0016756828408688307
8351,0.00019860858446918428,,0.001549204345792532
8352,0.00024154671700671315,,0.00490995030850172
8353,0.0002370809525018558,,0.0017958752578124404
8354,0.00023244565818458796,,0.002297462895512581
8355,0.0001996177015826106,,0.0019736005924642086
8356,0.00024098192807286978,,0.0021200005430728197
8357,0.0002364461252000183,,0.0024009384214878082
8358,0.00024313939502462745,,0.0020525208674371243
8359,0.00024090362421702594,,0.002655788091942668
8360,0.00022291403729468584,,0.002347957342863083
8361,0.00023543514544144273,,0.0025246944278478622
8362,0.0004722693411167711,,0.0031375933904200792
8363,0.0002518339897505939,,0.003189247567206621
8364,0.000227974247536622,,0.0021444857120513916
8365,0.00027247541584074497,,0.003306422848254442
8366,0.0005354811437427998,,0.010214833542704582
8367,0.00023656254052184522,,0.002385892905294895
8368,0.00024393925559706986,,0.0024451673962175846
8369,0.00029174156952649355,,0.002358170924708247
8370,0.00024355374625883996,,0.0023986853193491697
8371,0.0002959553967230022,,0.002494330517947674
8372,0.00023900551605038345,,0.00178057502489537
8373,0.0002098040422424674,,0.002166872378438711
8374,0.00022705126320943236,,0.0022594903130084276
8375,0.000207950099138543,,0.0024540063459426165
8376,0.00020384385425131768,,0.001706860028207302
8377,0.000289062038064003,,0.0028083340730518103
8378,0.00028824538458138704,,0.005523457657545805
8379,0.00021996384020894766,,0.0018501121085137129
8380,0.0007078124908730388,,0.008142475970089436
8381,0.0002164096076739952,,0.002403576159849763
8382,0.00026460131630301476,,0.0017792917788028717
8383,0.00022905587684363127,,0.0029100028332322836
8384,0.0002106676110997796,,0.001985458889976144
8385,0.0002922942803706974,,0.003412176389247179
8386,0.00023731999681331217,,0.0036733087617903948
8387,0.00021931433002464473,,0.0016253836220130324
8388,0.0002784283133223653,,0.003623342840000987
8389,0.00023336734739132226,,0.0020162316504865885
8390,0.0004535097978077829,,0.0024268741253763437
8391,0.00021471723448485136,,0.002645962405949831
8392,0.00022095508757047355,,0.001879624673165381
8393,0.00020920427050441504,,0.002801707945764065
8394,0.00020262127509340644,,0.0026310039684176445
8395,0.0002331550931558013,,0.0016957493498921394
8396,0.00021969384397380054,,0.0030303560197353363
8397,0.00020911108003929257,,0.0014715248253196478
8398,0.00024510768707841635,,0.002075614407658577
8399,0.00023553226492367685,,0.0024334413465112448
8400,0.0002272251294925809,,0.0015951854875311255
8401,0.00021050716168247163,,0.002282581990584731
8402,0.00019516823522280902,,0.0015903369057923555
8403,0.00019856251310557127,,0.0019400541204959154
8404,0.00019837383297272027,,0.0015702068340033293
8405,0.0002170281222788617,,0.001773093594238162
8406,0.00021965205087326467,,0.002045296598225832
8407,0.00020407931879162788,,0.0015594747383147478
8408,0.00020103828865103424,,0.0016921014757826924
8409,0.0002274469443364069,,0.001558502553962171
8410,0.00028636882780119777,,0.003163983579725027
8411,0.00020802411017939448,,0.0022523568477481604
8412,0.0002657661389093846,,0.002268931595608592
8413,0.0001984684931812808,,0.0017750256229192019
8414,0.00030710583087056875,,0.004689068533480167
8415,0.0002680727920960635,,0.010504689067602158
8416,0.0002182531461585313,,0.0021673382725566626
8417,0.00024386563745792955,,0.004037844017148018
8418,0.00020873054745607078,,0.0017071609618142247
8419,0.00021833041682839394,,0.002399715129286051
8420,0.00045588205102831125,,0.002038471633568406
8421,0.00025757920229807496,,0.0028409261722117662
8422,0.0002269662218168378,,0.002342382213100791
8423,0.00023204064927995205,,0.0025776801630854607
8424,0.00022815048578195274,,0.00272539583966136
8425,0.00023439995129592717,,0.0021749152801930904
8426,0.00035733607364818454,,0.0025354076642543077
8427,0.00023639974824618548,,0.002228472614660859
8428,0.0001882488577393815,,0.0018345031421631575
8429,0.00022832234390079975,,0.001999227562919259
8430,0.00031754665542393923,,0.0036253384314477444
8431,0.00045356492046266794,,0.0024530489463359118
8432,0.00023616325051989406,,0.0020803501829504967
8433,0.0002111343201249838,,0.002452547661960125
8434,0.00023154960945248604,,0.002604902721941471
8435,0.00021251774160191417,,0.0027560247108340263
8436,0.0005461861728690565,,0.0023394529707729816
8437,0.00023344773217104375,,0.0020521811675280333
8438,0.00046491005923599005,,0.0022485998924821615
8439,0.00023077514197211713,,0.0022910446859896183
8440,0.0002834638871718198,,0.0020924147684127092
8441,0.00020514964126050472,,0.0024427659809589386
8442,0.0002727733226493001,,0.002450619824230671
8443,0.00022087599791120738,,0.0019552181474864483
8444,0.00022065638040658087,,0.001446011010557413
8445,0.0004765078192576766,,0.0020943235140293837
8446,0.00022660958347842097,,0.001970181241631508
8447,0.00022793831885792315,,0.0029923091642558575
8448,0.000221334834350273,,0.001515543321147561
8449,0.00021538767032325268,,0.001580216339789331
8450,0.0002747330581769347,,0.003453643526881933
8451,0.00022003799676895142,,0.002613621763885021
8452,0.00022410822566598654,,0.002156934468075633
8453,0.00024864726583473384,,0.002054339973255992
8454,0.00022986228577792645,,0.0020067845471203327
8455,0.00023166061146184802,,0.0023774998262524605
8456,0.00034271852928213775,,0.0020393028389662504
8457,0.0002515783126000315,,0.0017310159746557474
8458,0.00025050152908079326,,0.0029064505361020565
8459,0.00025203125551342964,,0.00339531060308218
8460,0.00023523796699009836,,0.0029032835736870766
8461,0.00025109300622716546,,0.0026137561071664095
8462,0.00023302975750993937,,0.003121849847957492
8463,0.00024585690698586404,,0.0024791264440864325
8464,0.00022369271027855575,,0.0033939487766474485
8465,0.000254207436228171,,0.003505565458908677
8466,0.00024155370192602277,,0.004039959516376257
8467,0.00020257453434169292,,0.0025288446340709925
8468,0.00021820992697030306,,0.002192840678617358
8469,0.00027664320077747107,,0.0035490745212882757
8470,0.00018256096518598497,,0.002072755014523864
8471,0.00022222688130568713,,0.0023795529268682003
8472,0.00021995956194587052,,0.0025675466749817133
8473,0.00022672842897009104,,0.002432036679238081
8474,0.00021151946566533297,,0.0023864186368882656
8475,0.00020715733990073204,,0.0018068007193505764
8476,0.00023540150141343474,,0.0020033528562635183
8477,0.00023598350526299328,,0.0025151516310870647
8478,0.00021331215975806117,,0.0030736925546079874
8479,0.00022094795713201165,,0.0017034676857292652
8480,0.0002282067871419713,,0.0024821560364216566
8481,0.0004761676536872983,,0.002078009769320488
8482,0.00020434078760445118,,0.0015423950972035527
8483,0.00020513171330094337,,0.0021203910000622272
8484,0.0002296849270351231,,0.002198323840275407
8485,0.0002051988267339766,,0.0020461678504943848
8486,0.00023295152641367167,,0.001932731014676392
8487,0.00022413022816181183,,0.0020717275328934193
8488,0.00020319402392487973,,0.0023026997223496437
8489,0.00022482764325104654,,0.002078105229884386
8490,0.00018775713397189975,,0.0013369154185056686
8491,0.0004916732432320714,,0.002257507760077715
8492,0.00020175152167212218,,0.0020138367544859648
8493,0.00021323669352568686,,0.0018199181649833918
8494,0.0002991579531226307,,0.002075499389320612
8495,0.0002189453225582838,,0.0018659712513908744
8496,0.00020740814215969294,,0.001856499700807035
8497,0.0002171726373489946,,0.0020733580458909273
8498,0.00046260328963398933,,0.008677368983626366
8499,0.0005332329892553389,,0.002078164368867874
8500,0.00020080700051039457,0.00022185037894423946,0.0027011882048100233
8501,0.00019558593339752406,,0.002064016880467534
8502,0.00022670449106954038,,0.0026399667840451
8503,0.0004705665342044085,,0.0024637875612825155
8504,0.00022495856683235615,,0.0023524228017777205
8505,0.00022163253743201494,,0.0022050284314900637
8506,0.0005187233909964561,,0.005112490151077509
8507,0.00040276290383189917,,0.013115953654050827
8508,0.00022124603856354952,,0.00244631408713758
8509,0.00022913701832294464,,0.0028215297497808933
8510,0.00024116059648804367,,0.00536285201087594
8511,0.0002252908598165959,,0.002668475266546011
8512,0.00024179834872484207,,0.002031684620305896
8513,0.00020466202113311738,,0.0021778515074402094
8514,0.000282467546639964,,0.005323376506567001
8515,0.00021487809135578573,,0.0018744678236544132
8516,0.00022738610277883708,,0.0038314959965646267
8517,0.00024098739959299564,,0.002419436117634177
8518,0.00022523384541273117,,0.0029729881789535284
8519,0.0004089123976882547,,0.011413780972361565
8520,0.00021130204549990594,,0.0022000998724251986
8521,0.0004725273174699396,,0.002723347395658493
8522,0.00023746927035972476,,0.0023527685552835464
8523,0.00021375107462517917,,0.001967428484931588
8524,0.0002651213144417852,,0.002619858831167221
8525,0.00023908627917990088,,0.002179705770686269
8526,0.00021777894289698452,,0.0028808098286390305
8527,0.00025412897230125964,,0.002634053584188223
8528,0.0002103399601764977,,0.0019533783197402954
8529,0.0002361522929277271,,0.0028097201138734818
8530,0.0002524999144952744,,0.0023047018330544233
8531,0.00027025124290958047,,0.009946274571120739
8532,0.00019800679001491517,,0.002131221815943718
8533,0.00022608181461691856,,0.0021095003467053175
8534,0.00031950679840520024,,0.007951277308166027
8535,0.00024571604444645345,,0.002579799387603998
8536,0.00024567311629652977,,0.002678874647244811
8537,0.00021893979283049703,,0.0024266387335956097
8538,0.00021083471074234694,,0.002205795841291547
8539,0.000223563052713871,,0.0017854291945695877
8540,0.00032132078194990754,,0.00321669178083539
8541,0.0002741386415436864,,0.007733824662864208
8542,0.00022943444491829723,,0.0017059562960639596
8543,0.0003102784394286573,,0.002547916490584612
8544,0.00024801629479043186,,0.003230016678571701
8545,0.00036973104579374194,,0.003138222498819232
8546,0.00026255694683641195,,0.007635672111064196
8547,0.00022134589380584657,,0.0029296029824763536
8548,0.0004177319351583719,,0.003429916687309742
8549,0.0005897613009437919,,0.015724753960967064
8550,0.00021045957691967487,,0.003194580553099513
8551,0.00025623792316764593,,0.0028324455488473177
8552,0.00026222559972666204,,0.003943233750760555
8553,0.00048206173232756555,,0.0021844396833330393
8554,0.00022732622164767236,,0.002250217366963625
8555,0.00030481410794891417,,0.00575971556827426
8556,0.00021495274268090725,,0.002226700307801366
8557,0.0002332814910914749,,0.004440100863575935
8558,0.0005391175509430468,,0.0026595378294587135
8559,0.00022238648671191186,,0.0025538254994899035
8560,0.00023840495850890875,,0.00370451039634645
8561,0.00022308240295387805,,0.0026967839803546667
8562,0.00030092307133600116,,0.00458644051104784
8563,0.0005248230881989002,,0.0032856788020581007
8564,0.00021884693705942482,,0.0024674066808074713
8565,0.00023230005172081292,,0.002277831779792905
8566,0.00023428935674019158,,0.0028536661993712187
8567,0.00024365352874156088,,0.0025239542592316866
8568,0.0002738641924224794,,0.003156869439408183
8569,0.0003504289488773793,,0.0034118613693863153
8570,0.00020786162349395454,,0.002490795450285077
8571,0.0005465003196150064,,0.0029135742224752903
8572,0.0004994075861759484,,0.008984054438769817
8573,0.00021654501324519515,,0.002600192092359066
8574,0.0002631527604535222,,0.0032482643146067858
8575,0.00024133843544404954,,0.002937383484095335
8576,0.00022668903693556786,,0.0026738669257611036
8577,0.00024328519066330045,,0.003955424297600985
8578,0.00030930922366678715,,0.002586361952126026
8579,0.0002760399947874248,,0.003179560648277402
8580,0.00021237539476715028,,0.002801573136821389
8581,0.0002459482057020068,,0.0024862021673470736
8582,0.000496997672598809,,0.003917248919606209
8583,0.00020287586085032672,,0.001816681819036603
8584,0.00020810523710679263,,0.0030064641032367945
8585,0.0002382091188337654,,0.0029439672362059355
8586,0.00020972997299395502,,0.0019879054743796587
8587,0.0002581288281362504,,0.003357397858053446
8588,0.00025604458642192185,,0.0027839113026857376
8589,0.000376164069166407,,0.014933834783732891
8590,0.0002673287526704371,,0.003946524579077959
8591,0.0002489744802005589,,0.0026138031389564276
8592,0.0002672150731086731,,0.0034510819241404533
8593,0.0005301135824993253,,0.0024652518332004547
8594,0.0002680426405277103,,0.0028907840605825186
8595,0.00024297746131196618,,0.002901301486417651
8596,0.00027018896071240306,,0.003754018573090434
8597,0.0005815300391986966,,0.014668975956737995
8598,0.0002511201018933207,,0.0037369015626609325
8599,0.000329860660713166,,0.0030099009163677692
8600,0.0002694821741897613,,0.002498452551662922
8601,0.0002422030665911734,,0.0023603930603712797
8602,0.0003069154336117208,,0.0116202337667346
8603,0.0002764700329862535,,0.0032034984324127436
8604,0.0002738088369369507,,0.002925724722445011
8605,0.00031043344642966986,,0.011880657635629177
8606,0.0005501434206962585,,0.0023915970232337713
8607,0.00024838148965500295,,0.0031221513636410236
8608,0.00023741356562823057,,0.0027489373460412025
8609,0.00022057018941268325,,0.0023963151033967733
8610,0.0002467253361828625,,0.0033065127208828926
8611,0.00038792818668298423,,0.00895245186984539
8612,0.00046598463086411357,,0.016000956296920776
8613,0.00024614372523501515,,0.0027972599491477013
8614,0.00025302876019850373,,0.0031210340093821287
8615,0.000378947559511289,,0.004766333848237991
8616,0.0002751327701844275,,0.003271981608122587
8617,0.00022675481159240007,,0.0028890816029161215
8618,0.00027281849179416895,,0.003412626450881362
8619,0.00025452973204664886,,0.0033570050727576017
8620,0.00022151306620799005,,0.0020912280306220055
8621,0.00023132111527957022,,0.0028317817486822605
8622,0.00019472104031592607,,0.001985489157959819
8623,0.00024906062753871083,,0.002265081973746419
8624,0.0002506361051928252,,0.0027379693929105997
8625,0.0004899966297671199,,0.012799331918358803
8626,0.0004727738560177386,,0.010442506521940231
8627,0.0004461475764401257,,0.0024873404763638973
8628,0.000274752383120358,,0.0026144790463149548
8629,0.00023482643882744014,,0.003113833023235202
8630,0.00022933950822334737,,0.002195713808760047
8631,0.000324552645906806,,0.003163760295137763
8632,0.0003288083244115114,,0.006125377491116524
8633,0.00025441974867135286,,0.0028450738172978163
8634,0.00032948621083050966,,0.003416304010897875
8635,0.0005515761440619826,,0.013838160783052444
8636,0.0002545662282500416,,0.0026598291005939245
8637,0.0002604784385766834,,0.002380439080297947
8638,0.000234274280956015,,0.002324857749044895
8639,0.00026512457407079637,,0.0027455256786197424
8640,0.00024108173965942115,,0.0027045952156186104
8641,0.00025881564943119884,,0.0022899804171174765
8642,0.00028067314997315407,,0.0024408609606325626
8643,0.000275726750260219,,0.0026645802427083254
8644,0.0002800237853080034,,0.0021114095579832792
8645,0.00024119974114000797,,0.002198626985773444
8646,0.00026411699946038425,,0.0021029121708124876
8647,0.0002157687849830836,,0.0017428823048248887
8648,0.0002784804382827133,,0.002722624922171235
8649,0.00025345978792756796,,0.0018639919580891728
8650,0.0005669243982993066,,0.002357959747314453
8651,0.0002208725200034678,,0.0027265562675893307
8652,0.00023591474746353924,,0.0023603569716215134
8653,0.00023299289750866592,,0.002637786790728569
8654,0.0002549149503465742,,0.002306438749656081
8655,0.0002647286164574325,,0.0024098732974380255
8656,0.00018820415425579995,,0.0018792294431477785
8657,0.0002183493779739365,,0.002189421094954014
8658,0.0005009280284866691,,0.002957770600914955
8659,0.00022822029131930321,,0.002503862837329507
8660,0.0003014553803950548,,0.002816326217725873
8661,0.00023450946900993586,,0.0024610315449535847
8662,0.0002702326746657491,,0.002930210903286934
8663,0.0002940738922916353,,0.0034817808773368597
8664,0.00024259270867332816,,0.002216114429756999
8665,0.0002139019634341821,,0.001985016278922558
8666,0.0005203837063163519,,0.0034509317483752966
8667,0.00018779662786982954,,0.0019112987210974097
8668,0.00018798843666445464,,0.002188280923292041
8669,0.0002554385573603213,,0.002698990050703287
8670,0.000488956633489579,,0.0024609724059700966
8671,0.00018394475046079606,,0.0019181497627869248
8672,0.00022000179160386324,,0.00353075354360044
8673,0.00023141445126384497,,0.002014552941545844
8674,0.00026057870127260685,,0.0026052589528262615
8675,0.00022952942526899278,,0.0017788090044632554
8676,0.00021826224110554904,,0.0016334838001057506
8677,0.00021455138630699366,,0.002445371588692069
8678,0.00022515605087392032,,0.0017515589715912938
8679,0.0004228391626384109,,0.002969024470075965
8680,0.0004968668217770755,,0.0023341153282672167
8681,0.000215849417145364,,0.0021336781792342663
8682,0.00020547790336422622,,0.002209791913628578
8683,0.0002112593938363716,,0.0021411713678389788
8684,0.00020029993902426213,,0.002017195336520672
8685,0.0002496661327313632,,0.002412783680483699
8686,0.00023366539971902966,,0.00206632143817842
8687,0.00021875025413464755,,0.0025529901031404734
8688,0.00027066428447142243,,0.0034028375521302223
8689,0.00019393237016629428,,0.0019560656510293484
8690,0.00018710548465605825,,0.0029659259598702192
8691,0.00021132644906174392,,0.002452688757330179
8692,0.0005062015261501074,,0.0032785688526928425
8693,0.00038262392627075315,,0.005763805005699396
8694,0.00023061723913997412,,0.0020288953091949224
8695,0.0002278009633300826,,0.0036516664549708366
8696,0.00023239832080435008,,0.0019258912652730942
8697,0.00022733421064913273,,0.0023002566304057837
8698,0.0004604636924341321,,0.003665307769551873
8699,0.00022967191762290895,,0.002049580914899707
8700,0.00023383236839435995,,0.0030957229901105165
8701,0.00023028298164717853,,0.003108734730631113
8702,0.00022039886971469969,,0.001836830866523087
8703,0.0002683220081962645,,0.0031567856203764677
8704,0.00021613365970551968,,0.002972416579723358
8705,0.0002672950504347682,,0.006051160860806704
8706,0.00022142507077660412,,0.0033841843251138926
8707,0.0004593071062117815,,0.0027075635734945536
8708,0.0002186146448366344,,0.0021942711900919676
8709,0.0005204218323342502,,0.009892763569951057
8710,0.0005028877058066428,,0.0032191157806664705
8711,0.0002587930648587644,,0.002877200488001108
8712,0.00024370156461372972,,0.002605173969641328
8713,0.00025274939252994955,,0.002264591632410884
8714,0.00022470559633802623,,0.002981478814035654
8715,0.00023145768500398844,,0.002433926332741976
8716,0.00029261247254908085,,0.010212879627943039
8717,0.0002168547362089157,,0.0026073844637721777
8718,0.0002141129516530782,,0.0019339121645316482
8719,0.0002045859000645578,,0.0046920874156057835
8720,0.0002474552602507174,,0.002365709049627185
8721,0.00022664119023829699,,0.0019310013158246875
8722,0.00048769934801384807,,0.0028673990163952112
8723,0.000285198912024498,,0.005069691687822342
8724,0.00022171420278027654,,0.002342202700674534
8725,0.0002236060972791165,,0.0021827698219567537
8726,0.0002355921023990959,,0.00265055731870234
8727,0.0002435275528114289,,0.0021909738425165415
8728,0.0002101830905303359,,0.002030608942732215
8729,0.00024345760175492615,,0.0024199828039854765
8730,0.00020399541244842112,,0.002610335126519203
8731,0.00022521731443703175,,0.0018031209474429488
8732,0.0002547686453908682,,0.002334830118343234
8733,0.00020990990742575377,,0.00241460045799613
8734,0.00023210815561469644,,0.0029061404056847095
8735,0.0002527253527659923,,0.0022952232975512743
8736,0.00025812548119574785,,0.002883722772821784
8737,0.0002666358195710927,,0.003594605950638652
8738,0.00022144103422760963,,0.002543292474001646
8739,0.00023655567201785743,,0.004077850375324488
8740,0.00020794023294001818,,0.0020785026717931032
8741,0.00040393671952188015,,0.009764563292264938
8742,0.00031440891325473785,,0.010512294247746468
8743,0.00037870852975174785,,0.00401898380368948
8744,0.00022663069830741733,,0.002764493925496936
8745,0.00024137922446243465,,0.005478966981172562
8746,0.00045499426778405905,,0.011173232458531857
8747,0.00029952573822811246,,0.007834802381694317
8748,0.0002628674264997244,,0.004800588358193636
8749,0.00027251685969531536,,0.0034055861178785563
8750,0.00025200561503879726,,0.0021434242371469736
8751,0.00025527295656502247,,0.002575125778093934
8752,0.00024206964008044451,,0.0035477126948535442
8753,0.00021523862960748374,,0.0016842312179505825
8754,0.0005252598784863949,,0.0023074238561093807
8755,0.00048151554074138403,,0.006837480701506138
8756,0.0002280734188389033,,0.0020947507582604885
8757,0.00023333080753218383,,0.002605932066217065
8758,0.0002185039920732379,,0.0021262806840240955
8759,0.00026923080440610647,,0.00414616335183382
8760,0.00022037856979295611,,0.002499484224244952
8761,0.00022259655816014856,,0.002938623772934079
8762,0.0002297618193551898,,0.002386118285357952
8763,0.00022434350103139877,,0.002488872967660427
8764,0.00022842948965262622,,0.002839229768142104
8765,0.0002022160915657878,,0.0021268732380121946
8766,0.0004629119939636439,,0.002289724536240101
8767,0.00019843169138766825,,0.0022847135551273823
8768,0.0002649182570166886,,0.0032328551169484854
8769,0.00021337531507015228,,0.0019752117805182934
8770,0.0002336809120606631,,0.004194981884211302
8771,0.0002134890528395772,,0.0022481854539364576
8772,0.00024706541444174945,,0.0023485245183110237
8773,0.0002751569845713675,,0.0039445492438972
8774,0.0002652397670317441,,0.002679485594853759
8775,0.00025907086092047393,,0.004061372485011816
8776,0.00023851028527133167,,0.0028932024724781513
8777,0.00021462058066390455,,0.0026370948180556297
8778,0.0002460768446326256,,0.0019169478910043836
8779,0.0002701401535887271,,0.002284068614244461
8780,0.00022023967176210135,,0.0021289284341037273
8781,0.00020521017722785473,,0.002223096089437604
8782,0.0002573176461737603,,0.0026806294918060303
8783,0.00046634755562990904,,0.00501842750236392
8784,0.00024147875956259668,,0.005408148746937513
8785,0.00020135547674726695,,0.0019041328923776746
8786,0.00023579869593959302,,0.0029660838190466166
8787,0.00023451779270544648,,0.002630355069413781
8788,0.00024339818628504872,,0.0023094869684427977
8789,0.0002296840539202094,,0.0022516129538416862
8790,0.00022660332615487278,,0.0018124548951163888
8791,0.00027579269954003394,,0.011874489486217499
8792,0.0002201861934736371,,0.002676274161785841
8793,0.00024800049141049385,,0.0023068254813551903
8794,0.00021664920495823026,,0.002413820941001177
8795,0.00022915515000931919,,0.0027222756762057543
8796,0.00022279552649706602,,0.002840567845851183
8797,0.00023566512390971184,,0.002716690069064498
8798,0.0002607381029520184,,0.0026438478380441666
8799,0.00022082333452999592,,0.0025341592263430357
8800,0.0005256230942904949,,0.0071746427565813065
8801,0.00046861119335517287,,0.0033985311165452003
8802,0.00041751525714062154,,0.01549591962248087
8803,0.0002448087907396257,,0.002517559565603733
8804,0.00022545081446878612,,0.004457443952560425
8805,0.00023630989016965032,,0.002634301781654358
8806,0.00021699516219086945,,0.002115866867825389
8807,0.00034674647031351924,,0.00333877163939178
8808,0.00023948997841216624,,0.0023768222890794277
8809,0.0002648011432029307,,0.002741096308454871
8810,0.00043306927545927465,,0.017792560160160065
8811,0.0004724644822999835,,0.006455502472817898
8812,0.000522783026099205,,0.009782508946955204
8813,0.00026059438823722303,,0.00222131609916687
8814,0.00024818599922582507,,0.0024143680930137634
8815,0.00021195747831370682,,0.0022732096258550882
8816,0.00026424473617225885,,0.0024702383670955896
8817,0.000237815867876634,,0.0026965714059770107
8818,0.0004375496064312756,,0.013914606533944607
8819,0.00025170110166072845,,0.0020169445779174566
8820,0.00021412652858998626,,0.0030524826142936945
8821,0.0004637529782485217,,0.0024668672122061253
8822,0.00024377246154472232,,0.002947838744148612
8823,0.00022934851585887372,,0.0029177595861256123
8824,0.00021972597460262477,,0.002069491893053055
8825,0.00021860856213606894,,0.0027222526259720325
8826,0.00022598105715587735,,0.0021623345091938972
8827,0.00023237417917698622,,0.0018547824583947659
8828,0.00021943582396488637,,0.002711160806939006
8829,0.00021612667478621006,,0.0024391328915953636
8830,0.00024250056594610214,,0.0023870442528277636
8831,0.00023843503731768578,,0.0030489691998809576
8832,0.00023330096155405045,,0.001991426572203636
8833,0.0002409575681667775,,0.002164996461942792
8834,0.0005029611056670547,,0.0022501845378428698
8835,0.00020266578940209,,0.0026875571347773075
8836,0.00020660809241235256,,0.002462520496919751
8837,0.00020571162167470902,,0.0022667483426630497
8838,0.0002167536149499938,,0.002144797472283244
8839,0.00021615443984046578,,0.0020894003100693226
8840,0.00023338847677223384,,0.0030274593736976385
8841,0.00023612502263858914,,0.002142966026440263
8842,0.0002026669098995626,,0.002251790603622794
8843,0.0002320887870155275,,0.0022257091477513313
8844,0.00023402603983413428,,0.0018982235342264175
8845,0.00021189232938922942,,0.0018142758635804057
8846,0.00020997787942178547,,0.0025921007618308067
8847,0.0001933530147653073,,0.0017601000145077705
8848,0.00022187076683621854,,0.0024264100939035416
8849,0.00019239448010921478,,0.0019327042391523719
8850,0.00021491580992005765,,0.002440936164930463
8851,0.0002545305760577321,,0.0025398500729352236
8852,0.0002126964827766642,,0.0019350567599758506
8853,0.00022236231598071754,,0.0026145402807742357
8854,0.00020456557103898376,,0.001901053823530674
8855,0.00024161828332580626,,0.002330911112949252
8856,0.00019690292538143694,,0.0022238180972635746
8857,0.0002195534179918468,,0.002343660918995738
8858,0.0002501404087524861,,0.0026748087257146835
8859,0.0004426906816661358,,0.002662496641278267
8860,0.00022550845460500568,,0.002402747282758355
8861,0.00022931610874366015,,0.0027469228953123093
8862,0.0002090524649247527,,0.0023376992903649807
8863,0.00022016452567186207,,0.0026937632355839014
8864,0.0002136101684300229,,0.002699779812246561
8865,0.00022655526117887348,,0.002590937539935112
8866,0.0002468264428898692,,0.002748388797044754
8867,0.0002498799003660679,,0.0025776969268918037
8868,0.0002136355615220964,,0.0022985481191426516
8869,0.00023567432072013617,,0.002652581315487623
8870,0.0002198543370468542,,0.0017978717805817723
8871,0.00020656862761825323,,0.0021765553392469883
8872,0.00020957230299245566,,0.0020769317634403706
8873,0.0003477083519101143,,0.0023161047138273716
8874,0.00028536655008792877,,0.002680835546925664
8875,0.00021856246166862547,,0.002567743416875601
8876,0.0002350716822547838,,0.0021041908767074347
8877,0.0002614941622596234,,0.0024358073715120554
8878,0.0005144052556715906,,0.002441743388772011
8879,0.00021227866818662733,,0.002863022033125162
8880,0.00021234665473457426,,0.0022315101232379675
8881,0.00023716074065305293,,0.00309823383577168
8882,0.00024272652808576822,,0.003061943221837282
8883,0.00019518646877259016,,0.002764661330729723
8884,0.00020369136473163962,,0.001987986033782363
8885,0.00025111506693065166,,0.0027548503130674362
8886,0.0002166480990126729,,0.0024319349322468042
8887,0.00022625589917879552,,0.0026621303986757994
8888,0.00022007091320119798,,0.0022055376321077347
8889,0.00023911792959552258,,0.002290288684889674
8890,0.00018283631652593613,,0.002310885116457939
8891,0.00020913485786877573,,0.0020944452844560146
8892,0.0002794776810333133,,0.0025696398224681616
8893,0.00021254454622976482,,0.0017363443039357662
8894,0.0002152473316527903,,0.0024211988784372807
8895,0.0002456390648148954,,0.0022909718099981546
8896,0.000236016814596951,,0.0022419604938477278
8897,0.00024284431128762662,,0.00258521712385118
8898,0.0001928185811266303,,0.0020905074197798967
8899,0.0002275566221214831,,0.0025069646071642637
8900,0.0002149293286493048,,0.0027313337195664644
8901,0.0002132263034582138,,0.002109014894813299
8902,0.00022561787045560777,,0.00220100162550807
8903,0.00020601367577910423,,0.002411497524008155
8904,0.00022403820184990764,,0.002369701163843274
8905,0.000254063808824867,,0.00257704290561378
8906,0.0004688990011345595,,0.0029411185532808304
8907,0.0002093346993206069,,0.002129507018253207
8908,0.0002129550266545266,,0.0021544836927205324
8909,0.0002098381519317627,,0.0027290270663797855
8910,0.00023003504611551762,,0.00261312467046082
8911,0.00022559058561455458,,0.002079491037875414
8912,0.00044971689931117,,0.0029015052132308483
8913,0.000256059633102268,,0.0018869302002713084
8914,0.0002987938350997865,,0.0027068997733294964
8915,0.0001969634322449565,,0.001673838822171092
8916,0.00027557104476727545,,0.003007143037393689
8917,0.00026243977481499314,,0.0033621781039983034
8918,0.00023181630240287632,,0.002235881518572569
8919,0.0004676540265791118,,0.004267318174242973
8920,0.00018242494843434542,,0.0019246869487687945
8921,0.00022712441568728536,,0.0022390938829630613
8922,0.00023379173944704235,,0.0022213056217879057
8923,0.00020704753114841878,,0.0013005482032895088
8924,0.00023714044073130935,,0.0038002673536539078
8925,0.00019518604676704854,,0.001969187054783106
8926,0.0004241208080202341,,0.010734396055340767
8927,0.00022155418992042542,,0.0018648128025233746
8928,0.00023843470262363553,,0.002110678469762206
8929,0.0002451543405186385,,0.0017596307443454862
8930,0.0003053669352084398,,0.006222659721970558
8931,0.0001926870027091354,,0.001897232374176383
8932,0.00024999392917379737,,0.003032703883945942
8933,0.00021791609469801188,,0.0023279173765331507
8934,0.00021255039609968662,,0.001805853215046227
8935,0.00021321361418813467,,0.0023951982147991657
8936,0.00020092363411094993,,0.001563907484523952
8937,0.0002333965094294399,,0.0019173800246790051
8938,0.00024154588754754514,,0.0025710035115480423
8939,0.0002155197289539501,,0.0018174552824348211
8940,0.00021893030498176813,,0.002317629288882017
8941,0.0002376078045926988,,0.002026458503678441
8942,0.00020851721637882292,,0.0015360545367002487
8943,0.00022458305465988815,,0.0021405613515526056
8944,0.000527108262758702,,0.006469843443483114
8945,0.00022409341181628406,,0.002092469949275255
8946,0.00019884863286279142,,0.0018707812996581197
8947,0.000495182117447257,,0.0022197021171450615
8948,0.0002109066117554903,,0.0019398874137550592
8949,0.00019268423784524202,,0.002128955675289035
8950,0.00021458111586980522,,0.0019591052550822496
8951,0.0002204815682489425,,0.002059473656117916
8952,0.00021452727378346026,,0.002348148263990879
8953,0.00023138817050494254,,0.0021168547682464123
8954,0.00021097855642437935,,0.0025167851708829403
8955,0.00022553563758265227,,0.002670568646863103
8956,0.00021083897445350885,,0.0026127623859792948
8957,0.00019574804173316807,,0.002514268970116973
8958,0.00024030450731515884,,0.002697027986869216
8959,0.00019899063045158982,,0.0019920130725950003
8960,0.00039515754906460643,,0.0036612723488360643
8961,0.0004504619864746928,,0.00523707689717412
8962,0.00022229916066862643,,0.002980552613735199
8963,0.00021824453142471611,,0.0024209029506891966
8964,0.00045278246398083866,,0.002154997317120433
8965,0.0003371038183104247,,0.01225424837321043
8966,0.00025467757950536907,,0.004376707598567009
8967,0.00027042190777137876,,0.0031784391030669212
8968,0.00023625054745934904,,0.003132553305476904
8969,0.0002345070242881775,,0.0016299242852255702
8970,0.00028636030037887394,,0.007939771749079227
8971,0.000247164280153811,,0.0038108325097709894
8972,0.00023468676954507828,,0.0020767278037965298
8973,0.00022353870735969394,,0.0025070852134376764
8974,0.0006934052798897028,,0.012074927799403667
8975,0.0004572862235363573,,0.002510655904188752
8976,0.00020168873015791178,,0.0021075615659356117
8977,0.0002035630022874102,,0.0022513445001095533
8978,0.0003274778136983514,,0.002532042795792222
8979,0.00023607158800587058,,0.0025839554145932198
8980,0.0002299386978847906,,0.00319710373878479
8981,0.00024419199326075613,,0.002345658838748932
8982,0.0002230495447292924,,0.002583138644695282
8983,0.00024123722687363625,,0.002387415850535035
8984,0.0002799733483698219,,0.0026421789079904556
8985,0.0005337236216291785,,0.0025046051014214754
8986,0.00021811167243868113,,0.0023797808680683374
8987,0.0004942671512253582,,0.004071848001331091
8988,0.00020940523245371878,,0.002112720627337694
8989,0.00023262793547473848,,0.0029169649351388216
8990,0.0003319807001389563,,0.0026065553538501263
8991,0.00038600919651798904,,0.0024651179555803537
8992,0.00019215860811527818,,0.0018495982512831688
8993,0.0002585595939308405,,0.001994391204789281
8994,0.00021259146160446107,,0.0018342483090236783
8995,0.00019506734679453075,,0.0016764466417953372
8996,0.00019540560606401414,,0.0014116554521024227
8997,0.00021885085152462125,,0.0021901018917560577
8998,0.0002197147550759837,,0.0021709760185331106
8999,0.000390518456697464,,0.007931121625006199
9000,0.00021632880088873208,0.00020685780440499283,0.002278153784573078
9001,0.0002412742469459772,,0.002214978914707899
9002,0.00021621419000439346,,0.002521088346838951
9003,0.00032462022500112653,,0.002338210353627801
9004,0.00020992508507333696,,0.0023458809591829777
9005,0.00018955350969918072,,0.001946302829310298
9006,0.00021479526185430586,,0.0023554277140647173
9007,0.00022569633438251913,,0.0021617815364152193
9008,0.0005121200811117887,,0.0019188850419595838
9009,0.00021788505546282977,,0.0022385709453374147
9010,0.00020107973250560462,,0.0029713502153754234
9011,0.00022087950492277741,,0.00269455392844975
9012,0.0002104121958836913,,0.0026502967812120914
9013,0.0004766860220115632,,0.0031512577552348375
9014,0.00024713866878300905,,0.002564924070611596
9015,0.00020992886857129633,,0.002499152673408389
9016,0.000255035498412326,,0.0021895875688642263
9017,0.0002539783017709851,,0.002733551198616624
9018,0.0002342928491998464,,0.003584004007279873
9019,0.00019264922593720257,,0.0018968252697959542
9020,0.0001948183635249734,,0.0022067315876483917
9021,0.00022976071340963244,,0.0023076189681887627
9022,0.0002142603334505111,,0.0030153277330100536
9023,0.0005172468954697251,,0.0023821440991014242
9024,0.00025143715902231634,,0.0025658642407506704
9025,0.0002148712519556284,,0.001942716771736741
9026,0.000232229707762599,,0.002473271917551756
9027,0.0002521872229408473,,0.0023010584991425276
9028,0.0002060827100649476,,0.0017576611135154963
9029,0.00020238592696841806,,0.0020665230695158243
9030,0.00025267997989431024,,0.002019366715103388
9031,0.00026981683913618326,,0.002800816437229514
9032,0.00019718332623597234,,0.0016541656805202365
9033,0.00025952071882784367,,0.002633133437484503
9034,0.00020434544421732426,,0.0020616757683455944
9035,0.0002003594272537157,,0.0021161423064768314
9036,0.00023340496409218758,,0.00268744514323771
9037,0.0002649330417625606,,0.002235779305920005
9038,0.00025586740230210125,,0.002785415155813098
9039,0.00024644334916956723,,0.0026984342839568853
9040,0.00021779751114081591,,0.0027300799265503883
9041,0.0001952039310708642,,0.0021684712264686823
9042,0.00021828552416991442,,0.002104400657117367
9043,0.0002235952706541866,,0.0024698220659047365
9044,0.00020591702195815742,,0.001792746246792376
9045,0.00025884422939270735,,0.0021401660051196814
9046,0.0001931415608851239,,0.0018237197073176503
9047,0.0002323863300262019,,0.0018430775962769985
9048,0.00022583603276871145,,0.001738915336318314
9049,0.00018708777497522533,,0.002000564942136407
9050,0.0004757829010486603,,0.002223507035523653
9051,0.00019974405586253852,,0.0016634385101497173
9052,0.0002242951886728406,,0.002302301349118352
9053,0.00020596064860001206,,0.001871015876531601
9054,0.00019538516062311828,,0.002070830902084708
9055,0.00021615004516206682,,0.0021307864226400852
9056,0.0001963990944204852,,0.0020834465976804495
9057,0.0002112670917995274,,0.0028096570167690516
9058,0.00020972138736397028,,0.0020139655098319054
9059,0.00021322576503735036,,0.001868151593953371
9060,0.00022734352387487888,,0.0017862675013020635
9061,0.0004434441216289997,,0.0020473175682127476
9062,0.0002092115901177749,,0.003006270620971918
9063,0.0002011614851653576,,0.0018813514616340399
9064,0.00022079200425650924,,0.0017905160784721375
9065,0.00043741322588175535,,0.0022743165027350187
9066,0.00020097008382435888,,0.00203505577519536
9067,0.0002156118571292609,,0.0023931844625622034
9068,0.0002161787124350667,,0.002055221935734153
9069,0.0002472414053045213,,0.0016655370127409697
9070,0.00022900667681824416,,0.0032095136120915413
9071,0.0001854655856732279,,0.0018384698778390884
9072,0.00023613525263499469,,0.0019174532499164343
9073,0.00020959446555934846,,0.002172608859837055
9074,0.00019433768466114998,,0.0014714411227032542
9075,0.00023158690601121634,,0.00254351319745183
9076,0.00018559381715022027,,0.0015774351777508855
9077,0.00023059718660078943,,0.0017582731088623405
9078,0.00043601178913377225,,0.004889972973614931
9079,0.00018964690389111638,,0.002357390709221363
9080,0.00017177904373966157,,0.0017937192460522056
9081,0.00023754725407343358,,0.0025857870932668447
9082,0.0005246999789960682,,0.008849792182445526
9083,0.0001966745767276734,,0.0024725988041609526
9084,0.00022175120830070227,,0.002404405502602458
9085,0.00022634436027146876,,0.0027827222365885973
9086,0.00027480334392748773,,0.009611657820641994
9087,0.00020120662520639598,,0.0020790263079106808
9088,0.0002371632435824722,,0.003252514638006687
9089,0.0002515431842766702,,0.0021136596333235502
9090,0.0002522744471207261,,0.002327226335182786
9091,0.00022781023290008307,,0.002590595278888941
9092,0.00022205179266165942,,0.00238680187612772
9093,0.00025375463883392513,,0.0022695092484354973
9094,0.00025820673909038305,,0.0026975057553499937
9095,0.0001922141236718744,,0.0015701386146247387
9096,0.00022750689822714776,,0.0026942838449031115
9097,0.00022376616834662855,,0.0021421159617602825
9098,0.000201046175789088,,0.0017140128184109926
9099,0.0002342750085517764,,0.002530906815081835
9100,0.00024691945873200893,,0.0021685471292585135
9101,0.00021350882889237255,,0.0018171215197071433
9102,0.00020923264673911035,,0.0017314953729510307
9103,0.00023303829948417842,,0.0020671123638749123
9104,0.00026656652335077524,,0.0023303187917917967
9105,0.00023468075960408896,,0.0022394221741706133
9106,0.0002350422291783616,,0.002151693683117628
9107,0.00021997533622197807,,0.002228172030299902
9108,0.0002233598497696221,,0.002117418684065342
9109,0.00022846669889986515,,0.0029653660021722317
9110,0.0004698420816566795,,0.0024213031865656376
9111,0.00020838703494518995,,0.0017135125817731023
9112,0.00043559534242376685,,0.0018399463733658195
9113,0.0002201973693445325,,0.003653978230431676
9114,0.0002380201331106946,,0.0019914505537599325
9115,0.00021276470215525478,,0.0022350435610860586
9116,0.00025027012452483177,,0.0023209829814732075
9117,0.00021257769549265504,,0.002230290789157152
9118,0.0001975112099898979,,0.0017763427458703518
9119,0.00020007886632811278,,0.0023745056241750717
9120,0.00035641429712995887,,0.002408514032140374
9121,0.00023465772392228246,,0.0025206319987773895
9122,0.00021942239254713058,,0.00217700214125216
9123,0.00020525907166302204,,0.001721241744235158
9124,0.00021240729256533086,,0.0026878106873482466
9125,0.0004328654322307557,,0.002849302487447858
9126,0.0002085606101900339,,0.002833856735378504
9127,0.00018596486188471317,,0.0031071214471012354
9128,0.00019931638962589204,,0.0020140588749200106
9129,0.00021427712636068463,,0.0029425935354083776
9130,0.000216907006688416,,0.0027236712630838156
9131,0.00020575533562805504,,0.001965122763067484
9132,0.00047862750943750143,,0.0029481975361704826
9133,0.00021923205349594355,,0.0023335276637226343
9134,0.00020648846111726016,,0.0017775861779227853
9135,0.0004626591398846358,,0.0019340348662808537
9136,0.0007234661607071757,,0.005147585179656744
9137,0.0005171105731278658,,0.002572619589045644
9138,0.00022866232029628009,,0.002831525169312954
9139,0.00022309378255158663,,0.0024915828835219145
9140,0.00046288789599202573,,0.002085431944578886
9141,0.0002166357298847288,,0.002405877923592925
9142,0.000310363742755726,,0.004135703202337027
9143,0.00040638851351104677,,0.0024610920809209347
9144,0.0002220768656115979,,0.0029906611889600754
9145,0.00041705608600750566,,0.0021804855205118656
9146,0.00022478570463135839,,0.004146362189203501
9147,0.0002296015154570341,,0.0019629448652267456
9148,0.00021149858366698027,,0.00285789230838418
9149,0.00024362010299228132,,0.004128938540816307
9150,0.00022436233120970428,,0.0020214328542351723
9151,0.0004956216434948146,,0.0034915588330477476
9152,0.00026781961787492037,,0.0031345407478511333
9153,0.0002081772399833426,,0.002662051236256957
9154,0.0002344011445529759,,0.0022344132885336876
9155,0.000243115151533857,,0.0025696686934679747
9156,0.00019959149358328432,,0.00235986290499568
9157,0.00021570318494923413,,0.001986730145290494
9158,0.00021250019199214876,,0.0024490177165716887
9159,0.00019051744311582297,,0.0016053434228524566
9160,0.0003667737764772028,,0.002413742244243622
9161,0.00019692699424922466,,0.0022178601939231157
9162,0.00019521740614436567,,0.0020855681505054235
9163,0.00021063614985905588,,0.001830974593758583
9164,0.00045290423440746963,,0.0030021085403859615
9165,0.00022293049551080912,,0.0016156511846929789
9166,0.0002077101671602577,,0.0018858667463064194
9167,0.0001704492315184325,,0.0014029624871909618
9168,0.00018937050481326878,,0.0018635843880474567
9169,0.00024635891895741224,,0.0024013295769691467
9170,0.00018784776329994202,,0.0017135962843894958
9171,0.00019596969650592655,,0.0019218872766941786
9172,0.0001927535340655595,,0.002561708679422736
9173,0.00024819502141326666,,0.0026183973532170057
9174,0.00019014382269233465,,0.002387851243838668
9175,0.00020600701100192964,,0.002232567872852087
9176,0.00021874273079447448,,0.0020853113383054733
9177,0.0002075017400784418,,0.004161987453699112
9178,0.0002540830464567989,,0.010783649981021881
9179,0.00021792665938846767,,0.0019567946437746286
9180,0.0004834736464545131,,0.0016637342050671577
9181,0.00022586423438042402,,0.001839294913224876
9182,0.00022519633057527244,,0.0023996438831090927
9183,0.00018507926142774522,,0.0014193502720445395
9184,0.00029551199986599386,,0.004292281810194254
9185,0.00048050720943138003,,0.0023807534016668797
9186,0.000253362231887877,,0.0022309129126369953
9187,0.0002106156898662448,,0.0020388986449688673
9188,0.0002601029700599611,,0.0029832497239112854
9189,0.00047976322821341455,,0.00384529703296721
9190,0.0002138030104106292,,0.002213454572483897
9191,0.00021746617858298123,,0.002352021634578705
9192,0.00019283742585685104,,0.0019098626216873527
9193,0.00021616957383230329,,0.0019836043938994408
9194,0.0003312703629489988,,0.006822869647294283
9195,0.0002004771085921675,,0.002228264696896076
9196,0.00023317817249335349,,0.0069113182835280895
9197,0.0004659904516302049,,0.0025258527603000402
9198,0.00023435460752807558,,0.002058605197817087
9199,0.00024261974613182247,,0.002544994466006756
9200,0.000375431205611676,,0.0036955871619284153
9201,0.0002275041042594239,,0.002146173734217882
9202,0.00019470378174446523,,0.0017707275692373514
9203,0.00019261741545051336,,0.001768517424352467
9204,0.00020719370513688773,,0.0020194847602397203
9205,0.0004536435008049011,,0.0018605435034260154
9206,0.00034938723547384143,,0.0032922497484833
9207,0.0002443810517434031,,0.0020503869745880365
9208,0.0001996226201299578,,0.002449451945722103
9209,0.0002227187214884907,,0.002072664210572839
9210,0.0004942239029332995,,0.003594671841710806
9211,0.0005259934696368873,,0.002401749137789011
9212,0.00035668828058987856,,0.012394743040204048
9213,0.00021005718735978007,,0.002238199580460787
9214,0.0002553837257437408,,0.0029238476417958736
9215,0.00023675471311435103,,0.00216631218791008
9216,0.00022818672005087137,,0.0027611658442765474
9217,0.00019647412409540266,,0.0020570962224155664
9218,0.00021622166968882084,,0.0024239979684352875
9219,0.00022138317581266165,,0.0020517255179584026
9220,0.00021959602599963546,,0.0018601915799081326
9221,0.0002133444359060377,,0.0020874536130577326
9222,0.00020590236817952245,,0.0018383198184892535
9223,0.00019939520279876888,,0.0016990979202091694
9224,0.00020991743076592684,,0.0028039782773703337
9225,0.0002052751078736037,,0.0020748490933328867
9226,0.0003479817823972553,,0.0029519053641706705
9227,0.0001995637285290286,,0.0020360846538096666
9228,0.0002159198047593236,,0.0020499227102845907
9229,0.0002215032436652109,,0.0033256798051297665
9230,0.00021694679162465036,,0.0029181824065744877
9231,0.000509825418703258,,0.0029203249141573906
9232,0.00021983780607115477,,0.0029102065600454807
9233,0.000366394582670182,,0.0027790351305156946
9234,0.00020746990048792213,,0.002764978911727667
9235,0.0002319368504686281,,0.002194539876654744
9236,0.00020199936989229172,,0.0022759672719985247
9237,0.0002532795479055494,,0.003101011738181114
9238,0.000282924622297287,,0.0015305152628570795
9239,0.00024312979076057673,,0.0022955609019845724
9240,0.00021164333156775683,,0.0022664242424070835
9241,0.00017966206360142678,,0.0020682981703430414
9242,0.0002208471269113943,,0.002454559551551938
9243,0.00021175280562601984,,0.0019877925515174866
9244,0.00018525539780966938,,0.001819625380448997
9245,0.000234990322496742,,0.003023597877472639
9246,0.00020695952116511762,,0.0016745288157835603
9247,0.00021694955648854375,,0.0017399305943399668
9248,0.00022730755154043436,,0.0025075229350477457
9249,0.00018724244728218764,,0.0015200687339529395
9250,0.00021042719890829176,,0.0024211343843489885
9251,0.00018149690004065633,,0.0017081821570172906
9252,0.00022014020942151546,,0.0020235253032296896
9253,0.00021529124933294952,,0.0017778438050299883
9254,0.00021678159828297794,,0.0018331562168896198
9255,0.00021639399346895516,,0.0018071410013362765
9256,0.00021554657723754644,,0.0027725384570658207
9257,0.00020382313232403249,,0.002232676139101386
9258,0.0002220513706561178,,0.001863974961452186
9259,0.00020261225290596485,,0.0018294431501999497
9260,0.00022807168716099113,,0.0022970144636929035
9261,0.00028260209364816546,,0.0030733104795217514
9262,0.0002114686940331012,,0.00205056625418365
9263,0.0006680173682980239,,0.006897972896695137
9264,0.0004920215578749776,,0.0028812321834266186
9265,0.0002315632882528007,,0.0029064887203276157
9266,0.00022336024267133325,,0.002180863171815872
9267,0.00021497151465155184,,0.0016872938722372055
9268,0.00024992760154418647,,0.0028685610741376877
9269,0.00018764413835015148,,0.0018396282102912664
9270,0.00021887049661017954,,0.002364138141274452
9271,0.00018436554819345474,,0.0019137287745252252
9272,0.0002350758295506239,,0.00706036202609539
9273,0.00017986497550737113,,0.002125118626281619
9274,0.00023376394528895617,,0.0023231056984514
9275,0.00022467831149697304,,0.002552652731537819
9276,0.0001878093898994848,,0.002677491633221507
9277,0.00043000507866963744,,0.0032176917884498835
9278,0.00024382314586546272,,0.0028111464343965054
9279,0.00019512666040100157,,0.0023419002536684275
9280,0.00019995481125079095,,0.0030099740251898766
9281,0.0002417471696389839,,0.0031752048525959253
9282,0.0002102539874613285,,0.0030832544434815645
9283,0.00020811203285120428,,0.003413233906030655
9284,0.00033084378810599446,,0.002303242450580001
9285,0.0005268666427582502,,0.0024541376624256372
9286,0.00021434894006233662,,0.0023157561663538218
9287,0.00030075915856286883,,0.0023109305184334517
9288,0.00019766119658015668,,0.0019184090197086334
9289,0.0005049255560152233,,0.001986430725082755
9290,0.0002346170076634735,,0.002671146998181939
9291,0.00023109704488888383,,0.0023257986176759005
9292,0.0003047043865080923,,0.013066818006336689
9293,0.00037921813782304525,,0.011782362125813961
9294,0.0002544056042097509,,0.002936489647254348
9295,0.00025411287788301706,,0.006417751777917147
9296,0.00027174141723662615,,0.0031734146177768707
9297,0.00024417845997959375,,0.0028093745931982994
9298,0.000234190360060893,,0.0018410240299999714
9299,0.0002724032092373818,,0.0030568416696041822
9300,0.0002137449337169528,,0.002353362273424864
9301,0.00019938356126658618,,0.0020712364930659533
9302,0.00021933589596301317,,0.0028252576012164354
9303,0.00020647408382501453,,0.0026822234503924847
9304,0.00019391917157918215,,0.0020707163494080305
9305,0.00021100434241816401,,0.002133141504600644
9306,0.00035975687205791473,,0.01495764683932066
9307,0.0002040393592324108,,0.002322264015674591
9308,0.0002010842872550711,,0.002377705881372094
9309,0.0002486494486220181,,0.002504603238776326
9310,0.00020208582282066345,,0.0022498159669339657
9311,0.00028033240232616663,,0.0027532032690942287
9312,0.0005611701053567231,,0.014810692518949509
9313,0.0002269386313855648,,0.0025895042344927788
9314,0.00025828753132373095,,0.003302384866401553
9315,0.00023559857800137252,,0.002279650652781129
9316,0.0005383520037867129,,0.013290617614984512
9317,0.00023388955742120743,,0.002670863876119256
9318,0.0002768007980193943,,0.0028886364307254553
9319,0.00025970119168050587,,0.0030844418797641993
9320,0.00022989429999142885,,0.002766016172245145
9321,0.00048525643069297075,,0.0029235382098704576
9322,0.00022857692965772003,,0.003233277704566717
9323,0.0002633488620631397,,0.0036455411463975906
9324,0.00025234490749426186,,0.0027716478798538446
9325,0.00041496692574582994,,0.009511136449873447
9326,0.000300904008327052,,0.0025661897379904985
9327,0.00029461455415003,,0.008523943834006786
9328,0.00023726056679151952,,0.0027497857809066772
9329,0.00022766068286728114,,0.0019264549482613802
9330,0.0002518680412322283,,0.002851835684850812
9331,0.000207568024052307,,0.0027471419889479876
9332,0.00024330991436727345,,0.002297094790264964
9333,0.00033283859374932945,,0.00833548977971077
9334,0.0002359437057748437,,0.002161051845178008
9335,0.00022110037389211357,,0.002421675017103553
9336,0.00025978777557611465,,0.0027145559433847666
9337,0.0002997339179273695,,0.006538446061313152
9338,0.000205178206670098,,0.0024016485549509525
9339,0.0004631080664694309,,0.002214560518041253
9340,0.00021504882897716016,,0.0023948820307850838
9341,0.00020154786761850119,,0.002264569979161024
9342,0.00028031138936057687,,0.002625660505145788
9343,0.00021042110165581107,,0.0021444300655275583
9344,0.00023855280596762896,,0.0025601761881262064
9345,0.00048571787192486227,,0.0024869877379387617
9346,0.0002345214452361688,,0.002110227942466736
9347,0.00046743382699787617,,0.00214272178709507
9348,0.00022875188733451068,,0.0022910197731107473
9349,0.00022707556490786374,,0.0020599444396793842
9350,0.0001982624235097319,,0.0023617479018867016
9351,0.00020763251814059913,,0.0022796851117163897
9352,0.000444406527094543,,0.0018891080981120467
9353,0.0002581241715233773,,0.0019418474985286593
9354,0.0002551321522332728,,0.007641049101948738
9355,0.0002496896486263722,,0.002470730571076274
9356,0.00021641368221025914,,0.005017981864511967
9357,0.00019746299949474633,,0.0018357993103563786
9358,0.000488320249132812,,0.0020493261981755495
9359,0.00024742865934967995,,0.002581716049462557
9360,0.0002012667100643739,,0.0022800976876169443
9361,0.00025407609064131975,,0.011087211780250072
9362,0.0002339992206543684,,0.002471006941050291
9363,0.00019450833497103304,,0.0021484477911144495
9364,0.00023517233785241842,,0.00327493017539382
9365,0.0002364131505601108,,0.0025552769657224417
9366,0.00022523295774590224,,0.0029405069071799517
9367,0.00021317512437235564,,0.0023394939489662647
9368,0.00025747064501047134,,0.0029798359610140324
9369,0.0002215344866272062,,0.0022487249225378036
9370,0.0004991248715668917,,0.0030351695604622364
9371,0.00021496845874935389,,0.0029971052426844835
9372,0.00023029602016322315,,0.0024076332338154316
9373,0.00020416741608642042,,0.0034435938578099012
9374,0.00017725145153235644,,0.0019696084782481194
9375,0.00022725526650901884,,0.0025226869620382786
9376,0.0002435957721900195,,0.0031915793661028147
9377,0.00022211181931197643,,0.0016402507899329066
9378,0.0001980691304197535,,0.0026936631184071302
9379,0.0002295984886586666,,0.0020464679691940546
9380,0.00020860563381575048,,0.002313530072569847
9381,0.000213592778891325,,0.0024809662718325853
9382,0.0002085684973280877,,0.0022193214390426874
9383,0.00023027474526315928,,0.0022732806392014027
9384,0.0002330203278688714,,0.0030414354987442493
9385,0.00020556074741762131,,0.0019162207609042525
9386,0.00023491238243877888,,0.002144130878150463
9387,0.00023119879188016057,,0.0023314098361879587
9388,0.00019960073404945433,,0.0013553538592532277
9389,0.0002533483784645796,,0.0024934231769293547
9390,0.00026463071117177606,,0.002780962735414505
9391,0.00021431755158118904,,0.003038885770365596
9392,0.0003333010827191174,,0.004122127313166857
9393,0.00020129284530412406,,0.0021696637850254774
9394,0.00021370439208112657,,0.002442104509100318
9395,0.00021848574397154152,,0.002772148698568344
9396,0.00019915864686481655,,0.0016662743873894215
9397,0.00019814596453215927,,0.0024526454508304596
9398,0.00020761945052072406,,0.0022838127333670855
9399,0.00026597018586471677,,0.0033790681045502424
9400,0.0002922237617895007,,0.002728230319917202
9401,0.00020051791216246784,,0.002634595613926649
9402,0.00023740871984045953,,0.002577976556494832
9403,0.00022780433937441558,,0.002234207931905985
9404,0.0002204766497015953,,0.0027105144690722227
9405,0.00020391610451042652,,0.0018951860256493092
9406,0.00021352262410800904,,0.003024956677109003
9407,0.00022808625362813473,,0.002979900920763612
9408,0.0004738540737889707,,0.0016830220120027661
9409,0.0002224406343884766,,0.0020893095061182976
9410,0.0002368624263908714,,0.0027534288819879293
9411,0.00026041013188660145,,0.002340633189305663
9412,0.00018531631212681532,,0.001886344631202519
9413,0.00017365549865644425,,0.0017685402417555451
9414,0.0002176768466597423,,0.0023342808708548546
9415,0.0002263656642753631,,0.0023404196836054325
9416,0.00021042046137154102,,0.002717849100008607
9417,0.00020673280232585967,,0.0017529141623526812
9418,0.00019033107673749328,,0.0018888282356783748
9419,0.0002176790003431961,,0.002041156869381666
9420,0.00023902987595647573,,0.002527703531086445
9421,0.00023262330796569586,,0.002694002352654934
9422,0.00018496488337405026,,0.002213073428720236
9423,0.00020098284585401416,,0.0024970918893814087
9424,0.00017979710537474602,,0.002326288027688861
9425,0.00021042284788563848,,0.0024494403041899204
9426,0.0001810853136703372,,0.0023431479930877686
9427,0.0002028078306466341,,0.002123146550729871
9428,0.00020741134358104318,,0.001734742778353393
9429,0.00021849518816452473,,0.0023425626568496227
9430,0.00021654655574820936,,0.002550831763073802
9431,0.0001845343504101038,,0.0021113529801368713
9432,0.0002047658053925261,,0.0022519563790410757
9433,0.00019703982979990542,,0.0020884545519948006
9434,0.0002051673218375072,,0.002075385069474578
9435,0.00019136877381242812,,0.0026011376176029444
9436,0.00021110048692207783,,0.002482837066054344
9437,0.00022787111811339855,,0.0025063715875148773
9438,0.0002037496742559597,,0.0015409342013299465
9439,0.00020578740804921836,,0.0022055916488170624
9440,0.0002269283140776679,,0.002034668577834964
9441,0.0002511164057068527,,0.003680466441437602
9442,0.00021653847943525761,,0.001836235634982586
9443,0.000511287827976048,,0.0026629662606865168
9444,0.00021890834614168853,,0.0017133471556007862
9445,0.0001995160710066557,,0.0022006963845342398
9446,0.0004982775426469743,,0.002865645568817854
9447,0.0002499357215128839,,0.002592983655631542
9448,0.00020951921760570258,,0.00240501225925982
9449,0.00019506597891449928,,0.0020537185482680798
9450,0.00020930913160555065,,0.002738045994192362
9451,0.00023440501536242664,,0.0029216252733021975
9452,0.00020735032740049064,,0.0024683454539626837
9453,0.0002437434741295874,,0.002508979057893157
9454,0.00020886329002678394,,0.0019683914724737406
9455,0.00018017576076090336,,0.0016964166425168514
9456,0.00020535849034786224,,0.002007549861446023
9457,0.0002068897883873433,,0.0029390291310846806
9458,0.0003668363206088543,,0.01682373322546482
9459,0.00024532160023227334,,0.002526066266000271
9460,0.00019915265147574246,,0.002427414059638977
9461,0.00022124740644358099,,0.002379687037318945
9462,0.00023543884162791073,,0.004717064555734396
9463,0.0005216579884290695,,0.017441527917981148
9464,0.00019616620556917042,,0.002481482457369566
9465,0.00022131542209535837,,0.0021588813979178667
9466,0.00021717941854149103,,0.0019317184342071414
9467,0.0002837873180396855,,0.002913794945925474
9468,0.00021311268210411072,,0.0023314652498811483
9469,0.0002648157242219895,,0.0031528302934020758
9470,0.00017628823115956038,,0.0016351884696632624
9471,0.00020824171951971948,,0.0024235325399786234
9472,0.00019868640811182559,,0.0017777287866920233
9473,0.00019959207565989345,,0.002229458186775446
9474,0.0002123027661582455,,0.0018228437984362245
9475,0.00020563100406434387,,0.0025100100319832563
9476,0.00020141704590059817,,0.0017352048307657242
9477,0.00022083647490944713,,0.002300214720889926
9478,0.00039972359081730247,,0.0025156857445836067
9479,0.00023635213437955827,,0.00232559721916914
9480,0.0003973977582063526,,0.01517147570848465
9481,0.00023456828785128891,,0.0025342588778585196
9482,0.00022274527873378247,,0.0019905639346688986
9483,0.0002073754876619205,,0.0023481056559830904
9484,0.00026333873393014073,,0.0025181230157613754
9485,0.00024743948597460985,,0.003071351908147335
9486,0.00020613917149603367,,0.0025550471618771553
9487,0.00023288390366360545,,0.0032513057813048363
9488,0.0005173141835257411,,0.0028583193197846413
9489,0.000208877376280725,,0.0034813545644283295
9490,0.0003396204556338489,,0.011148699559271336
9491,0.0002033095806837082,,0.0022120822686702013
9492,0.0001933657913468778,,0.0027395347133278847
9493,0.00023572162899654359,,0.0028901936020702124
9494,0.00024142101756297052,,0.0031827872153371572
9495,0.0005388333229348063,,0.004832673817873001
9496,0.00021005849703215063,,0.0025515174493193626
9497,0.0002339669008506462,,0.003139496548101306
9498,0.00022567294945474714,,0.00278805335983634
9499,0.000194432184798643,,0.002070722635835409
9500,0.00025403048493899405,0.000208099704827177,0.0034673146437853575
9501,0.0004997296491637826,,0.002359196776524186
9502,0.00026516005164012313,,0.003215925535187125
9503,0.00024025104357860982,,0.002740920055657625
9504,0.0002132096269633621,,0.00297229690477252
9505,0.00023273515398614109,,0.0039640553295612335
9506,0.00020611472427845,,0.0023254575207829475
9507,0.00021414828370325267,,0.0037022107280790806
9508,0.0003958079614676535,,0.003320349147543311
9509,0.00022123128292150795,,0.0021543249022215605
9510,0.00025474964058957994,,0.0027804134879261255
9511,0.00020142643188592046,,0.0019607064314186573
9512,0.0002033049240708351,,0.002191483974456787
9513,0.00020604414748959243,,0.0020402641966938972
9514,0.0002085743471980095,,0.001974931452423334
9515,0.00019241261179558933,,0.0017549670301377773
9516,0.00022775452816858888,,0.0022480974439531565
9517,0.00029727991204708815,,0.003787849098443985
9518,0.00023195617541205138,,0.0029252045787870884
9519,0.00021157501032575965,,0.0021138254087418318
9520,0.00019800441805273294,,0.0020981300622224808
9521,0.00020336364104878157,,0.0026468979194760323
9522,0.00023839301138650626,,0.0022486618254333735
9523,0.00025313597870990634,,0.0028418083675205708
9524,0.00020731074619106948,,0.0025650467723608017
9525,0.00021156521688681096,,0.0021659645717591047
9526,0.0004390510148368776,,0.008922555483877659
9527,0.00020086040603928268,,0.0023817492183297873
9528,0.00021176182781346142,,0.00272164074704051
9529,0.00023122997663449496,,0.003248864086344838
9530,0.00023917193175293505,,0.0026629497297108173
9531,0.0003679560904856771,,0.013118707574903965
9532,0.0005719527252949774,,0.003062956500798464
9533,0.0002112659130943939,,0.002136320574209094
9534,0.00044647170579992235,,0.014256253838539124
9535,0.00027831137413159013,,0.002811817452311516
9536,0.00026500201784074306,,0.0028070658445358276
9537,0.0002699228352867067,,0.005610726308077574
9538,0.00020741965272463858,,0.0029757432639598846
9539,0.0005506564630195498,,0.013554515317082405
9540,0.00021738935902249068,,0.0030365039128810167
9541,0.00045287396642379463,,0.004192612133920193
9542,0.00021163465862628073,,0.0027305881958454847
9543,0.00023409954155795276,,0.0031333756633102894
9544,0.00022148017887957394,,0.002739389194175601
9545,0.00022267558961175382,,0.002739944960922003
9546,0.00021371434559114277,,0.002637863624840975
9547,0.0002834147308021784,,0.002803205279633403
9548,0.000225554482312873,,0.0029361837077885866
9549,0.00023780387709848583,,0.0027038967236876488
9550,0.0002455313806422055,,0.002825389849022031
9551,0.0002704579383134842,,0.002594694495201111
9552,0.00021106777421664447,,0.0025534979067742825
9553,0.00019729427003767341,,0.002632531803101301
9554,0.0002458627277519554,,0.0023286377545446157
9555,0.00023445227998308837,,0.002628364833071828
9556,0.0002124601014656946,,0.0030825957655906677
9557,0.00022751689539290965,,0.0025835868436843157
9558,0.00032234733225777745,,0.0024654013104736805
9559,0.0002412912144791335,,0.003685716539621353
9560,0.00021308031864464283,,0.0029731150716543198
9561,0.00021541464957408607,,0.0025150782894343138
9562,0.00022442347835749388,,0.0025799283757805824
9563,0.00027657864848151803,,0.005661297123879194
9564,0.00048302888171747327,,0.0027874407824128866
9565,0.00021303840912878513,,0.0023526919540017843
9566,0.00020446989219635725,,0.002116214483976364
9567,0.00018101587193086743,,0.0021922593005001545
9568,0.00022474635625258088,,0.002401802223175764
9569,0.00022793441894464195,,0.0027729140128940344
9570,0.00041308451909571886,,0.004055011086165905
9571,0.00023092089395504445,,0.0057501900009810925
9572,0.00022307230392470956,,0.003321017138659954
9573,0.00022167322458699346,,0.0027803077828139067
9574,0.0002286892122356221,,0.002616171957924962
9575,0.0005248872912488878,,0.002593423705548048
9576,0.0002093416260322556,,0.003119928762316704
9577,0.00025292125064879656,,0.00306140654720366
9578,0.00021444341109599918,,0.003613466629758477
9579,0.000239094952121377,,0.0024451646022498608
9580,0.00020260128076188266,,0.003213859861716628
9581,0.00021873399964533746,,0.004176197573542595
9582,0.00047975429333746433,,0.002036302350461483
9583,0.00022657167573925108,,0.0037158499471843243
9584,0.00019011725089512765,,0.002487270161509514
9585,0.00017991557251662016,,0.0018697191262617707
9586,0.00018495158292353153,,0.0029324267525225878
9587,0.00024302498786710203,,0.00510807242244482
9588,0.0002484199358150363,,0.0022381916642189026
9589,0.00047203211579471827,,0.0026357625611126423
9590,0.0002143773017451167,,0.002902336185798049
9591,0.00024292174202855676,,0.0027341076638549566
9592,0.00021679494238924235,,0.002648780820891261
9593,0.00020114400831516832,,0.0030692152213305235
9594,0.00023815524764358997,,0.004493791610002518
9595,0.000535060535185039,,0.005057378672063351
9596,0.0002129877102561295,,0.002592154312878847
9597,0.00019854004494845867,,0.002401972422376275
9598,0.00022280614939518273,,0.00245823641307652
9599,0.0002587623312138021,,0.0027348489966243505
9600,0.00019905528461094946,,0.0018498373683542013
9601,0.00025582287344150245,,0.003949662204831839
9602,0.00022412286489270627,,0.0022352412343025208
9603,0.00022140445071272552,,0.0034748718608170748
9604,0.0002038154489127919,,0.001964820083230734
9605,0.00022691865160595626,,0.0022898109164088964
9606,0.00019807997159659863,,0.002406795509159565
9607,0.0004619589017238468,,0.002404170809313655
9608,0.0002427886356599629,,0.0029265927150845528
9609,0.00024627853417769074,,0.0038072967436164618
9610,0.00020002303062938154,,0.0020466321147978306
9611,0.00021468507475219667,,0.004031022544950247
9612,0.00037130722193978727,,0.0033001480624079704
9613,0.00020952941849827766,,0.0020025616977363825
9614,0.00023501328541897237,,0.004545664880424738
9615,0.00022943291696719825,,0.004739057272672653
9616,0.00021729564468842,,0.002543272916227579
9617,0.0002752800064627081,,0.0027851308695971966
9618,0.0001981231471290812,,0.0022210702300071716
9619,0.00027324946131557226,,0.007854261435568333
9620,0.0002128907071892172,,0.0023620356805622578
9621,0.00020448188297450542,,0.001858869451098144
9622,0.00020202071755193174,,0.0017474025953561068
9623,0.00029248782084323466,,0.0031608876306563616
9624,0.00023332374985329807,,0.0020673219114542007
9625,0.0002293800062034279,,0.0022062063217163086
9626,0.00020464323461055756,,0.00243091257289052
9627,0.00018862599972635508,,0.0021988805383443832
9628,0.0004132713074795902,,0.007223185151815414
9629,0.0002409700391581282,,0.0030731779988855124
9630,0.000261204841081053,,0.002953137503936887
9631,0.00021713452588301152,,0.0019046897068619728
9632,0.0002201594179496169,,0.0029569040052592754
9633,0.0004902739892713726,,0.001970746088773012
9634,0.00020048514124937356,,0.0024458521511405706
9635,0.0002034947247011587,,0.002139677759259939
9636,0.00019262141722720116,,0.0020720961038023233
9637,0.00048391747986897826,,0.002919343998655677
9638,0.00020497017248999327,,0.0021630460396409035
9639,0.00023127537861000746,,0.0024980425368994474
9640,0.00020534975919872522,,0.002356761833652854
9641,0.00034548318944871426,,0.0021788273006677628
9642,0.00029897730564698577,,0.008784104138612747
9643,0.00023252112441696227,,0.0022718848194926977
9644,0.0003716783248819411,,0.0023230980150401592
9645,0.0002481531701050699,,0.0026182825677096844
9646,0.00047839918988756835,,0.0021750316955149174
9647,0.00019871839322149754,,0.0017551599303260446
9648,0.00021867998293600976,,0.002026558620855212
9649,0.00021066660701762885,,0.0021152484696358442
9650,0.00021017188555561006,,0.0019552968442440033
9651,0.00046009206562303007,,0.00252803647890687
9652,0.0002065505541395396,,0.003085565520450473
9653,0.00018753197218757123,,0.0016782062593847513
9654,0.00021077782730571926,,0.002362601226195693
9655,0.0001984217669814825,,0.0021334702614694834
9656,0.00047560117673128843,,0.0026997877284884453
9657,0.0002980255230795592,,0.015113705769181252
9658,0.0003520216268952936,,0.0027177713345736265
9659,0.00022256973898038268,,0.0020015528425574303
9660,0.000254055397817865,,0.0029413942247629166
9661,0.00020069314632564783,,0.0022555487230420113
9662,0.00021778928930871189,,0.0022459719330072403
9663,0.00025013525737449527,,0.0029215719550848007
9664,0.00024535504053346813,,0.0029177721589803696
9665,0.00047122020623646677,,0.003143888898193836
9666,0.0005134185776114464,,0.0024792610201984644
9667,0.00029175623785704374,,0.013009787537157536
9668,0.0003220471553504467,,0.0028615728951990604
9669,0.00020296974980738014,,0.0021878897678107023
9670,0.00027865153970196843,,0.008129631169140339
9671,0.00021759653463959694,,0.002098697004839778
9672,0.00021858960099052638,,0.002435378497466445
9673,0.00024627812672406435,,0.0024533530231565237
9674,0.00023939953825902194,,0.002479720627889037
9675,0.00022730138152837753,,0.002722019562497735
9676,0.00022272288333624601,,0.0030208213720470667
9677,0.00018962204921990633,,0.001805544481612742
9678,0.0005229222006164491,,0.0037396112456917763
9679,0.00020863892859779298,,0.0021304122637957335
9680,0.00018916853878181428,,0.0019772599916905165
9681,0.00018682036898098886,,0.002559696091338992
9682,0.00021755939815193415,,0.0023550225887447596
9683,0.00019650321337394416,,0.002143606310710311
9684,0.000213014121982269,,0.004379799589514732
9685,0.00020464937551878393,,0.001775812590494752
9686,0.0006066684145480394,,0.0030655148439109325
9687,0.0004486106336116791,,0.004468482919037342
9688,0.00019766790501307696,,0.002056658733636141
9689,0.00021984560589771718,,0.0022082591895014048
9690,0.0002528447948861867,,0.0019527904223650694
9691,0.00018823554273694754,,0.001926379045471549
9692,0.0002022357366513461,,0.002560690278187394
9693,0.00023912207689136267,,0.003599389921873808
9694,0.00021372239280026406,,0.0032781807240098715
9695,0.000235493149375543,,0.002610256429761648
9696,0.00040585797978565097,,0.002994765993207693
9697,0.0001897587499115616,,0.002937495242804289
9698,0.00023219932336360216,,0.0021646590903401375
9699,0.00023718649754300714,,0.0027452781796455383
9700,0.00020077015506103635,,0.0019000225001946092
9701,0.00018978139269165695,,0.0024242501240223646
9702,0.00024488838971592486,,0.0025259514804929495
9703,0.00018829252803698182,,0.0016930969431996346
9704,0.00020974944345653057,,0.0022722426801919937
9705,0.00018935283878818154,,0.002011305885389447
9706,0.00018671862198971212,,0.0012958525912836194
9707,0.00018140344764105976,,0.001987377880141139
9708,0.00021115122945047915,,0.0023147088941186666
9709,0.0002078384713968262,,0.0020818074699491262
9710,0.0002083894651150331,,0.001717872335575521
9711,0.00018629059195518494,,0.0020186170004308224
9712,0.00027274282183498144,,0.008993655443191528
9713,0.00031742482678964734,,0.014183226972818375
9714,0.00020122152636758983,,0.001975711900740862
9715,0.0003087325021624565,,0.009807880967855453
9716,0.0001946508709806949,,0.0023260852321982384
9717,0.00022688438184559345,,0.0018563714111223817
9718,0.00022201912361197174,,0.00232291198335588
9719,0.00042652757838368416,,0.007736284751445055
9720,0.00020654592663049698,,0.002312868135049939
9721,0.0002352199808228761,,0.004043625667691231
9722,0.00024077502894215286,,0.0032352099660784006
9723,0.00025453249691054225,,0.007564137224107981
9724,0.00022780545987188816,,0.0028929479885846376
9725,0.00019921670900657773,,0.001805042033083737
9726,0.0002057828678516671,,0.002243716735392809
9727,0.00025409332010895014,,0.002723498735576868
9728,0.00023749633692204952,,0.0027252379804849625
9729,0.0003888212377205491,,0.0032156119123101234
9730,0.00021608948009088635,,0.001702581299468875
9731,0.00020620149734895676,,0.002042307984083891
9732,0.0004451304557733238,,0.0019097927724942565
9733,0.00020072152256034315,,0.0016938719199970365
9734,0.00024322874378412962,,0.0021542245522141457
9735,0.0005062578129582107,,0.0025459881871938705
9736,0.00029397051548585296,,0.002438240684568882
9737,0.00021049594215583056,,0.003257250413298607
9738,0.0002057322271866724,,0.0019968657288700342
9739,0.00022532182629220188,,0.002202303148806095
9740,0.0002125988685293123,,0.002306720009073615
9741,0.00020565485465340316,,0.002836778061464429
9742,0.00019567004346754402,,0.002137752715498209
9743,0.0002149009087588638,,0.002070035319775343
9744,0.0004106649139430374,,0.014592866413295269
9745,0.0001846316590672359,,0.0015653518494218588
9746,0.0002156099653802812,,0.002808754565194249
9747,0.00022496873862110078,,0.00296973530203104
9748,0.00042995772673748434,,0.019977273419499397
9749,0.0003625083190854639,,0.012526518665254116
9750,0.00023551893536932766,,0.003103087656199932
9751,0.0002062582498183474,,0.0030232148710638285
9752,0.0004681972786784172,,0.008465507999062538
9753,0.00025548480334691703,,0.0034716972149908543
9754,0.00024365272838622332,,0.0030126122292131186
9755,0.00040592660661786795,,0.01363933552056551
9756,0.00023569077893625945,,0.0027196314185857773
9757,0.00020883753313682973,,0.0027222661301493645
9758,0.0003487365902401507,,0.0149970892816782
9759,0.0005192591343075037,,0.0030014151707291603
9760,0.0002407749416306615,,0.0028519504703581333
9761,0.0005179789732210338,,0.0031701878178864717
9762,0.00023932242766022682,,0.0026422992814332247
9763,0.0006506823701784015,,0.010770805180072784
9764,0.00024676130851730704,,0.003841065103188157
9765,0.0002529379562474787,,0.006088816560804844
9766,0.00025367148919031024,,0.0032989117316901684
9767,0.00025909682153724134,,0.0030127926729619503
9768,0.00021347275469452143,,0.0021415355149656534
9769,0.00033821884426288307,,0.003472203155979514
9770,0.00024701812071725726,,0.002946065040305257
9771,0.00023613526718690991,,0.0022249834146350622
9772,0.0002109221532009542,,0.002595532452687621
9773,0.0002560062857810408,,0.006786769721657038
9774,0.0002006013528443873,,0.002454824047163129
9775,0.00022965946118347347,,0.0032456223852932453
9776,0.00024367959122173488,,0.002728824270889163
9777,0.00030773901380598545,,0.0022760622669011354
9778,0.0002482341369614005,,0.0026890006847679615
9779,0.00023644251632504165,,0.002480242168530822
9780,0.00022019061725586653,,0.002769863698631525
9781,0.00022182885732036084,,0.0021141916513442993
9782,0.00028130083228461444,,0.009976685978472233
9783,0.00022149881988298148,,0.0032336136791855097
9784,0.00020699450396932662,,0.00221407157368958
9785,0.0002366646658629179,,0.0020631402730941772
9786,0.0002242353220935911,,0.0026000188663601875
9787,0.00019951394642703235,,0.002508183242753148
9788,0.0002277424791827798,,0.0027024243026971817
9789,0.00019263586727902293,,0.0023162357974797487
9790,0.00019298071856610477,,0.002353156451135874
9791,0.00023519087699241936,,0.002579369582235813
9792,0.00021617961465381086,,0.002400153549388051
9793,0.00020780750492122024,,0.0018048633355647326
9794,0.0002481302944943309,,0.008345618844032288
9795,0.0001810840331017971,,0.002702227793633938
9796,0.0002024454006459564,,0.002004201989620924
9797,0.00020375903113745153,,0.0022296460811048746
9798,0.0002650053647812456,,0.0031631977763026953
9799,0.000205977848963812,,0.002718751085922122
9800,0.00022145500406622887,,0.002693429123610258
9801,0.00022292198264040053,,0.0025490012485533953
9802,0.0002844040282070637,,0.014089023694396019
9803,0.0002132795489160344,,0.002469724975526333
9804,0.00021735878544859588,,0.002178677823394537
9805,0.00020535050134640187,,0.002349597867578268
9806,0.0002486906014382839,,0.0027217059396207333
9807,0.00021383140119723976,,0.0023642461746931076
9808,0.00020359730115160346,,0.00228949380107224
9809,0.00020672468235716224,,0.002706568455323577
9810,0.0002162340679205954,,0.0019538281485438347
9811,0.00023067793517839164,,0.004891418851912022
9812,0.000366752443369478,,0.00222796481102705
9813,0.0002231961552752182,,0.0020794724114239216
9814,0.0002097345277434215,,0.002060282975435257
9815,0.0002085927117150277,,0.002799771726131439
9816,0.00020059884991496801,,0.0025144601240754128
9817,0.0002883088309317827,,0.011200976558029652
9818,0.0002061952545773238,,0.002930430695414543
9819,0.0002138397831004113,,0.0019681642297655344
9820,0.00019441006588749588,,0.001951904152520001
9821,0.0001990922901313752,,0.002287639072164893
9822,0.00020163049339316785,,0.0017724506324157119
9823,0.00018682130030356348,,0.0016096474137157202
9824,0.0002092491340590641,,0.002129657892510295
9825,0.00019651360344141722,,0.001653490588068962
9826,0.00021796654618810862,,0.00196756306104362
9827,0.0002794882166199386,,0.00694279745221138
9828,0.00021894951350986958,,0.0018841694109141827
9829,0.00022500839259009808,,0.0021232031285762787
9830,0.00020003071404062212,,0.0020709228701889515
9831,0.00030876006348989904,,0.0108171496540308
9832,0.00022135923791211098,,0.0017687245272099972
9833,0.00031054127612151206,,0.0026052510365843773
9834,0.0002453331253491342,,0.0031410413794219494
9835,0.00018504451145417988,,0.001792703289538622
9836,0.00019543418602552265,,0.0022120552603155375
9837,0.00021424036822281778,,0.00248189689591527
9838,0.00022094667656347156,,0.002884234068915248
9839,0.00020218569261487573,,0.0025586409028619528
9840,0.00021351400937419385,,0.002479995833709836
9841,0.00020112900529056787,,0.0020430919248610735
9842,0.00020559318363666534,,0.002225335454568267
9843,0.000216620450373739,,0.0030298049096018076
9844,0.0002843842376023531,,0.007249132730066776
9845,0.00020372771541588008,,0.0023819678463041782
9846,0.0001887725666165352,,0.004048132803291082
9847,0.00022042624186724424,,0.0021266385447233915
9848,0.00023073148622643203,,0.00230259052477777
9849,0.0002017170045292005,,0.0025736948009580374
9850,0.00020674086408689618,,0.0027037900872528553
9851,0.00023216893896460533,,0.0022296886891126633
9852,0.0002392009337199852,,0.002742264186963439
9853,0.00020453438628464937,,0.002776728244498372
9854,0.0002256326552014798,,0.0029258322902023792
9855,0.0004765639896504581,,0.0018779141828417778
9856,0.00020198014681227505,,0.0022739488631486893
9857,0.0005706329247914255,,0.015675930306315422
9858,0.0001979380613192916,,0.0015749442391097546
9859,0.00018306830315850675,,0.002686037914827466
9860,0.00020715789287351072,,0.0019053264986723661
9861,0.000314356351736933,,0.014166051521897316
9862,0.00019653879280667752,,0.0019566428381949663
9863,0.00019352175877429545,,0.0024782363325357437
9864,0.00022366063785739243,,0.0021182086784392595
9865,0.0002118830307153985,,0.0022171589080244303
9866,0.00022637457004748285,,0.001965658040717244
9867,0.00016709332703612745,,0.0020590461790561676
9868,0.00019076645548921078,,0.0019343256717547774
9869,0.00021137371368240565,,0.0024308175779879093
9870,0.0004023616202175617,,0.002556006656959653
9871,0.00017801827925723046,,0.0016686479793861508
9872,0.0002138075651600957,,0.001931134145706892
9873,0.00018604919023346156,,0.0015000459970906377
9874,0.00018465050379745662,,0.0018740615341812372
9875,0.00022011382679920644,,0.0030535790137946606
9876,0.0001962957321666181,,0.0019771382212638855
9877,0.000227168551646173,,0.00189645413774997
9878,0.00020305634825490415,,0.00211768364533782
9879,0.00022387501667253673,,0.0020754162687808275
9880,0.0002011299366131425,,0.0025875791907310486
9881,0.00020577605755534023,,0.0020316692534834146
9882,0.00021531466336455196,,0.002856702310964465
9883,0.000254870334174484,,0.004744317848235369
9884,0.00020391074940562248,,0.0021668991539627314
9885,0.0002559679269324988,,0.003140128217637539
9886,0.0002565921749919653,,0.0019933274015784264
9887,0.00019039481412619352,,0.0023096243385225534
9888,0.00018487361376173794,,0.001768769696354866
9889,0.00018673021986614913,,0.0017676263814792037
9890,0.0001789862581063062,,0.002063820604234934
9891,0.00019490589329507202,,0.001690168515779078
9892,0.00040832310332916677,,0.0015110464300960302
9893,0.00020059208327438682,,0.002365442691370845
9894,0.0004434332950040698,,0.0018086445052176714
9895,0.00019961925863754004,,0.00199548015370965
9896,0.00020944824791513383,,0.0019102536607533693
9897,0.0002014101919485256,,0.0024527141358703375
9898,0.0003076119173783809,,0.0019979628268629313
9899,0.00018551276298239827,,0.001744587323628366
9900,0.0002204108750447631,,0.0023393139708787203
9901,0.0002005502174142748,,0.0017791087739169598
9902,0.0002135704708052799,,0.001548043335787952
9903,0.00020803333609364927,,0.0031061111949384212
9904,0.00018730736337602139,,0.002299122978001833
9905,0.00018955551786348224,,0.0018633372383192182
9906,0.00019759201677516103,,0.0018513159593567252
9907,0.00020402134396135807,,0.0022220537066459656
9908,0.00020602595759555697,,0.0018974330741912127
9909,0.00019718892872333527,,0.0014547709142789245
9910,0.0002339728525839746,,0.0023834023158997297
9911,0.00021423799626063555,,0.0021272958256304264
9912,0.0002099743578583002,,0.0016153539763763547
9913,0.00018666227697394788,,0.0015560885658487678
9914,0.0001993745972868055,,0.0018260952783748507
9915,0.00019995460752397776,,0.0022715141531080008
9916,0.00021294392354320735,,0.0019823028706014156
9917,0.0004483347001951188,,0.002185158198699355
9918,0.00020096571824979037,,0.0019858842715620995
9919,0.0002057943493127823,,0.0026207147166132927
9920,0.00020176793623249978,,0.0019354638643562794
9921,0.00018646572425495833,,0.0021111348178237677
9922,0.00018887424084823579,,0.002172502689063549
9923,0.0002276523591717705,,0.00267905555665493
9924,0.00020798048353753984,,0.002320266794413328
9925,0.0002124215679941699,,0.0016837295843288302
9926,0.0004941585939377546,,0.0015927948988974094
9927,0.00019501984934322536,,0.0023520952090620995
9928,0.00022548848937731236,,0.002201759023591876
9929,0.00018920371076092124,,0.0019683693535625935
9930,0.00019503390649333596,,0.0021707068663090467
9931,0.00019986786355730146,,0.0018378673121333122
9932,0.00021964736515656114,,0.0029567924793809652
9933,0.0004518203786574304,,0.0021175940055400133
9934,0.00020743260392919183,,0.0017976353410631418
9935,0.00018542689213063568,,0.0015647251857444644
9936,0.00023377634352073073,,0.002382386475801468
9937,0.00018490954244043678,,0.0015534335980191827
9938,0.0001910296850837767,,0.0021635352168232203
9939,0.00017382984515279531,,0.001867645769380033
9940,0.00043498026207089424,,0.002071901923045516
9941,0.00020712408877443522,,0.0016209136229008436
9942,0.00017777070752345026,,0.0015571361873298883
9943,0.00018918688874691725,,0.0021993794944137335
9944,0.0002312196884304285,,0.0022828918881714344
9945,0.00018836918752640486,,0.0022410652600228786
9946,0.00022262735001277179,,0.002838095184415579
9947,0.00021177480812184513,,0.002003865083679557
9948,0.00020745614892803133,,0.002414188114926219
9949,0.00019359767611604184,,0.0013880189508199692
9950,0.00018624530639499426,,0.0015943932812660933
9951,0.00032708034268580377,,0.002339776838198304
9952,0.00020917787333019078,,0.0022330095525830984
9953,0.0001828275271691382,,0.002178271533921361
9954,0.0001939111389219761,,0.0024081591982394457
9955,0.00019111983419861645,,0.0020212188828736544
9956,0.0001964610128197819,,0.0019500941270962358
9957,0.00018006269237957895,,0.002153681358322501
9958,0.0004305124166421592,,0.001891620340757072
9959,0.00020893299370072782,,0.0020507476292550564
9960,0.0004815666179638356,,0.0022680622059851885
9961,0.00019882837659679353,,0.0026995688676834106
9962,0.0001875322632258758,,0.0025526161771267653
9963,0.00020442977256607264,,0.0022597871720790863
9964,0.00021113446564413607,,0.0021470559295266867
9965,0.00020913378102704883,,0.002376420656219125
9966,0.00019844650523737073,,0.0021279591601341963
9967,0.00018543987243901938,,0.002117036608979106
9968,0.00021377862140070647,,0.0028557826299220324
9969,0.0001927059201989323,,0.0021280248183757067
9970,0.0001907690748339519,,0.0019957986660301685
9971,0.0002259610191686079,,0.002825680887326598
9972,0.00046158916666172445,,0.002590832533314824
9973,0.0004243607399985194,,0.004120375029742718
9974,0.00020041884272359312,,0.002483735326677561
9975,0.0004407075175549835,,0.004032957833260298
9976,0.0004565378185361624,,0.0046038441359996796
9977,0.00019102571241091937,,0.0019054103177040815
9978,0.00020966128795407712,,0.0025641187094151974
9979,0.00036143205943517387,,0.004300290253013372
9980,0.00020652904640883207,,0.002271194476634264
9981,0.00023140665143728256,,0.002038008300587535
9982,0.0002080277627101168,,0.002310973359271884
9983,0.00020885658159386367,,0.007682650350034237
9984,0.0002102522412315011,,0.002258870517835021
9985,0.00020641314040403813,,0.0024912282824516296
9986,0.00021301835658960044,,0.002175161149352789
9987,0.00022268766770139337,,0.0020322620403021574
9988,0.00021432200446724892,,0.0021164610516279936
9989,0.0002034354256466031,,0.0020844212267547846
9990,0.00020128613687120378,,0.0017523871501907706
9991,0.00022991857258602977,,0.002305280650034547
9992,0.0001953121682163328,,0.0025956891477108
9993,0.00018176945741288364,,0.0019207482691854239
9994,0.00019650417380034924,,0.0020461587700992823
9995,0.0004885117523372173,,0.002482869429513812
9996,0.00022285924933385104,,0.0021975755225867033
9997,0.0002297929022461176,,0.002484249649569392
9998,0.00021441560238599777,,0.0021797565277665854
9999,0.00020652245439123362,,0.0019141345983371139
10000,0.00046203116653487086,0.00018575267576751903,0.0018219761550426483
