model,fraction,seed,split,task_id,family,success,collision,ground_contact,unsafe,timeout,mean_return,episode_steps,action_clip_count,policy_action_support_violation_count
BC,25,20260820,S7_FRESH_DEVELOPMENT,FRESH_CROSSOVER_00_TASK_000,FRESH,0,0,0,0,1,1.355746232326512,960,0,0
BC,25,20260820,S7_FRESH_DEVELOPMENT,FRESH_CROSSOVER_00_TASK_001,FRESH,0,1,0,1,0,-16.392040499388937,337,0,0
BC,25,20260820,S7_FRESH_DEVELOPMENT,FRESH_CROSSOVER_00_TASK_002,FRESH,0,0,1,1,0,-17.619217390042373,324,0,0
BC,25,20260820,S7_FRESH_DEVELOPMENT,FRESH_CROSSOVER_00_TASK_003,FRESH,0,1,0,1,0,-17.534214660448228,665,0,0
BC,25,20260820,S7_FRESH_DEVELOPMENT,FRESH_CROSSOVER_00_TASK_004,FRESH,0,0,1,1,0,-18.996784346776042,859,0,0
BC,25,20260820,S7_FRESH_DEVELOPMENT,FRESH_CROSSOVER_00_TASK_005,FRESH,0,1,0,1,0,-16.955194521999182,702,0,0
BC,25,20260820,S7_FRESH_DEVELOPMENT,FRESH_CROSSOVER_00_TASK_006,FRESH,0,1,0,1,0,-16.98362519400083,661,0,0
BC,25,20260820,S7_FRESH_DEVELOPMENT,FRESH_CROSSOVER_00_TASK_007,FRESH,0,0,0,0,1,-1.633143288450391,960,0,0
BC,25,20260820,S7_FRESH_DEVELOPMENT,FRESH_CROSSOVER_00_TASK_008,FRESH,0,1,0,1,0,-17.087326650886368,163,0,0
BC,25,20260820,S7_FRESH_DEVELOPMENT,FRESH_DOUBLE_00_TASK_000,FRESH,0,1,0,1,0,-11.184883398798389,689,0,0
BC,25,20260820,S7_FRESH_DEVELOPMENT,FRESH_DOUBLE_00_TASK_003,FRESH,0,0,1,1,0,-15.969092232659483,309,0,0
BC,25,20260820,S7_FRESH_DEVELOPMENT,FRESH_DOUBLE_00_TASK_004,FRESH,0,0,0,0,1,7.36137425461762,960,0,0
BC,25,20260820,S7_FRESH_DEVELOPMENT,FRESH_DOUBLE_00_TASK_007,FRESH,0,1,0,1,0,-11.581936483595669,506,0,0
BC,25,20260820,S7_FRESH_DEVELOPMENT,FRESH_DOUBLE_00_TASK_008,FRESH,0,1,0,1,0,-10.915132810376594,782,0,0
BC,25,20260820,S7_FRESH_DEVELOPMENT,FRESH_DOUBLE_00_TASK_012,FRESH,1,0,0,0,0,31.96715843817107,773,0,0
BC,25,20260820,S7_FRESH_DEVELOPMENT,FRESH_DOUBLE_00_TASK_017,FRESH,0,0,0,0,1,9.433833881260247,960,0,0
BC,25,20260820,S7_FRESH_DEVELOPMENT,FRESH_DOUBLE_00_TASK_019,FRESH,0,0,0,0,1,8.476537394092922,960,0,0
BC,25,20260820,S7_FRESH_DEVELOPMENT,FRESH_DOUBLE_00_TASK_021,FRESH,0,1,0,1,0,-16.75148414883242,326,0,0
BC,25,20260820,S7_FRESH_DEVELOPMENT,FRESH_CHICANE_00_TASK_000,FRESH,0,0,1,1,0,-18.426349513858078,299,0,0
BC,25,20260820,S7_FRESH_DEVELOPMENT,FRESH_CHICANE_00_TASK_001,FRESH,0,0,0,0,1,8.5479733127734,960,0,0
BC,25,20260820,S7_FRESH_DEVELOPMENT,FRESH_CHICANE_00_TASK_002,FRESH,0,0,0,0,1,11.376780968595712,960,0,0
BC,25,20260820,S7_FRESH_DEVELOPMENT,FRESH_CHICANE_00_TASK_003,FRESH,0,0,0,0,1,3.1266870757644822,960,0,0
BC,25,20260820,S7_FRESH_DEVELOPMENT,FRESH_CHICANE_00_TASK_004,FRESH,0,1,0,1,0,-16.816600865391322,349,0,0
BC,25,20260820,S7_FRESH_DEVELOPMENT,FRESH_CHICANE_00_TASK_005,FRESH,0,1,0,1,0,-15.863076509161266,639,0,0
BC,25,20260820,S7_FRESH_DEVELOPMENT,FRESH_CHICANE_00_TASK_006,FRESH,0,0,0,0,1,4.295722765457456,960,0,0
BC,25,20260820,S7_FRESH_DEVELOPMENT,FRESH_CHICANE_00_TASK_007,FRESH,0,0,0,0,1,-2.1903920938243995,960,0,0
BC,25,20260820,S7_FRESH_DEVELOPMENT,FRESH_CHICANE_00_TASK_008,FRESH,0,0,1,1,0,-16.085442209195733,474,0,0
BC,25,20260820,S7_FRESH_DEVELOPMENT,FRESH_GATE_00_TASK_000,FRESH,1,0,0,0,0,27.879921315263083,657,0,0
BC,25,20260820,S7_FRESH_DEVELOPMENT,FRESH_GATE_00_TASK_001,FRESH,0,0,0,0,1,7.903337398563867,960,0,0
BC,25,20260820,S7_FRESH_DEVELOPMENT,FRESH_GATE_00_TASK_002,FRESH,1,0,0,0,0,29.159925512088417,496,0,0
BC,25,20260820,S7_FRESH_DEVELOPMENT,FRESH_GATE_00_TASK_003,FRESH,0,1,0,1,0,-14.559560007599341,263,0,0
BC,25,20260820,S7_FRESH_DEVELOPMENT,FRESH_GATE_00_TASK_004,FRESH,0,0,0,0,1,8.450431185747947,960,0,0
BC,25,20260820,S7_FRESH_DEVELOPMENT,FRESH_GATE_00_TASK_005,FRESH,0,1,0,1,0,-13.475830305613844,310,0,0
BC,25,20260820,S7_FRESH_DEVELOPMENT,FRESH_GATE_00_TASK_006,FRESH,0,1,0,1,0,-15.034725257016856,277,0,0
BC,25,20260820,S7_FRESH_DEVELOPMENT,FRESH_GATE_00_TASK_007,FRESH,0,0,0,0,1,7.8278530315509585,960,0,0
BC,25,20260820,S7_FRESH_DEVELOPMENT,FRESH_GATE_00_TASK_008,FRESH,0,1,0,1,0,-13.160018742378465,385,0,0
BC,25,20260820,S7_FRESH_DEVELOPMENT,FRESH_DETOUR_00_TASK_000,FRESH,1,0,0,0,0,29.903411678340092,651,0,0
BC,25,20260820,S7_FRESH_DEVELOPMENT,FRESH_DETOUR_00_TASK_001,FRESH,0,1,0,1,0,-17.464690885344826,207,0,0
BC,25,20260820,S7_FRESH_DEVELOPMENT,FRESH_DETOUR_00_TASK_002,FRESH,0,1,0,1,0,-15.991070802308446,346,0,0
BC,25,20260820,S7_FRESH_DEVELOPMENT,FRESH_DETOUR_00_TASK_003,FRESH,0,1,0,1,0,-16.66427931136642,222,0,0
BC,25,20260820,S7_FRESH_DEVELOPMENT,FRESH_DETOUR_00_TASK_004,FRESH,0,1,0,1,0,-16.68706600171852,301,0,0
BC,25,20260820,S7_FRESH_DEVELOPMENT,FRESH_DETOUR_00_TASK_005,FRESH,0,1,0,1,0,-16.76174967866693,218,0,0
BC,25,20260820,S7_FRESH_DEVELOPMENT,FRESH_DETOUR_00_TASK_006,FRESH,1,0,0,0,0,30.74409466118888,604,0,0
BC,25,20260820,S7_FRESH_DEVELOPMENT,FRESH_DETOUR_00_TASK_007,FRESH,0,1,0,1,0,-16.570330751676895,251,0,0
BC,25,20260820,S7_FRESH_DEVELOPMENT,FRESH_DETOUR_00_TASK_008,FRESH,1,0,0,0,0,28.427240289843887,440,0,0
BC,25,20260820,S7_FRESH_DEVELOPMENT,FRESH_TWIN_GATE_00_TASK_000,FRESH,0,1,0,1,0,-16.895232248142868,644,0,0
BC,25,20260820,S7_FRESH_DEVELOPMENT,FRESH_TWIN_GATE_00_TASK_001,FRESH,0,0,0,0,1,2.061871680970347,960,0,0
BC,25,20260820,S7_FRESH_DEVELOPMENT,FRESH_TWIN_GATE_00_TASK_002,FRESH,0,0,0,0,1,-2.35824757651595,960,0,0
BC,25,20260820,S7_FRESH_DEVELOPMENT,FRESH_TWIN_GATE_00_TASK_003,FRESH,0,0,0,0,1,12.442530437699144,960,0,0
BC,25,20260820,S7_FRESH_DEVELOPMENT,FRESH_TWIN_GATE_00_TASK_004,FRESH,0,0,0,0,1,10.514991950890115,960,0,0
BC,25,20260820,S7_FRESH_DEVELOPMENT,FRESH_TWIN_GATE_00_TASK_005,FRESH,0,1,0,1,0,-17.690147573332883,285,0,0
BC,25,20260820,S7_FRESH_DEVELOPMENT,FRESH_TWIN_GATE_00_TASK_006,FRESH,0,1,0,1,0,-9.574337299474177,753,0,0
BC,25,20260820,S7_FRESH_DEVELOPMENT,FRESH_TWIN_GATE_00_TASK_007,FRESH,0,0,0,0,1,-2.5530891046625728,960,0,0
BC,25,20260820,S7_FRESH_DEVELOPMENT,FRESH_TWIN_GATE_00_TASK_008,FRESH,0,1,0,1,0,-8.585204238262392,782,0,0
BC,25,20260821,S7_FRESH_DEVELOPMENT,FRESH_CROSSOVER_00_TASK_000,FRESH,0,0,0,0,1,-0.795742290623023,960,0,0
BC,25,20260821,S7_FRESH_DEVELOPMENT,FRESH_CROSSOVER_00_TASK_001,FRESH,0,0,0,0,1,-0.8308816251681871,960,0,0
BC,25,20260821,S7_FRESH_DEVELOPMENT,FRESH_CROSSOVER_00_TASK_002,FRESH,0,0,0,0,1,-0.3225037744130876,960,0,0
BC,25,20260821,S7_FRESH_DEVELOPMENT,FRESH_CROSSOVER_00_TASK_003,FRESH,0,1,0,1,0,-18.471756716023016,873,0,0
BC,25,20260821,S7_FRESH_DEVELOPMENT,FRESH_CROSSOVER_00_TASK_004,FRESH,0,0,0,0,1,-0.16507132287089196,960,0,0
BC,25,20260821,S7_FRESH_DEVELOPMENT,FRESH_CROSSOVER_00_TASK_005,FRESH,0,0,0,0,1,-0.6523818079295384,960,0,0
BC,25,20260821,S7_FRESH_DEVELOPMENT,FRESH_CROSSOVER_00_TASK_006,FRESH,0,0,0,0,1,-0.05972500549950682,960,0,0
BC,25,20260821,S7_FRESH_DEVELOPMENT,FRESH_CROSSOVER_00_TASK_007,FRESH,0,0,0,0,1,-0.3613716906809578,960,0,0
BC,25,20260821,S7_FRESH_DEVELOPMENT,FRESH_CROSSOVER_00_TASK_008,FRESH,0,1,0,1,0,-18.760608597207675,773,0,0
BC,25,20260821,S7_FRESH_DEVELOPMENT,FRESH_DOUBLE_00_TASK_000,FRESH,0,1,0,1,0,-15.981797508895504,443,0,0
BC,25,20260821,S7_FRESH_DEVELOPMENT,FRESH_DOUBLE_00_TASK_003,FRESH,0,1,0,1,0,-10.957683621801447,513,0,0
BC,25,20260821,S7_FRESH_DEVELOPMENT,FRESH_DOUBLE_00_TASK_004,FRESH,0,1,0,1,0,-12.21895905358274,436,0,0
BC,25,20260821,S7_FRESH_DEVELOPMENT,FRESH_DOUBLE_00_TASK_007,FRESH,0,1,0,1,0,-11.40958223634387,448,0,0
BC,25,20260821,S7_FRESH_DEVELOPMENT,FRESH_DOUBLE_00_TASK_008,FRESH,0,0,0,0,1,-0.7974484001808974,960,0,0
BC,25,20260821,S7_FRESH_DEVELOPMENT,FRESH_DOUBLE_00_TASK_012,FRESH,0,0,0,0,1,6.890333547978691,960,0,0
BC,25,20260821,S7_FRESH_DEVELOPMENT,FRESH_DOUBLE_00_TASK_017,FRESH,0,1,0,1,0,-11.790026533042168,397,0,0
BC,25,20260821,S7_FRESH_DEVELOPMENT,FRESH_DOUBLE_00_TASK_019,FRESH,0,1,0,1,0,-17.6585760937385,557,0,0
BC,25,20260821,S7_FRESH_DEVELOPMENT,FRESH_DOUBLE_00_TASK_021,FRESH,0,1,0,1,0,-16.71085923053169,316,0,0
BC,25,20260821,S7_FRESH_DEVELOPMENT,FRESH_CHICANE_00_TASK_000,FRESH,0,1,0,1,0,-16.678152789178554,184,0,0
BC,25,20260821,S7_FRESH_DEVELOPMENT,FRESH_CHICANE_00_TASK_001,FRESH,0,1,0,1,0,-17.38575849901151,303,0,0
BC,25,20260821,S7_FRESH_DEVELOPMENT,FRESH_CHICANE_00_TASK_002,FRESH,0,1,0,1,0,-18.372783579060595,825,0,0
BC,25,20260821,S7_FRESH_DEVELOPMENT,FRESH_CHICANE_00_TASK_003,FRESH,0,1,0,1,0,-19.347381570519616,859,0,0
BC,25,20260821,S7_FRESH_DEVELOPMENT,FRESH_CHICANE_00_TASK_004,FRESH,0,0,0,0,1,15.353481493080658,960,0,0
BC,25,20260821,S7_FRESH_DEVELOPMENT,FRESH_CHICANE_00_TASK_005,FRESH,0,1,0,1,0,-17.326853142448957,374,0,0
BC,25,20260821,S7_FRESH_DEVELOPMENT,FRESH_CHICANE_00_TASK_006,FRESH,0,1,0,1,0,-19.334325918883806,927,0,0
BC,25,20260821,S7_FRESH_DEVELOPMENT,FRESH_CHICANE_00_TASK_007,FRESH,0,1,0,1,0,-17.46935041096689,560,0,0
BC,25,20260821,S7_FRESH_DEVELOPMENT,FRESH_CHICANE_00_TASK_008,FRESH,0,1,0,1,0,-18.01323015324231,339,0,0
BC,25,20260821,S7_FRESH_DEVELOPMENT,FRESH_GATE_00_TASK_000,FRESH,0,1,0,1,0,-16.343180512397876,249,0,0
BC,25,20260821,S7_FRESH_DEVELOPMENT,FRESH_GATE_00_TASK_001,FRESH,0,1,0,1,0,-14.813222859439154,377,0,0
BC,25,20260821,S7_FRESH_DEVELOPMENT,FRESH_GATE_00_TASK_002,FRESH,1,0,0,0,0,29.169990774639842,493,0,0
BC,25,20260821,S7_FRESH_DEVELOPMENT,FRESH_GATE_00_TASK_003,FRESH,1,0,0,0,0,28.043389002176838,384,0,0
BC,25,20260821,S7_FRESH_DEVELOPMENT,FRESH_GATE_00_TASK_004,FRESH,1,0,0,0,0,29.81062566115113,532,0,0
BC,25,20260821,S7_FRESH_DEVELOPMENT,FRESH_GATE_00_TASK_005,FRESH,0,1,0,1,0,-15.073733313106784,438,0,0
BC,25,20260821,S7_FRESH_DEVELOPMENT,FRESH_GATE_00_TASK_006,FRESH,1,0,0,0,0,27.25484839063715,421,0,0
BC,25,20260821,S7_FRESH_DEVELOPMENT,FRESH_GATE_00_TASK_007,FRESH,1,0,0,0,0,29.342694476807694,485,0,0
BC,25,20260821,S7_FRESH_DEVELOPMENT,FRESH_GATE_00_TASK_008,FRESH,0,1,0,1,0,-13.91577456452946,387,0,0
BC,25,20260821,S7_FRESH_DEVELOPMENT,FRESH_DETOUR_00_TASK_000,FRESH,0,1,0,1,0,-16.736908169860357,274,0,0
BC,25,20260821,S7_FRESH_DEVELOPMENT,FRESH_DETOUR_00_TASK_001,FRESH,1,0,0,0,0,29.46465390143328,521,0,0
BC,25,20260821,S7_FRESH_DEVELOPMENT,FRESH_DETOUR_00_TASK_002,FRESH,0,0,0,0,1,-1.6596446802057796,960,0,0
BC,25,20260821,S7_FRESH_DEVELOPMENT,FRESH_DETOUR_00_TASK_003,FRESH,1,0,0,0,0,29.036196820276196,520,0,0
BC,25,20260821,S7_FRESH_DEVELOPMENT,FRESH_DETOUR_00_TASK_004,FRESH,1,0,0,0,0,29.351995655788254,514,0,0
BC,25,20260821,S7_FRESH_DEVELOPMENT,FRESH_DETOUR_00_TASK_005,FRESH,0,1,0,1,0,-15.19170046401879,332,0,0
BC,25,20260821,S7_FRESH_DEVELOPMENT,FRESH_DETOUR_00_TASK_006,FRESH,1,0,0,0,0,30.678575538462653,640,0,0
BC,25,20260821,S7_FRESH_DEVELOPMENT,FRESH_DETOUR_00_TASK_007,FRESH,1,0,0,0,0,29.335403181802032,532,0,0
BC,25,20260821,S7_FRESH_DEVELOPMENT,FRESH_DETOUR_00_TASK_008,FRESH,1,0,0,0,0,28.43771306760725,435,0,0
BC,25,20260821,S7_FRESH_DEVELOPMENT,FRESH_TWIN_GATE_00_TASK_000,FRESH,0,1,0,1,0,-16.121736882635474,242,0,0
BC,25,20260821,S7_FRESH_DEVELOPMENT,FRESH_TWIN_GATE_00_TASK_001,FRESH,0,1,0,1,0,-17.303380773146323,509,0,0
BC,25,20260821,S7_FRESH_DEVELOPMENT,FRESH_TWIN_GATE_00_TASK_002,FRESH,0,1,0,1,0,-17.0618045223408,407,0,0
BC,25,20260821,S7_FRESH_DEVELOPMENT,FRESH_TWIN_GATE_00_TASK_003,FRESH,0,1,0,1,0,-15.982250896474461,231,0,0
BC,25,20260821,S7_FRESH_DEVELOPMENT,FRESH_TWIN_GATE_00_TASK_004,FRESH,0,1,0,1,0,-16.398649329300945,301,0,0
BC,25,20260821,S7_FRESH_DEVELOPMENT,FRESH_TWIN_GATE_00_TASK_005,FRESH,0,1,0,1,0,-16.671365916072077,214,0,0
BC,25,20260821,S7_FRESH_DEVELOPMENT,FRESH_TWIN_GATE_00_TASK_006,FRESH,0,1,0,1,0,-16.217764267996902,256,0,0
BC,25,20260821,S7_FRESH_DEVELOPMENT,FRESH_TWIN_GATE_00_TASK_007,FRESH,0,0,0,0,1,-1.3429539957534435,960,0,0
BC,25,20260821,S7_FRESH_DEVELOPMENT,FRESH_TWIN_GATE_00_TASK_008,FRESH,0,1,0,1,0,-17.105885687879592,190,0,0
BC,25,20260822,S7_FRESH_DEVELOPMENT,FRESH_CROSSOVER_00_TASK_000,FRESH,0,0,0,0,1,-1.171378735306465,960,0,0
BC,25,20260822,S7_FRESH_DEVELOPMENT,FRESH_CROSSOVER_00_TASK_001,FRESH,0,0,0,0,1,-0.22912289665185692,960,0,0
BC,25,20260822,S7_FRESH_DEVELOPMENT,FRESH_CROSSOVER_00_TASK_002,FRESH,0,0,0,0,1,0.07499785061535938,960,0,0
BC,25,20260822,S7_FRESH_DEVELOPMENT,FRESH_CROSSOVER_00_TASK_003,FRESH,0,0,0,0,1,-0.43355744029365256,960,0,0
BC,25,20260822,S7_FRESH_DEVELOPMENT,FRESH_CROSSOVER_00_TASK_004,FRESH,0,0,0,0,1,-0.04251046691095961,960,0,0
BC,25,20260822,S7_FRESH_DEVELOPMENT,FRESH_CROSSOVER_00_TASK_005,FRESH,0,0,0,0,1,1.043165573341794,960,0,0
BC,25,20260822,S7_FRESH_DEVELOPMENT,FRESH_CROSSOVER_00_TASK_006,FRESH,0,0,0,0,1,-1.0926654576398034,960,0,0
BC,25,20260822,S7_FRESH_DEVELOPMENT,FRESH_CROSSOVER_00_TASK_007,FRESH,0,0,0,0,1,-2.015969260663224,960,0,0
BC,25,20260822,S7_FRESH_DEVELOPMENT,FRESH_CROSSOVER_00_TASK_008,FRESH,0,0,0,0,1,-0.9581691269935709,960,0,0
BC,25,20260822,S7_FRESH_DEVELOPMENT,FRESH_DOUBLE_00_TASK_000,FRESH,0,1,0,1,0,-16.858297373782417,273,0,0
BC,25,20260822,S7_FRESH_DEVELOPMENT,FRESH_DOUBLE_00_TASK_003,FRESH,0,1,0,1,0,-16.339658467479573,240,0,0
BC,25,20260822,S7_FRESH_DEVELOPMENT,FRESH_DOUBLE_00_TASK_004,FRESH,0,1,0,1,0,-10.451893016833834,421,0,0
BC,25,20260822,S7_FRESH_DEVELOPMENT,FRESH_DOUBLE_00_TASK_007,FRESH,0,1,0,1,0,-10.120130721966644,446,0,0
BC,25,20260822,S7_FRESH_DEVELOPMENT,FRESH_DOUBLE_00_TASK_008,FRESH,1,0,0,0,0,32.82443469630327,894,0,0
BC,25,20260822,S7_FRESH_DEVELOPMENT,FRESH_DOUBLE_00_TASK_012,FRESH,0,0,0,0,1,0.406532239861255,960,0,0
BC,25,20260822,S7_FRESH_DEVELOPMENT,FRESH_DOUBLE_00_TASK_017,FRESH,0,1,0,1,0,-16.513993719944594,237,0,0
BC,25,20260822,S7_FRESH_DEVELOPMENT,FRESH_DOUBLE_00_TASK_019,FRESH,0,1,0,1,0,-17.40653396182205,308,0,0
BC,25,20260822,S7_FRESH_DEVELOPMENT,FRESH_DOUBLE_00_TASK_021,FRESH,0,1,0,1,0,-16.56029612335671,235,0,0
BC,25,20260822,S7_FRESH_DEVELOPMENT,FRESH_CHICANE_00_TASK_000,FRESH,0,1,0,1,0,-17.7054901721572,192,0,0
BC,25,20260822,S7_FRESH_DEVELOPMENT,FRESH_CHICANE_00_TASK_001,FRESH,0,1,0,1,0,-15.94419821553732,532,0,0
BC,25,20260822,S7_FRESH_DEVELOPMENT,FRESH_CHICANE_00_TASK_002,FRESH,0,1,0,1,0,-17.47344201347949,328,0,0
BC,25,20260822,S7_FRESH_DEVELOPMENT,FRESH_CHICANE_00_TASK_003,FRESH,0,0,0,0,1,-2.5475261631403456,960,0,0
BC,25,20260822,S7_FRESH_DEVELOPMENT,FRESH_CHICANE_00_TASK_004,FRESH,0,1,0,1,0,-16.36359791918347,226,0,0
BC,25,20260822,S7_FRESH_DEVELOPMENT,FRESH_CHICANE_00_TASK_005,FRESH,0,1,0,1,0,-17.194756368416336,293,0,0
BC,25,20260822,S7_FRESH_DEVELOPMENT,FRESH_CHICANE_00_TASK_006,FRESH,0,1,0,1,0,-18.339442387624445,447,0,0
BC,25,20260822,S7_FRESH_DEVELOPMENT,FRESH_CHICANE_00_TASK_007,FRESH,0,0,0,0,1,5.660043216345846,960,0,0
BC,25,20260822,S7_FRESH_DEVELOPMENT,FRESH_CHICANE_00_TASK_008,FRESH,0,1,0,1,0,-18.109548354578013,385,0,0
BC,25,20260822,S7_FRESH_DEVELOPMENT,FRESH_GATE_00_TASK_000,FRESH,1,0,0,0,0,28.2470360991804,476,0,0
BC,25,20260822,S7_FRESH_DEVELOPMENT,FRESH_GATE_00_TASK_001,FRESH,0,0,0,0,1,8.042175292983538,960,0,0
BC,25,20260822,S7_FRESH_DEVELOPMENT,FRESH_GATE_00_TASK_002,FRESH,0,0,0,0,1,7.971925244278856,960,0,0
BC,25,20260822,S7_FRESH_DEVELOPMENT,FRESH_GATE_00_TASK_003,FRESH,0,0,0,0,1,6.40266174654375,960,0,0
BC,25,20260822,S7_FRESH_DEVELOPMENT,FRESH_GATE_00_TASK_004,FRESH,0,0,0,0,1,5.206960974739884,960,0,0
BC,25,20260822,S7_FRESH_DEVELOPMENT,FRESH_GATE_00_TASK_005,FRESH,0,1,0,1,0,-16.04236167042754,299,0,0
BC,25,20260822,S7_FRESH_DEVELOPMENT,FRESH_GATE_00_TASK_006,FRESH,0,1,0,1,0,-15.715161139552592,249,0,0
BC,25,20260822,S7_FRESH_DEVELOPMENT,FRESH_GATE_00_TASK_007,FRESH,0,1,0,1,0,-18.385211126467198,479,0,0
BC,25,20260822,S7_FRESH_DEVELOPMENT,FRESH_GATE_00_TASK_008,FRESH,1,0,0,0,0,30.909321785937735,586,0,0
BC,25,20260822,S7_FRESH_DEVELOPMENT,FRESH_DETOUR_00_TASK_000,FRESH,0,1,0,1,0,-16.857808038677973,327,0,0
BC,25,20260822,S7_FRESH_DEVELOPMENT,FRESH_DETOUR_00_TASK_001,FRESH,0,1,0,1,0,-17.345037735238744,282,0,0
BC,25,20260822,S7_FRESH_DEVELOPMENT,FRESH_DETOUR_00_TASK_002,FRESH,0,1,0,1,0,-16.90124446792335,863,0,0
BC,25,20260822,S7_FRESH_DEVELOPMENT,FRESH_DETOUR_00_TASK_003,FRESH,0,0,0,0,1,1.021678062002877,960,0,0
BC,25,20260822,S7_FRESH_DEVELOPMENT,FRESH_DETOUR_00_TASK_004,FRESH,0,1,0,1,0,-17.051354651654982,668,0,0
BC,25,20260822,S7_FRESH_DEVELOPMENT,FRESH_DETOUR_00_TASK_005,FRESH,0,1,0,1,0,-16.564243253510828,343,0,0
BC,25,20260822,S7_FRESH_DEVELOPMENT,FRESH_DETOUR_00_TASK_006,FRESH,0,0,0,0,1,1.9330053360878678,960,0,0
BC,25,20260822,S7_FRESH_DEVELOPMENT,FRESH_DETOUR_00_TASK_007,FRESH,0,1,0,1,0,-16.951459974114503,455,0,0
BC,25,20260822,S7_FRESH_DEVELOPMENT,FRESH_DETOUR_00_TASK_008,FRESH,0,1,0,1,0,-17.450494710525064,283,0,0
BC,25,20260822,S7_FRESH_DEVELOPMENT,FRESH_TWIN_GATE_00_TASK_000,FRESH,0,1,0,1,0,-17.690165251066773,316,0,0
BC,25,20260822,S7_FRESH_DEVELOPMENT,FRESH_TWIN_GATE_00_TASK_001,FRESH,0,0,1,1,0,-17.446840957740246,930,0,0
BC,25,20260822,S7_FRESH_DEVELOPMENT,FRESH_TWIN_GATE_00_TASK_002,FRESH,0,0,0,0,1,-2.3579432600549444,960,0,0
BC,25,20260822,S7_FRESH_DEVELOPMENT,FRESH_TWIN_GATE_00_TASK_003,FRESH,0,0,1,1,0,-9.782323285067967,709,0,0
BC,25,20260822,S7_FRESH_DEVELOPMENT,FRESH_TWIN_GATE_00_TASK_004,FRESH,0,1,0,1,0,-10.060016150307026,627,0,0
BC,25,20260822,S7_FRESH_DEVELOPMENT,FRESH_TWIN_GATE_00_TASK_005,FRESH,0,1,0,1,0,-17.65931171844795,297,0,0
BC,25,20260822,S7_FRESH_DEVELOPMENT,FRESH_TWIN_GATE_00_TASK_006,FRESH,0,0,0,0,1,0.9955895613067449,960,0,0
BC,25,20260822,S7_FRESH_DEVELOPMENT,FRESH_TWIN_GATE_00_TASK_007,FRESH,0,0,0,0,1,-2.4791655282812264,960,0,0
BC,25,20260822,S7_FRESH_DEVELOPMENT,FRESH_TWIN_GATE_00_TASK_008,FRESH,0,1,0,1,0,-17.135011175062772,192,0,0
Diffusion,25,20260820,S7_FRESH_DEVELOPMENT,FRESH_CROSSOVER_00_TASK_000,FRESH,0,0,0,0,1,-0.9565330639693012,960,0,0
Diffusion,25,20260820,S7_FRESH_DEVELOPMENT,FRESH_CROSSOVER_00_TASK_001,FRESH,0,0,0,0,1,-0.5930361985864304,960,0,0
Diffusion,25,20260820,S7_FRESH_DEVELOPMENT,FRESH_CROSSOVER_00_TASK_002,FRESH,0,0,0,0,1,-0.414493860984109,960,0,0
Diffusion,25,20260820,S7_FRESH_DEVELOPMENT,FRESH_CROSSOVER_00_TASK_003,FRESH,0,0,0,0,1,0.2593484517973296,960,0,0
Diffusion,25,20260820,S7_FRESH_DEVELOPMENT,FRESH_CROSSOVER_00_TASK_004,FRESH,0,0,0,0,1,-0.7441109739432114,960,0,0
Diffusion,25,20260820,S7_FRESH_DEVELOPMENT,FRESH_CROSSOVER_00_TASK_005,FRESH,0,0,0,0,1,-0.8738910251486071,960,0,0
Diffusion,25,20260820,S7_FRESH_DEVELOPMENT,FRESH_CROSSOVER_00_TASK_006,FRESH,0,0,0,0,1,0.0496306318795378,960,0,0
Diffusion,25,20260820,S7_FRESH_DEVELOPMENT,FRESH_CROSSOVER_00_TASK_007,FRESH,0,0,0,0,1,-0.723509513255708,960,0,0
Diffusion,25,20260820,S7_FRESH_DEVELOPMENT,FRESH_CROSSOVER_00_TASK_008,FRESH,0,0,0,0,1,0.11764796997785526,960,0,0
Diffusion,25,20260820,S7_FRESH_DEVELOPMENT,FRESH_DOUBLE_00_TASK_000,FRESH,0,0,0,0,1,-1.7824258200274394,960,0,0
Diffusion,25,20260820,S7_FRESH_DEVELOPMENT,FRESH_DOUBLE_00_TASK_003,FRESH,0,1,0,1,0,-10.764450475360325,453,0,0
Diffusion,25,20260820,S7_FRESH_DEVELOPMENT,FRESH_DOUBLE_00_TASK_004,FRESH,1,0,0,0,0,30.960912797087154,465,0,0
Diffusion,25,20260820,S7_FRESH_DEVELOPMENT,FRESH_DOUBLE_00_TASK_007,FRESH,0,1,0,1,0,-11.255265729581891,691,0,0
Diffusion,25,20260820,S7_FRESH_DEVELOPMENT,FRESH_DOUBLE_00_TASK_008,FRESH,0,0,1,1,0,-17.544706215050653,377,0,0
Diffusion,25,20260820,S7_FRESH_DEVELOPMENT,FRESH_DOUBLE_00_TASK_012,FRESH,0,0,1,1,0,-18.337254225007896,779,0,0
Diffusion,25,20260820,S7_FRESH_DEVELOPMENT,FRESH_DOUBLE_00_TASK_017,FRESH,0,1,0,1,0,-11.721662808848915,346,0,0
Diffusion,25,20260820,S7_FRESH_DEVELOPMENT,FRESH_DOUBLE_00_TASK_019,FRESH,0,1,0,1,0,-10.873800279499534,541,0,0
Diffusion,25,20260820,S7_FRESH_DEVELOPMENT,FRESH_DOUBLE_00_TASK_021,FRESH,0,0,1,1,0,-13.516697669680743,606,0,0
Diffusion,25,20260820,S7_FRESH_DEVELOPMENT,FRESH_CHICANE_00_TASK_000,FRESH,0,1,0,1,0,-17.856411935983026,274,0,0
Diffusion,25,20260820,S7_FRESH_DEVELOPMENT,FRESH_CHICANE_00_TASK_001,FRESH,0,0,0,0,1,4.504925982104614,960,0,0
Diffusion,25,20260820,S7_FRESH_DEVELOPMENT,FRESH_CHICANE_00_TASK_002,FRESH,0,0,0,0,1,-1.0476965368634763,960,0,0
Diffusion,25,20260820,S7_FRESH_DEVELOPMENT,FRESH_CHICANE_00_TASK_003,FRESH,0,0,0,0,1,1.5600237025575423,960,0,0
Diffusion,25,20260820,S7_FRESH_DEVELOPMENT,FRESH_CHICANE_00_TASK_004,FRESH,0,0,1,1,0,-17.268014103837785,243,0,0
Diffusion,25,20260820,S7_FRESH_DEVELOPMENT,FRESH_CHICANE_00_TASK_005,FRESH,0,0,1,1,0,-16.886087699281276,656,0,0
Diffusion,25,20260820,S7_FRESH_DEVELOPMENT,FRESH_CHICANE_00_TASK_006,FRESH,0,0,0,0,1,1.7876050376422408,960,0,0
Diffusion,25,20260820,S7_FRESH_DEVELOPMENT,FRESH_CHICANE_00_TASK_007,FRESH,0,0,0,0,1,-2.0613345253546145,960,0,0
Diffusion,25,20260820,S7_FRESH_DEVELOPMENT,FRESH_CHICANE_00_TASK_008,FRESH,0,0,0,0,1,16.51685096569763,960,0,0
Diffusion,25,20260820,S7_FRESH_DEVELOPMENT,FRESH_GATE_00_TASK_000,FRESH,0,0,1,1,0,-18.30361260900252,122,0,0
Diffusion,25,20260820,S7_FRESH_DEVELOPMENT,FRESH_GATE_00_TASK_001,FRESH,0,0,0,0,1,2.7386292908911933,960,0,0
Diffusion,25,20260820,S7_FRESH_DEVELOPMENT,FRESH_GATE_00_TASK_002,FRESH,0,0,0,0,1,7.612017441792016,960,0,0
Diffusion,25,20260820,S7_FRESH_DEVELOPMENT,FRESH_GATE_00_TASK_003,FRESH,0,0,0,0,1,6.400034995798622,960,0,0
Diffusion,25,20260820,S7_FRESH_DEVELOPMENT,FRESH_GATE_00_TASK_004,FRESH,0,1,0,1,0,-15.769935774796437,507,0,0
Diffusion,25,20260820,S7_FRESH_DEVELOPMENT,FRESH_GATE_00_TASK_005,FRESH,0,0,0,0,1,2.6868244198607023,960,0,0
Diffusion,25,20260820,S7_FRESH_DEVELOPMENT,FRESH_GATE_00_TASK_006,FRESH,0,0,1,1,0,-17.350329338195593,153,0,0
Diffusion,25,20260820,S7_FRESH_DEVELOPMENT,FRESH_GATE_00_TASK_007,FRESH,0,0,1,1,0,-18.559180279488217,107,0,0
Diffusion,25,20260820,S7_FRESH_DEVELOPMENT,FRESH_GATE_00_TASK_008,FRESH,0,0,0,0,1,3.4818410328014675,960,0,0
Diffusion,25,20260820,S7_FRESH_DEVELOPMENT,FRESH_DETOUR_00_TASK_000,FRESH,0,1,0,1,0,-16.79854206164491,226,0,0
Diffusion,25,20260820,S7_FRESH_DEVELOPMENT,FRESH_DETOUR_00_TASK_001,FRESH,0,1,0,1,0,-17.258899431688132,188,0,0
Diffusion,25,20260820,S7_FRESH_DEVELOPMENT,FRESH_DETOUR_00_TASK_002,FRESH,0,0,0,0,1,9.904788117407804,960,0,0
Diffusion,25,20260820,S7_FRESH_DEVELOPMENT,FRESH_DETOUR_00_TASK_003,FRESH,0,1,0,1,0,-16.463728740344926,261,0,0
Diffusion,25,20260820,S7_FRESH_DEVELOPMENT,FRESH_DETOUR_00_TASK_004,FRESH,0,1,0,1,0,-16.726208074572888,458,0,0
Diffusion,25,20260820,S7_FRESH_DEVELOPMENT,FRESH_DETOUR_00_TASK_005,FRESH,0,1,0,1,0,-16.561038558411468,256,0,0
Diffusion,25,20260820,S7_FRESH_DEVELOPMENT,FRESH_DETOUR_00_TASK_006,FRESH,0,1,0,1,0,-16.30030638481879,255,0,0
Diffusion,25,20260820,S7_FRESH_DEVELOPMENT,FRESH_DETOUR_00_TASK_007,FRESH,0,1,0,1,0,-16.658490981791736,282,0,0
Diffusion,25,20260820,S7_FRESH_DEVELOPMENT,FRESH_DETOUR_00_TASK_008,FRESH,0,1,0,1,0,-17.1810349141483,165,0,0
Diffusion,25,20260820,S7_FRESH_DEVELOPMENT,FRESH_TWIN_GATE_00_TASK_000,FRESH,0,0,0,0,1,0.652184227524103,960,0,0
Diffusion,25,20260820,S7_FRESH_DEVELOPMENT,FRESH_TWIN_GATE_00_TASK_001,FRESH,0,0,0,0,1,-1.715930579409642,960,0,0
Diffusion,25,20260820,S7_FRESH_DEVELOPMENT,FRESH_TWIN_GATE_00_TASK_002,FRESH,0,0,0,0,1,-1.5621791096810467,960,0,0
Diffusion,25,20260820,S7_FRESH_DEVELOPMENT,FRESH_TWIN_GATE_00_TASK_003,FRESH,0,1,0,1,0,-10.94763213788328,669,0,0
Diffusion,25,20260820,S7_FRESH_DEVELOPMENT,FRESH_TWIN_GATE_00_TASK_004,FRESH,0,0,0,0,1,1.5445870801004882,960,0,0
Diffusion,25,20260820,S7_FRESH_DEVELOPMENT,FRESH_TWIN_GATE_00_TASK_005,FRESH,0,0,0,0,1,7.88845753120596,960,0,0
Diffusion,25,20260820,S7_FRESH_DEVELOPMENT,FRESH_TWIN_GATE_00_TASK_006,FRESH,0,0,0,0,1,8.304264104620733,960,0,0
Diffusion,25,20260820,S7_FRESH_DEVELOPMENT,FRESH_TWIN_GATE_00_TASK_007,FRESH,0,1,0,1,0,-18.22500002685336,777,0,0
Diffusion,25,20260820,S7_FRESH_DEVELOPMENT,FRESH_TWIN_GATE_00_TASK_008,FRESH,0,0,0,0,1,14.294220932339474,960,0,0
Diffusion,25,20260821,S7_FRESH_DEVELOPMENT,FRESH_CROSSOVER_00_TASK_000,FRESH,0,0,0,0,1,-1.6540053357205335,960,0,0
Diffusion,25,20260821,S7_FRESH_DEVELOPMENT,FRESH_CROSSOVER_00_TASK_001,FRESH,0,0,0,0,1,-1.1794494027253213,960,0,0
Diffusion,25,20260821,S7_FRESH_DEVELOPMENT,FRESH_CROSSOVER_00_TASK_002,FRESH,0,1,0,1,0,-17.252031056600842,527,0,0
Diffusion,25,20260821,S7_FRESH_DEVELOPMENT,FRESH_CROSSOVER_00_TASK_003,FRESH,0,1,0,1,0,-16.99320162184451,322,0,0
Diffusion,25,20260821,S7_FRESH_DEVELOPMENT,FRESH_CROSSOVER_00_TASK_004,FRESH,0,1,0,1,0,-17.98612294834268,858,0,0
Diffusion,25,20260821,S7_FRESH_DEVELOPMENT,FRESH_CROSSOVER_00_TASK_005,FRESH,0,0,0,0,1,0.0223365091271487,960,0,0
Diffusion,25,20260821,S7_FRESH_DEVELOPMENT,FRESH_CROSSOVER_00_TASK_006,FRESH,0,1,0,1,0,-16.47810701833989,451,0,0
Diffusion,25,20260821,S7_FRESH_DEVELOPMENT,FRESH_CROSSOVER_00_TASK_007,FRESH,0,0,0,0,1,-0.9737508141145382,960,0,0
Diffusion,25,20260821,S7_FRESH_DEVELOPMENT,FRESH_CROSSOVER_00_TASK_008,FRESH,0,1,0,1,0,-17.62638466482023,290,0,0
Diffusion,25,20260821,S7_FRESH_DEVELOPMENT,FRESH_DOUBLE_00_TASK_000,FRESH,0,1,0,1,0,-11.553892128188332,806,0,0
Diffusion,25,20260821,S7_FRESH_DEVELOPMENT,FRESH_DOUBLE_00_TASK_003,FRESH,1,0,0,0,0,31.939874307996746,516,0,0
Diffusion,25,20260821,S7_FRESH_DEVELOPMENT,FRESH_DOUBLE_00_TASK_004,FRESH,0,1,0,1,0,-11.96849943080843,416,0,0
Diffusion,25,20260821,S7_FRESH_DEVELOPMENT,FRESH_DOUBLE_00_TASK_007,FRESH,0,1,0,1,0,-11.548678747649541,461,0,0
Diffusion,25,20260821,S7_FRESH_DEVELOPMENT,FRESH_DOUBLE_00_TASK_008,FRESH,0,1,0,1,0,-15.58539895979136,543,0,0
Diffusion,25,20260821,S7_FRESH_DEVELOPMENT,FRESH_DOUBLE_00_TASK_012,FRESH,0,0,1,1,0,-20.397649988079735,820,0,0
Diffusion,25,20260821,S7_FRESH_DEVELOPMENT,FRESH_DOUBLE_00_TASK_017,FRESH,0,0,0,0,1,6.992677540290348,960,0,0
Diffusion,25,20260821,S7_FRESH_DEVELOPMENT,FRESH_DOUBLE_00_TASK_019,FRESH,0,1,0,1,0,-15.023348683017389,330,0,0
Diffusion,25,20260821,S7_FRESH_DEVELOPMENT,FRESH_DOUBLE_00_TASK_021,FRESH,0,1,0,1,0,-17.0648492484332,378,0,0
Diffusion,25,20260821,S7_FRESH_DEVELOPMENT,FRESH_CHICANE_00_TASK_000,FRESH,0,1,0,1,0,-17.753091480003206,166,0,0
Diffusion,25,20260821,S7_FRESH_DEVELOPMENT,FRESH_CHICANE_00_TASK_001,FRESH,0,1,0,1,0,-17.2803818757878,226,0,0
Diffusion,25,20260821,S7_FRESH_DEVELOPMENT,FRESH_CHICANE_00_TASK_002,FRESH,0,1,0,1,0,-17.29263489598219,229,0,0
Diffusion,25,20260821,S7_FRESH_DEVELOPMENT,FRESH_CHICANE_00_TASK_003,FRESH,0,1,0,1,0,-17.74626965108567,720,0,0
Diffusion,25,20260821,S7_FRESH_DEVELOPMENT,FRESH_CHICANE_00_TASK_004,FRESH,0,1,0,1,0,-11.521612684768403,476,0,0
Diffusion,25,20260821,S7_FRESH_DEVELOPMENT,FRESH_CHICANE_00_TASK_005,FRESH,0,1,0,1,0,-17.39678830707166,256,0,0
Diffusion,25,20260821,S7_FRESH_DEVELOPMENT,FRESH_CHICANE_00_TASK_006,FRESH,0,1,0,1,0,-12.807981022818293,688,0,0
Diffusion,25,20260821,S7_FRESH_DEVELOPMENT,FRESH_CHICANE_00_TASK_007,FRESH,0,1,0,1,0,-12.12444484493146,657,0,0
Diffusion,25,20260821,S7_FRESH_DEVELOPMENT,FRESH_CHICANE_00_TASK_008,FRESH,0,1,0,1,0,-17.773820639157393,231,0,0
Diffusion,25,20260821,S7_FRESH_DEVELOPMENT,FRESH_GATE_00_TASK_000,FRESH,1,0,0,0,0,28.291617594597472,456,0,0
Diffusion,25,20260821,S7_FRESH_DEVELOPMENT,FRESH_GATE_00_TASK_001,FRESH,1,0,0,0,0,28.994547073610725,656,0,0
Diffusion,25,20260821,S7_FRESH_DEVELOPMENT,FRESH_GATE_00_TASK_002,FRESH,1,0,0,0,0,29.148198615056593,505,0,0
Diffusion,25,20260821,S7_FRESH_DEVELOPMENT,FRESH_GATE_00_TASK_003,FRESH,1,0,0,0,0,28.004440363614144,403,0,0
Diffusion,25,20260821,S7_FRESH_DEVELOPMENT,FRESH_GATE_00_TASK_004,FRESH,0,0,0,0,1,5.22758820758649,960,0,0
Diffusion,25,20260821,S7_FRESH_DEVELOPMENT,FRESH_GATE_00_TASK_005,FRESH,1,0,0,0,0,30.350070561311192,560,0,0
Diffusion,25,20260821,S7_FRESH_DEVELOPMENT,FRESH_GATE_00_TASK_006,FRESH,1,0,0,0,0,27.23858839831599,425,0,0
Diffusion,25,20260821,S7_FRESH_DEVELOPMENT,FRESH_GATE_00_TASK_007,FRESH,0,0,0,0,1,8.188240909435933,960,0,0
Diffusion,25,20260821,S7_FRESH_DEVELOPMENT,FRESH_GATE_00_TASK_008,FRESH,1,0,0,0,0,30.90339693183838,591,0,0
Diffusion,25,20260821,S7_FRESH_DEVELOPMENT,FRESH_DETOUR_00_TASK_000,FRESH,0,1,0,1,0,-14.55515837286444,355,0,0
Diffusion,25,20260821,S7_FRESH_DEVELOPMENT,FRESH_DETOUR_00_TASK_001,FRESH,1,0,0,0,0,29.352475984135257,581,0,0
Diffusion,25,20260821,S7_FRESH_DEVELOPMENT,FRESH_DETOUR_00_TASK_002,FRESH,0,1,0,1,0,-13.700701139701739,540,0,0
Diffusion,25,20260821,S7_FRESH_DEVELOPMENT,FRESH_DETOUR_00_TASK_003,FRESH,0,1,0,1,0,-16.492307916616213,237,0,0
Diffusion,25,20260821,S7_FRESH_DEVELOPMENT,FRESH_DETOUR_00_TASK_004,FRESH,1,0,0,0,0,29.187629983242594,591,0,0
Diffusion,25,20260821,S7_FRESH_DEVELOPMENT,FRESH_DETOUR_00_TASK_005,FRESH,1,0,0,0,0,29.143648357415668,539,0,0
Diffusion,25,20260821,S7_FRESH_DEVELOPMENT,FRESH_DETOUR_00_TASK_006,FRESH,1,0,0,0,0,30.739956284086567,607,0,0
Diffusion,25,20260821,S7_FRESH_DEVELOPMENT,FRESH_DETOUR_00_TASK_007,FRESH,1,0,0,0,0,29.324863457727812,529,0,0
Diffusion,25,20260821,S7_FRESH_DEVELOPMENT,FRESH_DETOUR_00_TASK_008,FRESH,1,0,0,0,0,28.43014021607865,440,0,0
Diffusion,25,20260821,S7_FRESH_DEVELOPMENT,FRESH_TWIN_GATE_00_TASK_000,FRESH,0,0,0,0,1,9.060318460955827,960,0,0
Diffusion,25,20260821,S7_FRESH_DEVELOPMENT,FRESH_TWIN_GATE_00_TASK_001,FRESH,0,0,0,0,1,-3.0930372162642055,960,0,0
Diffusion,25,20260821,S7_FRESH_DEVELOPMENT,FRESH_TWIN_GATE_00_TASK_002,FRESH,0,0,0,0,1,-5.055042983181258,960,0,0
Diffusion,25,20260821,S7_FRESH_DEVELOPMENT,FRESH_TWIN_GATE_00_TASK_003,FRESH,0,1,0,1,0,-11.746487934937415,613,0,0
Diffusion,25,20260821,S7_FRESH_DEVELOPMENT,FRESH_TWIN_GATE_00_TASK_004,FRESH,1,0,0,0,0,33.98553207613436,846,0,0
Diffusion,25,20260821,S7_FRESH_DEVELOPMENT,FRESH_TWIN_GATE_00_TASK_005,FRESH,0,0,0,0,1,10.10262860567244,960,0,0
Diffusion,25,20260821,S7_FRESH_DEVELOPMENT,FRESH_TWIN_GATE_00_TASK_006,FRESH,0,0,0,0,1,9.005145594856948,960,0,0
Diffusion,25,20260821,S7_FRESH_DEVELOPMENT,FRESH_TWIN_GATE_00_TASK_007,FRESH,0,0,0,0,1,-4.134015560617703,960,0,0
Diffusion,25,20260821,S7_FRESH_DEVELOPMENT,FRESH_TWIN_GATE_00_TASK_008,FRESH,0,1,0,1,0,-17.17640494877358,190,0,0
Diffusion,25,20260822,S7_FRESH_DEVELOPMENT,FRESH_CROSSOVER_00_TASK_000,FRESH,0,0,0,0,1,-0.6769179888801061,960,0,0
Diffusion,25,20260822,S7_FRESH_DEVELOPMENT,FRESH_CROSSOVER_00_TASK_001,FRESH,0,0,0,0,1,-0.5771722709787283,960,0,0
Diffusion,25,20260822,S7_FRESH_DEVELOPMENT,FRESH_CROSSOVER_00_TASK_002,FRESH,0,0,0,0,1,-0.29291822354975844,960,0,0
Diffusion,25,20260822,S7_FRESH_DEVELOPMENT,FRESH_CROSSOVER_00_TASK_003,FRESH,0,0,0,0,1,-0.3510558449928239,960,0,0
Diffusion,25,20260822,S7_FRESH_DEVELOPMENT,FRESH_CROSSOVER_00_TASK_004,FRESH,0,0,0,0,1,-0.3707467640147381,960,0,0
Diffusion,25,20260822,S7_FRESH_DEVELOPMENT,FRESH_CROSSOVER_00_TASK_005,FRESH,0,0,0,0,1,-0.41805672590388626,960,0,0
Diffusion,25,20260822,S7_FRESH_DEVELOPMENT,FRESH_CROSSOVER_00_TASK_006,FRESH,0,0,0,0,1,-0.8155100540723214,960,0,0
Diffusion,25,20260822,S7_FRESH_DEVELOPMENT,FRESH_CROSSOVER_00_TASK_007,FRESH,0,0,0,0,1,-0.46138824103969783,960,0,0
Diffusion,25,20260822,S7_FRESH_DEVELOPMENT,FRESH_CROSSOVER_00_TASK_008,FRESH,0,0,0,0,1,-0.9177924425046305,960,0,0
Diffusion,25,20260822,S7_FRESH_DEVELOPMENT,FRESH_DOUBLE_00_TASK_000,FRESH,0,0,0,0,1,0.7643658531198005,960,0,0
Diffusion,25,20260822,S7_FRESH_DEVELOPMENT,FRESH_DOUBLE_00_TASK_003,FRESH,0,1,0,1,0,-11.133919865837546,648,0,0
Diffusion,25,20260822,S7_FRESH_DEVELOPMENT,FRESH_DOUBLE_00_TASK_004,FRESH,0,1,0,1,0,-12.08982390188879,497,0,0
Diffusion,25,20260822,S7_FRESH_DEVELOPMENT,FRESH_DOUBLE_00_TASK_007,FRESH,0,1,0,1,0,-17.7788250244298,207,0,0
Diffusion,25,20260822,S7_FRESH_DEVELOPMENT,FRESH_DOUBLE_00_TASK_008,FRESH,0,1,0,1,0,-17.717013476143173,704,0,0
Diffusion,25,20260822,S7_FRESH_DEVELOPMENT,FRESH_DOUBLE_00_TASK_012,FRESH,0,0,0,0,1,1.3948220800308209,960,0,0
Diffusion,25,20260822,S7_FRESH_DEVELOPMENT,FRESH_DOUBLE_00_TASK_017,FRESH,0,1,0,1,0,-11.971072852753748,499,0,0
Diffusion,25,20260822,S7_FRESH_DEVELOPMENT,FRESH_DOUBLE_00_TASK_019,FRESH,0,1,0,1,0,-11.214710597087311,694,0,0
Diffusion,25,20260822,S7_FRESH_DEVELOPMENT,FRESH_DOUBLE_00_TASK_021,FRESH,0,1,0,1,0,-10.780865573801798,667,0,0
Diffusion,25,20260822,S7_FRESH_DEVELOPMENT,FRESH_CHICANE_00_TASK_000,FRESH,0,0,0,0,1,-0.8871489232048331,960,0,0
Diffusion,25,20260822,S7_FRESH_DEVELOPMENT,FRESH_CHICANE_00_TASK_001,FRESH,0,0,0,0,1,0.7569379812734776,960,0,0
Diffusion,25,20260822,S7_FRESH_DEVELOPMENT,FRESH_CHICANE_00_TASK_002,FRESH,0,0,0,0,1,0.8275758467269869,960,0,0
Diffusion,25,20260822,S7_FRESH_DEVELOPMENT,FRESH_CHICANE_00_TASK_003,FRESH,0,0,0,0,1,-1.7118160300168979,960,0,0
Diffusion,25,20260822,S7_FRESH_DEVELOPMENT,FRESH_CHICANE_00_TASK_004,FRESH,0,0,0,0,1,2.217722366405846,960,0,0
Diffusion,25,20260822,S7_FRESH_DEVELOPMENT,FRESH_CHICANE_00_TASK_005,FRESH,0,0,0,0,1,-0.2017588090647527,960,0,0
Diffusion,25,20260822,S7_FRESH_DEVELOPMENT,FRESH_CHICANE_00_TASK_006,FRESH,0,0,0,0,1,-0.40414269993373236,960,0,0
Diffusion,25,20260822,S7_FRESH_DEVELOPMENT,FRESH_CHICANE_00_TASK_007,FRESH,0,0,0,0,1,0.24154006153441565,960,0,0
Diffusion,25,20260822,S7_FRESH_DEVELOPMENT,FRESH_CHICANE_00_TASK_008,FRESH,0,0,0,0,1,-0.07997166113862147,960,0,0
Diffusion,25,20260822,S7_FRESH_DEVELOPMENT,FRESH_GATE_00_TASK_000,FRESH,0,0,0,0,1,2.807263262403482,960,0,0
Diffusion,25,20260822,S7_FRESH_DEVELOPMENT,FRESH_GATE_00_TASK_001,FRESH,0,0,0,0,1,7.807729428419326,960,0,0
Diffusion,25,20260822,S7_FRESH_DEVELOPMENT,FRESH_GATE_00_TASK_002,FRESH,0,1,0,1,0,-15.348793385408996,250,0,0
Diffusion,25,20260822,S7_FRESH_DEVELOPMENT,FRESH_GATE_00_TASK_003,FRESH,0,0,0,0,1,6.466100233841888,960,0,0
Diffusion,25,20260822,S7_FRESH_DEVELOPMENT,FRESH_GATE_00_TASK_004,FRESH,0,0,0,0,1,-0.4444611310149785,960,0,0
Diffusion,25,20260822,S7_FRESH_DEVELOPMENT,FRESH_GATE_00_TASK_005,FRESH,0,1,0,1,0,-14.103854734598109,424,0,0
Diffusion,25,20260822,S7_FRESH_DEVELOPMENT,FRESH_GATE_00_TASK_006,FRESH,0,0,0,0,1,3.2376130721833616,960,0,0
Diffusion,25,20260822,S7_FRESH_DEVELOPMENT,FRESH_GATE_00_TASK_007,FRESH,0,0,0,0,1,5.5026279803334575,960,0,0
Diffusion,25,20260822,S7_FRESH_DEVELOPMENT,FRESH_GATE_00_TASK_008,FRESH,1,0,0,0,0,30.936020682227706,581,0,0
Diffusion,25,20260822,S7_FRESH_DEVELOPMENT,FRESH_DETOUR_00_TASK_000,FRESH,0,1,0,1,0,-14.915568090785783,425,0,0
Diffusion,25,20260822,S7_FRESH_DEVELOPMENT,FRESH_DETOUR_00_TASK_001,FRESH,0,1,0,1,0,-17.290875516784112,211,0,0
Diffusion,25,20260822,S7_FRESH_DEVELOPMENT,FRESH_DETOUR_00_TASK_002,FRESH,0,1,0,1,0,-16.313825493656157,432,0,0
Diffusion,25,20260822,S7_FRESH_DEVELOPMENT,FRESH_DETOUR_00_TASK_003,FRESH,0,1,0,1,0,-16.59516557534934,218,0,0
Diffusion,25,20260822,S7_FRESH_DEVELOPMENT,FRESH_DETOUR_00_TASK_004,FRESH,0,1,0,1,0,-16.07965073156648,317,0,0
Diffusion,25,20260822,S7_FRESH_DEVELOPMENT,FRESH_DETOUR_00_TASK_005,FRESH,0,1,0,1,0,-16.540307036027603,223,0,0
Diffusion,25,20260822,S7_FRESH_DEVELOPMENT,FRESH_DETOUR_00_TASK_006,FRESH,1,0,0,0,0,30.873083266092635,540,0,0
Diffusion,25,20260822,S7_FRESH_DEVELOPMENT,FRESH_DETOUR_00_TASK_007,FRESH,0,1,0,1,0,-14.847594326433317,312,0,0
Diffusion,25,20260822,S7_FRESH_DEVELOPMENT,FRESH_DETOUR_00_TASK_008,FRESH,0,1,0,1,0,-17.135461927423545,150,0,0
Diffusion,25,20260822,S7_FRESH_DEVELOPMENT,FRESH_TWIN_GATE_00_TASK_000,FRESH,0,0,0,0,1,11.947294454303842,960,0,0
Diffusion,25,20260822,S7_FRESH_DEVELOPMENT,FRESH_TWIN_GATE_00_TASK_001,FRESH,0,0,0,0,1,-0.24242751683745545,960,0,0
Diffusion,25,20260822,S7_FRESH_DEVELOPMENT,FRESH_TWIN_GATE_00_TASK_002,FRESH,0,0,0,0,1,-1.014393383553802,960,0,0
Diffusion,25,20260822,S7_FRESH_DEVELOPMENT,FRESH_TWIN_GATE_00_TASK_003,FRESH,0,1,0,1,0,-10.337039760443103,558,0,0
Diffusion,25,20260822,S7_FRESH_DEVELOPMENT,FRESH_TWIN_GATE_00_TASK_004,FRESH,0,1,0,1,0,-17.21839109259929,436,0,0
Diffusion,25,20260822,S7_FRESH_DEVELOPMENT,FRESH_TWIN_GATE_00_TASK_005,FRESH,0,0,0,0,1,12.366829133424048,960,0,0
Diffusion,25,20260822,S7_FRESH_DEVELOPMENT,FRESH_TWIN_GATE_00_TASK_006,FRESH,0,0,0,0,1,11.898417464182327,960,0,0
Diffusion,25,20260822,S7_FRESH_DEVELOPMENT,FRESH_TWIN_GATE_00_TASK_007,FRESH,0,1,0,1,0,-15.539930909872911,644,0,0
Diffusion,25,20260822,S7_FRESH_DEVELOPMENT,FRESH_TWIN_GATE_00_TASK_008,FRESH,0,1,0,1,0,-17.148416236683225,241,0,0
BC,50,20260820,S7_FRESH_DEVELOPMENT,FRESH_CROSSOVER_00_TASK_000,FRESH,0,1,0,1,0,-16.07273036399938,273,0,0
BC,50,20260820,S7_FRESH_DEVELOPMENT,FRESH_CROSSOVER_00_TASK_001,FRESH,0,1,0,1,0,-16.280815979687926,200,0,0
BC,50,20260820,S7_FRESH_DEVELOPMENT,FRESH_CROSSOVER_00_TASK_002,FRESH,1,0,0,0,0,29.593607186869047,420,0,0
BC,50,20260820,S7_FRESH_DEVELOPMENT,FRESH_CROSSOVER_00_TASK_003,FRESH,0,1,0,1,0,-17.18720719814716,149,0,0
BC,50,20260820,S7_FRESH_DEVELOPMENT,FRESH_CROSSOVER_00_TASK_004,FRESH,0,0,1,1,0,-15.980867594706774,274,0,0
BC,50,20260820,S7_FRESH_DEVELOPMENT,FRESH_CROSSOVER_00_TASK_005,FRESH,0,1,0,1,0,-15.939088516422968,284,0,0
BC,50,20260820,S7_FRESH_DEVELOPMENT,FRESH_CROSSOVER_00_TASK_006,FRESH,0,1,0,1,0,-16.879538223534514,163,0,0
BC,50,20260820,S7_FRESH_DEVELOPMENT,FRESH_CROSSOVER_00_TASK_007,FRESH,0,0,1,1,0,-17.491802879556886,623,0,0
BC,50,20260820,S7_FRESH_DEVELOPMENT,FRESH_CROSSOVER_00_TASK_008,FRESH,0,1,0,1,0,-16.45556053242851,220,0,0
BC,50,20260820,S7_FRESH_DEVELOPMENT,FRESH_DOUBLE_00_TASK_000,FRESH,0,0,0,0,1,9.902368853880382,960,0,0
BC,50,20260820,S7_FRESH_DEVELOPMENT,FRESH_DOUBLE_00_TASK_003,FRESH,0,0,0,0,1,9.64848297883973,960,0,0
BC,50,20260820,S7_FRESH_DEVELOPMENT,FRESH_DOUBLE_00_TASK_004,FRESH,0,1,0,1,0,-10.630304290214301,426,0,0
BC,50,20260820,S7_FRESH_DEVELOPMENT,FRESH_DOUBLE_00_TASK_007,FRESH,0,1,0,1,0,-15.649809344624046,189,0,0
BC,50,20260820,S7_FRESH_DEVELOPMENT,FRESH_DOUBLE_00_TASK_008,FRESH,0,1,0,1,0,-10.684812019864664,667,0,0
BC,50,20260820,S7_FRESH_DEVELOPMENT,FRESH_DOUBLE_00_TASK_012,FRESH,0,0,0,0,1,6.94556288312796,960,0,0
BC,50,20260820,S7_FRESH_DEVELOPMENT,FRESH_DOUBLE_00_TASK_017,FRESH,0,1,0,1,0,-15.842603728689564,195,0,0
BC,50,20260820,S7_FRESH_DEVELOPMENT,FRESH_DOUBLE_00_TASK_019,FRESH,1,0,0,0,0,31.587552895436325,866,0,0
BC,50,20260820,S7_FRESH_DEVELOPMENT,FRESH_DOUBLE_00_TASK_021,FRESH,0,1,0,1,0,-16.8789531236677,347,0,0
BC,50,20260820,S7_FRESH_DEVELOPMENT,FRESH_CHICANE_00_TASK_000,FRESH,0,0,0,0,1,-1.2492257842125334,960,0,0
BC,50,20260820,S7_FRESH_DEVELOPMENT,FRESH_CHICANE_00_TASK_001,FRESH,0,0,0,0,1,-2.8717808092903416,960,0,0
BC,50,20260820,S7_FRESH_DEVELOPMENT,FRESH_CHICANE_00_TASK_002,FRESH,0,0,0,0,1,12.525810208785156,960,0,0
BC,50,20260820,S7_FRESH_DEVELOPMENT,FRESH_CHICANE_00_TASK_003,FRESH,0,1,0,1,0,-18.21047813609884,297,0,0
BC,50,20260820,S7_FRESH_DEVELOPMENT,FRESH_CHICANE_00_TASK_004,FRESH,0,0,0,0,1,15.186130445654706,960,0,0
BC,50,20260820,S7_FRESH_DEVELOPMENT,FRESH_CHICANE_00_TASK_005,FRESH,0,0,0,0,1,-4.235424985570293,960,0,0
BC,50,20260820,S7_FRESH_DEVELOPMENT,FRESH_CHICANE_00_TASK_006,FRESH,0,1,0,1,0,-17.84295464687018,424,0,0
BC,50,20260820,S7_FRESH_DEVELOPMENT,FRESH_CHICANE_00_TASK_007,FRESH,0,1,0,1,0,-16.813930165336956,598,0,0
BC,50,20260820,S7_FRESH_DEVELOPMENT,FRESH_CHICANE_00_TASK_008,FRESH,0,1,0,1,0,-17.788186107914914,340,0,0
BC,50,20260820,S7_FRESH_DEVELOPMENT,FRESH_GATE_00_TASK_000,FRESH,0,1,0,1,0,-16.526338187928147,248,0,0
BC,50,20260820,S7_FRESH_DEVELOPMENT,FRESH_GATE_00_TASK_001,FRESH,0,0,0,0,1,-8.321404243052093,960,0,0
BC,50,20260820,S7_FRESH_DEVELOPMENT,FRESH_GATE_00_TASK_002,FRESH,1,0,0,0,0,28.253315369451133,947,0,0
BC,50,20260820,S7_FRESH_DEVELOPMENT,FRESH_GATE_00_TASK_003,FRESH,0,1,0,1,0,-16.53218123217018,163,0,0
BC,50,20260820,S7_FRESH_DEVELOPMENT,FRESH_GATE_00_TASK_004,FRESH,0,0,0,0,1,-8.162503114790375,960,0,0
BC,50,20260820,S7_FRESH_DEVELOPMENT,FRESH_GATE_00_TASK_005,FRESH,0,1,0,1,0,-15.005684324218759,249,0,0
BC,50,20260820,S7_FRESH_DEVELOPMENT,FRESH_GATE_00_TASK_006,FRESH,0,0,0,0,1,1.950436926541652,960,0,0
BC,50,20260820,S7_FRESH_DEVELOPMENT,FRESH_GATE_00_TASK_007,FRESH,0,1,0,1,0,-17.506288558441838,121,0,0
BC,50,20260820,S7_FRESH_DEVELOPMENT,FRESH_GATE_00_TASK_008,FRESH,0,1,0,1,0,-15.018746288609005,407,0,0
BC,50,20260820,S7_FRESH_DEVELOPMENT,FRESH_DETOUR_00_TASK_000,FRESH,0,1,0,1,0,-16.791967873275443,175,0,0
BC,50,20260820,S7_FRESH_DEVELOPMENT,FRESH_DETOUR_00_TASK_001,FRESH,0,1,0,1,0,-17.502469559657694,220,0,0
BC,50,20260820,S7_FRESH_DEVELOPMENT,FRESH_DETOUR_00_TASK_002,FRESH,0,0,0,0,1,-10.10169343573428,960,0,0
BC,50,20260820,S7_FRESH_DEVELOPMENT,FRESH_DETOUR_00_TASK_003,FRESH,0,1,0,1,0,-16.712662952917317,209,0,0
BC,50,20260820,S7_FRESH_DEVELOPMENT,FRESH_DETOUR_00_TASK_004,FRESH,0,1,0,1,0,-16.39246875612906,252,0,0
BC,50,20260820,S7_FRESH_DEVELOPMENT,FRESH_DETOUR_00_TASK_005,FRESH,0,1,0,1,0,-16.755671123009655,214,0,0
BC,50,20260820,S7_FRESH_DEVELOPMENT,FRESH_DETOUR_00_TASK_006,FRESH,0,1,0,1,0,-14.611593950141282,272,0,0
BC,50,20260820,S7_FRESH_DEVELOPMENT,FRESH_DETOUR_00_TASK_007,FRESH,0,1,0,1,0,-16.739706543797666,261,0,0
BC,50,20260820,S7_FRESH_DEVELOPMENT,FRESH_DETOUR_00_TASK_008,FRESH,0,1,0,1,0,-17.244026941147446,172,0,0
BC,50,20260820,S7_FRESH_DEVELOPMENT,FRESH_TWIN_GATE_00_TASK_000,FRESH,0,1,0,1,0,-17.252300592502785,440,0,0
BC,50,20260820,S7_FRESH_DEVELOPMENT,FRESH_TWIN_GATE_00_TASK_001,FRESH,0,0,0,0,1,-16.802712379128526,960,0,0
BC,50,20260820,S7_FRESH_DEVELOPMENT,FRESH_TWIN_GATE_00_TASK_002,FRESH,0,0,0,0,1,-9.419647192929002,960,0,0
BC,50,20260820,S7_FRESH_DEVELOPMENT,FRESH_TWIN_GATE_00_TASK_003,FRESH,0,1,0,1,0,-8.725543021993893,502,0,0
BC,50,20260820,S7_FRESH_DEVELOPMENT,FRESH_TWIN_GATE_00_TASK_004,FRESH,0,0,0,0,1,-15.454238088888992,960,0,0
BC,50,20260820,S7_FRESH_DEVELOPMENT,FRESH_TWIN_GATE_00_TASK_005,FRESH,0,1,0,1,0,-11.045836623089807,743,0,0
BC,50,20260820,S7_FRESH_DEVELOPMENT,FRESH_TWIN_GATE_00_TASK_006,FRESH,0,1,0,1,0,-8.442371857552521,540,0,0
BC,50,20260820,S7_FRESH_DEVELOPMENT,FRESH_TWIN_GATE_00_TASK_007,FRESH,0,0,0,0,1,-13.360224422351706,960,0,0
BC,50,20260820,S7_FRESH_DEVELOPMENT,FRESH_TWIN_GATE_00_TASK_008,FRESH,0,1,0,1,0,-9.927515286555764,566,0,0
BC,50,20260821,S7_FRESH_DEVELOPMENT,FRESH_CROSSOVER_00_TASK_000,FRESH,0,0,0,0,1,-0.47256521131635754,960,0,0
BC,50,20260821,S7_FRESH_DEVELOPMENT,FRESH_CROSSOVER_00_TASK_001,FRESH,0,1,0,1,0,-17.159782470917857,707,0,0
BC,50,20260821,S7_FRESH_DEVELOPMENT,FRESH_CROSSOVER_00_TASK_002,FRESH,0,1,0,1,0,-17.243805947579983,403,0,0
BC,50,20260821,S7_FRESH_DEVELOPMENT,FRESH_CROSSOVER_00_TASK_003,FRESH,0,1,0,1,0,-17.045739578894356,187,0,0
BC,50,20260821,S7_FRESH_DEVELOPMENT,FRESH_CROSSOVER_00_TASK_004,FRESH,0,1,0,1,0,-17.143103284552165,625,0,0
BC,50,20260821,S7_FRESH_DEVELOPMENT,FRESH_CROSSOVER_00_TASK_005,FRESH,0,1,0,1,0,-17.720348395031916,958,0,0
BC,50,20260821,S7_FRESH_DEVELOPMENT,FRESH_CROSSOVER_00_TASK_006,FRESH,0,1,0,1,0,-17.29109132036443,411,0,0
BC,50,20260821,S7_FRESH_DEVELOPMENT,FRESH_CROSSOVER_00_TASK_007,FRESH,0,0,0,0,1,-1.2574084891024364,960,0,0
BC,50,20260821,S7_FRESH_DEVELOPMENT,FRESH_CROSSOVER_00_TASK_008,FRESH,0,1,0,1,0,-17.254091383941688,189,0,0
BC,50,20260821,S7_FRESH_DEVELOPMENT,FRESH_DOUBLE_00_TASK_000,FRESH,0,0,0,0,1,2.7178241676993435,960,0,0
BC,50,20260821,S7_FRESH_DEVELOPMENT,FRESH_DOUBLE_00_TASK_003,FRESH,0,1,0,1,0,-11.301008144616802,716,0,0
BC,50,20260821,S7_FRESH_DEVELOPMENT,FRESH_DOUBLE_00_TASK_004,FRESH,0,0,0,0,1,6.849378778083072,960,0,0
BC,50,20260821,S7_FRESH_DEVELOPMENT,FRESH_DOUBLE_00_TASK_007,FRESH,0,1,0,1,0,-11.243506093959674,420,0,0
BC,50,20260821,S7_FRESH_DEVELOPMENT,FRESH_DOUBLE_00_TASK_008,FRESH,0,0,0,0,1,8.294156334681759,960,0,0
BC,50,20260821,S7_FRESH_DEVELOPMENT,FRESH_DOUBLE_00_TASK_012,FRESH,0,0,0,0,1,3.054185583689146,960,0,0
BC,50,20260821,S7_FRESH_DEVELOPMENT,FRESH_DOUBLE_00_TASK_017,FRESH,0,0,0,0,1,6.27105037018693,960,0,0
BC,50,20260821,S7_FRESH_DEVELOPMENT,FRESH_DOUBLE_00_TASK_019,FRESH,0,0,0,0,1,2.8113724810606957,960,0,0
BC,50,20260821,S7_FRESH_DEVELOPMENT,FRESH_DOUBLE_00_TASK_021,FRESH,0,1,0,1,0,-10.95435725853223,789,0,0
BC,50,20260821,S7_FRESH_DEVELOPMENT,FRESH_CHICANE_00_TASK_000,FRESH,0,1,0,1,0,-17.58265126394776,128,0,0
BC,50,20260821,S7_FRESH_DEVELOPMENT,FRESH_CHICANE_00_TASK_001,FRESH,0,1,0,1,0,-17.02024940705433,709,0,0
BC,50,20260821,S7_FRESH_DEVELOPMENT,FRESH_CHICANE_00_TASK_002,FRESH,0,1,0,1,0,-16.6686427115994,676,0,0
BC,50,20260821,S7_FRESH_DEVELOPMENT,FRESH_CHICANE_00_TASK_003,FRESH,0,1,0,1,0,-17.91966916701292,802,0,0
BC,50,20260821,S7_FRESH_DEVELOPMENT,FRESH_CHICANE_00_TASK_004,FRESH,0,1,0,1,0,-17.460241809014246,129,0,0
BC,50,20260821,S7_FRESH_DEVELOPMENT,FRESH_CHICANE_00_TASK_005,FRESH,0,0,0,0,1,1.9113969328221252,960,0,0
BC,50,20260821,S7_FRESH_DEVELOPMENT,FRESH_CHICANE_00_TASK_006,FRESH,0,1,0,1,0,-17.26418782289862,351,0,0
BC,50,20260821,S7_FRESH_DEVELOPMENT,FRESH_CHICANE_00_TASK_007,FRESH,0,0,0,0,1,4.1013611519445465,960,0,0
BC,50,20260821,S7_FRESH_DEVELOPMENT,FRESH_CHICANE_00_TASK_008,FRESH,0,1,0,1,0,-12.325839052957942,490,0,0
BC,50,20260821,S7_FRESH_DEVELOPMENT,FRESH_GATE_00_TASK_000,FRESH,0,1,0,1,0,-17.024674456110482,178,0,0
BC,50,20260821,S7_FRESH_DEVELOPMENT,FRESH_GATE_00_TASK_001,FRESH,0,1,0,1,0,-14.058758756724227,323,0,0
BC,50,20260821,S7_FRESH_DEVELOPMENT,FRESH_GATE_00_TASK_002,FRESH,0,1,0,1,0,-14.566752214099179,337,0,0
BC,50,20260821,S7_FRESH_DEVELOPMENT,FRESH_GATE_00_TASK_003,FRESH,0,1,0,1,0,-16.317985670261866,160,0,0
BC,50,20260821,S7_FRESH_DEVELOPMENT,FRESH_GATE_00_TASK_004,FRESH,0,0,0,0,1,3.9792426388023676,960,0,0
BC,50,20260821,S7_FRESH_DEVELOPMENT,FRESH_GATE_00_TASK_005,FRESH,0,1,0,1,0,-14.257865298199068,322,0,0
BC,50,20260821,S7_FRESH_DEVELOPMENT,FRESH_GATE_00_TASK_006,FRESH,0,1,0,1,0,-16.981151151539226,154,0,0
BC,50,20260821,S7_FRESH_DEVELOPMENT,FRESH_GATE_00_TASK_007,FRESH,0,1,0,1,0,-15.387153497201446,288,0,0
BC,50,20260821,S7_FRESH_DEVELOPMENT,FRESH_GATE_00_TASK_008,FRESH,0,1,0,1,0,-15.09997087074257,673,0,0
BC,50,20260821,S7_FRESH_DEVELOPMENT,FRESH_DETOUR_00_TASK_000,FRESH,1,0,0,0,0,30.24104571447034,483,0,0
BC,50,20260821,S7_FRESH_DEVELOPMENT,FRESH_DETOUR_00_TASK_001,FRESH,0,1,0,1,0,-17.100911098415583,155,0,0
BC,50,20260821,S7_FRESH_DEVELOPMENT,FRESH_DETOUR_00_TASK_002,FRESH,0,1,0,1,0,-14.303441156289374,813,0,0
BC,50,20260821,S7_FRESH_DEVELOPMENT,FRESH_DETOUR_00_TASK_003,FRESH,0,1,0,1,0,-16.605953516804796,183,0,0
BC,50,20260821,S7_FRESH_DEVELOPMENT,FRESH_DETOUR_00_TASK_004,FRESH,0,1,0,1,0,-14.822449426654636,259,0,0
BC,50,20260821,S7_FRESH_DEVELOPMENT,FRESH_DETOUR_00_TASK_005,FRESH,0,1,0,1,0,-15.452886755212306,227,0,0
BC,50,20260821,S7_FRESH_DEVELOPMENT,FRESH_DETOUR_00_TASK_006,FRESH,0,1,0,1,0,-16.364610833833535,262,0,0
BC,50,20260821,S7_FRESH_DEVELOPMENT,FRESH_DETOUR_00_TASK_007,FRESH,0,1,0,1,0,-15.91193650782073,277,0,0
BC,50,20260821,S7_FRESH_DEVELOPMENT,FRESH_DETOUR_00_TASK_008,FRESH,0,1,0,1,0,-17.191083879308085,144,0,0
BC,50,20260821,S7_FRESH_DEVELOPMENT,FRESH_TWIN_GATE_00_TASK_000,FRESH,0,1,0,1,0,-17.449368047208733,244,0,0
BC,50,20260821,S7_FRESH_DEVELOPMENT,FRESH_TWIN_GATE_00_TASK_001,FRESH,0,0,0,0,1,1.1293937705263597,960,0,0
BC,50,20260821,S7_FRESH_DEVELOPMENT,FRESH_TWIN_GATE_00_TASK_002,FRESH,0,0,0,0,1,-0.2860520097314153,960,0,0
BC,50,20260821,S7_FRESH_DEVELOPMENT,FRESH_TWIN_GATE_00_TASK_003,FRESH,0,1,0,1,0,-15.786833188104524,301,0,0
BC,50,20260821,S7_FRESH_DEVELOPMENT,FRESH_TWIN_GATE_00_TASK_004,FRESH,0,1,0,1,0,-15.086493920701834,400,0,0
BC,50,20260821,S7_FRESH_DEVELOPMENT,FRESH_TWIN_GATE_00_TASK_005,FRESH,0,1,0,1,0,-15.515581491118027,252,0,0
BC,50,20260821,S7_FRESH_DEVELOPMENT,FRESH_TWIN_GATE_00_TASK_006,FRESH,0,1,0,1,0,-15.802494980669824,341,0,0
BC,50,20260821,S7_FRESH_DEVELOPMENT,FRESH_TWIN_GATE_00_TASK_007,FRESH,0,0,0,0,1,3.0144082338140343,960,0,0
BC,50,20260821,S7_FRESH_DEVELOPMENT,FRESH_TWIN_GATE_00_TASK_008,FRESH,0,1,0,1,0,-17.210415594788543,246,0,0
BC,50,20260822,S7_FRESH_DEVELOPMENT,FRESH_CROSSOVER_00_TASK_000,FRESH,0,1,0,1,0,-16.08739410061869,754,0,0
BC,50,20260822,S7_FRESH_DEVELOPMENT,FRESH_CROSSOVER_00_TASK_001,FRESH,1,0,0,0,0,28.911558549145106,723,0,0
BC,50,20260822,S7_FRESH_DEVELOPMENT,FRESH_CROSSOVER_00_TASK_002,FRESH,0,0,0,0,1,8.383703483723034,960,0,0
BC,50,20260822,S7_FRESH_DEVELOPMENT,FRESH_CROSSOVER_00_TASK_003,FRESH,0,1,0,1,0,-15.87034393355695,295,0,0
BC,50,20260822,S7_FRESH_DEVELOPMENT,FRESH_CROSSOVER_00_TASK_004,FRESH,0,0,0,0,1,2.3408297680772847,960,0,0
BC,50,20260822,S7_FRESH_DEVELOPMENT,FRESH_CROSSOVER_00_TASK_005,FRESH,0,1,0,1,0,-15.673935762342225,553,0,0
BC,50,20260822,S7_FRESH_DEVELOPMENT,FRESH_CROSSOVER_00_TASK_006,FRESH,0,1,0,1,0,-16.06899914149281,765,0,0
BC,50,20260822,S7_FRESH_DEVELOPMENT,FRESH_CROSSOVER_00_TASK_007,FRESH,0,0,0,0,1,-0.254055221151912,960,0,0
BC,50,20260822,S7_FRESH_DEVELOPMENT,FRESH_CROSSOVER_00_TASK_008,FRESH,0,1,0,1,0,-16.065089253120092,404,0,0
BC,50,20260822,S7_FRESH_DEVELOPMENT,FRESH_DOUBLE_00_TASK_000,FRESH,0,0,1,1,0,-15.337073604594902,385,0,0
BC,50,20260822,S7_FRESH_DEVELOPMENT,FRESH_DOUBLE_00_TASK_003,FRESH,0,0,0,0,1,10.378342135574135,960,0,0
BC,50,20260822,S7_FRESH_DEVELOPMENT,FRESH_DOUBLE_00_TASK_004,FRESH,0,0,0,0,1,9.18226108175254,960,0,0
BC,50,20260822,S7_FRESH_DEVELOPMENT,FRESH_DOUBLE_00_TASK_007,FRESH,1,0,0,0,0,31.96242402773663,602,0,0
BC,50,20260822,S7_FRESH_DEVELOPMENT,FRESH_DOUBLE_00_TASK_008,FRESH,1,0,0,0,0,33.44028620672695,593,0,0
BC,50,20260822,S7_FRESH_DEVELOPMENT,FRESH_DOUBLE_00_TASK_012,FRESH,0,0,0,0,1,9.525009367646721,960,0,0
BC,50,20260822,S7_FRESH_DEVELOPMENT,FRESH_DOUBLE_00_TASK_017,FRESH,0,1,0,1,0,-11.936555775739562,446,0,0
BC,50,20260822,S7_FRESH_DEVELOPMENT,FRESH_DOUBLE_00_TASK_019,FRESH,0,1,0,1,0,-9.753137503650368,459,0,0
BC,50,20260822,S7_FRESH_DEVELOPMENT,FRESH_DOUBLE_00_TASK_021,FRESH,1,0,0,0,0,32.653912097028844,666,0,0
BC,50,20260822,S7_FRESH_DEVELOPMENT,FRESH_CHICANE_00_TASK_000,FRESH,0,1,0,1,0,-17.631614741477783,184,0,0
BC,50,20260822,S7_FRESH_DEVELOPMENT,FRESH_CHICANE_00_TASK_001,FRESH,0,1,0,1,0,-17.222084785232482,202,0,0
BC,50,20260822,S7_FRESH_DEVELOPMENT,FRESH_CHICANE_00_TASK_002,FRESH,0,1,0,1,0,-17.26954106029899,223,0,0
BC,50,20260822,S7_FRESH_DEVELOPMENT,FRESH_CHICANE_00_TASK_003,FRESH,0,1,0,1,0,-7.494693165157583,865,0,0
BC,50,20260822,S7_FRESH_DEVELOPMENT,FRESH_CHICANE_00_TASK_004,FRESH,0,1,0,1,0,-16.310845364521654,366,0,0
BC,50,20260822,S7_FRESH_DEVELOPMENT,FRESH_CHICANE_00_TASK_005,FRESH,0,1,0,1,0,-17.119880151660094,188,0,0
BC,50,20260822,S7_FRESH_DEVELOPMENT,FRESH_CHICANE_00_TASK_006,FRESH,0,1,0,1,0,-16.133183557521072,300,0,0
BC,50,20260822,S7_FRESH_DEVELOPMENT,FRESH_CHICANE_00_TASK_007,FRESH,0,1,0,1,0,-12.914507922206795,808,0,0
BC,50,20260822,S7_FRESH_DEVELOPMENT,FRESH_CHICANE_00_TASK_008,FRESH,0,1,0,1,0,-6.783661380630033,624,0,0
BC,50,20260822,S7_FRESH_DEVELOPMENT,FRESH_GATE_00_TASK_000,FRESH,0,0,0,0,1,2.4538156459066456,960,0,0
BC,50,20260822,S7_FRESH_DEVELOPMENT,FRESH_GATE_00_TASK_001,FRESH,0,0,0,0,1,4.44179032070673,960,0,0
BC,50,20260822,S7_FRESH_DEVELOPMENT,FRESH_GATE_00_TASK_002,FRESH,0,0,0,0,1,3.931958365468054,960,0,0
BC,50,20260822,S7_FRESH_DEVELOPMENT,FRESH_GATE_00_TASK_003,FRESH,0,0,0,0,1,5.635746158013832,960,0,0
BC,50,20260822,S7_FRESH_DEVELOPMENT,FRESH_GATE_00_TASK_004,FRESH,0,0,0,0,1,4.622954956373936,960,0,0
BC,50,20260822,S7_FRESH_DEVELOPMENT,FRESH_GATE_00_TASK_005,FRESH,1,0,0,0,0,30.33357506366778,562,0,0
BC,50,20260822,S7_FRESH_DEVELOPMENT,FRESH_GATE_00_TASK_006,FRESH,0,0,0,0,1,0.5997259837132791,960,0,0
BC,50,20260822,S7_FRESH_DEVELOPMENT,FRESH_GATE_00_TASK_007,FRESH,0,0,1,1,0,-18.340173075457255,648,0,0
BC,50,20260822,S7_FRESH_DEVELOPMENT,FRESH_GATE_00_TASK_008,FRESH,0,1,0,1,0,-15.223540576528304,419,0,0
BC,50,20260822,S7_FRESH_DEVELOPMENT,FRESH_DETOUR_00_TASK_000,FRESH,0,1,0,1,0,-17.754277920381142,744,0,0
BC,50,20260822,S7_FRESH_DEVELOPMENT,FRESH_DETOUR_00_TASK_001,FRESH,0,1,0,1,0,-18.078540535742114,597,0,0
BC,50,20260822,S7_FRESH_DEVELOPMENT,FRESH_DETOUR_00_TASK_002,FRESH,0,1,0,1,0,-16.75656121066604,780,0,0
BC,50,20260822,S7_FRESH_DEVELOPMENT,FRESH_DETOUR_00_TASK_003,FRESH,0,1,0,1,0,-14.252295040538591,287,0,0
BC,50,20260822,S7_FRESH_DEVELOPMENT,FRESH_DETOUR_00_TASK_004,FRESH,0,1,0,1,0,-16.765147759159206,522,0,0
BC,50,20260822,S7_FRESH_DEVELOPMENT,FRESH_DETOUR_00_TASK_005,FRESH,0,1,0,1,0,-14.074577188079815,290,0,0
BC,50,20260822,S7_FRESH_DEVELOPMENT,FRESH_DETOUR_00_TASK_006,FRESH,0,1,0,1,0,-16.441631074187203,309,0,0
BC,50,20260822,S7_FRESH_DEVELOPMENT,FRESH_DETOUR_00_TASK_007,FRESH,0,1,0,1,0,-17.334883385775072,628,0,0
BC,50,20260822,S7_FRESH_DEVELOPMENT,FRESH_DETOUR_00_TASK_008,FRESH,0,1,0,1,0,-18.40349634406524,727,0,0
BC,50,20260822,S7_FRESH_DEVELOPMENT,FRESH_TWIN_GATE_00_TASK_000,FRESH,0,0,1,1,0,-12.01934203951328,938,0,0
BC,50,20260822,S7_FRESH_DEVELOPMENT,FRESH_TWIN_GATE_00_TASK_001,FRESH,0,1,0,1,0,-17.24640717576951,442,0,0
BC,50,20260822,S7_FRESH_DEVELOPMENT,FRESH_TWIN_GATE_00_TASK_002,FRESH,0,0,0,0,1,4.656295167605183,960,0,0
BC,50,20260822,S7_FRESH_DEVELOPMENT,FRESH_TWIN_GATE_00_TASK_003,FRESH,0,0,0,0,1,8.391249384008278,960,0,0
BC,50,20260822,S7_FRESH_DEVELOPMENT,FRESH_TWIN_GATE_00_TASK_004,FRESH,0,1,0,1,0,-17.00935481159907,296,0,0
BC,50,20260822,S7_FRESH_DEVELOPMENT,FRESH_TWIN_GATE_00_TASK_005,FRESH,0,0,0,0,1,5.116774441223519,960,0,0
BC,50,20260822,S7_FRESH_DEVELOPMENT,FRESH_TWIN_GATE_00_TASK_006,FRESH,0,0,0,0,1,8.3396069198675,960,0,0
BC,50,20260822,S7_FRESH_DEVELOPMENT,FRESH_TWIN_GATE_00_TASK_007,FRESH,0,1,0,1,0,-16.73810953347314,273,0,0
BC,50,20260822,S7_FRESH_DEVELOPMENT,FRESH_TWIN_GATE_00_TASK_008,FRESH,0,1,0,1,0,-17.290926772026406,240,0,0
Diffusion,50,20260820,S7_FRESH_DEVELOPMENT,FRESH_CROSSOVER_00_TASK_000,FRESH,0,0,0,0,1,0.4379770271574054,960,0,0
Diffusion,50,20260820,S7_FRESH_DEVELOPMENT,FRESH_CROSSOVER_00_TASK_001,FRESH,0,0,0,0,1,1.9303426134022728,960,0,0
Diffusion,50,20260820,S7_FRESH_DEVELOPMENT,FRESH_CROSSOVER_00_TASK_002,FRESH,0,1,0,1,0,-16.553207153054117,402,0,0
Diffusion,50,20260820,S7_FRESH_DEVELOPMENT,FRESH_CROSSOVER_00_TASK_003,FRESH,0,0,0,0,1,2.1473756140225193,960,0,0
Diffusion,50,20260820,S7_FRESH_DEVELOPMENT,FRESH_CROSSOVER_00_TASK_004,FRESH,0,0,0,0,1,1.989148619633149,960,0,0
Diffusion,50,20260820,S7_FRESH_DEVELOPMENT,FRESH_CROSSOVER_00_TASK_005,FRESH,0,0,0,0,1,-0.02424239862616584,960,0,0
Diffusion,50,20260820,S7_FRESH_DEVELOPMENT,FRESH_CROSSOVER_00_TASK_006,FRESH,0,0,0,0,1,1.3691901221704497,960,0,0
Diffusion,50,20260820,S7_FRESH_DEVELOPMENT,FRESH_CROSSOVER_00_TASK_007,FRESH,0,0,0,0,1,-0.3825429993301962,960,0,0
Diffusion,50,20260820,S7_FRESH_DEVELOPMENT,FRESH_CROSSOVER_00_TASK_008,FRESH,0,0,0,0,1,1.7514436820492405,960,0,0
Diffusion,50,20260820,S7_FRESH_DEVELOPMENT,FRESH_DOUBLE_00_TASK_000,FRESH,0,0,1,1,0,-17.04176235404308,289,0,0
Diffusion,50,20260820,S7_FRESH_DEVELOPMENT,FRESH_DOUBLE_00_TASK_003,FRESH,0,0,0,0,1,8.7287508362511,960,0,0
Diffusion,50,20260820,S7_FRESH_DEVELOPMENT,FRESH_DOUBLE_00_TASK_004,FRESH,1,0,0,0,0,30.866540515045827,512,0,0
Diffusion,50,20260820,S7_FRESH_DEVELOPMENT,FRESH_DOUBLE_00_TASK_007,FRESH,1,0,0,0,0,32.10220887954422,532,0,0
Diffusion,50,20260820,S7_FRESH_DEVELOPMENT,FRESH_DOUBLE_00_TASK_008,FRESH,0,1,0,1,0,-10.43787085278793,499,0,0
Diffusion,50,20260820,S7_FRESH_DEVELOPMENT,FRESH_DOUBLE_00_TASK_012,FRESH,0,0,0,0,1,7.568034249725789,960,0,0
Diffusion,50,20260820,S7_FRESH_DEVELOPMENT,FRESH_DOUBLE_00_TASK_017,FRESH,0,1,0,1,0,-11.778447135199515,365,0,0
Diffusion,50,20260820,S7_FRESH_DEVELOPMENT,FRESH_DOUBLE_00_TASK_019,FRESH,0,1,0,1,0,-16.84093136424052,267,0,0
Diffusion,50,20260820,S7_FRESH_DEVELOPMENT,FRESH_DOUBLE_00_TASK_021,FRESH,0,0,1,1,0,-15.787784964584462,315,0,0
Diffusion,50,20260820,S7_FRESH_DEVELOPMENT,FRESH_CHICANE_00_TASK_000,FRESH,0,1,0,1,0,-18.0964898458111,301,0,0
Diffusion,50,20260820,S7_FRESH_DEVELOPMENT,FRESH_CHICANE_00_TASK_001,FRESH,0,0,0,0,1,3.1504789498543193,960,0,0
Diffusion,50,20260820,S7_FRESH_DEVELOPMENT,FRESH_CHICANE_00_TASK_002,FRESH,0,1,0,1,0,-12.833176339839014,885,0,0
Diffusion,50,20260820,S7_FRESH_DEVELOPMENT,FRESH_CHICANE_00_TASK_003,FRESH,0,1,0,1,0,-13.292245097442109,756,0,0
Diffusion,50,20260820,S7_FRESH_DEVELOPMENT,FRESH_CHICANE_00_TASK_004,FRESH,0,1,0,1,0,-13.472736611874199,914,0,0
Diffusion,50,20260820,S7_FRESH_DEVELOPMENT,FRESH_CHICANE_00_TASK_005,FRESH,0,1,0,1,0,-12.021948124830683,714,0,0
Diffusion,50,20260820,S7_FRESH_DEVELOPMENT,FRESH_CHICANE_00_TASK_006,FRESH,0,0,0,0,1,4.828062617144589,960,0,0
Diffusion,50,20260820,S7_FRESH_DEVELOPMENT,FRESH_CHICANE_00_TASK_007,FRESH,0,0,1,1,0,-17.55004516426523,355,0,0
Diffusion,50,20260820,S7_FRESH_DEVELOPMENT,FRESH_CHICANE_00_TASK_008,FRESH,0,1,0,1,0,-13.478274436641408,836,0,0
Diffusion,50,20260820,S7_FRESH_DEVELOPMENT,FRESH_GATE_00_TASK_000,FRESH,0,1,0,1,0,-17.20456321335444,930,0,0
Diffusion,50,20260820,S7_FRESH_DEVELOPMENT,FRESH_GATE_00_TASK_001,FRESH,1,0,0,0,0,28.854917698569828,726,0,0
Diffusion,50,20260820,S7_FRESH_DEVELOPMENT,FRESH_GATE_00_TASK_002,FRESH,0,1,0,1,0,-16.082362249775276,185,0,0
Diffusion,50,20260820,S7_FRESH_DEVELOPMENT,FRESH_GATE_00_TASK_003,FRESH,0,0,0,0,1,6.771332444664773,960,0,0
Diffusion,50,20260820,S7_FRESH_DEVELOPMENT,FRESH_GATE_00_TASK_004,FRESH,0,1,0,1,0,-16.249474462073564,735,0,0
Diffusion,50,20260820,S7_FRESH_DEVELOPMENT,FRESH_GATE_00_TASK_005,FRESH,0,0,1,1,0,-16.048379106856807,228,0,0
Diffusion,50,20260820,S7_FRESH_DEVELOPMENT,FRESH_GATE_00_TASK_006,FRESH,0,1,0,1,0,-18.23329713037597,860,0,0
Diffusion,50,20260820,S7_FRESH_DEVELOPMENT,FRESH_GATE_00_TASK_007,FRESH,0,0,0,0,1,8.036168393063441,960,0,0
Diffusion,50,20260820,S7_FRESH_DEVELOPMENT,FRESH_GATE_00_TASK_008,FRESH,1,0,0,0,0,31.135592923778603,474,0,0
Diffusion,50,20260820,S7_FRESH_DEVELOPMENT,FRESH_DETOUR_00_TASK_000,FRESH,0,0,1,1,0,-17.518274617785433,199,0,0
Diffusion,50,20260820,S7_FRESH_DEVELOPMENT,FRESH_DETOUR_00_TASK_001,FRESH,0,1,0,1,0,-17.575699884393522,226,0,0
Diffusion,50,20260820,S7_FRESH_DEVELOPMENT,FRESH_DETOUR_00_TASK_002,FRESH,0,0,0,0,1,2.1976029669544266,960,0,0
Diffusion,50,20260820,S7_FRESH_DEVELOPMENT,FRESH_DETOUR_00_TASK_003,FRESH,0,1,0,1,0,-16.5607476138836,297,0,0
Diffusion,50,20260820,S7_FRESH_DEVELOPMENT,FRESH_DETOUR_00_TASK_004,FRESH,0,1,0,1,0,-17.345531410552258,820,0,0
Diffusion,50,20260820,S7_FRESH_DEVELOPMENT,FRESH_DETOUR_00_TASK_005,FRESH,0,1,0,1,0,-16.84424546543157,334,0,0
Diffusion,50,20260820,S7_FRESH_DEVELOPMENT,FRESH_DETOUR_00_TASK_006,FRESH,0,1,0,1,0,-16.605198066571834,252,0,0
Diffusion,50,20260820,S7_FRESH_DEVELOPMENT,FRESH_DETOUR_00_TASK_007,FRESH,0,1,0,1,0,-17.593782577686085,730,0,0
Diffusion,50,20260820,S7_FRESH_DEVELOPMENT,FRESH_DETOUR_00_TASK_008,FRESH,0,1,0,1,0,-17.23063228065943,188,0,0
Diffusion,50,20260820,S7_FRESH_DEVELOPMENT,FRESH_TWIN_GATE_00_TASK_000,FRESH,0,0,0,0,1,3.500467247516858,960,0,0
Diffusion,50,20260820,S7_FRESH_DEVELOPMENT,FRESH_TWIN_GATE_00_TASK_001,FRESH,0,0,0,0,1,7.095191639705138,960,0,0
Diffusion,50,20260820,S7_FRESH_DEVELOPMENT,FRESH_TWIN_GATE_00_TASK_002,FRESH,0,0,0,0,1,2.473943550332176,960,0,0
Diffusion,50,20260820,S7_FRESH_DEVELOPMENT,FRESH_TWIN_GATE_00_TASK_003,FRESH,0,0,0,0,1,6.384527075620336,960,0,0
Diffusion,50,20260820,S7_FRESH_DEVELOPMENT,FRESH_TWIN_GATE_00_TASK_004,FRESH,0,0,0,0,1,9.66140951283072,960,0,0
Diffusion,50,20260820,S7_FRESH_DEVELOPMENT,FRESH_TWIN_GATE_00_TASK_005,FRESH,0,0,0,0,1,4.065210516399906,960,0,0
Diffusion,50,20260820,S7_FRESH_DEVELOPMENT,FRESH_TWIN_GATE_00_TASK_006,FRESH,0,0,0,0,1,4.556350707035448,960,0,0
Diffusion,50,20260820,S7_FRESH_DEVELOPMENT,FRESH_TWIN_GATE_00_TASK_007,FRESH,0,0,0,0,1,11.958945353057938,960,0,0
Diffusion,50,20260820,S7_FRESH_DEVELOPMENT,FRESH_TWIN_GATE_00_TASK_008,FRESH,0,0,0,0,1,7.961165582980483,960,0,0
Diffusion,50,20260821,S7_FRESH_DEVELOPMENT,FRESH_CROSSOVER_00_TASK_000,FRESH,0,0,0,0,1,3.0167322589994434,960,0,0
Diffusion,50,20260821,S7_FRESH_DEVELOPMENT,FRESH_CROSSOVER_00_TASK_001,FRESH,0,1,0,1,0,-16.888433828690207,648,0,0
Diffusion,50,20260821,S7_FRESH_DEVELOPMENT,FRESH_CROSSOVER_00_TASK_002,FRESH,0,1,0,1,0,-16.746519966146476,332,0,0
Diffusion,50,20260821,S7_FRESH_DEVELOPMENT,FRESH_CROSSOVER_00_TASK_003,FRESH,0,1,0,1,0,-16.871646300384672,270,0,0
Diffusion,50,20260821,S7_FRESH_DEVELOPMENT,FRESH_CROSSOVER_00_TASK_004,FRESH,0,1,0,1,0,-16.525870377743793,567,0,0
Diffusion,50,20260821,S7_FRESH_DEVELOPMENT,FRESH_CROSSOVER_00_TASK_005,FRESH,0,1,0,1,0,-17.04952644622593,715,0,0
Diffusion,50,20260821,S7_FRESH_DEVELOPMENT,FRESH_CROSSOVER_00_TASK_006,FRESH,0,1,0,1,0,-16.98789601279632,479,0,0
Diffusion,50,20260821,S7_FRESH_DEVELOPMENT,FRESH_CROSSOVER_00_TASK_007,FRESH,0,0,0,0,1,2.289593185914137,960,0,0
Diffusion,50,20260821,S7_FRESH_DEVELOPMENT,FRESH_CROSSOVER_00_TASK_008,FRESH,0,1,0,1,0,-17.857885495240645,557,0,0
Diffusion,50,20260821,S7_FRESH_DEVELOPMENT,FRESH_DOUBLE_00_TASK_000,FRESH,0,0,0,0,1,10.799470043355383,960,0,0
Diffusion,50,20260821,S7_FRESH_DEVELOPMENT,FRESH_DOUBLE_00_TASK_003,FRESH,1,0,0,0,0,31.824835011735104,573,0,0
Diffusion,50,20260821,S7_FRESH_DEVELOPMENT,FRESH_DOUBLE_00_TASK_004,FRESH,1,0,0,0,0,30.4569952691851,717,0,0
Diffusion,50,20260821,S7_FRESH_DEVELOPMENT,FRESH_DOUBLE_00_TASK_007,FRESH,1,0,0,0,0,32.06028922785667,559,0,0
Diffusion,50,20260821,S7_FRESH_DEVELOPMENT,FRESH_DOUBLE_00_TASK_008,FRESH,0,0,1,1,0,-15.841083288743794,305,0,0
Diffusion,50,20260821,S7_FRESH_DEVELOPMENT,FRESH_DOUBLE_00_TASK_012,FRESH,0,0,1,1,0,-16.767621942615342,307,0,0
Diffusion,50,20260821,S7_FRESH_DEVELOPMENT,FRESH_DOUBLE_00_TASK_017,FRESH,1,0,0,0,0,30.06067381594063,845,0,0
Diffusion,50,20260821,S7_FRESH_DEVELOPMENT,FRESH_DOUBLE_00_TASK_019,FRESH,0,0,0,0,1,7.786265546217185,960,0,0
Diffusion,50,20260821,S7_FRESH_DEVELOPMENT,FRESH_DOUBLE_00_TASK_021,FRESH,0,1,0,1,0,-8.757690914307632,674,0,0
Diffusion,50,20260821,S7_FRESH_DEVELOPMENT,FRESH_CHICANE_00_TASK_000,FRESH,0,1,0,1,0,-16.263307013782494,521,0,0
Diffusion,50,20260821,S7_FRESH_DEVELOPMENT,FRESH_CHICANE_00_TASK_001,FRESH,0,1,0,1,0,-17.430073347443486,352,0,0
Diffusion,50,20260821,S7_FRESH_DEVELOPMENT,FRESH_CHICANE_00_TASK_002,FRESH,0,1,0,1,0,-16.633108638381362,360,0,0
Diffusion,50,20260821,S7_FRESH_DEVELOPMENT,FRESH_CHICANE_00_TASK_003,FRESH,0,1,0,1,0,-16.94249264259752,330,0,0
Diffusion,50,20260821,S7_FRESH_DEVELOPMENT,FRESH_CHICANE_00_TASK_004,FRESH,0,1,0,1,0,-16.34610165857996,453,0,0
Diffusion,50,20260821,S7_FRESH_DEVELOPMENT,FRESH_CHICANE_00_TASK_005,FRESH,0,1,0,1,0,-15.578241044617972,517,0,0
Diffusion,50,20260821,S7_FRESH_DEVELOPMENT,FRESH_CHICANE_00_TASK_006,FRESH,0,1,0,1,0,-17.386026128063794,320,0,0
Diffusion,50,20260821,S7_FRESH_DEVELOPMENT,FRESH_CHICANE_00_TASK_007,FRESH,0,1,0,1,0,-16.92406131950673,416,0,0
Diffusion,50,20260821,S7_FRESH_DEVELOPMENT,FRESH_CHICANE_00_TASK_008,FRESH,0,1,0,1,0,-17.45873754357803,273,0,0
Diffusion,50,20260821,S7_FRESH_DEVELOPMENT,FRESH_GATE_00_TASK_000,FRESH,1,0,0,0,0,28.338185847545887,431,0,0
Diffusion,50,20260821,S7_FRESH_DEVELOPMENT,FRESH_GATE_00_TASK_001,FRESH,0,0,0,0,1,2.819961033339446,960,0,0
Diffusion,50,20260821,S7_FRESH_DEVELOPMENT,FRESH_GATE_00_TASK_002,FRESH,1,0,0,0,0,29.23331954858393,467,0,0
Diffusion,50,20260821,S7_FRESH_DEVELOPMENT,FRESH_GATE_00_TASK_003,FRESH,0,1,0,1,0,-14.638426322482104,241,0,0
Diffusion,50,20260821,S7_FRESH_DEVELOPMENT,FRESH_GATE_00_TASK_004,FRESH,0,0,0,0,1,2.6376911646216232,960,0,0
Diffusion,50,20260821,S7_FRESH_DEVELOPMENT,FRESH_GATE_00_TASK_005,FRESH,0,1,0,1,0,-13.433277766974918,326,0,0
Diffusion,50,20260821,S7_FRESH_DEVELOPMENT,FRESH_GATE_00_TASK_006,FRESH,1,0,0,0,0,27.244214975147663,424,0,0
Diffusion,50,20260821,S7_FRESH_DEVELOPMENT,FRESH_GATE_00_TASK_007,FRESH,1,0,0,0,0,29.39917871322973,465,0,0
Diffusion,50,20260821,S7_FRESH_DEVELOPMENT,FRESH_GATE_00_TASK_008,FRESH,1,0,0,0,0,30.202016601833968,940,0,0
Diffusion,50,20260821,S7_FRESH_DEVELOPMENT,FRESH_DETOUR_00_TASK_000,FRESH,0,1,0,1,0,-16.741929753778585,227,0,0
Diffusion,50,20260821,S7_FRESH_DEVELOPMENT,FRESH_DETOUR_00_TASK_001,FRESH,0,1,0,1,0,-17.242163245135135,224,0,0
Diffusion,50,20260821,S7_FRESH_DEVELOPMENT,FRESH_DETOUR_00_TASK_002,FRESH,0,1,0,1,0,-16.204958578811684,294,0,0
Diffusion,50,20260821,S7_FRESH_DEVELOPMENT,FRESH_DETOUR_00_TASK_003,FRESH,0,1,0,1,0,-16.723349796854748,239,0,0
Diffusion,50,20260821,S7_FRESH_DEVELOPMENT,FRESH_DETOUR_00_TASK_004,FRESH,0,1,0,1,0,-16.363861639343963,241,0,0
Diffusion,50,20260821,S7_FRESH_DEVELOPMENT,FRESH_DETOUR_00_TASK_005,FRESH,0,1,0,1,0,-14.567819806393327,471,0,0
Diffusion,50,20260821,S7_FRESH_DEVELOPMENT,FRESH_DETOUR_00_TASK_006,FRESH,0,1,0,1,0,-16.587698616015167,360,0,0
Diffusion,50,20260821,S7_FRESH_DEVELOPMENT,FRESH_DETOUR_00_TASK_007,FRESH,0,1,0,1,0,-16.536767489165772,252,0,0
Diffusion,50,20260821,S7_FRESH_DEVELOPMENT,FRESH_DETOUR_00_TASK_008,FRESH,0,1,0,1,0,-17.550034309828483,202,0,0
Diffusion,50,20260821,S7_FRESH_DEVELOPMENT,FRESH_TWIN_GATE_00_TASK_000,FRESH,0,1,0,1,0,-15.901152148562492,417,0,0
Diffusion,50,20260821,S7_FRESH_DEVELOPMENT,FRESH_TWIN_GATE_00_TASK_001,FRESH,0,1,0,1,0,-17.005287047826098,786,0,0
Diffusion,50,20260821,S7_FRESH_DEVELOPMENT,FRESH_TWIN_GATE_00_TASK_002,FRESH,0,0,0,0,1,11.547092639891487,960,0,0
Diffusion,50,20260821,S7_FRESH_DEVELOPMENT,FRESH_TWIN_GATE_00_TASK_003,FRESH,0,0,0,0,1,10.734750781026722,960,0,0
Diffusion,50,20260821,S7_FRESH_DEVELOPMENT,FRESH_TWIN_GATE_00_TASK_004,FRESH,0,0,0,0,1,11.08357728258567,960,0,0
Diffusion,50,20260821,S7_FRESH_DEVELOPMENT,FRESH_TWIN_GATE_00_TASK_005,FRESH,0,1,0,1,0,-10.311864614473938,566,0,0
Diffusion,50,20260821,S7_FRESH_DEVELOPMENT,FRESH_TWIN_GATE_00_TASK_006,FRESH,0,0,0,0,1,10.691119208554637,960,0,0
Diffusion,50,20260821,S7_FRESH_DEVELOPMENT,FRESH_TWIN_GATE_00_TASK_007,FRESH,0,0,0,0,1,2.354134712583321,960,0,0
Diffusion,50,20260821,S7_FRESH_DEVELOPMENT,FRESH_TWIN_GATE_00_TASK_008,FRESH,0,1,0,1,0,-15.91833472776702,279,0,0
Diffusion,50,20260822,S7_FRESH_DEVELOPMENT,FRESH_CROSSOVER_00_TASK_000,FRESH,0,1,0,1,0,-16.252736482914308,282,0,0
Diffusion,50,20260822,S7_FRESH_DEVELOPMENT,FRESH_CROSSOVER_00_TASK_001,FRESH,0,1,0,1,0,-16.304035910336903,242,0,0
Diffusion,50,20260822,S7_FRESH_DEVELOPMENT,FRESH_CROSSOVER_00_TASK_002,FRESH,0,1,0,1,0,-15.160867276888027,233,0,0
Diffusion,50,20260822,S7_FRESH_DEVELOPMENT,FRESH_CROSSOVER_00_TASK_003,FRESH,0,1,0,1,0,-15.637611144073464,228,0,0
Diffusion,50,20260822,S7_FRESH_DEVELOPMENT,FRESH_CROSSOVER_00_TASK_004,FRESH,0,1,0,1,0,-14.705638106548065,288,0,0
Diffusion,50,20260822,S7_FRESH_DEVELOPMENT,FRESH_CROSSOVER_00_TASK_005,FRESH,0,1,0,1,0,-16.329708281908136,290,0,0
Diffusion,50,20260822,S7_FRESH_DEVELOPMENT,FRESH_CROSSOVER_00_TASK_006,FRESH,0,1,0,1,0,-15.433208713115008,221,0,0
Diffusion,50,20260822,S7_FRESH_DEVELOPMENT,FRESH_CROSSOVER_00_TASK_007,FRESH,0,1,0,1,0,-15.389106067204946,506,0,0
Diffusion,50,20260822,S7_FRESH_DEVELOPMENT,FRESH_CROSSOVER_00_TASK_008,FRESH,0,1,0,1,0,-15.872504024685941,186,0,0
Diffusion,50,20260822,S7_FRESH_DEVELOPMENT,FRESH_DOUBLE_00_TASK_000,FRESH,0,0,1,1,0,-10.165186912390817,587,0,0
Diffusion,50,20260822,S7_FRESH_DEVELOPMENT,FRESH_DOUBLE_00_TASK_003,FRESH,0,1,0,1,0,-15.774759013452766,230,0,0
Diffusion,50,20260822,S7_FRESH_DEVELOPMENT,FRESH_DOUBLE_00_TASK_004,FRESH,0,0,1,1,0,-11.556605187772798,565,0,0
Diffusion,50,20260822,S7_FRESH_DEVELOPMENT,FRESH_DOUBLE_00_TASK_007,FRESH,0,1,0,1,0,-17.120067900233224,157,0,0
Diffusion,50,20260822,S7_FRESH_DEVELOPMENT,FRESH_DOUBLE_00_TASK_008,FRESH,1,0,0,0,0,33.14188498820444,746,0,0
Diffusion,50,20260822,S7_FRESH_DEVELOPMENT,FRESH_DOUBLE_00_TASK_012,FRESH,1,0,0,0,0,31.995546306499495,761,0,0
Diffusion,50,20260822,S7_FRESH_DEVELOPMENT,FRESH_DOUBLE_00_TASK_017,FRESH,0,1,0,1,0,-12.039991151451247,453,0,0
Diffusion,50,20260822,S7_FRESH_DEVELOPMENT,FRESH_DOUBLE_00_TASK_019,FRESH,0,1,0,1,0,-16.966537233609966,248,0,0
Diffusion,50,20260822,S7_FRESH_DEVELOPMENT,FRESH_DOUBLE_00_TASK_021,FRESH,1,0,0,0,0,32.553008457127426,720,0,0
Diffusion,50,20260822,S7_FRESH_DEVELOPMENT,FRESH_CHICANE_00_TASK_000,FRESH,0,1,0,1,0,-12.369998127862612,540,0,0
Diffusion,50,20260822,S7_FRESH_DEVELOPMENT,FRESH_CHICANE_00_TASK_001,FRESH,0,0,0,0,1,10.618979768589934,960,0,0
Diffusion,50,20260822,S7_FRESH_DEVELOPMENT,FRESH_CHICANE_00_TASK_002,FRESH,0,1,0,1,0,-15.900069766782103,597,0,0
Diffusion,50,20260822,S7_FRESH_DEVELOPMENT,FRESH_CHICANE_00_TASK_003,FRESH,0,1,0,1,0,-10.865291579116038,710,0,0
Diffusion,50,20260822,S7_FRESH_DEVELOPMENT,FRESH_CHICANE_00_TASK_004,FRESH,0,1,0,1,0,-7.781016728209028,933,0,0
Diffusion,50,20260822,S7_FRESH_DEVELOPMENT,FRESH_CHICANE_00_TASK_005,FRESH,0,0,0,0,1,8.388222802643481,960,0,0
Diffusion,50,20260822,S7_FRESH_DEVELOPMENT,FRESH_CHICANE_00_TASK_006,FRESH,0,1,0,1,0,-16.828161998310776,171,0,0
Diffusion,50,20260822,S7_FRESH_DEVELOPMENT,FRESH_CHICANE_00_TASK_007,FRESH,0,0,1,1,0,-11.870900408527167,928,0,0
Diffusion,50,20260822,S7_FRESH_DEVELOPMENT,FRESH_CHICANE_00_TASK_008,FRESH,0,0,0,0,1,8.282684905255055,960,0,0
Diffusion,50,20260822,S7_FRESH_DEVELOPMENT,FRESH_GATE_00_TASK_000,FRESH,0,1,0,1,0,-16.97955878031128,331,0,0
Diffusion,50,20260822,S7_FRESH_DEVELOPMENT,FRESH_GATE_00_TASK_001,FRESH,0,1,0,1,0,-14.896091510823776,321,0,0
Diffusion,50,20260822,S7_FRESH_DEVELOPMENT,FRESH_GATE_00_TASK_002,FRESH,1,0,0,0,0,29.28792738335242,431,0,0
Diffusion,50,20260822,S7_FRESH_DEVELOPMENT,FRESH_GATE_00_TASK_003,FRESH,0,1,0,1,0,-16.37696279431173,162,0,0
Diffusion,50,20260822,S7_FRESH_DEVELOPMENT,FRESH_GATE_00_TASK_004,FRESH,0,1,0,1,0,-14.760225099754258,402,0,0
Diffusion,50,20260822,S7_FRESH_DEVELOPMENT,FRESH_GATE_00_TASK_005,FRESH,0,1,0,1,0,-15.428015034819591,494,0,0
Diffusion,50,20260822,S7_FRESH_DEVELOPMENT,FRESH_GATE_00_TASK_006,FRESH,0,0,0,0,1,5.769218073398673,960,0,0
Diffusion,50,20260822,S7_FRESH_DEVELOPMENT,FRESH_GATE_00_TASK_007,FRESH,0,0,0,0,1,8.36049384715818,960,0,0
Diffusion,50,20260822,S7_FRESH_DEVELOPMENT,FRESH_GATE_00_TASK_008,FRESH,0,0,0,0,1,9.919800502045993,960,0,0
Diffusion,50,20260822,S7_FRESH_DEVELOPMENT,FRESH_DETOUR_00_TASK_000,FRESH,0,0,0,0,1,1.3844683316464257,960,0,0
Diffusion,50,20260822,S7_FRESH_DEVELOPMENT,FRESH_DETOUR_00_TASK_001,FRESH,0,0,0,0,1,1.06812624584766,960,0,0
Diffusion,50,20260822,S7_FRESH_DEVELOPMENT,FRESH_DETOUR_00_TASK_002,FRESH,0,0,0,0,1,2.364161703132445,960,0,0
Diffusion,50,20260822,S7_FRESH_DEVELOPMENT,FRESH_DETOUR_00_TASK_003,FRESH,0,1,0,1,0,-16.63557318050625,320,0,0
Diffusion,50,20260822,S7_FRESH_DEVELOPMENT,FRESH_DETOUR_00_TASK_004,FRESH,0,0,0,0,1,2.0304226087830033,960,0,0
Diffusion,50,20260822,S7_FRESH_DEVELOPMENT,FRESH_DETOUR_00_TASK_005,FRESH,0,0,0,0,1,1.844943494897117,960,0,0
Diffusion,50,20260822,S7_FRESH_DEVELOPMENT,FRESH_DETOUR_00_TASK_006,FRESH,0,1,0,1,0,-16.836064172110586,510,0,0
Diffusion,50,20260822,S7_FRESH_DEVELOPMENT,FRESH_DETOUR_00_TASK_007,FRESH,0,1,0,1,0,-17.14918589705636,546,0,0
Diffusion,50,20260822,S7_FRESH_DEVELOPMENT,FRESH_DETOUR_00_TASK_008,FRESH,0,1,0,1,0,-17.76132838292472,460,0,0
Diffusion,50,20260822,S7_FRESH_DEVELOPMENT,FRESH_TWIN_GATE_00_TASK_000,FRESH,0,1,0,1,0,-18.685590236663057,763,0,0
Diffusion,50,20260822,S7_FRESH_DEVELOPMENT,FRESH_TWIN_GATE_00_TASK_001,FRESH,0,0,0,0,1,-1.1468494014173911,960,0,0
Diffusion,50,20260822,S7_FRESH_DEVELOPMENT,FRESH_TWIN_GATE_00_TASK_002,FRESH,0,0,0,0,1,10.420749408736972,960,0,0
Diffusion,50,20260822,S7_FRESH_DEVELOPMENT,FRESH_TWIN_GATE_00_TASK_003,FRESH,0,0,0,0,1,2.090288008438024,960,0,0
Diffusion,50,20260822,S7_FRESH_DEVELOPMENT,FRESH_TWIN_GATE_00_TASK_004,FRESH,0,0,0,0,1,0.6543288398909743,960,0,0
Diffusion,50,20260822,S7_FRESH_DEVELOPMENT,FRESH_TWIN_GATE_00_TASK_005,FRESH,0,0,0,0,1,0.6409293214081304,960,0,0
Diffusion,50,20260822,S7_FRESH_DEVELOPMENT,FRESH_TWIN_GATE_00_TASK_006,FRESH,0,0,0,0,1,1.808277246617763,960,0,0
Diffusion,50,20260822,S7_FRESH_DEVELOPMENT,FRESH_TWIN_GATE_00_TASK_007,FRESH,0,0,0,0,1,-0.4625859058210684,960,0,0
Diffusion,50,20260822,S7_FRESH_DEVELOPMENT,FRESH_TWIN_GATE_00_TASK_008,FRESH,0,0,0,0,1,6.184830433103974,960,0,0
BC,100,20260820,S7_FRESH_DEVELOPMENT,FRESH_CROSSOVER_00_TASK_000,FRESH,0,1,0,1,0,-16.129712779540338,429,0,0
BC,100,20260820,S7_FRESH_DEVELOPMENT,FRESH_CROSSOVER_00_TASK_001,FRESH,0,1,0,1,0,-15.16422069490067,311,0,0
BC,100,20260820,S7_FRESH_DEVELOPMENT,FRESH_CROSSOVER_00_TASK_002,FRESH,0,1,0,1,0,-14.888724821614606,227,0,0
BC,100,20260820,S7_FRESH_DEVELOPMENT,FRESH_CROSSOVER_00_TASK_003,FRESH,0,1,0,1,0,-15.790494140720519,187,0,0
BC,100,20260820,S7_FRESH_DEVELOPMENT,FRESH_CROSSOVER_00_TASK_004,FRESH,0,0,0,0,1,-0.33381906388380317,960,0,0
BC,100,20260820,S7_FRESH_DEVELOPMENT,FRESH_CROSSOVER_00_TASK_005,FRESH,0,1,0,1,0,-16.472877019155305,383,0,0
BC,100,20260820,S7_FRESH_DEVELOPMENT,FRESH_CROSSOVER_00_TASK_006,FRESH,0,1,0,1,0,-18.313367555398656,956,0,0
BC,100,20260820,S7_FRESH_DEVELOPMENT,FRESH_CROSSOVER_00_TASK_007,FRESH,0,0,0,0,1,-1.6005728200322016,960,0,0
BC,100,20260820,S7_FRESH_DEVELOPMENT,FRESH_CROSSOVER_00_TASK_008,FRESH,0,1,0,1,0,-16.188506848015187,161,0,0
BC,100,20260820,S7_FRESH_DEVELOPMENT,FRESH_DOUBLE_00_TASK_000,FRESH,0,0,0,0,1,11.03074783592851,960,0,0
BC,100,20260820,S7_FRESH_DEVELOPMENT,FRESH_DOUBLE_00_TASK_003,FRESH,0,0,0,0,1,8.482002461990138,960,0,0
BC,100,20260820,S7_FRESH_DEVELOPMENT,FRESH_DOUBLE_00_TASK_004,FRESH,0,1,0,1,0,-11.864647622316221,356,0,0
BC,100,20260820,S7_FRESH_DEVELOPMENT,FRESH_DOUBLE_00_TASK_007,FRESH,0,1,0,1,0,-10.330145331331643,597,0,0
BC,100,20260820,S7_FRESH_DEVELOPMENT,FRESH_DOUBLE_00_TASK_008,FRESH,0,0,1,1,0,-13.112896910800753,491,0,0
BC,100,20260820,S7_FRESH_DEVELOPMENT,FRESH_DOUBLE_00_TASK_012,FRESH,0,1,0,1,0,-11.024838752212359,510,0,0
BC,100,20260820,S7_FRESH_DEVELOPMENT,FRESH_DOUBLE_00_TASK_017,FRESH,0,0,0,0,1,9.415273607746858,960,0,0
BC,100,20260820,S7_FRESH_DEVELOPMENT,FRESH_DOUBLE_00_TASK_019,FRESH,0,1,0,1,0,-11.26938606551633,543,0,0
BC,100,20260820,S7_FRESH_DEVELOPMENT,FRESH_DOUBLE_00_TASK_021,FRESH,0,1,0,1,0,-10.609135076487437,614,0,0
BC,100,20260820,S7_FRESH_DEVELOPMENT,FRESH_CHICANE_00_TASK_000,FRESH,0,0,0,0,1,8.36343509513057,960,0,0
BC,100,20260820,S7_FRESH_DEVELOPMENT,FRESH_CHICANE_00_TASK_001,FRESH,0,0,0,0,1,3.8946345342113102,960,0,0
BC,100,20260820,S7_FRESH_DEVELOPMENT,FRESH_CHICANE_00_TASK_002,FRESH,0,0,0,0,1,2.4094263687565065,960,0,0
BC,100,20260820,S7_FRESH_DEVELOPMENT,FRESH_CHICANE_00_TASK_003,FRESH,0,1,0,1,0,-12.661568608752246,672,0,0
BC,100,20260820,S7_FRESH_DEVELOPMENT,FRESH_CHICANE_00_TASK_004,FRESH,0,0,0,0,1,7.537034888973118,960,0,0
BC,100,20260820,S7_FRESH_DEVELOPMENT,FRESH_CHICANE_00_TASK_005,FRESH,0,0,0,0,1,10.731528404051511,960,0,0
BC,100,20260820,S7_FRESH_DEVELOPMENT,FRESH_CHICANE_00_TASK_006,FRESH,0,0,0,0,1,-0.06519599534415474,960,0,0
BC,100,20260820,S7_FRESH_DEVELOPMENT,FRESH_CHICANE_00_TASK_007,FRESH,0,0,0,0,1,1.4577580243451749,960,0,0
BC,100,20260820,S7_FRESH_DEVELOPMENT,FRESH_CHICANE_00_TASK_008,FRESH,0,0,0,0,1,1.052466212846511,960,0,0
BC,100,20260820,S7_FRESH_DEVELOPMENT,FRESH_GATE_00_TASK_000,FRESH,0,1,0,1,0,-17.397099362241523,120,0,0
BC,100,20260820,S7_FRESH_DEVELOPMENT,FRESH_GATE_00_TASK_001,FRESH,0,1,0,1,0,-15.70116002815093,205,0,0
BC,100,20260820,S7_FRESH_DEVELOPMENT,FRESH_GATE_00_TASK_002,FRESH,0,1,0,1,0,-16.465090852392255,174,0,0
BC,100,20260820,S7_FRESH_DEVELOPMENT,FRESH_GATE_00_TASK_003,FRESH,0,1,0,1,0,-16.80446586656621,162,0,0
BC,100,20260820,S7_FRESH_DEVELOPMENT,FRESH_GATE_00_TASK_004,FRESH,0,1,0,1,0,-15.553889468455665,256,0,0
BC,100,20260820,S7_FRESH_DEVELOPMENT,FRESH_GATE_00_TASK_005,FRESH,0,1,0,1,0,-14.120743087132475,329,0,0
BC,100,20260820,S7_FRESH_DEVELOPMENT,FRESH_GATE_00_TASK_006,FRESH,0,1,0,1,0,-16.962479678218862,141,0,0
BC,100,20260820,S7_FRESH_DEVELOPMENT,FRESH_GATE_00_TASK_007,FRESH,0,1,0,1,0,-16.767672768107794,197,0,0
BC,100,20260820,S7_FRESH_DEVELOPMENT,FRESH_GATE_00_TASK_008,FRESH,0,1,0,1,0,-13.090888542446415,330,0,0
BC,100,20260820,S7_FRESH_DEVELOPMENT,FRESH_DETOUR_00_TASK_000,FRESH,0,1,0,1,0,-16.81114693363497,249,0,0
BC,100,20260820,S7_FRESH_DEVELOPMENT,FRESH_DETOUR_00_TASK_001,FRESH,0,1,0,1,0,-16.485232834319454,293,0,0
BC,100,20260820,S7_FRESH_DEVELOPMENT,FRESH_DETOUR_00_TASK_002,FRESH,0,1,0,1,0,-14.376425633518505,418,0,0
BC,100,20260820,S7_FRESH_DEVELOPMENT,FRESH_DETOUR_00_TASK_003,FRESH,0,1,0,1,0,-16.359787927408178,215,0,0
BC,100,20260820,S7_FRESH_DEVELOPMENT,FRESH_DETOUR_00_TASK_004,FRESH,0,1,0,1,0,-16.413896854932062,271,0,0
BC,100,20260820,S7_FRESH_DEVELOPMENT,FRESH_DETOUR_00_TASK_005,FRESH,0,1,0,1,0,-16.833581354842075,264,0,0
BC,100,20260820,S7_FRESH_DEVELOPMENT,FRESH_DETOUR_00_TASK_006,FRESH,0,1,0,1,0,-16.665230259786004,246,0,0
BC,100,20260820,S7_FRESH_DEVELOPMENT,FRESH_DETOUR_00_TASK_007,FRESH,0,1,0,1,0,-15.887283014471087,324,0,0
BC,100,20260820,S7_FRESH_DEVELOPMENT,FRESH_DETOUR_00_TASK_008,FRESH,0,1,0,1,0,-17.30908906855775,198,0,0
BC,100,20260820,S7_FRESH_DEVELOPMENT,FRESH_TWIN_GATE_00_TASK_000,FRESH,0,1,0,1,0,-9.06334247944117,908,0,0
BC,100,20260820,S7_FRESH_DEVELOPMENT,FRESH_TWIN_GATE_00_TASK_001,FRESH,0,1,0,1,0,-15.934872891146757,403,0,0
BC,100,20260820,S7_FRESH_DEVELOPMENT,FRESH_TWIN_GATE_00_TASK_002,FRESH,0,0,0,0,1,3.999816581290734,960,0,0
BC,100,20260820,S7_FRESH_DEVELOPMENT,FRESH_TWIN_GATE_00_TASK_003,FRESH,0,1,0,1,0,-11.005484301743627,543,0,0
BC,100,20260820,S7_FRESH_DEVELOPMENT,FRESH_TWIN_GATE_00_TASK_004,FRESH,0,1,0,1,0,-9.588965597307906,559,0,0
BC,100,20260820,S7_FRESH_DEVELOPMENT,FRESH_TWIN_GATE_00_TASK_005,FRESH,0,1,0,1,0,-9.709565833769705,924,0,0
BC,100,20260820,S7_FRESH_DEVELOPMENT,FRESH_TWIN_GATE_00_TASK_006,FRESH,0,1,0,1,0,-9.12589218050328,625,0,0
BC,100,20260820,S7_FRESH_DEVELOPMENT,FRESH_TWIN_GATE_00_TASK_007,FRESH,0,0,0,0,1,7.645689861835409,960,0,0
BC,100,20260820,S7_FRESH_DEVELOPMENT,FRESH_TWIN_GATE_00_TASK_008,FRESH,1,0,0,0,0,34.79902063419908,790,0,0
BC,100,20260821,S7_FRESH_DEVELOPMENT,FRESH_CROSSOVER_00_TASK_000,FRESH,0,1,0,1,0,-16.490801404759036,686,0,0
BC,100,20260821,S7_FRESH_DEVELOPMENT,FRESH_CROSSOVER_00_TASK_001,FRESH,0,1,0,1,0,-15.876133398400022,550,0,0
BC,100,20260821,S7_FRESH_DEVELOPMENT,FRESH_CROSSOVER_00_TASK_002,FRESH,0,1,0,1,0,-15.232790056342829,465,0,0
BC,100,20260821,S7_FRESH_DEVELOPMENT,FRESH_CROSSOVER_00_TASK_003,FRESH,0,1,0,1,0,-16.519857155907705,267,0,0
BC,100,20260821,S7_FRESH_DEVELOPMENT,FRESH_CROSSOVER_00_TASK_004,FRESH,0,1,0,1,0,-15.923254814441226,658,0,0
BC,100,20260821,S7_FRESH_DEVELOPMENT,FRESH_CROSSOVER_00_TASK_005,FRESH,0,1,0,1,0,-16.28879392863935,702,0,0
BC,100,20260821,S7_FRESH_DEVELOPMENT,FRESH_CROSSOVER_00_TASK_006,FRESH,0,1,0,1,0,-16.44529658465221,447,0,0
BC,100,20260821,S7_FRESH_DEVELOPMENT,FRESH_CROSSOVER_00_TASK_007,FRESH,0,1,0,1,0,-16.49151610968105,954,0,0
BC,100,20260821,S7_FRESH_DEVELOPMENT,FRESH_CROSSOVER_00_TASK_008,FRESH,0,1,0,1,0,-16.68427404852806,216,0,0
BC,100,20260821,S7_FRESH_DEVELOPMENT,FRESH_DOUBLE_00_TASK_000,FRESH,0,0,0,0,1,8.112251837064342,960,0,0
BC,100,20260821,S7_FRESH_DEVELOPMENT,FRESH_DOUBLE_00_TASK_003,FRESH,0,1,0,1,0,-17.18288477475821,179,0,0
BC,100,20260821,S7_FRESH_DEVELOPMENT,FRESH_DOUBLE_00_TASK_004,FRESH,1,0,0,0,0,30.707076865397504,600,0,0
BC,100,20260821,S7_FRESH_DEVELOPMENT,FRESH_DOUBLE_00_TASK_007,FRESH,0,0,0,0,1,4.048668330776382,960,0,0
BC,100,20260821,S7_FRESH_DEVELOPMENT,FRESH_DOUBLE_00_TASK_008,FRESH,0,0,0,0,1,2.161383372706387,960,0,0
BC,100,20260821,S7_FRESH_DEVELOPMENT,FRESH_DOUBLE_00_TASK_012,FRESH,0,1,0,1,0,-16.174030910950037,749,0,0
BC,100,20260821,S7_FRESH_DEVELOPMENT,FRESH_DOUBLE_00_TASK_017,FRESH,0,0,0,0,1,9.724112998261278,960,0,0
BC,100,20260821,S7_FRESH_DEVELOPMENT,FRESH_DOUBLE_00_TASK_019,FRESH,0,1,0,1,0,-15.52795655826062,303,0,0
BC,100,20260821,S7_FRESH_DEVELOPMENT,FRESH_DOUBLE_00_TASK_021,FRESH,0,1,0,1,0,-15.277494650021612,309,0,0
BC,100,20260821,S7_FRESH_DEVELOPMENT,FRESH_CHICANE_00_TASK_000,FRESH,0,1,0,1,0,-17.512804182639456,121,0,0
BC,100,20260821,S7_FRESH_DEVELOPMENT,FRESH_CHICANE_00_TASK_001,FRESH,0,1,0,1,0,-16.639316575617414,837,0,0
BC,100,20260821,S7_FRESH_DEVELOPMENT,FRESH_CHICANE_00_TASK_002,FRESH,0,0,0,0,1,3.049385970115594,960,0,0
BC,100,20260821,S7_FRESH_DEVELOPMENT,FRESH_CHICANE_00_TASK_003,FRESH,0,1,0,1,0,-17.301977817892208,662,0,0
BC,100,20260821,S7_FRESH_DEVELOPMENT,FRESH_CHICANE_00_TASK_004,FRESH,0,1,0,1,0,-16.421844105859563,205,0,0
BC,100,20260821,S7_FRESH_DEVELOPMENT,FRESH_CHICANE_00_TASK_005,FRESH,0,1,0,1,0,-16.200596396665738,810,0,0
BC,100,20260821,S7_FRESH_DEVELOPMENT,FRESH_CHICANE_00_TASK_006,FRESH,0,1,0,1,0,-17.073939779705377,822,0,0
BC,100,20260821,S7_FRESH_DEVELOPMENT,FRESH_CHICANE_00_TASK_007,FRESH,0,1,0,1,0,-16.9895256110064,481,0,0
BC,100,20260821,S7_FRESH_DEVELOPMENT,FRESH_CHICANE_00_TASK_008,FRESH,0,1,0,1,0,-16.803787179515325,365,0,0
BC,100,20260821,S7_FRESH_DEVELOPMENT,FRESH_GATE_00_TASK_000,FRESH,1,0,0,0,0,27.677428221194745,758,0,0
BC,100,20260821,S7_FRESH_DEVELOPMENT,FRESH_GATE_00_TASK_001,FRESH,0,1,0,1,0,-14.271241629399814,259,0,0
BC,100,20260821,S7_FRESH_DEVELOPMENT,FRESH_GATE_00_TASK_002,FRESH,1,0,0,0,0,29.263666584577365,442,0,0
BC,100,20260821,S7_FRESH_DEVELOPMENT,FRESH_GATE_00_TASK_003,FRESH,0,1,0,1,0,-16.724473184713208,156,0,0
BC,100,20260821,S7_FRESH_DEVELOPMENT,FRESH_GATE_00_TASK_004,FRESH,0,1,0,1,0,-13.460739185893733,369,0,0
BC,100,20260821,S7_FRESH_DEVELOPMENT,FRESH_GATE_00_TASK_005,FRESH,0,1,0,1,0,-16.112130828338394,204,0,0
BC,100,20260821,S7_FRESH_DEVELOPMENT,FRESH_GATE_00_TASK_006,FRESH,0,1,0,1,0,-17.129048103259684,157,0,0
BC,100,20260821,S7_FRESH_DEVELOPMENT,FRESH_GATE_00_TASK_007,FRESH,0,1,0,1,0,-15.802869519529018,223,0,0
BC,100,20260821,S7_FRESH_DEVELOPMENT,FRESH_GATE_00_TASK_008,FRESH,1,0,0,0,0,31.11044346262743,490,0,0
BC,100,20260821,S7_FRESH_DEVELOPMENT,FRESH_DETOUR_00_TASK_000,FRESH,0,1,0,1,0,-16.684633699829952,219,0,0
BC,100,20260821,S7_FRESH_DEVELOPMENT,FRESH_DETOUR_00_TASK_001,FRESH,0,1,0,1,0,-17.125613916377585,168,0,0
BC,100,20260821,S7_FRESH_DEVELOPMENT,FRESH_DETOUR_00_TASK_002,FRESH,0,1,0,1,0,-16.70124416772868,612,0,0
BC,100,20260821,S7_FRESH_DEVELOPMENT,FRESH_DETOUR_00_TASK_003,FRESH,0,1,0,1,0,-16.33876583109725,226,0,0
BC,100,20260821,S7_FRESH_DEVELOPMENT,FRESH_DETOUR_00_TASK_004,FRESH,0,1,0,1,0,-16.17593334883306,230,0,0
BC,100,20260821,S7_FRESH_DEVELOPMENT,FRESH_DETOUR_00_TASK_005,FRESH,0,1,0,1,0,-16.54936205293233,194,0,0
BC,100,20260821,S7_FRESH_DEVELOPMENT,FRESH_DETOUR_00_TASK_006,FRESH,0,1,0,1,0,-14.983947858106337,265,0,0
BC,100,20260821,S7_FRESH_DEVELOPMENT,FRESH_DETOUR_00_TASK_007,FRESH,0,1,0,1,0,-16.458194659053987,198,0,0
BC,100,20260821,S7_FRESH_DEVELOPMENT,FRESH_DETOUR_00_TASK_008,FRESH,0,1,0,1,0,-15.534320438917131,339,0,0
BC,100,20260821,S7_FRESH_DEVELOPMENT,FRESH_TWIN_GATE_00_TASK_000,FRESH,0,1,0,1,0,-15.818594517717685,296,0,0
BC,100,20260821,S7_FRESH_DEVELOPMENT,FRESH_TWIN_GATE_00_TASK_001,FRESH,0,1,0,1,0,-16.81556712743819,223,0,0
BC,100,20260821,S7_FRESH_DEVELOPMENT,FRESH_TWIN_GATE_00_TASK_002,FRESH,0,1,0,1,0,-16.931499507800716,350,0,0
BC,100,20260821,S7_FRESH_DEVELOPMENT,FRESH_TWIN_GATE_00_TASK_003,FRESH,0,1,0,1,0,-15.971636766176907,320,0,0
BC,100,20260821,S7_FRESH_DEVELOPMENT,FRESH_TWIN_GATE_00_TASK_004,FRESH,0,1,0,1,0,-16.86942172648751,193,0,0
BC,100,20260821,S7_FRESH_DEVELOPMENT,FRESH_TWIN_GATE_00_TASK_005,FRESH,0,0,0,0,1,12.633114935288877,960,0,0
BC,100,20260821,S7_FRESH_DEVELOPMENT,FRESH_TWIN_GATE_00_TASK_006,FRESH,0,1,0,1,0,-16.054768380987863,276,0,0
BC,100,20260821,S7_FRESH_DEVELOPMENT,FRESH_TWIN_GATE_00_TASK_007,FRESH,0,1,0,1,0,-17.050609683743126,471,0,0
BC,100,20260821,S7_FRESH_DEVELOPMENT,FRESH_TWIN_GATE_00_TASK_008,FRESH,0,1,0,1,0,-17.076512341577555,165,0,0
BC,100,20260822,S7_FRESH_DEVELOPMENT,FRESH_CROSSOVER_00_TASK_000,FRESH,0,1,0,1,0,-15.430902654783882,383,0,0
BC,100,20260822,S7_FRESH_DEVELOPMENT,FRESH_CROSSOVER_00_TASK_001,FRESH,0,1,0,1,0,-16.059881420732836,200,0,0
BC,100,20260822,S7_FRESH_DEVELOPMENT,FRESH_CROSSOVER_00_TASK_002,FRESH,0,1,0,1,0,-16.49300277862183,154,0,0
BC,100,20260822,S7_FRESH_DEVELOPMENT,FRESH_CROSSOVER_00_TASK_003,FRESH,0,1,0,1,0,-17.04861993059922,145,0,0
BC,100,20260822,S7_FRESH_DEVELOPMENT,FRESH_CROSSOVER_00_TASK_004,FRESH,0,1,0,1,0,-15.798081403353311,496,0,0
BC,100,20260822,S7_FRESH_DEVELOPMENT,FRESH_CROSSOVER_00_TASK_005,FRESH,0,1,0,1,0,-16.17261506867756,283,0,0
BC,100,20260822,S7_FRESH_DEVELOPMENT,FRESH_CROSSOVER_00_TASK_006,FRESH,0,1,0,1,0,-16.874748395302625,180,0,0
BC,100,20260822,S7_FRESH_DEVELOPMENT,FRESH_CROSSOVER_00_TASK_007,FRESH,0,0,0,0,1,-1.0323511149913729,960,0,0
BC,100,20260822,S7_FRESH_DEVELOPMENT,FRESH_CROSSOVER_00_TASK_008,FRESH,0,1,0,1,0,-16.500789085665687,261,0,0
BC,100,20260822,S7_FRESH_DEVELOPMENT,FRESH_DOUBLE_00_TASK_000,FRESH,0,1,0,1,0,-11.41789622317758,570,0,0
BC,100,20260822,S7_FRESH_DEVELOPMENT,FRESH_DOUBLE_00_TASK_003,FRESH,0,1,0,1,0,-17.13872347303619,268,0,0
BC,100,20260822,S7_FRESH_DEVELOPMENT,FRESH_DOUBLE_00_TASK_004,FRESH,0,0,0,0,1,9.463877039515713,960,0,0
BC,100,20260822,S7_FRESH_DEVELOPMENT,FRESH_DOUBLE_00_TASK_007,FRESH,1,0,0,0,0,31.919341956942716,628,0,0
BC,100,20260822,S7_FRESH_DEVELOPMENT,FRESH_DOUBLE_00_TASK_008,FRESH,1,0,0,0,0,32.93503433863664,845,0,0
BC,100,20260822,S7_FRESH_DEVELOPMENT,FRESH_DOUBLE_00_TASK_012,FRESH,1,0,0,0,0,32.26938672783423,624,0,0
BC,100,20260822,S7_FRESH_DEVELOPMENT,FRESH_DOUBLE_00_TASK_017,FRESH,0,1,0,1,0,-12.392095274051393,477,0,0
BC,100,20260822,S7_FRESH_DEVELOPMENT,FRESH_DOUBLE_00_TASK_019,FRESH,0,1,0,1,0,-16.70571152840427,161,0,0
BC,100,20260822,S7_FRESH_DEVELOPMENT,FRESH_DOUBLE_00_TASK_021,FRESH,0,1,0,1,0,-15.12942130239907,237,0,0
BC,100,20260822,S7_FRESH_DEVELOPMENT,FRESH_CHICANE_00_TASK_000,FRESH,0,1,0,1,0,-17.836969260546685,156,0,0
BC,100,20260822,S7_FRESH_DEVELOPMENT,FRESH_CHICANE_00_TASK_001,FRESH,0,0,1,1,0,-14.579129153757691,801,0,0
BC,100,20260822,S7_FRESH_DEVELOPMENT,FRESH_CHICANE_00_TASK_002,FRESH,0,0,1,1,0,-14.585616107258945,716,0,0
BC,100,20260822,S7_FRESH_DEVELOPMENT,FRESH_CHICANE_00_TASK_003,FRESH,0,0,1,1,0,-14.064857188152496,612,0,0
BC,100,20260822,S7_FRESH_DEVELOPMENT,FRESH_CHICANE_00_TASK_004,FRESH,0,0,0,0,1,2.2830134831307403,960,0,0
BC,100,20260822,S7_FRESH_DEVELOPMENT,FRESH_CHICANE_00_TASK_005,FRESH,0,1,0,1,0,-6.370318336896263,756,0,0
BC,100,20260822,S7_FRESH_DEVELOPMENT,FRESH_CHICANE_00_TASK_006,FRESH,0,0,1,1,0,-12.258428241249199,775,0,0
BC,100,20260822,S7_FRESH_DEVELOPMENT,FRESH_CHICANE_00_TASK_007,FRESH,0,1,1,1,0,-32.760439723041955,751,0,0
BC,100,20260822,S7_FRESH_DEVELOPMENT,FRESH_CHICANE_00_TASK_008,FRESH,0,1,0,1,0,-13.26935937778534,714,0,0
BC,100,20260822,S7_FRESH_DEVELOPMENT,FRESH_GATE_00_TASK_000,FRESH,0,1,0,1,0,-17.75792872118708,173,0,0
BC,100,20260822,S7_FRESH_DEVELOPMENT,FRESH_GATE_00_TASK_001,FRESH,0,0,0,0,1,7.210863147647629,960,0,0
BC,100,20260822,S7_FRESH_DEVELOPMENT,FRESH_GATE_00_TASK_002,FRESH,0,1,0,1,0,-16.47166674414412,182,0,0
BC,100,20260822,S7_FRESH_DEVELOPMENT,FRESH_GATE_00_TASK_003,FRESH,0,1,0,1,0,-16.630258370747264,170,0,0
BC,100,20260822,S7_FRESH_DEVELOPMENT,FRESH_GATE_00_TASK_004,FRESH,0,1,0,1,0,-15.317651574327186,264,0,0
BC,100,20260822,S7_FRESH_DEVELOPMENT,FRESH_GATE_00_TASK_005,FRESH,1,0,0,0,0,30.17765789985667,640,0,0
BC,100,20260822,S7_FRESH_DEVELOPMENT,FRESH_GATE_00_TASK_006,FRESH,0,1,0,1,0,-17.070560127990586,164,0,0
BC,100,20260822,S7_FRESH_DEVELOPMENT,FRESH_GATE_00_TASK_007,FRESH,0,0,1,1,0,-16.00785787616568,315,0,0
BC,100,20260822,S7_FRESH_DEVELOPMENT,FRESH_GATE_00_TASK_008,FRESH,0,1,0,1,0,-13.827206244266137,303,0,0
BC,100,20260822,S7_FRESH_DEVELOPMENT,FRESH_DETOUR_00_TASK_000,FRESH,0,1,0,1,0,-16.94367130384488,262,0,0
BC,100,20260822,S7_FRESH_DEVELOPMENT,FRESH_DETOUR_00_TASK_001,FRESH,0,1,0,1,0,-17.29916457555032,222,0,0
BC,100,20260822,S7_FRESH_DEVELOPMENT,FRESH_DETOUR_00_TASK_002,FRESH,0,1,0,1,0,-15.95667854450356,388,0,0
BC,100,20260822,S7_FRESH_DEVELOPMENT,FRESH_DETOUR_00_TASK_003,FRESH,0,1,0,1,0,-16.59297345433512,307,0,0
BC,100,20260822,S7_FRESH_DEVELOPMENT,FRESH_DETOUR_00_TASK_004,FRESH,0,1,0,1,0,-16.58506001582993,380,0,0
BC,100,20260822,S7_FRESH_DEVELOPMENT,FRESH_DETOUR_00_TASK_005,FRESH,0,1,0,1,0,-16.524000243402796,296,0,0
BC,100,20260822,S7_FRESH_DEVELOPMENT,FRESH_DETOUR_00_TASK_006,FRESH,0,1,0,1,0,-16.58386434611609,274,0,0
BC,100,20260822,S7_FRESH_DEVELOPMENT,FRESH_DETOUR_00_TASK_007,FRESH,0,1,0,1,0,-16.632970616878282,254,0,0
BC,100,20260822,S7_FRESH_DEVELOPMENT,FRESH_DETOUR_00_TASK_008,FRESH,0,1,0,1,0,-17.51623925654134,282,0,0
BC,100,20260822,S7_FRESH_DEVELOPMENT,FRESH_TWIN_GATE_00_TASK_000,FRESH,0,0,0,0,1,2.22134988238792,960,0,0
BC,100,20260822,S7_FRESH_DEVELOPMENT,FRESH_TWIN_GATE_00_TASK_001,FRESH,0,0,0,0,1,2.5782578628533495,960,0,0
BC,100,20260822,S7_FRESH_DEVELOPMENT,FRESH_TWIN_GATE_00_TASK_002,FRESH,0,1,0,1,0,-16.813800454919285,289,0,0
BC,100,20260822,S7_FRESH_DEVELOPMENT,FRESH_TWIN_GATE_00_TASK_003,FRESH,0,0,0,0,1,2.134763473570623,960,0,0
BC,100,20260822,S7_FRESH_DEVELOPMENT,FRESH_TWIN_GATE_00_TASK_004,FRESH,0,1,0,1,0,-17.019483568900526,240,0,0
BC,100,20260822,S7_FRESH_DEVELOPMENT,FRESH_TWIN_GATE_00_TASK_005,FRESH,0,1,0,1,0,-17.66134757832497,243,0,0
BC,100,20260822,S7_FRESH_DEVELOPMENT,FRESH_TWIN_GATE_00_TASK_006,FRESH,0,1,0,1,0,-17.647448926237644,207,0,0
BC,100,20260822,S7_FRESH_DEVELOPMENT,FRESH_TWIN_GATE_00_TASK_007,FRESH,0,1,0,1,0,-17.0137749945974,287,0,0
BC,100,20260822,S7_FRESH_DEVELOPMENT,FRESH_TWIN_GATE_00_TASK_008,FRESH,0,1,0,1,0,-17.328462721346547,201,0,0
Diffusion,100,20260820,S7_FRESH_DEVELOPMENT,FRESH_CROSSOVER_00_TASK_000,FRESH,0,0,0,0,1,-0.5300339186949915,960,0,0
Diffusion,100,20260820,S7_FRESH_DEVELOPMENT,FRESH_CROSSOVER_00_TASK_001,FRESH,0,0,0,0,1,0.7504488883565746,960,0,0
Diffusion,100,20260820,S7_FRESH_DEVELOPMENT,FRESH_CROSSOVER_00_TASK_002,FRESH,0,0,0,0,1,1.898382797252405,960,0,0
Diffusion,100,20260820,S7_FRESH_DEVELOPMENT,FRESH_CROSSOVER_00_TASK_003,FRESH,0,0,0,0,1,0.7669530462176265,960,0,0
Diffusion,100,20260820,S7_FRESH_DEVELOPMENT,FRESH_CROSSOVER_00_TASK_004,FRESH,0,0,0,0,1,-0.5296654877676391,960,0,0
Diffusion,100,20260820,S7_FRESH_DEVELOPMENT,FRESH_CROSSOVER_00_TASK_005,FRESH,0,0,0,0,1,1.4191423445747002,960,0,0
Diffusion,100,20260820,S7_FRESH_DEVELOPMENT,FRESH_CROSSOVER_00_TASK_006,FRESH,0,0,0,0,1,0.29950602848608743,960,0,0
Diffusion,100,20260820,S7_FRESH_DEVELOPMENT,FRESH_CROSSOVER_00_TASK_007,FRESH,0,0,0,0,1,-0.5021908919188006,960,0,0
Diffusion,100,20260820,S7_FRESH_DEVELOPMENT,FRESH_CROSSOVER_00_TASK_008,FRESH,0,0,0,0,1,3.461047667064708,960,0,0
Diffusion,100,20260820,S7_FRESH_DEVELOPMENT,FRESH_DOUBLE_00_TASK_000,FRESH,0,1,0,1,0,-12.328290496743278,726,0,0
Diffusion,100,20260820,S7_FRESH_DEVELOPMENT,FRESH_DOUBLE_00_TASK_003,FRESH,0,0,0,0,1,-2.995825594015252,960,0,0
Diffusion,100,20260820,S7_FRESH_DEVELOPMENT,FRESH_DOUBLE_00_TASK_004,FRESH,0,1,0,1,0,-11.46235999873675,440,0,0
Diffusion,100,20260820,S7_FRESH_DEVELOPMENT,FRESH_DOUBLE_00_TASK_007,FRESH,0,0,0,0,1,11.077905306138739,960,0,0
Diffusion,100,20260820,S7_FRESH_DEVELOPMENT,FRESH_DOUBLE_00_TASK_008,FRESH,0,0,0,0,1,11.89243217960573,960,0,0
Diffusion,100,20260820,S7_FRESH_DEVELOPMENT,FRESH_DOUBLE_00_TASK_012,FRESH,0,0,0,0,1,6.727934045862427,960,0,0
Diffusion,100,20260820,S7_FRESH_DEVELOPMENT,FRESH_DOUBLE_00_TASK_017,FRESH,0,1,0,1,0,-11.77250221284367,375,0,0
Diffusion,100,20260820,S7_FRESH_DEVELOPMENT,FRESH_DOUBLE_00_TASK_019,FRESH,0,1,0,1,0,-10.966912516917112,616,0,0
Diffusion,100,20260820,S7_FRESH_DEVELOPMENT,FRESH_DOUBLE_00_TASK_021,FRESH,0,0,0,0,1,7.863361383653326,960,0,0
Diffusion,100,20260820,S7_FRESH_DEVELOPMENT,FRESH_CHICANE_00_TASK_000,FRESH,0,0,0,0,1,3.451148056895554,960,0,0
Diffusion,100,20260820,S7_FRESH_DEVELOPMENT,FRESH_CHICANE_00_TASK_001,FRESH,0,0,0,0,1,-2.16934847905673,960,0,0
Diffusion,100,20260820,S7_FRESH_DEVELOPMENT,FRESH_CHICANE_00_TASK_002,FRESH,0,0,0,0,1,-0.6591334939191745,960,0,0
Diffusion,100,20260820,S7_FRESH_DEVELOPMENT,FRESH_CHICANE_00_TASK_003,FRESH,0,0,0,0,1,-1.557255308749127,960,0,0
Diffusion,100,20260820,S7_FRESH_DEVELOPMENT,FRESH_CHICANE_00_TASK_004,FRESH,0,0,0,0,1,2.964632072755059,960,0,0
Diffusion,100,20260820,S7_FRESH_DEVELOPMENT,FRESH_CHICANE_00_TASK_005,FRESH,0,0,0,0,1,-3.031111039671719,960,0,0
Diffusion,100,20260820,S7_FRESH_DEVELOPMENT,FRESH_CHICANE_00_TASK_006,FRESH,0,0,0,0,1,-0.04288198047859024,960,0,0
Diffusion,100,20260820,S7_FRESH_DEVELOPMENT,FRESH_CHICANE_00_TASK_007,FRESH,0,0,0,0,1,-2.053283098441016,960,0,0
Diffusion,100,20260820,S7_FRESH_DEVELOPMENT,FRESH_CHICANE_00_TASK_008,FRESH,0,0,0,0,1,0.20543117180808323,960,0,0
Diffusion,100,20260820,S7_FRESH_DEVELOPMENT,FRESH_GATE_00_TASK_000,FRESH,1,0,0,0,0,28.228496102428082,489,0,0
Diffusion,100,20260820,S7_FRESH_DEVELOPMENT,FRESH_GATE_00_TASK_001,FRESH,0,1,0,1,0,-16.211833324976908,594,0,0
Diffusion,100,20260820,S7_FRESH_DEVELOPMENT,FRESH_GATE_00_TASK_002,FRESH,0,0,0,0,1,7.388350257009295,960,0,0
Diffusion,100,20260820,S7_FRESH_DEVELOPMENT,FRESH_GATE_00_TASK_003,FRESH,0,0,0,0,1,6.317061724485513,960,0,0
Diffusion,100,20260820,S7_FRESH_DEVELOPMENT,FRESH_GATE_00_TASK_004,FRESH,0,1,0,1,0,-16.701096612289035,823,0,0
Diffusion,100,20260820,S7_FRESH_DEVELOPMENT,FRESH_GATE_00_TASK_005,FRESH,0,0,0,0,1,8.985505874528378,960,0,0
Diffusion,100,20260820,S7_FRESH_DEVELOPMENT,FRESH_GATE_00_TASK_006,FRESH,0,1,0,1,0,-16.721404246062107,253,0,0
Diffusion,100,20260820,S7_FRESH_DEVELOPMENT,FRESH_GATE_00_TASK_007,FRESH,0,1,0,1,0,-17.643773804000077,120,0,0
Diffusion,100,20260820,S7_FRESH_DEVELOPMENT,FRESH_GATE_00_TASK_008,FRESH,0,1,0,1,0,-14.687237389824855,285,0,0
Diffusion,100,20260820,S7_FRESH_DEVELOPMENT,FRESH_DETOUR_00_TASK_000,FRESH,0,1,0,1,0,-17.049794851318765,294,0,0
Diffusion,100,20260820,S7_FRESH_DEVELOPMENT,FRESH_DETOUR_00_TASK_001,FRESH,0,1,0,1,0,-17.49631568715181,237,0,0
Diffusion,100,20260820,S7_FRESH_DEVELOPMENT,FRESH_DETOUR_00_TASK_002,FRESH,0,1,0,1,0,-15.817681772664221,302,0,0
Diffusion,100,20260820,S7_FRESH_DEVELOPMENT,FRESH_DETOUR_00_TASK_003,FRESH,0,1,0,1,0,-16.69846499287437,295,0,0
Diffusion,100,20260820,S7_FRESH_DEVELOPMENT,FRESH_DETOUR_00_TASK_004,FRESH,0,1,0,1,0,-16.358568876582932,290,0,0
Diffusion,100,20260820,S7_FRESH_DEVELOPMENT,FRESH_DETOUR_00_TASK_005,FRESH,0,1,0,1,0,-16.901235494411246,317,0,0
Diffusion,100,20260820,S7_FRESH_DEVELOPMENT,FRESH_DETOUR_00_TASK_006,FRESH,0,1,0,1,0,-16.52535094266989,284,0,0
Diffusion,100,20260820,S7_FRESH_DEVELOPMENT,FRESH_DETOUR_00_TASK_007,FRESH,0,1,0,1,0,-16.632473159280288,255,0,0
Diffusion,100,20260820,S7_FRESH_DEVELOPMENT,FRESH_DETOUR_00_TASK_008,FRESH,0,1,0,1,0,-17.561697765394207,237,0,0
Diffusion,100,20260820,S7_FRESH_DEVELOPMENT,FRESH_TWIN_GATE_00_TASK_000,FRESH,0,1,0,1,0,-16.32077913871901,513,0,0
Diffusion,100,20260820,S7_FRESH_DEVELOPMENT,FRESH_TWIN_GATE_00_TASK_001,FRESH,0,0,0,0,1,-1.5302037731444835,960,0,0
Diffusion,100,20260820,S7_FRESH_DEVELOPMENT,FRESH_TWIN_GATE_00_TASK_002,FRESH,0,0,0,0,1,1.4840929106483485,960,0,0
Diffusion,100,20260820,S7_FRESH_DEVELOPMENT,FRESH_TWIN_GATE_00_TASK_003,FRESH,0,1,0,1,0,-16.050879383442656,233,0,0
Diffusion,100,20260820,S7_FRESH_DEVELOPMENT,FRESH_TWIN_GATE_00_TASK_004,FRESH,0,0,0,0,1,-0.2224412159124165,960,0,0
Diffusion,100,20260820,S7_FRESH_DEVELOPMENT,FRESH_TWIN_GATE_00_TASK_005,FRESH,0,1,0,1,0,-9.296836471401658,762,0,0
Diffusion,100,20260820,S7_FRESH_DEVELOPMENT,FRESH_TWIN_GATE_00_TASK_006,FRESH,0,1,0,1,0,-12.020963594343867,549,0,0
Diffusion,100,20260820,S7_FRESH_DEVELOPMENT,FRESH_TWIN_GATE_00_TASK_007,FRESH,0,0,0,0,1,-2.5227887173196386,960,0,0
Diffusion,100,20260820,S7_FRESH_DEVELOPMENT,FRESH_TWIN_GATE_00_TASK_008,FRESH,0,1,0,1,0,-18.228535222597,783,0,0
Diffusion,100,20260821,S7_FRESH_DEVELOPMENT,FRESH_CROSSOVER_00_TASK_000,FRESH,0,0,0,0,1,9.688633706100134,960,0,0
Diffusion,100,20260821,S7_FRESH_DEVELOPMENT,FRESH_CROSSOVER_00_TASK_001,FRESH,0,1,0,1,0,-16.921584949642654,532,0,0
Diffusion,100,20260821,S7_FRESH_DEVELOPMENT,FRESH_CROSSOVER_00_TASK_002,FRESH,0,1,0,1,0,-16.710006853804074,277,0,0
Diffusion,100,20260821,S7_FRESH_DEVELOPMENT,FRESH_CROSSOVER_00_TASK_003,FRESH,0,1,0,1,0,-16.418150798342882,236,0,0
Diffusion,100,20260821,S7_FRESH_DEVELOPMENT,FRESH_CROSSOVER_00_TASK_004,FRESH,0,1,0,1,0,-16.864366130625736,477,0,0
Diffusion,100,20260821,S7_FRESH_DEVELOPMENT,FRESH_CROSSOVER_00_TASK_005,FRESH,0,0,0,0,1,3.0465258970104587,960,0,0
Diffusion,100,20260821,S7_FRESH_DEVELOPMENT,FRESH_CROSSOVER_00_TASK_006,FRESH,0,1,0,1,0,-16.5584370553673,434,0,0
Diffusion,100,20260821,S7_FRESH_DEVELOPMENT,FRESH_CROSSOVER_00_TASK_007,FRESH,0,0,0,0,1,1.763410688663809,960,0,0
Diffusion,100,20260821,S7_FRESH_DEVELOPMENT,FRESH_CROSSOVER_00_TASK_008,FRESH,0,1,0,1,0,-16.24582354664518,296,0,0
Diffusion,100,20260821,S7_FRESH_DEVELOPMENT,FRESH_DOUBLE_00_TASK_000,FRESH,0,0,1,1,0,-16.63865147939414,309,0,0
Diffusion,100,20260821,S7_FRESH_DEVELOPMENT,FRESH_DOUBLE_00_TASK_003,FRESH,0,0,0,0,1,7.263654013453415,960,0,0
Diffusion,100,20260821,S7_FRESH_DEVELOPMENT,FRESH_DOUBLE_00_TASK_004,FRESH,0,1,0,1,0,-11.742862011888231,501,0,0
Diffusion,100,20260821,S7_FRESH_DEVELOPMENT,FRESH_DOUBLE_00_TASK_007,FRESH,0,1,0,1,0,-15.926522665996693,356,0,0
Diffusion,100,20260821,S7_FRESH_DEVELOPMENT,FRESH_DOUBLE_00_TASK_008,FRESH,0,0,1,1,0,-17.51126305290595,318,0,0
Diffusion,100,20260821,S7_FRESH_DEVELOPMENT,FRESH_DOUBLE_00_TASK_012,FRESH,0,0,0,0,1,8.789192092848289,960,0,0
Diffusion,100,20260821,S7_FRESH_DEVELOPMENT,FRESH_DOUBLE_00_TASK_017,FRESH,1,0,0,0,0,29.885957439680933,932,0,0
Diffusion,100,20260821,S7_FRESH_DEVELOPMENT,FRESH_DOUBLE_00_TASK_019,FRESH,0,0,1,1,0,-17.12565922940819,300,0,0
Diffusion,100,20260821,S7_FRESH_DEVELOPMENT,FRESH_DOUBLE_00_TASK_021,FRESH,0,0,0,0,1,9.009522472185882,960,0,0
Diffusion,100,20260821,S7_FRESH_DEVELOPMENT,FRESH_CHICANE_00_TASK_000,FRESH,0,0,0,0,1,2.128169526406217,960,0,0
Diffusion,100,20260821,S7_FRESH_DEVELOPMENT,FRESH_CHICANE_00_TASK_001,FRESH,0,0,1,1,0,-18.136065671974578,401,0,0
Diffusion,100,20260821,S7_FRESH_DEVELOPMENT,FRESH_CHICANE_00_TASK_002,FRESH,0,0,1,1,0,-18.517840292243008,353,0,0
Diffusion,100,20260821,S7_FRESH_DEVELOPMENT,FRESH_CHICANE_00_TASK_003,FRESH,0,0,1,1,0,-18.86362997437691,193,0,0
Diffusion,100,20260821,S7_FRESH_DEVELOPMENT,FRESH_CHICANE_00_TASK_004,FRESH,0,1,0,1,0,-17.908097092045605,173,0,0
Diffusion,100,20260821,S7_FRESH_DEVELOPMENT,FRESH_CHICANE_00_TASK_005,FRESH,0,0,1,1,0,-18.524922477996736,433,0,0
Diffusion,100,20260821,S7_FRESH_DEVELOPMENT,FRESH_CHICANE_00_TASK_006,FRESH,0,1,0,1,0,-17.13264317507006,562,0,0
Diffusion,100,20260821,S7_FRESH_DEVELOPMENT,FRESH_CHICANE_00_TASK_007,FRESH,0,0,1,1,0,-18.36182731991142,422,0,0
Diffusion,100,20260821,S7_FRESH_DEVELOPMENT,FRESH_CHICANE_00_TASK_008,FRESH,0,0,1,1,0,-17.991266965530286,307,0,0
Diffusion,100,20260821,S7_FRESH_DEVELOPMENT,FRESH_GATE_00_TASK_000,FRESH,0,1,0,1,0,-17.478829074533298,115,0,0
Diffusion,100,20260821,S7_FRESH_DEVELOPMENT,FRESH_GATE_00_TASK_001,FRESH,0,1,0,1,0,-16.02670808405358,271,0,0
Diffusion,100,20260821,S7_FRESH_DEVELOPMENT,FRESH_GATE_00_TASK_002,FRESH,0,1,0,1,0,-15.82719128260761,235,0,0
Diffusion,100,20260821,S7_FRESH_DEVELOPMENT,FRESH_GATE_00_TASK_003,FRESH,0,1,0,1,0,-16.23538735629014,177,0,0
Diffusion,100,20260821,S7_FRESH_DEVELOPMENT,FRESH_GATE_00_TASK_004,FRESH,0,1,0,1,0,-14.2979756090083,421,0,0
Diffusion,100,20260821,S7_FRESH_DEVELOPMENT,FRESH_GATE_00_TASK_005,FRESH,0,1,0,1,0,-15.922632997234793,347,0,0
Diffusion,100,20260821,S7_FRESH_DEVELOPMENT,FRESH_GATE_00_TASK_006,FRESH,0,0,0,0,1,3.077862340854558,960,0,0
Diffusion,100,20260821,S7_FRESH_DEVELOPMENT,FRESH_GATE_00_TASK_007,FRESH,0,0,0,0,1,1.3238519969898823,960,0,0
Diffusion,100,20260821,S7_FRESH_DEVELOPMENT,FRESH_GATE_00_TASK_008,FRESH,0,1,0,1,0,-13.644024686650264,369,0,0
Diffusion,100,20260821,S7_FRESH_DEVELOPMENT,FRESH_DETOUR_00_TASK_000,FRESH,0,1,0,1,0,-14.743134069207557,402,0,0
Diffusion,100,20260821,S7_FRESH_DEVELOPMENT,FRESH_DETOUR_00_TASK_001,FRESH,0,1,0,1,0,-15.176176737808111,302,0,0
Diffusion,100,20260821,S7_FRESH_DEVELOPMENT,FRESH_DETOUR_00_TASK_002,FRESH,0,1,0,1,0,-13.435924974018604,426,0,0
Diffusion,100,20260821,S7_FRESH_DEVELOPMENT,FRESH_DETOUR_00_TASK_003,FRESH,0,1,0,1,0,-14.840261743596153,330,0,0
Diffusion,100,20260821,S7_FRESH_DEVELOPMENT,FRESH_DETOUR_00_TASK_004,FRESH,0,1,0,1,0,-15.540539141397833,315,0,0
Diffusion,100,20260821,S7_FRESH_DEVELOPMENT,FRESH_DETOUR_00_TASK_005,FRESH,0,1,0,1,0,-15.52288878302177,316,0,0
Diffusion,100,20260821,S7_FRESH_DEVELOPMENT,FRESH_DETOUR_00_TASK_006,FRESH,1,0,0,0,0,30.77499225299148,596,0,0
Diffusion,100,20260821,S7_FRESH_DEVELOPMENT,FRESH_DETOUR_00_TASK_007,FRESH,0,1,0,1,0,-14.475829502432022,312,0,0
Diffusion,100,20260821,S7_FRESH_DEVELOPMENT,FRESH_DETOUR_00_TASK_008,FRESH,0,1,0,1,0,-17.18193045849713,168,0,0
Diffusion,100,20260821,S7_FRESH_DEVELOPMENT,FRESH_TWIN_GATE_00_TASK_000,FRESH,0,1,0,1,0,-15.542847633085454,347,0,0
Diffusion,100,20260821,S7_FRESH_DEVELOPMENT,FRESH_TWIN_GATE_00_TASK_001,FRESH,0,0,0,0,1,3.286297717961199,960,0,0
Diffusion,100,20260821,S7_FRESH_DEVELOPMENT,FRESH_TWIN_GATE_00_TASK_002,FRESH,0,0,0,0,1,3.8342485813350997,960,0,0
Diffusion,100,20260821,S7_FRESH_DEVELOPMENT,FRESH_TWIN_GATE_00_TASK_003,FRESH,0,0,0,0,1,11.151439301993072,960,0,0
Diffusion,100,20260821,S7_FRESH_DEVELOPMENT,FRESH_TWIN_GATE_00_TASK_004,FRESH,0,0,0,0,1,3.8336333095636776,960,0,0
Diffusion,100,20260821,S7_FRESH_DEVELOPMENT,FRESH_TWIN_GATE_00_TASK_005,FRESH,0,1,0,1,0,-16.27674083914558,676,0,0
Diffusion,100,20260821,S7_FRESH_DEVELOPMENT,FRESH_TWIN_GATE_00_TASK_006,FRESH,0,0,0,0,1,6.241403740624063,960,0,0
Diffusion,100,20260821,S7_FRESH_DEVELOPMENT,FRESH_TWIN_GATE_00_TASK_007,FRESH,0,1,0,1,0,-16.691677996466616,805,0,0
Diffusion,100,20260821,S7_FRESH_DEVELOPMENT,FRESH_TWIN_GATE_00_TASK_008,FRESH,0,1,0,1,0,-15.874167624002663,691,0,0
Diffusion,100,20260822,S7_FRESH_DEVELOPMENT,FRESH_CROSSOVER_00_TASK_000,FRESH,0,1,0,1,0,-15.184200043224052,414,0,0
Diffusion,100,20260822,S7_FRESH_DEVELOPMENT,FRESH_CROSSOVER_00_TASK_001,FRESH,0,1,0,1,0,-16.314150412003094,339,0,0
Diffusion,100,20260822,S7_FRESH_DEVELOPMENT,FRESH_CROSSOVER_00_TASK_002,FRESH,0,1,0,1,0,-16.203029830479302,263,0,0
Diffusion,100,20260822,S7_FRESH_DEVELOPMENT,FRESH_CROSSOVER_00_TASK_003,FRESH,0,1,0,1,0,-16.71691504884601,238,0,0
Diffusion,100,20260822,S7_FRESH_DEVELOPMENT,FRESH_CROSSOVER_00_TASK_004,FRESH,0,1,0,1,0,-15.426977764712312,336,0,0
Diffusion,100,20260822,S7_FRESH_DEVELOPMENT,FRESH_CROSSOVER_00_TASK_005,FRESH,0,1,0,1,0,-15.924223052212042,379,0,0
Diffusion,100,20260822,S7_FRESH_DEVELOPMENT,FRESH_CROSSOVER_00_TASK_006,FRESH,0,1,0,1,0,-16.835725244209254,192,0,0
Diffusion,100,20260822,S7_FRESH_DEVELOPMENT,FRESH_CROSSOVER_00_TASK_007,FRESH,0,0,1,1,0,-18.640252007224042,443,0,0
Diffusion,100,20260822,S7_FRESH_DEVELOPMENT,FRESH_CROSSOVER_00_TASK_008,FRESH,0,1,0,1,0,-16.325622256204333,193,0,0
Diffusion,100,20260822,S7_FRESH_DEVELOPMENT,FRESH_DOUBLE_00_TASK_000,FRESH,0,0,1,1,0,-12.290398322197431,565,0,0
Diffusion,100,20260822,S7_FRESH_DEVELOPMENT,FRESH_DOUBLE_00_TASK_003,FRESH,0,0,0,0,1,10.392954109681845,960,0,0
Diffusion,100,20260822,S7_FRESH_DEVELOPMENT,FRESH_DOUBLE_00_TASK_004,FRESH,0,0,0,0,1,8.576569932902288,960,0,0
Diffusion,100,20260822,S7_FRESH_DEVELOPMENT,FRESH_DOUBLE_00_TASK_007,FRESH,0,1,0,1,0,-15.734437786759134,311,0,0
Diffusion,100,20260822,S7_FRESH_DEVELOPMENT,FRESH_DOUBLE_00_TASK_008,FRESH,0,0,0,0,1,9.210941796955773,960,0,0
Diffusion,100,20260822,S7_FRESH_DEVELOPMENT,FRESH_DOUBLE_00_TASK_012,FRESH,0,1,0,1,0,-16.958516584534195,307,0,0
Diffusion,100,20260822,S7_FRESH_DEVELOPMENT,FRESH_DOUBLE_00_TASK_017,FRESH,0,1,0,1,0,-12.045527050414734,442,0,0
Diffusion,100,20260822,S7_FRESH_DEVELOPMENT,FRESH_DOUBLE_00_TASK_019,FRESH,0,0,0,0,1,11.244813426185956,960,0,0
Diffusion,100,20260822,S7_FRESH_DEVELOPMENT,FRESH_DOUBLE_00_TASK_021,FRESH,0,0,1,1,0,-12.031418393714986,677,0,0
Diffusion,100,20260822,S7_FRESH_DEVELOPMENT,FRESH_CHICANE_00_TASK_000,FRESH,0,0,0,0,1,-0.8458081347378971,960,0,0
Diffusion,100,20260822,S7_FRESH_DEVELOPMENT,FRESH_CHICANE_00_TASK_001,FRESH,0,0,0,0,1,3.8443977297182137,960,0,0
Diffusion,100,20260822,S7_FRESH_DEVELOPMENT,FRESH_CHICANE_00_TASK_002,FRESH,0,0,0,0,1,3.7700662583131797,960,0,0
Diffusion,100,20260822,S7_FRESH_DEVELOPMENT,FRESH_CHICANE_00_TASK_003,FRESH,0,0,0,0,1,-1.4638164323285954,960,0,0
Diffusion,100,20260822,S7_FRESH_DEVELOPMENT,FRESH_CHICANE_00_TASK_004,FRESH,0,0,0,0,1,-1.7961981383385142,960,0,0
Diffusion,100,20260822,S7_FRESH_DEVELOPMENT,FRESH_CHICANE_00_TASK_005,FRESH,0,0,0,0,1,-1.2251135803413538,960,0,0
Diffusion,100,20260822,S7_FRESH_DEVELOPMENT,FRESH_CHICANE_00_TASK_006,FRESH,0,0,0,0,1,-1.949851434022001,960,0,0
Diffusion,100,20260822,S7_FRESH_DEVELOPMENT,FRESH_CHICANE_00_TASK_007,FRESH,0,0,0,0,1,-2.0665190717883024,960,0,0
Diffusion,100,20260822,S7_FRESH_DEVELOPMENT,FRESH_CHICANE_00_TASK_008,FRESH,0,0,0,0,1,-1.7550548264423929,960,0,0
Diffusion,100,20260822,S7_FRESH_DEVELOPMENT,FRESH_GATE_00_TASK_000,FRESH,0,1,0,1,0,-17.32266965296452,235,0,0
Diffusion,100,20260822,S7_FRESH_DEVELOPMENT,FRESH_GATE_00_TASK_001,FRESH,0,1,0,1,0,-15.565368733940817,379,0,0
Diffusion,100,20260822,S7_FRESH_DEVELOPMENT,FRESH_GATE_00_TASK_002,FRESH,0,1,0,1,0,-16.540252248836996,187,0,0
Diffusion,100,20260822,S7_FRESH_DEVELOPMENT,FRESH_GATE_00_TASK_003,FRESH,0,1,0,1,0,-16.663648117421072,200,0,0
Diffusion,100,20260822,S7_FRESH_DEVELOPMENT,FRESH_GATE_00_TASK_004,FRESH,0,1,0,1,0,-15.491141219465414,390,0,0
Diffusion,100,20260822,S7_FRESH_DEVELOPMENT,FRESH_GATE_00_TASK_005,FRESH,0,1,0,1,0,-16.24470880076695,399,0,0
Diffusion,100,20260822,S7_FRESH_DEVELOPMENT,FRESH_GATE_00_TASK_006,FRESH,0,1,0,1,0,-17.14792229005235,159,0,0
Diffusion,100,20260822,S7_FRESH_DEVELOPMENT,FRESH_GATE_00_TASK_007,FRESH,0,0,1,1,0,-17.01839676149409,254,0,0
Diffusion,100,20260822,S7_FRESH_DEVELOPMENT,FRESH_GATE_00_TASK_008,FRESH,0,0,0,0,1,9.527392540974407,960,0,0
Diffusion,100,20260822,S7_FRESH_DEVELOPMENT,FRESH_DETOUR_00_TASK_000,FRESH,1,0,0,0,0,29.792965090509128,700,0,0
Diffusion,100,20260822,S7_FRESH_DEVELOPMENT,FRESH_DETOUR_00_TASK_001,FRESH,0,1,0,1,0,-17.273226048781606,242,0,0
Diffusion,100,20260822,S7_FRESH_DEVELOPMENT,FRESH_DETOUR_00_TASK_002,FRESH,0,1,0,1,0,-15.352466321766904,333,0,0
Diffusion,100,20260822,S7_FRESH_DEVELOPMENT,FRESH_DETOUR_00_TASK_003,FRESH,1,0,0,0,0,28.804946337583143,636,0,0
Diffusion,100,20260822,S7_FRESH_DEVELOPMENT,FRESH_DETOUR_00_TASK_004,FRESH,1,0,0,0,0,29.042695931604463,672,0,0
Diffusion,100,20260822,S7_FRESH_DEVELOPMENT,FRESH_DETOUR_00_TASK_005,FRESH,0,1,0,1,0,-16.583042101234327,319,0,0
Diffusion,100,20260822,S7_FRESH_DEVELOPMENT,FRESH_DETOUR_00_TASK_006,FRESH,0,1,0,1,0,-16.540135526384347,340,0,0
Diffusion,100,20260822,S7_FRESH_DEVELOPMENT,FRESH_DETOUR_00_TASK_007,FRESH,0,1,0,1,0,-16.745135742441374,316,0,0
Diffusion,100,20260822,S7_FRESH_DEVELOPMENT,FRESH_DETOUR_00_TASK_008,FRESH,0,1,0,1,0,-17.41330394996422,256,0,0
Diffusion,100,20260822,S7_FRESH_DEVELOPMENT,FRESH_TWIN_GATE_00_TASK_000,FRESH,0,0,0,0,1,-2.4419592018969563,960,0,0
Diffusion,100,20260822,S7_FRESH_DEVELOPMENT,FRESH_TWIN_GATE_00_TASK_001,FRESH,0,1,0,1,0,-16.460587689689454,937,0,0
Diffusion,100,20260822,S7_FRESH_DEVELOPMENT,FRESH_TWIN_GATE_00_TASK_002,FRESH,0,0,0,0,1,-1.960788053129473,960,0,0
Diffusion,100,20260822,S7_FRESH_DEVELOPMENT,FRESH_TWIN_GATE_00_TASK_003,FRESH,0,1,0,1,0,-11.917438060680746,711,0,0
Diffusion,100,20260822,S7_FRESH_DEVELOPMENT,FRESH_TWIN_GATE_00_TASK_004,FRESH,0,0,0,0,1,9.174294410901538,960,0,0
Diffusion,100,20260822,S7_FRESH_DEVELOPMENT,FRESH_TWIN_GATE_00_TASK_005,FRESH,0,0,0,0,1,-2.994017390738299,960,0,0
Diffusion,100,20260822,S7_FRESH_DEVELOPMENT,FRESH_TWIN_GATE_00_TASK_006,FRESH,0,1,0,1,0,-16.881321147485995,663,0,0
Diffusion,100,20260822,S7_FRESH_DEVELOPMENT,FRESH_TWIN_GATE_00_TASK_007,FRESH,0,0,0,0,1,8.509968758548117,960,0,0
Diffusion,100,20260822,S7_FRESH_DEVELOPMENT,FRESH_TWIN_GATE_00_TASK_008,FRESH,0,0,0,0,1,14.134857711717197,960,0,0
